:10000000C07B0020C51C0000015B0000B11C00008B
:10001000B11C0000B11C0000B11C00000000000079
:10002000000000000000000000000000211D000092
:10003000B11C000000000000B11C0000B11C000059
:10004000A91E0000A91E00003D2C0000A91E0000F2
:10005000A91E0000A91E0000A91E0000A91E000084
:10006000A91E0000A91E0000A91E0000A91E000074
:10007000A91E0000A91E0000A91E0000A91E000064
:10008000A91E0000A91E0000A91E0000A91E000054
:10009000A91E0000A91E0000A91E0000A91E000044
:1000A000A91E0000A91E0000A91E0000A91E000034
:1000B000A91E0000A91E0000A91E0000A91E000024
:1000C000A91E0000A91E0000A91E0000A91E000014
:1000D000A91E0000A91E0000A91E0000A91E000004
:1000E000A91E0000A91E0000A91E0000A91E0000F4
:1000F000A91E0000A91E0000A91E0000A91E0000E4
:1001000053B94AB9002908BF00281CBF4FF0FF317E
:100110004FF0FF3000F00CB8ADF1080C6DE904CEE3
:1001200000F008F8DDF804E0DDE9022304B07047D0
:10013000704700BF2DE9F0478C468E46089E154655
:1001400004461946002B40F0D080724547D9B2FAD8
:1001500082F74FB1C7F120030EFA07FC20FA03F330
:10016000BD4043EA0C0CBC404FEA154EA8B2BCFBA4
:10017000FEF8230C0EFB18CC08FB00F943EA0C43F5
:10018000994528D9EB1808F1FF3204D2994502D9D4
:10019000A8F102022B44A3EB0903A4B2B3FBFEFCBB
:1001A0000EFB1C330CFB00F044EA0344A04214D9BC
:1001B0002C190CF1FF3304D2A04202D9ACF1020396
:1001C0002C44241A43EA02401EB1FC400023346050
:1001D0007360BDE8F0874246DDE76346F1E7002A39
:1001E00079D0B2FA82F3002B3FD01946C1F1200337
:1001F00002FA01F52EFA03F20EFA01FE20FA03F3D9
:1002000043EA0E034FEA154E00FA01F4B2FBFEFC7E
:10021000AFB20EFB1C201A0C0CFB07F842EA00429E
:1002200090455AD9AA180CF1FF3004D2904502D952
:10023000ACF102002A44A2EB08029BB2B2FBFEFC26
:100240000EFB1C220CFB07F743EA02439F4246D9F0
:10025000EB180CF1FF3204D29F4202D9ACF102023A
:100260002B44DB1B42EA004202E0AEEB0203012218
:100270004FEA154EAFB2B3FBFEFC200C0EFB1C3355
:100280000CFB07F840EA034398452AD9EB180CF118
:10029000FF3004D2984502D9ACF102002B44A3EB05
:1002A0000803A4B2B3FBFEFC0EFB1C330CFB07F7E8
:1002B00044EA0344A74216D92C190CF1FF3304D2A7
:1002C000A74202D9ACF102032C44E41B43EA0040EC
:1002D0000F46114678E71F2188E76046ABE7624684
:1002E000BFE76046DBE76346EFE7734506D916B91B
:1002F000002108466DE7C6E9000EF9E7B3FA83F777
:1003000087B9734501D3824207D8841A6EEB030381
:1003100001209C461EB900215BE73846FAE7C6E992
:10032000004CF8E7C7F1200CBB4022FA0CF51D4346
:1003300020FA0CF12EFA0CF30EFA07FE41EA0E0138
:100340004FEA154900FA07F4B3FBF9F81FFA85FEE6
:1003500009FB18300B0C08FB0EFA43EA00439A45E0
:1003600002FA07F240D9EB1808F1FF3004D29A459F
:1003700002D9A8F102002B44A3EB0A0389B2B3FB14
:10038000F9F809FB183308FB0EFE41EA03418E45DC
:100390002CD9691808F1FF3304D28E4502D9A8F18F
:1003A0000203294443EA0040A0FB0298A1EB0E019E
:1003B0004145CE46434602D306D14C4504D2B9EB63
:1003C000020E68EB05030138002EA4D0B4EB0E0238
:1003D00061EB030101FA0CFC22FA07F34CEA030378
:1003E000F940C6E9003196E74046C5E74346D9E7FC
:1003F00030B587B004F088FE00F086F82548492122
:1004000004F05EFF00F078F803A800F0ABFE224B8A
:100410001B68834204D02148452104F051FFFEE7C8
:10042000059A1F48492104F04BFF03991D484B7D55
:100430000A7DC98A0091492104F042FF1A484921E6
:1004400004F03EFF9DF8100002A900F033F80446C6
:1004500000B1FEE7029A059B144D1344039A1289DA
:1004600013442B6002F088FE01F06CFA01F046FCA8
:100470002B681B6883F3088884F31488BFF36F8F9D
:10048000BFF36F8F2B685B6898470948452104F0DC
:1004900017FFFEE7DE850000EC080020F78500006E
:1004A0001A86000049860000678600008801002047
:1004B0008C86000008B5024638B105480023452166
:1004C00004F0FEFE6FF0150008BD0860FCE700BFF9
:1004D000AF86000021B1012906D06FF015007047EA
:1004E000044B53F830007047024B03EBC0035868CD
:1004F000704700BF3883000002484FF4C05104F039
:10050000ABBA00BF40320020094B0A4AC3F80026AC
:10051000C3F80426C3F80826C3F80C26C3F810262F
:10052000C3F81426C3F81826C3F81C26704700BF6A
:10053000000001403546526E014B1B68184700BF52
:1005400008000020014B1860704700BF0800002021
:1005500030B5044685B00D4610220021684607F0EC
:1005600045FD02238DF802302A46044B01932146B3
:10057000684604F065FC05B030BD00BF39050000D9
:100580002DE9F047058B0446280717460CD50129AD
:100590000CBF45F0100545F02005258387F3118831
:1005A000BFF36F8FBDE8F087022905F0070540F023
:1005B0009480204604F0B8FD052864D801A353F8C0
:1005C00020F000BF9D050000DB060000870600004C
:1005D00049060000630600007506000001F00703ED
:1005E0005A1F012A1FD8002221F00701062BD4F838
:1005F000008089B2C4E9002209D1434603E0628B3E
:10060000013262831B68002BF9D141F00201218382
:10061000204604F089FD4FF0000900286DD041F01C
:100620002001218369E0042B0AD121F0070189B25E
:100630002183204604F078FD10B141F02001218390
:100640004FF00008C14658E02369D3F80090238B8F
:1006500023F0070343F0060323834FF000084646C8
:100660004BE02369D3F80490238B23F0070343F076
:100670000403F1E72369D3F80890238B23F00703E1
:1006800043F00503E8E74FF00008C146E7E7012221
:1006900043F00803238387F31188BFF36F8F002A89
:1006A0003BD1B8F1000F4AD1B9F1000F02D02D496A
:1006B0002046C847EFF31187202383F31288BFF346
:1006C0006F8F238B23F008039BB22383D9063FD57A
:1006D00023F01002228303F007056669218B002EA8
:1006E000BFF67CAF0023D4F8008021F00701C4E9F5
:1006F000003341F0010121839946238B03F0070A5F
:10070000AA4502D0A268002AC1D1B8F1000F02D1D7
:10071000B9F1000FDAD00022BAE7A1680029C0D0F1
:100720000D680029BDD04F68334652462046B84771
:100730001DB12B6829461D46F3E72B46FAE74146D3
:10074000334652462046D8F8008004F019FDA8E749
:100750009A067FF523AF23F02002228303F00705DA
:1007600027E700BFAD510000014B03600020704738
:100770005083000070B5104B1C680D46B4B10F4B90
:10078000196800238B4202DB6FF0010070BD224626
:1007900012F8106B864202D001331446F2E7E0688B
:1007A00006F06FF828B12C600020EFE76FF00C0026
:1007B000ECE76FF01200E9E70C0000205083000026
:1007C00010B588B0436802938368C068CDE90332EE
:1007D0000A680023CDE906230C4601AA04490593C3
:1007E00005F081FA079808B9059B236008B010BD91
:1007F000915300002DE9F04FD9B0DFF884B1DDF856
:1008000090C1DBF80060CDF80CC0DDF88CC1CDF8EC
:1008100008C00DF1400CCDF804C0DDF888C1CDF85A
:1008200000C0659C07468946154604F0ECFD28B1DA
:10083000DBF80060304659B0BDE8F08F6CB1A046DF
:1008400010AA18AC134603CBA342C8F80000C8F89E
:1008500004101A4608F10808F4D12946384605F074
:100860002CF80DF124080023C8F818002A4600933C
:1008700049464FF6FF73404604F00FFE05900028EE
:10088000D6D1D8E90532294638469C1A04F004FF2F
:10089000A042CDD34FF0FF3416E03F88202FC7D1C0
:1008A000DAF800103B4618AA284604F024FD002878
:1008B000BED13A4618A910A804F098FE314B1B6827
:1008C0008342B5D10123059307AF0DF1200A0DF145
:1008D0001E033A465146404604F02FFE0028A7DB8F
:1008E00048D1DAF80010404604F072FEBDF81E90C0
:1008F00040B9254A4FF6FF7132F8023B8B4297D040
:100900004B45F9D1B9F1100FC7D0B9F1200F13D071
:10091000B9F1010FD8D13B88202B89D8DAF8001023
:1009200018AA284604F0E7FC002881D1397818A8D5
:1009300000F02EF80446C7E7002CABDB134B1B6816
:100940009C42A7DA3B88B3F5807F7FF471AFDAF879
:10095000001018AA284604F0CEFC00287FF468AFE7
:10096000E4B200943B8818AA494610A800F0E2F8C7
:1009700006468FE7059B012B7FF45AAF5AE700BF6D
:1009800014000020EC080020B08500004083000027
:100990002DE9F0412029A2B080460D4605D94FF03F
:1009A000FF34204622B0BDE8F081124B124E1F6882
:1009B0000024BC42F3DA08A806F066FE002108A86D
:1009C00003F07AFE736856F8081B1A6808A806F048
:1009D00064FE694608A806F0A0FE08A806F058FEC6
:1009E0002A464146684607F010FB0028D9D001345A
:1009F000DFE700BF40830000448300002DE9F04F93
:100A00008A46ADF27C5D1946484B1F68DDF8A0357B
:100A1000B3F5807F40F08480202A40F081805EAD75
:100A20002A4606F0C1FD0446002879D195F8FF302A
:100A3000BC2B75D10DF198090DF10C0B4FF0DF08AF
:100A40004E46CBF800000CA806F01EFE00210CA8B4
:100A500003F032FE20220DF257210CA806F01DFEF5
:100A6000042259460CA806F018FE04A90CA806F0AA
:100A700054FE0CA806F00CFE42469BF80330202AD8
:100A8000A8BF20220133484604A901928BF8033005
:100A900007F09EFA019AA8EB0208B8F1000F914402
:100AA000D1DC30463246DF23117815F801CB013B0B
:100AB00081EA0C0102F8011BF6D1337803F07F03C1
:100AC000337010F8015B5DBB0134BE2CF9D196F890
:100AD000BE30012B24D10CA806F0D6FD29460CA867
:100AE00003F0EAFD124908220CA806F0D6FD514693
:100AF00020220CA806F0D1FD20220DF257110CA8DF
:100B000006F0CBFD04A90CA806F007FE0CA806F021
:100B1000BFFD20220DF2572104A804F067FD07460F
:100B200038460DF27C5DBDE8F08F00BF1400002058
:100B30003D8D00002DE9F0479946A2B0294B9DF864
:100B4000A8A01D68064605A80F46904606F012FDAF
:100B50000922012105A806F011FD234B53F83A4064
:100B6000039403EBCA0304AA5B681B681C44214678
:100B7000302303A806F0A1FF60BBDDE90332134474
:100B80009C4227D106AA214603A806F0A6FA08BB74
:100B900008AA214603A806F0A0FAD8B906A805F0CD
:100BA0009CFF039B05909C4214D105A803F0C4FC54
:100BB00080B906A805F091FF059005A806F0F2FCA3
:100BC000484507D1009043463A46314605A8FFF70D
:100BD00015FF054605A806F01FFD284622B0BDE812
:100BE000F08700BF1400002044830000084A0B78FF
:100BF000400052F820108B4208D0013052F82000FB
:100C000083420CBFEC204FF0FF307047EC20704760
:100C1000948300001FB5602303FB01006A46046A49
:100C2000A16810231039204604F065FB034628B163
:100C300022780448452104F043FB0024204604B0F8
:100C400010BD00BFD586000038B50E4B002918BF77
:100C50000B46436203F56C7343650121044604F0BF
:100C60001DFD58B90221204604F018FD054638B98B
:100C7000206A04F07FFB6066284638BD0125FBE74B
:100C80000925F9E78C01002010B53023594342189B
:100C9000146A0CB904F06EFF41580D4B994206D10D
:100CA000D16813895B1802D25189C91801D3002079
:100CB0000CE0A3689942FAD2106920F4F97020F090
:100CC00001000005000DB0FA80F0400910BD00BF22
:100CD0003DB8F3961FB5302303FB02010A6A0AB937
:100CE00004F048FF0023CDE9023301934FF48073F1
:100CF0000093034BFFF77EFD05B05DF804FB00BFDA
:100D0000404A00202DE9F04F4FF0300A0AFB010A5B
:100D1000DFF8BCB0DAF82080DBF8004089B0064686
:100D20000D4691461F46B8F1000F01D104F022FF95
:100D300004F03EFD20B9DAF8101011F010010AD0CD
:100D40001DB14146304604F0C0FD224B1C682046D0
:100D500009B0BDE8F08F5DB3484604F079FD38B3C3
:100D6000023F012F24D820236A46404604F0C3FAEC
:100D70000028ECD1184B009A9A4219D11748452106
:100D800004F09EFA134B1C68154B1B68A342DED07F
:100D9000144A154B1548002D18BF1A46452104F07A
:100DA0008FFA002DD1D00121404604F0FCFCCCE7A5
:100DB00029463046FFF768FF10B9DBF80040E3E74B
:100DC0002A4649463046FFF785FF0446DCE700BF68
:100DD00014000020100000203DB8F3961387000097
:100DE000EC08002001870000098700005F870000F1
:100DF00073B50D46044600212846CDE9001104F0E4
:100E000027FD50B323681E4EB34206D101AA2046E7
:100E100004F0FEFD08B104F0ADFE236BB34206D131
:100E20006A460121204604F0F3FD0028F3D1DDE9F4
:100E300000239A4284BF13460192AB60019A29466F
:100E4000204600F005FC0F4B1A68002A03DD0E480F
:100E5000572104F035FA02B070BD01462046FFF775
:100E6000D9FE06460028D6D005F1080104F0CDFBD6
:100E70000028D0D1AB680193304604F03BFADDE79F
:100E80003DB8F3965C0D0020878700002DE9F843FC
:100E9000099F0E46904699460024BC4201D300208B
:100EA0000EE03D1BB5F5806F28BF4FF480650C4AFE
:100EB0002B4604EB0901304604F01DFA10B1012065
:100EC000BDE8F8830899064A2B466118404604F0AD
:100ED00027FA0028F3D12C44FFF716FBDDE700BF0B
:100EE000F00800202DE9F04186B00E46044604F0DB
:100EF00086FC014620B19248452104F0E1F9FEE765
:100F00002046FFF7A1FE054678B90022114620468B
:100F100004F05BFC054610B38A480022572104F018
:100F2000CFF9012384F8603009E087487622572101
:100F300004F0C6F901239D4284F86030E5D194F8AD
:100F400060308DF80F30042B00F29380012B00F2FB
:100F5000988000F0AE80FF2384F86030A9E020463E
:100F600000F078FA0028DCD0784B012702A920464F
:100F7000CDE90273CDE9045504F0EEFC38B17448B4
:100F80002A46572104F09CF984F86070D7E702A83C
:100F900004F05EFC80F0010102AAC9B2204604F010
:100FA00014FC05460028B7D102A804F051FC98BBF8
:100FB00002A92046FFF71CFF9DF80F3084F860302F
:100FC000033B012B07D8284600F0F4F8054610B182
:100FD000FF2384F860309DF80F30023B022B0DD8C0
:100FE000002000F0D1F8054640B1FF2384F86030BE
:100FF0005848452104F064F904F0BCFD94F86030D1
:10100000FF2BF5D0002DF7D12A462946204604F0C3
:10101000DCFB002885D0EFE79DF80F80B8F1010FC9
:1010200019D1284602F022FD831E022B05460FD857
:10103000034602AA41462046FFF764FE464B1B6862
:10104000984205D0454B1D68A84214BF05250125CF
:1010500084F8605073E72B4602AA39462046FFF712
:1010600051FE3D4B1B6898420CBF9DF80F30052385
:1010700058E7052B7FF46FAF002000F09BF8C0B15C
:1010800069E702A92046FFF7B3FE94F86030DA1E44
:10109000012A0BD8002000F08DF818B9002000F0CC
:1010A00073F830B1FF2384F86030A5E7023B012BD1
:1010B000F4D994F86030FF2B9AD00022012B284FEE
:1010C000019211D01146204604F07FFB60B13D68CB
:1010D0001022002102A806F089FF204604F0A7FB99
:1010E000284606B0BDE8F08100231A46194620467E
:1010F000FFF708FEDFF860803D68D8F800309842BE
:10110000E6D1A842E4D0154B1B689842E0D00021FC
:10111000204604F072FB0028D9D1019B01330193D2
:10112000019B012B00D0FEE7206A03F0D0FF307155
:10113000236A5B683460D8F80050B360C8E700BF2A
:10114000B687000029880000E78700000101000140
:10115000558800007F880000EC0800201000002067
:101160001400002010B50446064804F06DFB054845
:101170002146FFF7B7FE0446024804F0A9FA2046CC
:1011800010BD00BFF00C002013B5094B01A913F8E6
:101190003000FFF7EFFA48B9019805F04EFB04461E
:1011A000019804F0A7F8204602B010BD0124FAE728
:1011B0009C8300001FB50F4B01A913F83000FFF707
:1011C000D9FAA8B9019802A902F0FAFB044668B955
:1011D0009DF80B30032B03D1019805F0F6FA044675
:1011E000019804F087F8204604B010BD0124F7E709
:1011F0000124F8E79C8300002DE9F74F06460C46D2
:1012000091461D46A3B9302303FB01030129D3F8FE
:1012100020A07CD1284602F029FC04287AD0736DE6
:10122000D3F804B0A046BAF1000F75D104F0A2FCC7
:10123000184604F00DFB8046002852D10146304686
:10124000FFF7E8FC20B90127384603B0BDE8F08F6E
:1012500001A904F0DAF90028F5D10199304604F02B
:10126000ADFB736AD3F804B0EB79042B07460CD1BD
:10127000ECB1012C28D12B68013BBB4223D823D1F0
:101280002C79033C18BF01241EE0404602F0EEFB1F
:101290000428EDD0FCB92C68012C03D813D12B798C
:1012A000022B10D1BC428CBF002401240CE02B681F
:1012B000013BBB4206D90124302303FB0463D3F86E
:1012C00020A0B0E703D000244FF0000BF4E72B7907
:1012D000022BF8D1EFE7012CF6D12B68012BF2D8C5
:1012E000E9E7302303FB0463D3F820A0EB79042B58
:1012F00006D0002002F0BAFB042801D0012C02D055
:101300004FF0000B8FE7736DD3F804B08BE74FF00D
:101310000108F5E7A046F3E720234A465946504620
:1013200003F0E9FF074600288DD1B8F1000F17D070
:10133000D9F80030164A934212D0012C10D102F095
:1013400095FB042806BF736DD3F804B0BB46202379
:101350004A465946504603F0CEFF00287FF473AF4B
:10136000D9F800300A4A93420ED1002D3FF46CAFF9
:10137000012C01D1C6F868B0D9F80070044BFF1AEF
:1013800018BF4FF0FF375FE7002DF5D15CE700BFD6
:101390003DB8F3962DE9F04F064685B00C46014660
:1013A00000201746FFF722FC051E4CDB3046D4F820
:1013B000649004F01DF94FF0000800904FF0010A0E
:1013C0004FF0FF345FFA89F9DDB9B8F1010F03DDA1
:1013D0001F48452103F074FF631C0ED00123002C2D
:1013E0007B7104EBD47304F001044FEA6303B8BFCC
:1013F0006442013301343B603C71284605B0BDE8CE
:10140000F08F009905F1FF3B01230DF10F020BFB5B
:101410000911304603F06FFF031E019315DB012213
:101420000DF10F01304605F06CF9019B30B15345C9
:1014300001D008F101085D469A46C5E7B4F1FF3FC7
:1014400008BF2C46F7E70725D7E70125D5E700BFFA
:101450008B8800002DE9F041876A866DB74204460B
:1014600009D07B1CB34206D01848572103F028FF4F
:101470000020BDE8F081762F1AD915485721F5E7ED
:10148000636A03EBC503D3F80480636D03EBC50304
:101490005B68984502D00F485721E7E70135AA421B
:1014A000EED8204604F010FB30B90B485721DDE799
:1014B0000025A846721EF2E7B74205D9636A03EB1E
:1014C000C5035B684345E6D10120D2E7AE88000042
:1014D000E6880000158900004189000010B588B039
:1014E000044604A9006A02F06BFA08B104F042FB5A
:1014F0009DF81020012A44D0264B2749032A08BF13
:101500000B469DF8132002929DF8122001929DF83F
:101510001120224800924921214A03F0D1FE206D7A
:1015200006A902F04DFA04460028DFD19DF81820E4
:10153000012A28D0174B1849032A08BF0B469DF8EB
:101540001B2002929DF81A2001929DF8192000920A
:101550001248144A492103F0B3FE9DF81030012BC4
:1015600013D19DF81230032B0FD19DF81830012BA9
:101570000BD00D48492103F0A3FE0224204608B0F9
:1015800010BD0A4BBDE7094BD9E70948492103F0D3
:1015900097FEF3E77A8900008389000097890000AD
:1015A00089890000D8890000E88900007E89000050
:1015B000078A000070B5CB79042B86B006460D462D
:1015C000144636D10B68012B33D104A9104602F022
:1015D000F7F908B104F0CEFA9DF81020012A2AD0BC
:1015E000164B1749032A08BF0B469DF81320029299
:1015F0009DF8122001929DF8112000921148124A84
:10160000492103F05DFE9DF81030032B11D12146D6
:10161000304604F05AF90028DCD1204605F00DF9D7
:101620000028D7D12A462146304604F063F9002825
:10163000D0D106B070BD054BD7E700BF7A89000056
:101640008389000097890000D88900007E89000006
:101650002DE9F04F04461646B6488BB00D46492199
:1016600003F02EFE3146204604F0A8F9636AD4F850
:1016700020805E688246B8F1000F01D104F07AFA4A
:10168000276D002FFAD0284604F0E2F8F8B1606E1A
:1016900004F01FF8A36A03F1FF39002333448342A7
:1016A00002D209F1FF39F9E7CA4510D3A248572100
:1016B00003F006FE09FB06F3A0480AFB0662572169
:1016C00003F0FEFD0123EB710BB0BDE8F08F3A464D
:1016D00029462046FFF76EFF2B68012B15D1EB68DA
:1016E000022B0CD04146204604F0EFF80028C5D16B
:1016F0002A464146204604F0FDF80028BED139466E
:10170000204604F0E2F80028B8D10DF1260209A91C
:10171000404603F088FF01236B71BDF82420238924
:10172000134462891344E268013A32441344628FDD
:10173000B3FBF6F30393238F1344BDF82620134421
:10174000E26B013A32441344B3FBF6F30493EB79B2
:10175000042B62D1D1462B68AAEB0902013B9A42C5
:10176000C0F0C980626A52F839101268A1EB020B0E
:101770002A79012A4FEAC90340F0BA80039A4A4500
:1017800019D3626D13443846996813683246C91AF2
:101790000023059103F0BCFF00287FF46FAF05998B
:1017A000009101965B463A4641462046FFF76EFBA4
:1017B00000287FF463AF2946204604F056F8022340
:1017C0002B7118B15E4A136801331360049B4B45BB
:1017D00013D3002332465946404603F099FF0028B0
:1017E0007FF44CAFCDE900B65B4642463946204611
:1017F000FFF74CFB00287FF441AF2946204604F058
:1018000034F82B6801332B6001232B71002872D030
:101810004B4A1368013313606DE0002002F026F993
:10182000042897D04FF000092B68013B4B457AD82C
:10183000636A1968059153F83910059803EBC903D9
:101840004FEAC9029B6806932B79012BA1EB000B91
:1018500067D1039B4B4518D3636D99581B6832467B
:10186000C91A38460023079103F052FF00287FF47D
:1018700005AF0799009101965B463A4641462046DE
:10188000FFF704FB00287FF4F9AE2946204603F059
:10189000ECFF02232B7118B1294A1368013313603E
:1018A000049B4B4515D3002332465946404603F06E
:1018B0002FFF00287FF4E2AEDDE90523CDE900B675
:1018C0009B1A394642462046FFF7E0FA00287FF48B
:1018D000D5AE2946204603F0C8FF2B6801332B60A4
:1018E00001232B71F8B1164A1368013313601AE013
:1018F000022A3FF46BAF09F1FF39D1457FF62BAFD8
:10190000002332461946384603F045FF00287FF48D
:10191000B5AE3946204603F0D8FF00283FF4D4AED8
:10192000ACE6022BBCD009F10109D1457FF67CAFB2
:10193000CAE600BF1E8A0000498A0000788A0000BB
:101940005C0D0020BFF36F8F72B6124B4FF0FF3269
:10195000C3F88020C3F88420C3F88820C3F88C2003
:10196000C3F89020C3F89420C3F89820C3F89C20B3
:10197000C3F88021C3F88421C3F88821C3F88C21DF
:10198000C3F89021C3F89421C3F89821C3F89C218F
:10199000704700BF00E100E008B5044803F0B7FB62
:1019A000BDE80840024803F0B2BB00BFA98A0000AE
:1019B000CF8A000008B50348034A0021121A04F038
:1019C00091F808BDE0000020484B00200748084A75
:1019D000084908B5121A04F087F80748074A084969
:1019E000BDE80840121A04F07FB800BF00000020D4
:1019F000E0000020808D000000000020000000209A
:101A0000808D000030BFFFF7FDBF00BF70B5264BD3
:101A100015469A6A12F0100F9A6A14BF1124102406
:101A200012F0080F9A6A18BF1224920706460AD5C8
:101A3000586B9A6A140634D519B19A6A22F080025A
:101A40009A62132401E06FF01500174B9A6A12F0A6
:101A5000010F9A6A18BF142412F0200F9A6A18BF57
:101A60001524D20602D49B6A9B070AD50E4B5B68ED
:101A7000190506D5314600F0D7F910B180F3098871
:101A80000224094B9A6A920642BF5A6A22F4005213
:101A90005A629A6A42F0FF029A6200232B70204633
:101AA00070BD6FF01500CCE700ED00E0134B9A6AB3
:101AB00012F0007F9A6A14BF1E201D2012F0807F52
:101AC0009A6A18BF1F2012F4002F9A6A18BF2120AB
:101AD00012F4802F9A6A18BF222012F4003F9A6AEB
:101AE00018BF232012F4803F9A6A6FEA02426FEA1D
:101AF00012429A6218BF2420704700BF00ED00E038
:101B000010B5194B0246986A9C6A10F4805F14BFA6
:101B10001720162014F4006F9C6A18BF1820A40523
:101B200009D5986B986A000404D51AB19A6A22F410
:101B300000429A6219200C4B9A6A12F4806F9A6ADA
:101B400018BF1A20D2050CD49B6A13F4005F18BF8B
:101B50001C20054A936A43F47F43936200230B7071
:101B600010BD1B20F5E700BF00ED00E0F0B5494BCC
:101B70005B688BB00446C3F30803002585F3118826
:101B8000BFF36F8F02F07F40B0F17F4F11D102F0B1
:101B90000C0008280DD010074CBF0C460125002270
:101BA000033B8DF80720032B05D8DFE803F02468FA
:101BB0006C652C46F3E700239DF80720CAB902AEF6
:101BC00004F1200720686168324603C20834BC4231
:101BD0001646F7D1099A002D59D0C2F3080121B950
:101BE0006FEA52226FEA4222099202A9184603F0D4
:101BF0007DFF0BB0F0BD274BDA6A9107DBD4DA6AC0
:101C0000002AD8DBDA6A5200D5D55A69A16942F4B4
:101C100080725A61BFF34F8FBFF36F8F31F8022C80
:101C2000596921F480715961BFF34F8FBFF36F8FF2
:101C300002F47F43B3F55F4F04D1D2B2022A01D13F
:101C40002368B9E7134B9A6AD2B23AB10DF1070291
:101C500001212046FFF7DAFE0346ADE79A6A12F447
:101C60007F4F05D00DF107010120FFF749FFF3E792
:101C70009B6AB3F5803F9ED3FFF718FFECE70DF1A9
:101C800007020021E5E70DF107010020EDE76FF302
:101C90000802A9E700ED00E0044B5A6942F0100287
:101CA0005A615A6922F008025A61704700ED00E05B
:101CB000EFF30880EFF3098101B57246FFF756FF95
:101CC00001BD00BF0B4880F3088801F075FA2020A1
:101CD00080F3118808484FF40461401880F30988A4
:101CE000EFF314800221084380F31488BFF36F8F51
:101CF00000F07EF8C07B0020804B00200749D1F81F
:101D000090200023C2F307221846934200DB70475D
:101D1000C1F89830C1F8A0000133F6E700ED00E00B
:101D20001EF0040F0CBFEFF30880EFF30980816908
:101D300011F8021C0229FFD001B5724603F0DCFE47
:101D400001BD00BF40B2002807DB044A410901235E
:101D500000F01F00834042F82130704700E100E0AE
:101D600040B200280CDB4309064900F01F00203375
:101D70000122824041F82320BFF34F8FBFF36F8FC2
:101D8000704700BF00E100E0054B420900F01F0072
:101D900053F82220012303FA00F01040704700BFDF
:101DA00000E100E040B20028A8BF00F1604001F16E
:101DB0000101B8BF064B4FEA4111ACBF00F56140CD
:101DC00000F00F00C9B2B4BF195480F80013704777
:101DD00014ED00E0044B054A23F07F039360BFF34A
:101DE0004F8FBFF36F8F70470000000000ED00E0E1
:101DF00008B5FFF7EFFF0B4AD2F8883023F47003E1
:101E0000C2F88830EFF3148323F0040383F31488BB
:101E1000BFF36F8FFFF7CEFDFFF7D8FD00F038F866
:101E200001F0D0FE00ED00E010F1160F074B08D0D6
:101E3000984208D34033984205D2994203D20448CD
:101E400070474033F9E70020704700BFC0530020BF
:101E50000054002080B50C4607461546084E86F310
:101E60000988002004498847204629461A46B84771
:101E700002488047FEE70000175B0000255B00007A
:101E8000007C0020014B10221A61704700ED00E039
:101E9000044800232021C2180133302B82F800139C
:101EA000F9D1704700E100E008B5EFF30583064A79
:101EB000103B02EBC30152F8330049688847BDE884
:101EC000084003F046BE00BF44810000014800689E
:101ED00070470000600D0020024B034A03480221B6
:101EE00000F066B80000042000000020A483000079
:101EF000084AC2F898000B6823F01F03034343F01D
:101F00001003C2F89C308B6843F00103C2F8A03084
:101F1000704700BF00ED00E02DE9F043DFF860807E
:101F200085B00E461F4604464FF00009B14523DA3E
:101F30006068D8B13FB1411E08421BD11F2819D992
:101F40002368194216D12368019303F003FEA368A6
:101F500003430393D8F89050C5F30725D0B2013D51
:101F6000A84207D801A9FFF7C3FF421C09F10109E4
:101F70000C34DBE76FF01502104605B0BDE8F083C6
:101F800000ED00E0044B0522C3F89420BFF34F8F0F
:101F9000BFF36F8F704700BF00ED00E0BFF35F8FAE
:101FA000024B0022C3F89420704700BF00ED00E010
:101FB00010B5034C01232278FFF7AEFF207010BD4F
:101FC000404B00202DE9F0435A4B5B4DD3F8903045
:101FD0002C68C3F307239C4285B000F2A780FFF76B
:101FE000DDFF00200C2684421AD1544EDFF84491C4
:101FF00034706846FEF7B8FB514C524D80460027BE
:10200000B84514D133784B490020D1F89020C2F361
:1020100007229342C0F28480FFF7B4FF002045E01E
:10202000696806FB0011FFF763FF0130DBE70098EA
:1020300000EB07114FEA071CCB682340B3F5000FF4
:102040004DD00AD8B3F5001F33D0B3F5800F3BD085
:10205000B3F5801F13D00137D2E7B3F1007F47D02B
:10206000B3F1805F4DD0B3F1807FF4D150F80C30E4
:1020700088684A6803F06EFD40F0887009E050F807
:102080000C3088684A6803F065FD40F0885040F4E1
:102090003020CDE901230390D9F890303078C3F394
:1020A0000723013B984234D96FF0150005B0BDE815
:1020B000F08350F80C3088684A6803F04BFD40F01C
:1020C000885040F40020E4E750F80C3088684A68F3
:1020D00003F040FD40F0007040F40030D9E750F8C4
:1020E0000C3088684A6803F035FD40F08270D0E714
:1020F00050F80C3088684A6803F02CFD40F48020CA
:10210000C7E750F80C3088684A6803F023FD28437D
:10211000BFE701A9FFF7ECFE3378013333709AE78C
:10212000C1F89830C1F8A00001336EE74FF0FF30DE
:10213000BCE700BF00ED00E0BC830000404B002086
:102140000000F0FF0000021108B5024802F058FE3E
:10215000FEE700BF048B000008B5024B1B689847E0
:10216000002008BD640D0020034B044A18609378DA
:1021700043F0020393707047640D002018000020A4
:1021800008B5054802F0C3FF002383F31188BFF3AD
:102190006F8F0423184602DF098B000000B5FFF79C
:1021A00095FE034B0C221A5000205DF804FB00BF83
:1021B000080000000C4B0122C3F840254FF080437B
:1021C0004FF08051C3F87825D1F83001082805D1A7
:1021D000D1F83411022908BFC3F838260122C3F808
:1021E00080250020704700BF00E0014048B1054B4A
:1021F000054A1B68B3FBF2F35843044B43F0010359
:1022000018477047B800002040420F00308300009C
:1022100008B5054A054B136010463F23536001F093
:10222000A1F8002008BD00BF680D0020FFFF0F00CF
:102230002DE9F7431B4EDFF870801C4F05460C4616
:1022400014B903B0BDE8F083EFF31189202383F3C1
:102250001288BFF36F8F03F0B8FE1549D1E9003241
:10226000C31842F1000008FB03F206FB0022A3FBA7
:102270000630DB1942EB0002C1E9003289F3118814
:10228000BFF36F8F042CA14628BF4FF004090192C1
:1022900028464A4601A905F09BFE4D44A4EB0904DB
:1022A000CEE700BFFDB0B087E62EBB272DF304B507
:1022B00000000020084B70B5C31A0D4607499B105B
:1022C000044659430648402203F066FC2B4601466B
:1022D0002046BDE870401847840D0020B76DDBB67E
:1022E000B880000073B50C4C0C4A4023041B0093CB
:1022F0000D460B460A49A41061430646094803F0FF
:1023000077FC014628B130462B4602B0BDE870404C
:10231000184702B070BD00BF840D0020635C000050
:10232000B76DDBB6B88000000022F8B50121054684
:102330001046FFF737FD104801F03CF80446B8B9E5
:1023400001F058F82F690D49384602F03CFF031E92
:1023500009DB01263E642D69084905F11C0002F0E5
:1023600032FF031E02DA1C462046F8BDEE64FBE78E
:102370006FF00404F8E700BF79240000E083000058
:1023800010B5EFF31184202383F31288BFF36F8F0E
:10239000074A136823F00201DB07116002D4012011
:1023A00003F080FE84F31188BFF36F8F10BD00BF70
:1023B000D40D002030B4104B0C2202FB0033014638
:1023C0000020D3E90E529863EFF31180202484F3A8
:1023D0001288BFF36F8F1C6C04F0C00444F0020439
:1023E0001C6480F31188BFF36F8F1DB12B46034827
:1023F00030BC184730BC7047840D0020B880000006
:1024000010B4EFF31180202282F31288BFF36F8F94
:1024100017490B6843F0020413F001030C601AD053
:102420004FF08043D3F80C14D3F80C3413F00103AD
:1024300011D0EFF3118182F31288BFF36F8F0D4A31
:10244000136C03F0C00343F00203136481F311889B
:10245000BFF36F8F012380F31188BFF36F8F1BB120
:1024600010BC0020FFF7A6BF10BC012003F012BE75
:10247000D40D0020840D002010B1012804D0704735
:10248000034B1B6C5B0701D1FFF794BF704700BF84
:10249000840D00202DE9F0413549BFF35B8F0746DD
:1024A000012251E8003F41E800200028F9D1BFF3A4
:1024B0005B8F33B92F4930484B60CB608A6002F0A4
:1024C00095FE7B1E012B4AD8012F07D14FF0804388
:1024D000D3F81C3403F00303012B40D004F0F6F9C9
:1024E000054660B1EFF31186202383F31288BFF312
:1024F0006F8F01254FF080444FF001081EE01F4B05
:102500001B78002BEED04FF080430222C3F8082343
:102510000646EFE7304603F00DFBD4F81835184AAD
:1025200063B9D4F8041149B1C4F80431D4F80431C2
:10253000C4F81885C2F88081C4F80880D4F818144B
:10254000D4F81834CA03E5D503F00303012B01D0F6
:10255000012FDFD12DB186F31188BFF36F8FBDE856
:10256000F0814FF080430222C3F80423F7E700BF55
:10257000800D0020700D0020A00D0020444B002095
:1025800000E100E008B5074804F07BF938B10648DF
:10259000FFF7EAFD0448FDF7D5FF002008BD6FF006
:1025A0001200FBE70C810000AD2500000A2838B5B9
:1025B000074D044604D1AB680D215B682846984757
:1025C000AB6803485B68E1B29847204638BD00BF5E
:1025D0000C810000024B0B6001231360704700BFA9
:1025E000D80D0020004870470484000010B504F0A6
:1025F0005DF8034C206004F055F86060002010BDC9
:10260000D80D00204FF08042D2F81015D2F81035C6
:1026100001F01E0123F01F030B4343F00103C2F836
:102620001035024B00221A70704700BF414B00204A
:102630004FF08053D3F83031082B20D14FF0804237
:10264000D2F81015CB071AD5D2F8103501F01E01BB
:1026500023F01F030B43C2F81035D2F808315BB1E9
:10266000D2F8103523F01F030B4343F00103C2F8E7
:1026700010356FF08B007047024B01221A7000205A
:10268000704700BF414B00202DE9F0410D46164632
:1026900004F008F831460746284603F059FB28B3F2
:1026A000B5FBF7F307FB135303BBB6FBF7F407FBCC
:1026B0001464DCB9B74213D803F0F4FFDFF83480B8
:1026C0000746FFF7B5FF044668B9284601F02CF924
:1026D00098F800300BB1FFF795FFF61B3D44F0D1A1
:1026E0002046BDE8F0816FF08B04F9E76FF0150428
:1026F000F6E700BF414B00202DE9F8430E46304677
:10270000194617461C4603F023FB30B346EA04057E
:1027100015F0030521D11CB3DFF8489024F0030421
:10272000AC4206EB050807D10F4AD2F80034DB07AC
:10273000FBD50020BDE8F883FFF77AFF50B979593F
:10274000404601F00DF999F800300BB1FFF75AFF40
:102750000435E5E76FF08B00ECE76FF01500E9E773
:102760002046E7E7414B002000E001402DE9F0431F
:10277000476840F20636D0063B7C87B002EA060680
:1027800054BFC2F3401C4FF0030C01F01F05B6F517
:10279000837F144645EA43158DF803C044D00DD815
:1027A000062E16D005D8A6B1022E3FD06FF0150028
:1027B00037E0B6F5807FF9D101260AE040F2022227
:1027C000964235D0B6F5407F34D0B6F5007FEDD1D6
:1027D0000226220330D57A6801238B40C2F80835DF
:1027E000B868A0BB05F01F036D092DD0012D77D16E
:1027F0003E4A02EB8302C4F30043D2F8001783F091
:102800000103C4F3404444EA430421F4E16144EA8F
:102810008C0421F0070144EA06230B43C2F8003779
:10282000002007B0BDE8F0830726D2E70426D0E7F2
:102830000526CEE70326CCE7630341BF01237A6870
:102840008B40C2F80C35CBE74FF0A042D1E70DF139
:102850000202294603F096FE14F4403F80460CD154
:10286000B868294603F0C3FEB8F1000FD8D19DF82F
:102870000210B86800F054FFD2E74FF0000901AB36
:10288000CDE90199CDE90439CDF80C90B86803AAD7
:10289000294603F04CFD4845C2DB14F4003314D044
:1028A000C4F300449DF803308DF80E3084F0010429
:1028B0008DF80C608DF80D40B8684B4603AA294688
:1028C00003F0E8FD0028CFDAAAE7CDE904330DF1E3
:1028D00003030393B86803AA294603F028FDF1E730
:1028E00003F5E07350F82330FFDE00BF0003005013
:1028F000420970B5034602D0012A17D070BD0D4EB3
:10290000326951680029F9D003F01F0301250C68D2
:102910009D400029F2D08A682A4002D04B68304698
:1029200098472CB1236821461C46F2E7024EE7E7A0
:102930002346F8E7F0800000D480000038B54568F1
:10294000A86890B103F04DFE014670B9A86803F085
:102950002CFE044658B902460649A86803F00FFE4B
:10296000224605210620FFF71DFA002038BD6FF032
:102970000400FBE7F1280000F0B545681646A8689A
:102980002A7C01F01F0487B044EA4214002869D071
:10299000B6F5001F04D1214603F07CFE002052E072
:1029A00001AA0020B6F5800F0190506037D1B3F135
:1029B000007F14BF052304238DF804300023CDE9E4
:1029C00004230393EB6823FA01F111F001010DF1E7
:1029D00003073AD1B6F1A07F37D104F01F03620993
:1029E00003F5E07326D0012A3FD1214A52F8233063
:1029F000DB072AD4A8683A46214603F0C3FD163007
:102A00001BD00297A86803AA214603F090FC002877
:102A100019DBA8680122214603F0EBFDBEE7B3F104
:102A2000C06F05D0B3F1007F14BF01230223C3E7B9
:102A30000323C1E74FF0A042D8E7A868394600F069
:102A400075FE0028DDDA07B0F0BDA8683A462146D9
:102A500003F098FD0028D5D19DF80310A86800F078
:102A60005FFECFE76FF08500EDE751F82330FFDE22
:102A700000030050036803F01F025B09026004D0EA
:102A8000012B034818BF002070474FF0A04070474B
:102A9000000300502DE9F04F00EB8109654985B036
:102AA0001546834640F2FF1AD94503D1002005B0F0
:102AB000BDE8F08FDBF80020C2F3C72818F0080843
:102AC000C2F3C320C2F3080440F0B1805A4B54450E
:102AD00008BF4FF0FF34B2F10C5F1E5C4FEA12608A
:102AE00015D2222815D8DFE800F017272B382E340E
:102AF00038141414143E4814141414141414141414
:102B00004B86898C1414148F9396999C9F004E28A1
:102B100026D06FF08500CAE7C5F80C45621C67D067
:102B200003A80394FFF7A6FF039A012707FA02F20E
:102B3000C0F80825384639E0C5F81445002718E0E4
:102B4000C5F80845EAE7C5F808450027601C22D10A
:102B50004EE0C5F80C450127F8E7C5F81045EDE74C
:102B6000C5F81445DAE7C5F80845002EE6D1002778
:102B70000626631C3CD0002018E0C5F80C45F4E79D
:102B8000C5F86045BBF80220671C02F001022FD097
:102B9000002AC5D1012703A80394FFF76BFF039A0E
:102BA0008446012000FA02F2CCF80C25DBF8002064
:102BB000019202F4004CBCF1000F08BF804603A84C
:102BC00018BF01270394FFF755FF039C019A00EB00
:102BD0008400C2F3412CD0F80047320242EA8C0252
:102BE00042EA08020C40224342EA4702C0F80027AA
:102BF0000BF1040B58E7C5F86445C3E7C5F8684511
:102C0000C0E7C5F86C45BDE7C5F824450127B0E726
:102C1000C5F8284582E7C5F83045F7E7C5F83445DB
:102C2000F4E7C5F83845F1E7C5F83C4576E76FF0BD
:102C300015003CE7F0F8FCFF458D0000684620F0E9
:102C400007018D4601B5134BD3F80423D20517D5E0
:102C5000D3F82021A2B1EFF31182202181F3128851
:102C6000BFF36F8FD3F8201131B10021C3F82011C9
:102C7000D3F820110121D96082F31188BFF36F8F3F
:102C8000044BD3F8583102F064FFBDE8014085469B
:102C9000704700BF002000402DE9F041044647681E
:102CA0000D4603F013FE88B14FF02008EFF31186B4
:102CB000314688F31288BFF36F8F606803F0F2F833
:102CC00030BB86F31188BFF36F8FEFE71D4B1B7886
:102CD000002BE9D04FF020086426606803F0E2F88A
:102CE00050B9012003F085F9013EF6D1F4E786F3EF
:102CF0001188BFF36F8FEFE7EFF31186314688F34A
:102D00001288BFF36F8F606803F0CCF80028EED014
:102D1000BB691D706368BA691B680020C3F844254D
:102D20000122C3F84825C3F82001D3F82041C3F895
:102D30005801D3F858019A6081F31188BFF36F8F5F
:102D4000BDE8F081444B002070B5012383400F4A59
:102D5000BFF35B8FDC4352E8001F01EA040542E841
:102D60000056002EF7D1BFF35B8F4FF480328240C4
:102D70000748C0F80823BFF35F8FBFF36F8F03EAE4
:102D80000100003818BF012070BD00BF080E0020F0
:102D90000010014070B41249D1E90034D01AC318B0
:102DA00044F1000422F07F46C1E90034A6F5001387
:102DB000B3F5400F09D20B4B1B681A0A1B069C196E
:102DC000094B42F10005C3E90045EFF311812023CF
:102DD00083F31288BFF36F8F70BC00F051BF00BF48
:102DE000F00000200C0E0020F800002011B3BFF30B
:102DF0005B8F0123104A834052E800CF4CEA030C5A
:102E000042E800C10029F7D1BFF35B8F0B4A4FF4B2
:102E100080338340C2F80433094BBFF35B8F1B68D8
:102E2000BFF35B8FC340DB0742BF064B4FF400325A
:102E3000C3F80021704700BF080E002000100140B9
:102E4000040E002000E100E00D4B1868010A0006A6
:102E5000BFF35F8F0B4BD3F80435181841F1000115
:102E6000B3F5801F0AD2084BD3E90023904271EBDF
:102E7000030303D210F1807041F10001704700BFDD
:102E80000C0E002000100140F80000202DE9F04F4A
:102E900085B016461F469DF840A00446FFF754FF34
:102EA0000190FFF7D1FFB04271EB07035ED23E4BBA
:102EB000301A67EB0101984271F1000109D36FF0FC
:102EC000150520460199FFF791FF284605B0BDE89A
:102ED000F08F364B03EB0413D3E902239F4208BF64
:102EE000964254D032494FF4803804F1500508FA24
:102EF00004F8AD00C1F848832046ADB203F059F89C
:102F000026F07F4B05F1804504F5A87305F588355B
:102F1000DC464FF003090293029A2CF07F4341F8FC
:102F20002230C1F84483D1F80435224A6FF0020000
:102F3000C01A604420F07F40904228D9286868B1C8
:102F4000D1F804350393A3EB0B0020F07F40B0F5DC
:102F5000000F1CD9204603F02CF8039BBAF1000F98
:102F6000ADD109EB030C09F10109D5E7BAF1000F66
:102F7000A5D10123104ABFF35B8FA34052E8000F95
:102F8000184342E800010029F8D1BFF35B8F0749DD
:102F90000E98230101EB0412C8500F9B5360C2E945
:102FA000026700258DE700BF01008000E0000020DF
:102FB00000100140FDFF7F00040E00207FB51C4C77
:102FC0001C4BC4F80833C4F848331B4B00254FF0A2
:102FD000FF304FF0FF31C4F80855C3E902014FF448
:102FE0008033C4F80433154B02264FF4003201211C
:102FF000C4F804631120C3F880212A46FEF7D2FEEC
:103000001120FEF79FFE0E4A0123A3602360136088
:103010000C4B0D4A0093CDE9015500232846FFF7DC
:1030200035FF3046FFF736FA284604B070BD00BFC2
:103030000010014003000F00E000002000E100E06C
:10304000080E0020952D0000FFFF7F002DE9F743BB
:103050002E4CD4F8043399070BD5D4F8043143B17E
:103060002B4A0023C4F80431D4F804311368013327
:103070001360D4F80433DA0343D5BFF35B8F254BD9
:1030800053E8002F22F0010143E800100028F7D197
:10309000BFF35B8FD30702D4D4F840318BB3002544
:1030A000C4F84051D4F84031FFF7CEFEEFF311825F
:1030B000202383F31288BFF36F8F174BD3E9026786
:1030C000B042B94120D34FF0FF304FF0FF31C3E998
:1030D0000201D3E900981D604FF48033C4F84833EF
:1030E000C4F84051D4F8403182F31188BFF36F8F98
:1030F000B9F1000F05D0CDF8008032463B460020E4
:10310000C84703B0BDE8F083A946EDE700100140D1
:103110000C0E0020040E0020E000002030B5431CFF
:10312000124C85B005D08442A8BF0446012CB8BF1C
:103130000124FFF789FE0E4B0C4DD3E90013401A12
:10314000B0F5000F10D22218AA4228BF2A46521802
:103150004FF0000007490091CDE9010043F1000361
:10316000FFF794FE05B030BD2A46F0E7FFFF7F0071
:10317000F0000020952D000010B5084C012363607D
:103180001120FEF7EDFD064BC4F80833C4F84833B0
:10319000044B4FF40032C3F8802110BD00100140F1
:1031A00003000F0000E100E0024AD2F80034002BD7
:1031B000FBD0704700E0014010B54FF08053D3F8CA
:1031C0003021082A4ED14FF080420021C2F80C1164
:1031D000C2F81011C2F8381502F54042D3F80414B1
:1031E000C2F82015D3F80814C2F82415D3F80C142B
:1031F000C2F82815D3F81014C2F82C15D3F81414FB
:10320000C2F83015D3F81814C2F83415D3F81C14CA
:10321000C2F84015D3F82014C2F84415D3F824148A
:10322000C2F84815D3F82814C2F84C15D3F82C145A
:10323000C2F85015D3F83014C2F85415D3F834142A
:10324000C2F86015D3F83814C2F86415D3F83C14EA
:10325000C2F86815D3F84014C2F86C15D3F844349A
:10326000C2F8703502F0B5FE18B1374B374AC3F8D3
:103270008C2602F0AEFE18B1354BFB22C3F81825A0
:1032800002F0A7FE58B14FF080424FF08051D2F8C3
:10329000E43ED1F8581261F30303C2F8E43E02F0B1
:1032A00098FE20B12B4B4FF40072C3F840264FF02C
:1032B0008053D3F83031082B17D14FF08043D3F827
:1032C0000024D20744BF6FF00102C3F800244FF07E
:1032D0008053D3F83431042B81BF4FF01023D3F83F
:1032E00008224FF08043C3F858254FF01023D3F83D
:1032F0000022002A03DBD3F80432002B22DA16491D
:1033000001234FF01020C1F804351224FFF74CFFC1
:10331000C0F80042FFF748FFC0F80442FFF744FF3F
:103320000023C1F80435FFF73FFFBFF34F8F0B4970
:103330000B4BCA6802F4E0621343CB60BFF34F8FBC
:1033400000BFFDE710BD00BF0050004048810300F2
:1033500000F000400090024000E0014000ED00E07D
:103360000400FA05014B1860704700BF100E0020E2
:1033700010B5054B1868144602F03DFE0028A4BFA6
:103380002070002010BD00BF100E0020024A012353
:103390008340C2F80435704700F00140014B002023
:1033A0001B681847140E0020014B1B68184700BF0C
:1033B000140E002010B50C4C237993B9012323710E
:1033C0000A4B2060002818BF184600F049F850B991
:1033D00023680748002BBDE8104008BF184600F0DE
:1033E0008FB86FF0770010BD140E00209D330000E1
:1033F000A933000008B5064B1B683BB10020FEF75F
:10340000C3FC18B9BDE80840FEF79CBC08BD00BF6E
:10341000140E002038B54FF080440123C4F808335F
:1034200063600023C4F80031D4F8003142F2107513
:10343000D4F80C24D4F80C34D20307D5DB0705D517
:10344000012002F0D6FD013DF2D138BD02F039FE77
:103450000028FAD0014B00225A71F6E71C0E00201A
:1034600010B508490C794CB9012308600B7102F0C2
:1034700028FE08B9002010BD4C71FBE76FF0770003
:10348000F9E700BF1C0E00204FF080430022C3F874
:103490000021D3F80021094901221A60096811B1FD
:1034A000C3F804237047D3F80021002AFBD0002280
:1034B000C3F80021D3F80031704700BF1C0E002074
:1034C00010B54FF08043D3F80423D20715D5D3F8B5
:1034D000002192B10022C3F800210121D3F800217C
:1034E000C3F8081302F0EDFD044B10B15A7922B96C
:1034F0005971BDE810401B68184710BD1C0E002014
:10350000074A137943B90121106011714FF08042CD
:103510001846C2F8183570476FF07700704700BF43
:10352000240E002010B54FF080431D4CD3F8181422
:10353000D3F8182411F4803F1AD002F00302012AB4
:1035400001D092B900224FF08043C3F81825002221
:10355000C3F80421D3F8042101229A6022688AB9B1
:10356000D3F80421002AFBD014E002F0BBFDE9E708
:10357000D3F81424D107E5D5D3F81C249207F4D44A
:1035800022681AB10222C3F8042310BDD3F8042123
:10359000002AFBD00022C3F80421D3F80431F4E759
:1035A000240E0020F8B54FF08043194FD3F80443A0
:1035B000012504F01A04002604B9F8BDB4FA84F019
:1035C000C0F11F00830003F580739BB203F18043B9
:1035D00005FA00F2196892B224EA02040029EBD03D
:1035E0001E601B684FF08043022AC3F808230BD1EA
:1035F000D3F81814D3F81814890705D1C3F818554F
:10360000C3F804239D60D7E73B68C0B29847D3E76F
:10361000240E0020036803F01F025B09026004D03F
:10362000012B034818BF002070474FF0A04070479F
:1036300000030050034A430900F01F00D35C184404
:10364000C0B270474D8D0000024611F0010030B548
:1036500015D18B07C1F3400022D51249D1F82005BE
:1036600050604FF08052C1F82005D2F83021082A6E
:1036700008BFD1F82025003818BF012010E04FF016
:10368000A0444FF08055D4F820351360C4F820359D
:10369000D5F83051082D08BFD4F82045002BD8D0DC
:1036A00030BD00BF00030050F7B504460846FFF7E1
:1036B000C1FF04EB40060D46B38ADB072AD520463E
:1036C00002F013FE2946204602F07FFD50B120464D
:1036D00002F091FD276807EB80000023C0F8103549
:1036E000C0F810352946204602F0AEFD0021B18217
:1036F00001A80195FFF78EFF019B00EB8300074BAC
:10370000D0F80027134043F00203C0F80037084602
:1037100003B0F0BD6FF01500FAE700BFF0F8FCFF52
:10372000014802F086BC00BFBC00002010B5044870
:103730000C4602F060FC0028A4BF2070002010BDE1
:10374000BC0000202DE9F04F074689B057F8049BD4
:10375000D9F80413C9B28346082241F00041484613
:1037600002F09BFD051E2FDA0023032106A8CDE9F8
:103770000633FFF769FF634B01930DF118084FF013
:10378000000A019A604912F8013B0192DA0803F03D
:1037900007038A5C22FA03F3DB071CD40AF1010356
:1037A000022B08F104084FF0010AEAD14FF0004162
:1037B0000022484602F071FD032106A8FFF744FFEE
:1037C0000028D8D125F000450124002D40F0848048
:1037D00009B0BDE8F08F4D4B53440293D8F8006018
:1037E000002EDBD0029B96FAA6F61C78B6FA86F677
:1037F00046EA44142046FFF71DFF0BEB4000F20899
:10380000818A18F802000594C1F3820303930093A0
:1038100006F00706012303FA06F620EA060008F878
:10382000020005A8FFF7F6FE059A039B02F5E07279
:1038300011F0100F50F82260C6F3014633D0009A01
:103840003846214602F0E1FC05A80594FFF7E2FEA8
:10385000059B03F5E073F6B250F82330C3F3014340
:103860009E4207D10021204602F0A0FC31462046AE
:1038700002F09CFC05A80594FFF7CCFE059B0122F5
:1038800002FA03F3C0F820354FF08053D3F83031FB
:10389000082B01BFD0F82035D0F82035D0F82035DE
:1038A000D0F820359AE7022E14BF022103212046CA
:1038B000039302F07BFC039B032B03D0022E07D162
:1038C000012BD7D1009A2146384602F09EFCD1E761
:1038D000032ECFD1022BF4E795FAA5F3B3FA83F3C5
:1038E00004FA03F225EA020503F5A2720BEB430387
:1038F00059F82220B3F87C10C2F30142384602F096
:1039000084FC62E75D8D00007C8400005D8D00001A
:10391000044AD2F80034DB07FBD50160BFF35F8FA8
:10392000704700BF00E001404FF080531A69B0FBC0
:10393000F2F302FB13036BB9084B0222C3F8042510
:10394000C3F80805D3F80024D207FBD50020C3F83C
:10395000040570476FF00C00704700BF00E00140A5
:1039600010B5054C0123C4F80435FFF7D1FF00233F
:10397000C4F8043510BD00BF00E00140F0B5816817
:1039800085B01039054621F0070401F0FAFC0B4B15
:103990006A4603F1100718685968164603C60833CB
:1039A000BB423246F7D110236A462146284601F031
:1039B000B7FC003818BF012005B0F0BDCE8500006F
:1039C00030B50D46816887B0102302AA103904462D
:1039D00001F091FC002802DA012007B030BD10226E
:1039E00002A9204602F08DFE00283AD11E4910227D
:1039F00002A804F00AFB00280CBF012302232B704D
:103A0000204602F06AFE012301460DF1070220461E
:103A100001F071FC0028DFDB9DF8073003F00F0296
:103A20001B096A702B7101220DF10701204602F07B
:103A300068FE10B96B78042B03D901236B70002347
:103A40002B71A268183A22F00702083AA91C2046F6
:103A500002F06AFE0028BFD1E91C204602F0BCFE3D
:103A6000BBE70323CBE700BFCE850000F0B5354FA1
:103A7000460085B00546694657F8260002F0B2FEBA
:103A8000044610B1FF2005B0F0BD013602A957F879
:103A9000260002F0A7FE012808D12B482A4649211A
:103AA00001F00EFC294B02938DF80C409DF800604C
:103AB0009DF80870264C00222078314602F013FE53
:103AC00080B36078394602F00EFE58B3A378042B19
:103AD00003D09DF80310994224D1E378042B03D03E
:103AE0009DF80B1099421DD12379042B03D09DF82A
:103AF0000210994216D16379042B0FD1A379023BAE
:103B0000DBB2022B1AD9134B13482A46492101F084
:103B1000D7FBA079831E022BB5D9B3E79DF80A1015
:103B20009942EBD00132042A04F10704C4D10B48B6
:103B30002A46492101F0C4FB0120A4E7084A52F8B3
:103B40002330E1E78C840000838B00000301030332
:103B50005F8D0000718B0000CD8B0000F18B0000A9
:103B60008084000038B50A4B53F82040013053F8E8
:103B70002050A54200D838BD606830B1037EDB0715
:103B800001D402F066FE0834F3E723689847FAE7A9
:103B90009484000008B5094B012203201A70FFF736
:103BA000E1FFFDF7F9FE0420FFF7DCFFFCF720FC46
:103BB000034A938923F00103938108BD444B0020FD
:103BC0000001002008B50020FFF7CCFF174B83F35E
:103BD0000888174C636943F4007363610025E02390
:103BE00084F82230E57725766576A57684F820502E
:103BF000636A43F4E023636284F82350FEF74CF8D1
:103C0000FEF740F94FF0FF33A362E362FEF7DAF903
:103C1000FEF762F90120FFF7A5FF0220FFF7A2FFE0
:103C200004482B462A462946FEF714F9C0530020C3
:103C300000ED00E0953B0000024B1868984208BF79
:103C400000207047C000002030B570B10B4B5B689E
:103C500098420AD0036843B1D3E90421D0E904456E
:103C6000121941EB0501C3E90421D0E900321360C8
:103C70005A600023C0E9003330BD00BFC0000020FF
:103C80002DE9F047DFF8A490DFF8A480C9F8000020
:103C90000246FFF7D1FF0D4600260027D8E90013A2
:103CA0004FEAE27E50B1D0E9044CA2427EEB0C0A0E
:103CB00019DAA41A6CEB0E06C0E9044652184FF04C
:103CC000000443EB0E032046C8E90023C9F8004076
:103CD00002F002FE2146FFF721FA85F31188BFF3B7
:103CE0006F8FBDE8F087611843EBE473C0E90467A8
:103CF000C8E90013FFF7A8FF01224FF00043C0E915
:103D0000042385F31188BFF36F8F83689847EFF31F
:103D10001185202383F31288BFF36F8FD9F8002019
:103D2000121BC9F80020FFF787FFB7E72C0E002011
:103D300080010020054B1B680131434001320840DF
:103D400022EA03020243501E00B27047440E0020D4
:103D50002DE9F04F99B0CDE90210002118460192EB
:103D6000059302F07DFF002800F0E8818F4B14934B
:103D70004FF0010915AB05990198ADF83090ADF8F9
:103D80003890CDF84090CDF84890139302F0F1FEB2
:103D900001301ED1039B33B9029B9BB90023184607
:103DA00019B0BDE8F08F0398002102F066FE0028EC
:103DB000F2D000240094A046A246274626466FF083
:103DC0008C03D5E0DDE9011002F020FE0028F0D1DF
:103DD000E4E7002501990B950BA8ADF8325002F0ED
:103DE00015FE0B9EBDF832700446002840F09F81FE
:103DF0000D90ADF83A0005990DA802F007FEDDF828
:103E000034A0BDF83A800546002840F09581019B1A
:103E10000F90D988ADF8389002310FA8ADF83090E6
:103E200002F084FD044618B10F9B00932C46C6E7B0
:103E300001460FA802F021FE0F9B00930028BED17F
:103E4000019B1190D98811A8023102F06FFD119CDD
:103E500083460028B3D10DA802F03BFE00F01F00FE
:103E60001F2870D0C0F11F0319460BA8049302F05D
:103E700058FE0B9EBDF832700028A0D104990DA801
:103E800002F04FFEDDF834A0BDF83A80002896D14C
:103E9000C1463D46A7EB080B4FEA4B1319460DA848
:103EA000CDF834A0ADF83A80079302F03AFEDDF881
:103EB00034A0BDF83A80002881D1009B03EB8B0B26
:103EC0000DA90BA80B96ADF83270CDF834A0ADF863
:103ED0003A8002F07DFE00283ADA09F1FF330799B3
:103EE00006930DA802F03CFE09F1FF330AEB8303B1
:103EF000079309F18043023B0AEB830305F1FF3B83
:103F000005F180450993013D009BA5EB090503EBF5
:103F10008505069B9B454BD8039B73B10FA918469B
:103F200002F074FD00287FF44AAF019B059A9B883C
:103F3000928813FB02F3039A9380029B002B40F0BC
:103F4000D980002314E0C1463D46CDF810B0A1E76A
:103F5000DBF800300BA90133CBF800300DAA08467E
:103F600002F06EFF0B9EBDF8327003460028A7D00A
:103F70000BA801930B96ADF8327002F0C9FC0DA8A6
:103F8000CDF834A0ADF83A8002F0C2FC009B0F934C
:103F90000FA802F0BDFC11A8119402F0B9FC0C218D
:103FA00015A800F0A3FD019BF9E600BF0100030086
:103FB000079B56F82B101A684FEA8B09A9F10400E9
:103FC0003318914208934BD200233058FCF798F8ED
:103FD000002914BF4FF0FF330346BBF1010F18BF98
:103FE000B1442B6014BF59F8083C00231593089B7B
:103FF0001B68169306EB8B031B6817932B68013322
:104000002B602B68013B2B60002111A8119402F05A
:1040100034FD119C00287FF4D2AE069B1BB3099B94
:104020001B682360079B1B68636011A92A68084608
:1040300002F00AFF119C00287FF4C1AE13A911A859
:1040400002F0C6FD0028DCDC2A68CDF834A00DA9FA
:1040500011A8ADF83A8002F0F7FE30B1119CAEE63F
:104060004FF0FF33B9E7069BDBE7009A6FF00703D9
:104070004FEAC50902FB0399494611A802F051FD18
:10408000119C00287FF49BAE0BA911AA08460B9641
:10409000ADF8327002F0D4FE0B9EBDF832700346CC
:1040A00000287FF465AF01460BA802F0D9FD002877
:1040B0001CDA0DA911A802F0A9FC0028CED14946AE
:1040C00011A802F02EFD119C00287FF478AE0BA9F8
:1040D00011AA084602F0B1FE0B9EBDF832700346ED
:1040E00000287FF445AF2B68013B2B600BF1FF3BB1
:1040F000043D0EE704990B960BA8ADF8327002F060
:104100002FFD019B02989B88ADF830300BA902F07F
:104110007DFC014600287FF452AE029802F0A0FD1B
:1041200000287FF40EAF029A0123938009E72C4602
:104130000095A846AA4642E6009440E66FF00B03BD
:104140002DE600BF044B1B68584043085B424042C9
:104150001843C017704700BF440E002010B50B4C29
:10416000226823684240594081EA0200C00FFFF7ED
:10417000E9FF2368521A434022EA03020840104331
:10418000BDE81040C00FFFF7DDBF00BF440E0020A8
:104190008842F0B504D0094F04380025AA4200D166
:1041A000F0BD3E6850F8044F5E4024EA060451F822
:1041B00025601E40344304600135EFE7440E0020C3
:1041C0002DE9F74F0025DFF854B080468946924626
:1041D0002C469D4203D1204603B0BDE8F08F59F82C
:1041E0002560019321463046FFF7B8FF361B5AF889
:1041F0002510DBF80020009107463046FFF7AEFFA0
:104200000099DBF80020019B00F0010407F0010792
:10421000761A48F825603C440135DAE7440E002060
:104220008B422DE9F84328BF0B46DE08089CA1EB22
:10423000030803F00709844615460346B6460021E5
:104240000EF1FF3EBEF1FF3F03F1200305F1200513
:1042500014D102EB46104FEA89050CEB461600EB31
:104260008907ACEB0202B84279D14A4C2E44B8F12E
:10427000000F40F083800846BDE8F88355F8207CA5
:10428000A7FB0470CF1953F8201C40F10000CF1990
:1042900043F8207C55F81C1C40F10000A1FB0417DA
:1042A000401853F81C1C47F10007091843F81C1C60
:1042B00055F8181C47F10007A1FB04107F1853F8AC
:1042C000181C40F10000C91943F8181C55F8141CBB
:1042D00040F10000A1FB0417401853F8141C47F1EB
:1042E0000007091843F8141C55F8101C47F1000783
:1042F000A1FB04107F1853F8101C40F10000C919ED
:1043000043F8101C55F80C1C40F10000A1FB0417E9
:10431000401853F80C1C47F10007091843F80C1C0F
:1043200055F8081C47F10007A1FB04107F1853F84B
:10433000081C40F10000C91943F8081C55F8041C7A
:1043400040F10000A1FB0417401847F1000153F8A9
:10435000047C3F1841F1000143F8047C70E7844677
:104360005CF8043BA3FB043ECB1881584EF1000ED1
:10437000CB1883504EF10001604674E73068084462
:1043800046F8040BFFF7EAFE08F1FF38236800F057
:1043900001016CE7440E00202DE9F04F8DB01D4661
:1043A000189B179F1A9E0592B3F12A3F83468A46AF
:1043B00040F08D803946169802F0A2FE012838BFE1
:1043C0000120470900F01F047B01502B34BF01235B
:1043D0000323012B0A930CBF022308230B930A9B90
:1043E000059805FA03F306EB8303069303EB8503B5
:1043F000079302F082FF4FEA8508089042460021A9
:10440000304603F0F3FD01233360079B0393089BC1
:10441000199ACDE90153059B009331462B4630464E
:1044200006EB080902F07DFF51464246484603F07C
:10443000CFFD0223494609930B9B099A934248D129
:1044400042463146584603F0C3FD4FF00009CA46C4
:10445000079B0393089BCDE90153059B00935A46A4
:104460002B465946584602F05CFF002C47D1013FCD
:104470001F24169B53F82730E34003F0010343EA5F
:1044800049090A9B0AF1010A534503D0002CDFD1E8
:10449000002FDDD1189BB3F12A3F32D10698424656
:1044A00009FB086103F094FD079B0393089B069AA0
:1044B000CDE90153059B009359462B46584602F01F
:1044C00030FF002CC1D1BFB90DB0BDE8F08F002482
:1044D0007AE7079B0393089B01EB080ACDE9015398
:1044E000059B00934A462B46504602F01AFF099B53
:1044F0000133099351469FE7A146A246A8E7013C34
:10450000B7E731464FF0000A0A4B18681B6858405D
:1045100080EA090080EA0A00FFF714FE2A46C34336
:104520000698FFF735FE099B0AF1010A53454144FD
:10453000EAD1B9E7440E002070B50021044602F02C
:10454000BEFF054610B10E4D284670BD261D3046F3
:1045500002F0BFFA7F28F6D90C342946204602F033
:10456000A8FA0028EFD0204602F0B3FA0128EAD9D1
:104570003146204602F02CFB0028E5DBE3E700BFD4
:1045800000BEFFFF2DE9F04FCFB00446039100F1CC
:10459000480346AD00F16806186859682A4603C208
:1045A0000833B3421546F7D104AAD2E94483D2E9CD
:1045B0004797D2E942160193D2F824B13D4BD2F885
:1045C000185102934FF0000CBCF10F0F5AD8039B07
:1045D00053F82C301BBA4FEAF52E87EA0900DDF8B4
:1045E00008A093608EEAB51E28408EEA756E78406A
:1045F00070445AF804EBCDF808A0704403444FEA25
:10460000713E46EA010006EA010A8EEAB10E00EAAE
:10461000080040EA0A008EEAB15EDDF804A0CDF899
:1046200004800CF1010C5B448644BCF1400F9A44B9
:1046300002F104027344BB461DD104A8C0E94897A7
:10464000C0E946A5C0E94468C0E94231C0E9003E7E
:1046500045A904F14403643453F8042F51F8045F6E
:104660009C422A441A60F7D14FF4947100F03EFA4C
:104670004FB0BDE8F08FB0464F460E46A9461946EA
:104680005546A1E7136852F834AC52F8380C4FEA9B
:10469000F34E8EEA734E8EEA932E52F8143C034486
:1046A0004FEABA4080EAFA10734480EADA00034421
:1046B00091E700BFAC84000003460846C1B9C3E9D6
:1046C00010110D4A0D49DFF838C0C3E912120D4A26
:1046D0000D49C3E914C20D4AC3E916120C4A1A6601
:1046E00002F17452A2F52302A2F692425A66704772
:1046F0006FF08600704700BF85AE67BB67E6096A4A
:1047000072F36E3C3AF54FA57F520E518C68059BB3
:10471000ABD9831FF0B506469BB00F4615461C4625
:104720004BBB684602F0B0FF144A154B15491648BA
:10473000CDE91223154BCDE91413154BCDE9160322
:10474000144B189303F17453A3F52303A3F6924378
:104750003A46314668461993CDE9104402F09DFF70
:104760002946684602F0D9FF6821684600F0BEF984
:1047700020461BB0F0BD6FF08604F9E767E6096AD2
:1047800085AE67BB72F36E3C7F520E513AF54FA572
:104790008C68059BABD9831F0928024818BF0020ED
:1047A000704700BF7B8D000001680E4A91420346AE
:1047B00015D1C169A2F11022A2F1EF1291420ED1DE
:1047C0008268012A0BD8C26812B101698A4206D0F8
:1047D000586928B19B691B1A5842584170470120FB
:1047E000704700BF55AA00FF70B50E4B9E68B6B16A
:1047F0003046FFF7D9FF044618B9F3687BB935692D
:104800000DB9204670BD2846FFF7CEFF28B9EB68EA
:10481000B34204D12E462D69F2E70446F1E70124A4
:10482000EFE700BF300E00202DE9F8433F4E34681B
:10483000D4B1B468C4B1002875D0002973D001FB8D
:1048400000F5B5FBF0F088426DD1281D6BD8A907A3
:104850000DD025F003070437F46803E06368BB421A
:1048600007D2A469002CF9D12046BDE8F8832F4671
:10487000F2E7A3681BB12E4B01201B6898476268C2
:10488000D21B232A04F120081FD80123A360D4E9F6
:104890000523C2B19361A3690BB162695A61002318
:1048A000C4E905333369DA0706D5FFF79DFF18B170
:1048B0001F4B1B68012098472A460021404644466A
:1048C00003F094FBD0E7F360E5E707F120016318FC
:1048D000203A5A600022C3E90224164822691A616C
:1048E00060501549D96102B1D36062695A61A1690A
:1048F0009961B2B193619A6902B153614FF00109B4
:10490000C4E9017923610023C4E905333369DB0776
:10491000D2D5FFF769FF0028CED0054B48461B686B
:10492000C9E7F360E7E700249EE700BF300E0020F0
:10493000C800002055AA00FF669911EE70B5054623
:10494000002800F08480424E3368002B7FD0B2688C
:10495000002A7CD0834203D872681344984203D360
:104960003C4B01201B689847A5F120042046FFF727
:104970001BFF18B1374B01201B68984755F8183CAE
:10498000012B03D0334B01201B68984755F8143C8A
:10499000002245F8182CC3B19968002942D155F876
:1049A0001C2C02F120015A680A445A6055E905326C
:1049B0001A6155F8145C2B6903B1DD602046202292
:1049C000002103F013FB23462C462069002836D033
:1049D0008268002A33D163684268203313446360DD
:1049E00003692361D4E90523F2B923BB43696361F9
:1049F0008269A2610BB39C61A36903B15C61236905
:104A000003B1DC602022002103F0F0FA33699B0738
:104A10001DD5FFF7E9FED0B10E4BBDE870401B6815
:104A2000012018471346D0E79361A369002BDDD01E
:104A300062695A61DAE7F360F7E7F460DCE7002BBC
:104A4000E4D1F368A36103B15C61F460DEE770BD9B
:104A5000300E0020C800002038B514220C46054650
:104A60000021134803F0C2FA1249134800F034F849
:104A7000232C1CD915F003031FBF043CE418C3F119
:104A80000403ED1822460021284603F0AFFA084B34
:104A90000A499D60C3E90054203C6C609A6811602B
:104AA0009A68DA60A1F11021A1F1EF11D16138BD4E
:104AB000300E00203D4900002948000055AA00FFA3
:104AC000014B1B68184700BFD0000020014B1B683A
:104AD000184700BFCC000020024B1860024B00209A
:104AE00019607047D0000020CC00002010B50A46A5
:104AF000044619B1024B00211B68984710BD00BF46
:104B0000AC850000F0B5114C059F24684440002B93
:104B100014BF9C468C46E443002303F1040E774502
:104B200002D2BB4209D3F0BDD5585CF80360054002
:104B300026403543CD507346EFE7D55C1CF8036043
:104B4000054026403543CD540133EAE7440E0020AA
:104B5000054B5A78022A04D11878C31F584258418D
:104B600070470020704700BF480E002000F6FF721B
:104B700040F67E739A4277D9434213F07F031AD0EE
:104B80005842831D2EDA10F13D0F6BD010F13C0F0F
:104B900052DA10F15F0F47DA10F1680F41DB68302D
:104BA00040F25513C34013F0010F0CBF6FF08300A8
:104BB0006FF08600704710F1850F30DA10F5834FE3
:104BC0004AD02EDC10F5864F49D01FDC10F5994FE6
:104BD00022D010F5894F45D010F5A14F21D16FF0AB
:104BE00085007047831D062B1BD801A252F823F0C5
:104BF000194C0000DF4B0000234C0000DF4B00008D
:104C0000234C0000234C0000694C000010F5854F38
:104C100025D010F5844F04D16FF08600704700282E
:104C2000AFDD6FF08300704710F1400F14BF6FF0DD
:104C300083006FF0930070470E300728F1D80123EE
:104C4000834013F0150FE7D113F0A00F0CBF6FF0E6
:104C500083006FF0930070476FF0920070476FF021
:104C6000960070476FF09300704700BF10B5104C6E
:104C70002378580744BF03F0FB032370990705D539
:104C800000F08CF8237823F002032370637813B1CB
:104C9000084802F052FF002306486370B021FFF776
:104CA00025FF2378DA0744BF23F00103237010BDEA
:104CB000480E00204C0E002038B5FFF749FF30BBEE
:104CC000164D2B78DC075CBF43F001032B7098076F
:104CD00007D400F05BF82B7843F002032B700446F6
:104CE000C0B96A786AB9D9070BD50D4800F01AF82F
:104CF00001230B486B7000F02DF8044650B90223D5
:104D00006B702B785A075CBF43F004032B700024B0
:104D1000204638BDFFF7AAFFFAE700BF480E002083
:104D20004C0E002010B5036804460BB9074B036016
:104D300062680AB9064A626004F10800984704F103
:104D40006C00BDE8104003F03AB800BFCD4D000044
:104D5000497C00001FB504460A4B03930920FFF766
:104D60001BFD0323019303AB0146074A009304F1A3
:104D70006C0004F1080303F0E3F8FFF7F7FE04B05A
:104D800010BD00BF50534100957C0000024B012232
:104D900083F8402300207047FC2E0020F8B5094C12
:104DA000002501270326E76126762046013502F01B
:104DB000A6FE102D04F50D74F5D1034B002283F8E7
:104DC0004023F8BDFC0E0020FC2E002037B5044621
:104DD0000025294605615022143003F007F92046CA
:104DE000E56002F0E4FC01230093044920232A46F5
:104DF000204602F03CFF03B030BD00BF997D0000AB
:104E0000F8B50E4B1D68AB789B07064612D56F6848
:104E100016F8014B29462CB90A20B847002805DBB3
:104E2000204609E02046B8470028F1DAAB7843F085
:104E30000403AB704FF0FF30F8BD00BFDC8300000F
:104E40002DE9F04F8378D0F8048015469A0785B095
:104E5000074640F19F8000260878002800F09C80DB
:104E6000252808D001F1010A01363946C04700283B
:104E700080F286808AE091F801B0BBF1250F01F144
:104E8000020AF1D0002401211F2C25D8ABF1200209
:104E9000102A06D8844B01FA02F018420ED1032AD8
:104EA0005AD0ABF13002092A08D9BBF12A0F33D10D
:104EB000630605F1040501D444F020041AF801BB8F
:104EC000BBF1000FE0D139462520C04700285DDB4B
:104ED000023639465846C9E77F2CE2D9BBF16C0F40
:104EE00029D021D8BBF1680F2CD0BBF16A0F30D08C
:104EF000BBF14C0F2DD0ABF16302122A00F2A5805A
:104F0000DFE802F02C4EA3A3A3A34EA3A3A3A3A365
:104F1000AD9DA3A331A37700BBF12E0FDED16006B8
:104F20003AD444F04004C9E7BBF1740FC6D0BBF1DA
:104F30007A0FC3D0DFE7220648BF44F4007444F080
:104F40008004BBE7E30548BF44F4007444F4807474
:104F5000B4E744F42074B1E71024AFE715F8040B6C
:104F60000136394682E72C68504B002C08BF1C469E
:104F7000A1464B4619F8010B20B9341B1E19043504
:104F8000514669E73946C0470028F2DABB7843F05A
:104F90000403BB704FF0FF36304605B0BDE8F08F1C
:104FA00020061DD5A10545BF073525F0070555F895
:104FB000040B55F8080B00280DF10409B8BF404256
:104FC00049464FF00A02B8BF44F4806403F02DF85C
:104FD0006405A0EB090956D44C460DF1040B5EE0C4
:104FE000E20555F8040BE6D5A3054CBF40B200B26C
:104FF000E1E724F01004A4B20A22200633D5A1056B
:1050000045BF073525F0070555F8040B55F8080B83
:1050100010B924F01004A4B20DF10409494603F0BC
:1050200004F8E306A0EB0909D6D539463020C0477D
:105030000028ABDBBBF1000F1ED10136CCE744F0FA
:10504000100410224FF0780BD7E74BF02002782A9B
:105050007FF439AFCBF1780242F01002CDE708229D
:105060004FF0000BC9E7E30555F8040BD0D5A105B7
:105070004CBFC0B280B2CBE7023639465846C04773
:105080000028A9DA82E7013639462D20F7E7013CEE
:1050900039461BF80400C0470028FFF677AF002C04
:1050A000F5D14E446CE700BF81280100288C000038
:1050B00038B5044C044DAC4200D138BD54F8043D21
:1050C0009847F8E70000000000000000704700204B
:1050D000704730B5002985B00446154611DB83685A
:1050E0008B420ED96368C068194401AA00F0F7FD2D
:1050F00028B96268019B9B1A2B60029B6B6005B00C
:1051000030BD6FF02100FAE77047002070470FB400
:1051100007B504A951F8040B0191FBF719FA03B084
:105120005DF804EB04B07047038B13F0070306D15E
:105130000368002B18BF032008BF00207047022B14
:1051400005D1408BB0FA80F0400980007047012BF8
:1051500004D10368002B18BF0520EDE7002070473D
:1051600010B50C4600B111B96FF0150010BD081D47
:1051700000F087F80028F9D1A368032BF6D9F3E7EC
:105180002DE9F0410D4607461946281D90461E465A
:1051900000F088F8044638B133464246294638467E
:1051A000A446BDE8F0416047BDE8F08110B4EFF3DC
:1051B0001182202484F31288BFF36F8F416110BCE9
:1051C0000121FBF7DDB938B50C46054658B151B1A0
:1051D0000B6843B14B6833B11C22002102F006FF7B
:1051E0002C61002038BD6FF01500FBE7F8B50446D0
:1051F0000E46FFF7B5FF051E3BDBEFF311822023C0
:1052000083F31288BFF36F8F638B278B4FF6FF7189
:105210008B4207F007072ED0062F2FD8DFE807F0C4
:10522000182E082E180418006FF08505002303E0DF
:10523000013363830225012382F31188BFF36F8F4B
:10524000BBB100233A4631462046FFF799FF10E0F4
:1052500000233360636823B9C4E9006627B13D4683
:10526000E4E71E606660F9E702212046FBF788F953
:105270003D462846F8BD6FF00A05D7E76FF00405F4
:10528000D4E7034658B1426802F00302012A03D072
:10529000032A04D1026812B10020986070476FF0B1
:1052A000150070474268816002F00302032A4FF044
:1052B000000203460CBF006810465A6070477047F2
:1052C0000FB407B504A951F8040B0191FBF740F99D
:1052D00003B05DF804EB04B07047002908DB806878
:1052E000884205D9401A904234BF002001207047FF
:1052F00000207047704770B516461A4605460C46A2
:10530000FFF7EBFF48B16968E868214482681468D8
:105310003246A446BDE8704060476FF0150070BD8E
:1053200070B516461A4605460C46FFF7D6FF48B13B
:105330006968E8682144826854683246A446BDE83A
:10534000704060476FF0150070BD10B50B46044605
:10535000FFF7C3FF40B16168E068194483689B6848
:105360002BB1BDE8104018476FF0150010BD6FF06D
:105370005700FBE708B5C0688368DB68984700689A
:1053800008BD08B5C0688368DB689847407908BDE8
:1053900030B54C680368A34201D2012030BD8A6851
:1053A0002244934201D30020F8E7D1E90452954208
:1053B00003D36FF00B038B61F5E7CA681B1B42F840
:1053C00035304368086902EBC00253600B69013352
:1053D0000B61E2E737B50C46C0B201A91546FBF7F1
:1053E000C9F900280CDB019850B121462A46FBF789
:1053F000E7F904460198FFF77DFF204603B030BD72
:105400006FF01504F9E72DE9F04F9BB00C461146FB
:10541000DDE9265691469A46249F00F04EFA8346CF
:10542000684602F031F900216846FFF745F935B1C9
:10543000002E04DD32462946684602F02EF96389C3
:105440002289D4F80C80134498440025A84508D834
:105450002599684602F061F9684602F019F90024BE
:1054600010E0A8EB0506BE4228BF3E463346524632
:105470000BEB05014846FFF73EFF044630B1684696
:1054800002F006F920461BB0BDE8F08F32465146C7
:10549000684602F002F93544D8E72DE9F7430E4695
:1054A00017469946044628B94FF0FF38404603B0E6
:1054B000BDE8F0830029F7D0002AF5D083690D8973
:1054C0001D44CB681D4404230DEB030229463846D6
:1054D000FFF711FF80460028E6D1BDF8042071894E
:1054E00046F608139A4225D1BDF806309942DBD121
:1054F00004230DEB030229443846FFF7FCFE002885
:10550000D2D1BDF8042046F607139A42CCD1C4E9A3
:1055100000679DF82830A4F80890A3727389BDF83D
:1055200006202B44E360738913442B4404356361E4
:105530002561BBE70029E4D0B6E72DE9F3410E462B
:1055400017461D46044620B94FF0FF3002B0BDE8B3
:10555000F0810368002BF7D04368002BF4D04FF69E
:10556000FF78D4E90413994215D223685B8923B1EB
:10557000E3688B4204BF04312161042360680DEBB2
:105580000302FFF7B8FE0028DED1A37A2BB1D4E9DD
:1055900003329A4201D30120D8E72389BDF80610CF
:1055A000434501F1040203D0BDF804C09C450BD172
:1055B00015B1BDF804302B80236904333360398082
:1055C000236913442361C1E7236913442361C8E7B6
:1055D00048B103683BB143682BB1C068884294BFAF
:1055E0000020012070474FF0FF30704702F00DBDE2
:1055F00010B50446FFF7BEFE00F06BF8A3689842B2
:1056000001D900F0B7FA181A10BD70B50D4604465E
:1056100001F063F82A46A0F1100104232046BDE8FA
:105620007040FFF768BE73B5002306460D4614466A
:10563000019301F052F80423A0F108010DEB0302DD
:105640003046FFF758FE18B9019B2B801B0C2380B6
:1056500002B070BD13B50446019101F03EF8042379
:10566000A0F110010DEB0302204601F079F802B021
:1056700010BD73B5164605460C4601F02EF80423FE
:10568000A0F1080144EA06440DEB03022846019408
:1056900001F066F802B070BD00F0A4B913B576222F
:1056A00001290346019208460AD15A6A03F12804E7
:1056B00001A9FFF78FFE08B9019B236002B010BD5E
:1056C000022903D15A6D03F15804F1E70120F5E7EF
:1056D0007047EC2358433830704773B50C46054685
:1056E0001646FFF747FEA04203D92846FFF742FEC1
:1056F0000446A968EC23383903FB14116A4628468E
:10570000FFF7E7FC0028A4BF009B336002B070BD28
:105710002DE9F7431F4683688B4206460D469146A6
:1057200033D95B1A934230D307B36A46FFF7D1FCF3
:10573000041E2CDB013DDDF800804D446A462946FD
:105740003046FFF7C6FC041E21DBDDE9009530463C
:105750002A464946FFF7F9FD041E18DBFAF7D4FE86
:1057600077B1C84513D209F1FF35E7E701396A4639
:105770004944FFF7AEFC041E09DBDDF80080DDE7DD
:105780004D44A84503D30135D8E74FF0FF342046F8
:1057900003B0BDE8F08310B412B110BCFFF7B8BF7E
:1057A000104610BC7047002382681946FFF7F3BF0C
:1057B00008B5302303FB0101086A08B900F0DAF9E3
:1057C000BDE80840042200F09CBFF8B513460F4620
:1057D0001646002102460546FBF70EFD044650B969
:1057E000334605F1300201212846FBF705FD10B1D3
:1057F000002F18BF04462046F8BD00207047002146
:1058000010B504460846FAF765FE04F12001C0B25F
:10581000FAF7B0FF40B90121FAF75CFE04F150013C
:10582000C0B2FAF7A7FF08B100F0A4F910BD10B597
:105830000446006D08B1FFF75DFD206A18B1BDE8B0
:105840001040FFF757BD10BD6C22002102F0CEBB07
:105850004379012B07D10368012B04D10079431E42
:1058600058425841704700207047F7B5056A07460F
:1058700028460E46FFF7BCFE796E0446304600F01F
:10588000A7F804442846FFF775FD07462846FFF7AA
:1058900078FD072201460DF1010002F0A7FB3379E4
:1058A0008DF800306A463B4621462846FFF738FD12
:1058B000003818BF012003B0F0BD28B1036D8B4242
:1058C00001D1806E70470020704713B50C4601AAC5
:1058D000416E2046FFF701FF002809DB0199A2680D
:1058E0000123521A2046FFF756FFC00F02B010BD29
:1058F0000120FBE773B505460C46006D6946164668
:10590000FEF75EF8024608B100F034F9F17901299A
:1059100004D0204600F07AFF0028F5D19DF803302E
:10592000012B04D1204600F050FF0028ECD1B168D3
:105930002046FFF78FFE0028E6D1B5F85C20A98D40
:105940002046FFF796FE0028DED12046FEF716F827
:105950000028D9D102B070BD73B50C460646FBF7DE
:10596000BDFDE06028B3022801D1356A0DB900F011
:1059700001F9224631462846FBF70CFDD0B92846EE
:1059800000F0ABFE012301460DF107022846FFF7A8
:10599000B2FC88B901220DF10701284600F0B1FEE2
:1059A00010B101238DF807309DF8073003F00F0385
:1059B000E371002002B070BD0120FBE7436A0020C4
:1059C0005A68034613448B4201D20130FAE770470C
:1059D00010B503685A1E0379013B4C00594304FB80
:1059E000021010BD10B50446406EFFF772FE636AE8
:1059F0005B685A1E024459421140A26D013A5A4353
:105A0000501AA26A53435B1A984228BF184610BD29
:105A10002DE9F74F302303FB01030446D3F8209010
:105A20000F469046B9F1000F01D100F0A3F8002A0B
:105A3000FBD000251560B3F808A0DB68012908BF7A
:105A4000856E9A44554404230DEB030229464846CB
:105A5000FFF751FC064638B101264846FFF74AFCDD
:105A6000304603B0BDE8F08F302303FB0743BDF899
:105A70000420B3F80AB046F608139A4220D1BDF8C4
:105A800006309B4501D00326E7E704230DEB030214
:105A90000BEB05014846FFF72EFC0028DCD1BDF8D2
:105AA000042046F607139A42EDD13022BDF80630A5
:105AB00002FB0744A3855B445344C8F80030CCE79D
:105AC000BBF1000FEBD0DEE710B5036A0446D868DF
:105AD0008368DB689847236DD8688368DB689847DC
:105AE000012010BD02F082BA02F072BA012801D181
:105AF000EFF3058300F0DBBE01460068FFF7F6BF59
:105B000008B5FBF77FFFBDE8084000F022B8002190
:105B10000120FFF7EBBF61B662B680F31188BFF3D7
:105B20006F8F7047EFF31180202383F31288BFF348
:105B30006F8F704772B6002383F31188BFF36F8FA6
:105B4000BFF34F8F20BF80F31188BFF36F8F62B612
:105B500070477047202809D9B0F1004F08D80138A4
:105B6000B0FA80F0C0F11F00400070470820704775
:105B70003E20704708B5FCF703FB08B5FCF7ECFACC
:105B8000002008BD70470369C9B20C2202FB013333
:105B9000186C00F00700704770B50346C9B2006981
:105BA000EFF31186202484F31288BFF36F8F0C2546
:105BB00005FB0104246C14F0C00401D0A24211D1F1
:105BC00005FB010001220264002086F31188BFF367
:105BD0006F8F30B95B680C2202FB01335B6898471A
:105BE000002070BD4FF0FF30EFE78022FFF7D4BFF9
:105BF000F8B5069F04690546C9B2EFF3118C202061
:105C000080F31288BFF36F8F0C2606FB0146306CC1
:105C100000F0070EBEF1010F10D1376400268CF39F
:105C20001188BFF36F8F3EB90C2041430C44C4E987
:105C30000E236B685B5898473046F8BD00F0C000F3
:105C400087420CBF6FF077064FF0FF36E7E713B5DA
:105C500080240094FFF7CCFF02B010BD6FF08500E8
:105C6000704710B40069CBB21C2404FB0300002170
:105C700010BC104700F04FBAFDF754BCF7B51C46F6
:105C80001646002382682360A36053690D4601AA6B
:105C900069469847019B5A1E01921BB96FF0150087
:105CA00003B0F0BD0098A26847682168676085B9B5
:105CB000B31AD0F800C0634528BF63461A4403FBFB
:105CC00007112160A26002689A4206D8083000904D
:105CD000E0E76B1AB3FBF7F3EBE70020E0E71346CE
:105CE0000022FFF7CBBF2DE9F047836886B05B69E0
:105CF0008846914601A902AA98470024A246254653
:105D0000029BAB4202D806B0BDE8F087019F07EBCB
:105D1000C50700267B6804933A68B2420AEB060383
:105D200002D801359A46EBE703940593494603A848
:105D3000C0470028E7D0049B01361C44ECE710B5AF
:105D40000C4600F0A9FC0023C4E90003184610BD6E
:105D500038B505460C4600F09FFC002D07DBA84235
:105D600005D9401B84428CBF0020012038BD002093
:105D7000FCE770B50D462846194616461C46FFF747
:105D8000E7FF38B124B122462946304602F020F917
:105D9000002070BD6FF01500FBE743685B68D3F827
:105DA00010350B600020704743685B6802EA010011
:105DB00021EA0201C3F80805C3F80C15002070475A
:105DC00043685B680020C3F80815704743685B6848
:105DD0000020C3F80C15704743685B68D3F80425AE
:105DE00021EA02001140C3F80805C3F80C15002091
:105DF000704730B50369586800B30024884219D150
:105E000008688CB99C685860A14200D19860002055
:105E100008602AB15A680A609A68596002B99960A4
:105E200000200FE02846E9E720609868814208BF1B
:105E30009C60ECE705680446002DF3D1002AE9D107
:105E40006FF0150030BDFDF77DBC30B543681360C1
:105E5000057A446804EBC504A34202D36FF0010045
:105E600030BD5C798C4203F10803F0D10020F7E7E4
:105E700043681B68D3F88004C3F880047047426805
:105E80001368D3F8100150B1D269002012780A705B
:105E9000C3F81001D3F8102101221A6070474FF0A7
:105EA000FF30704702680346D2F8580140B95B687A
:105EB000DB0706D4D2F82001003818BF0120704754
:105EC0000120704713B501AA0446FFF7BEFF002862
:105ED00005DB019B226819791868FCF7DBFD02B02D
:105EE00010BDF8B50022054601210220FBF75AFF3C
:105EF0000220FBF727FF6C680121E068FFF7E2FF53
:105F00006B681A682369C2F82435617D237D0B43D1
:105F1000A17D0B43C2F86C356E68D6E9004313F0DF
:105F200001030ED02F6904F10C0107F1080204F5FA
:105F3000907000F09BF800283ADB387AFDF726FADB
:105F400001230822C4F80025B269C4F844250121C0
:105F50000022C4F84825A1606BB9D4F82031002B89
:105F6000FBD0C4F82021D4F820310123E3604FF4A2
:105F70008073C4F80433D4F85831002BFBD00021CF
:105F8000C4F800156D682C68E868FFF79BFF0823CC
:105F9000C4F800352A7A52B9EB69C4F834350123C4
:105FA000C4F83835C4F81021D4F81021236000203B
:105FB000F8BD00F150039B009BB203F1804303F551
:105FC000883300221A601B68704708B5FCF73CFF55
:105FD00008BD4FF08053D3F83021082A03BFD3F80F
:105FE0003401B0FA80F040090020704703460020D9
:105FF000184700F02ABC10B502461168B1B1BFF3D2
:106000005B8FB1FA81F3C3F11F000123834021EAC2
:10601000030352E8004F8C4204D142E8003CBCF13B
:10602000000FF6D1BFF35B8FE7D110BD6FF00B000F
:10603000FBE710B50368CB40DB0714D401238B408A
:106040000268BFF35B8F43EA020150E8004F9442BD
:1060500004D140E8001CBCF1000FF6D1BFF35B8F08
:10606000EED1002010BD6FF01500FBE770B50C46B7
:106070000021054608461646FDF77AF948B93378F7
:10608000DB0003F1804303F5F833C3F81055C3F880
:10609000144570BD10B1012802D07047FDF742BA17
:1060A000FDF7F2B918B1012803D100F019B800F0DA
:1060B00032B8704708B5FDF703FABDE80840FDF7B0
:1060C00071BA4FF08053D3F83021082A06D1D3F8A3
:1060D000340102288CBF0020012070470020704747
:1060E000FDF798B938B54FF080440223C4F808335F
:1060F0000123E3600023C4F80431D4F8043142F2F0
:106100001075D4F81834DB0304D50120FFF771FFB4
:10611000013DF6D138BDFFF7E5BFF7B5019001A805
:10612000DDE9084716461D46FDF774FA019BB6F1F6
:10613000000C18BF4FF0010C00EB83000B1E18BFC2
:106140000123002D43EA4C030CBF4FF0000C4FF02D
:106150000C0C002C43EA0C030CBF4FF0000C4FF466
:10616000E06C002F43EA0C03D0F800270CBF4FF07F
:10617000000C4FF4403C43EA0C0322EA030301B154
:1061800009780EB13678760019430DB12D78AD003F
:1061900031430CB12478240229430FB13F783F04E6
:1061A0000C433C43C0F8004703B0F0BD1FB50DF1F0
:1061B0000F03019300238DF80F1000931A46194620
:1061C000FFF7ABFF05B05DF804FB10B504460846C9
:1061D000FDF730FA04EB4004207DC0F3401010BD01
:1061E00010B504460846FDF725FA04EB4004207D6F
:1061F000C0F3400010BD10B504460846FDF71AFA7A
:1062000004EB4004A08A400B10BD70B5044608465C
:106210001646FDF70FFA08300D4634F81030DA054F
:1062200009D5C3F3432304EBC302314654F833309A
:10623000526828469847A3682BB1E2683146284641
:10624000BDE87040184770BD10B504460846FDF71C
:10625000F1F904EB4000838ADA051DD5C3F343212D
:1062600023F4F853838204F1120204F1720032F82D
:10627000023F13F4807F03D0C3F3432399420BD032
:106280008242F4D104EBC10300225A6004F1780089
:10629000BDE81040FFF7CDBE10BDF0B5034600F5D8
:1062A0008074002005460127844695420AD1D3F820
:1062B0007C2132B10022C3F87C21D3F87C3140F03C
:1062C0000040F0BD25F0404607FA06F6314209D0FD
:1062D000D4F800E0BEF1000F04D0C4F800C0D4F838
:1062E00000E0304301350434DFE738B504460D469D
:1062F000FFF76BFFA8B12046FFF772FF88B9204671
:10630000FFF779FF226801238340C2F8083323682E
:1063100003EB8000D0F8103523F00303C0F81035EC
:1063200038BD28460021BDE83840FFF73FBF2DE9C2
:10633000F043174685B004460846FDF77BF9D7F8C9
:1063400000800E460546B8F1000F1ED02046FFF72C
:1063500047FF18B12046FFF738FF20BB0023CDE9E7
:1063600000338DF80E308DF80F300DF10F024346DB
:106370000DF10E013046FFF7D0FE04EB4502938A83
:1063800023F0020343F0010393827B689BB3314601
:10639000204693F80080D3F80490FFF721FF28B13E
:1063A000B9F1000F1FD06FF0150027E004EB450096
:1063B000838A23F4604323F020038382B9F1000F22
:1063C00011D0B8F1030FEED87B6821685B6893F8B1
:1063D00000C04FEA8C031944B8F1000F11D1C1F885
:1063E0001085C1F8108504EB4502938A23F01C0345
:1063F00043EA88039382BB6843BB002005B0BDE835
:10640000F083D1F8102522F00302C1F8102522688C
:106410001344D3F8102522F44F3222F44072C3F80B
:1064200010253202D3F8101502F47C5242EA0842D9
:106430000A43C3F8102504EB4C03A3F87C60838A5D
:1064400043EA4C3343F020038382CCE7D3E900785E
:1064500031462046FFF7F8FE002FCED063689F42FA
:1064600006D004F17800FFF7C6FD002804DAC5E77E
:10647000A3689845F5D1002004EBC003C3E9017877
:1064800004EB4505C0B2AB8A43EA402343F4807372
:10649000AB82B2E72DE9F043054685B008461646C3
:1064A0001F46FDF7C7F80C46804626B32846FFF77F
:1064B00097FE18B92846FFF788FE18BB05EB480978
:1064C000B9F8143003F01C0313B17378012B19D001
:1064D00001238DF80F300023CDE90063721CB31C3B
:1064E0000DF10F012046FFF718FEB9F8143043F004
:1064F0000303A9F81430002F3FD021462846FFF7A8
:106500006FFE20B96FF0150005B0BDE8F0833E784E
:106510002B6803EB86030022C3F81025C3F810256F
:1065200005EB48024FEA860C938A23F4604323F07C
:1065300020039382787800B32968BF78614400040F
:10654000D1F8103523F4991323F4F853C1F810351A
:10655000230200F4403003F47C5303433805D1F8A0
:10656000105500F4801003432B43C1F81035938A73
:1065700043EA463343F0200393820020C4E7C0E996
:106580000312704770B504461546FFF71EFE48B16A
:106590000846FDF74FF804EB40040020A38A5B0B8C
:1065A0002B7070BD6FF01500FBE738B590F88C408C
:1065B00005469CB960222146143001F017FD286879
:1065C000C0F87C41D0F87C3140F30730FBF7BAFBD0
:1065D000012385F88C30AB67204638BD6FF077001B
:1065E000FBE790F88C00003818BF01207047FDF7DA
:1065F0005BB82DE9F34104461746FFF7E6FD0D466B
:106600002668F0B12046FFF7EBFD8046C8B920466A
:10661000FFF7F1FD820002F5807346F80380F3581E
:1066200023681344D3F8102542F00102C3F8102563
:1066300027B1226801238340C2F8043302B0BDE8C9
:10664000F081D6F80433002BA4BF4FF00043C6F806
:1066500004332846FCF7EEFF04EB4004A38AC3F39F
:106660008203042B12D0052B12D001A80195FCF750
:10667000D1FF019BD0F81015D94001F00101023182
:10668000284602B0BDE8F041FFF790BD0321F7E7CF
:106690000221F5E7FFF729BE4FF080531A695869C8
:1066A000504370474FF08053186970474FF0805344
:1066B0005869704708B5FEF7FFFA002818BF6FF059
:1066C000040008BD38B510460D461C461946E400C6
:1066D000FBF7AEFD2C60002038BD8068183820F034
:1066E000070010387047042809D0052803D1481E38
:1066F00018BF01207047431A584258417047012083
:10670000704738B515460C4661B15AB1FEF739FEEF
:106710002544214611F8013B834203D1A942F9D116
:10672000012038BD0020FCE738B50C460123114696
:1067300022460546FEF7DFFD00280FDB0122214639
:106740002846FFF7DEFF18B103232370002038BD71
:106750002378012B14BF02230123F6E70120F6E77B
:106760002DE9F3471D4606460F469046FEF702FE0A
:106770006C1E044440420440082C01D9FFF7FAF98A
:106780003046FEF7FEFD2A4682464146684601F045
:106790001FFC621B51460DEB050001F027FC234650
:1067A0006A4639463046FEF7BBFD003818BF012067
:1067B00002B0BDE8F08707B501238DF8042001AAD7
:1067C000FFF7CEFF03B05DF804FB816818390122A2
:1067D00021F00701FFF7EFBF8268183A22F00702A5
:1067E000FFF7A2BF13B50C46C0B201A9F9F7C2FF6B
:1067F00050B921460198FDF7E3F804460198FEF7E9
:1068000079FD204602B010BD0124FAE70E2A13B527
:10681000044601D9FFF7AEF90E29FBD841EA02116F
:106820008DF80710FFF759FF012301460DF107020C
:106830002046FFF795FF02B010BD8168183921F09E
:10684000070101220839FFF7B6BF08B1FBF7CEBC3C
:10685000704710B5436904463BB90020E26853789D
:1068600043F001035370404210BD98470028F4D014
:106870000028B8BF4042E368FF28A8BFFF20187077
:10688000ECE740B1C368587810F001001EBF1878DB
:10689000B0FA80F040097047EFF31183202383F3AF
:1068A0001288BFF36F8FFEE708B5FFF7F5FF10B54D
:1068B000EFF31184202383F31288BFF36F8FFFF768
:1068C000F3FF84F31188BFF36F8F10BDEFF30580E2
:1068D000003818BF0120704708B50246FDF7ACF933
:1068E00070B1D0E904319B1A61EBE272B3F1004F51
:1068F00072F1000104DA002AACBF1846002008BD7E
:106900006FF00040FBE700220123C0E9002370473D
:1069100010B5044648B1006818B1E188890001F05B
:1069200093F800220123C4E9002310BD42F2107342
:10693000994270B504460D4602D96FF08C0070BDC7
:10694000C3888B4201D30020F9E704212846FEF7D3
:10695000B7F806460028F0D0216841B1E2889200DD
:1069600001F036FBE1882068890001F06DF8E580D0
:106970002660E8E738B504460D4619B9FFF7C8FFA9
:10698000002038BDC2888A4207D1006892000021E9
:1069900001F02CFB0123A380F2E7FFF7B9FF2946A2
:1069A0002046BDE83840FFF7C1BF42F2107399425C
:1069B00070B50A46054602D96FF08C0070BDC388D9
:1069C0008B4207D8BDE87040FFF7B0BF296851F887
:1069D000231011B9013B002BF8D15C1C944238BF45
:1069E000144604212046FEF76BF806460028E3D043
:1069F000296839B1A20001F0EBFAE988286889001A
:106A000001F022F8EC802E600020D7E7884270B5B4
:106A100005460E4609D0C98849B9C2882AB1012362
:106A200083809200006801F0E1FA002070BD4C1EE6
:106A300074B9EA88B6F90430AB800134A2420ED2B0
:106A400021462846FFF772FF88B16FF08C00EDE712
:106A5000336853F82430002BEBD1013CE8E7286879
:106A6000121B9200002100EB840001F0BFFA316894
:106A70002868A20001F0ACFAD7E770B50C460121F6
:106A80000546FFF753FF064688B9EA88014692009B
:106A9000286801F0ABFA84EAE472A2EBE472E40F36
:106AA000C4EBC4342B68640001341A60AC803046F7
:106AB00070BDC388B1EB431F3FBF03684A0901F0B3
:106AC0001F0153F822003ABFC84000F00100002027
:106AD0007047C188006800F013BB08B5FFF7F9FFE5
:106AE0000730C00808BD70B50E4612F0030118BF8C
:106AF000012101EB920105461446FFF73BFF38B92F
:106B0000E988286823463246BDE8704000F01ABB89
:106B10006FF08C0070BD13460A46C188006800F013
:106B200036BB38B504460D46FFF7D3FFE38828444B
:106B3000B0EB431F06D82068E1882A4600F091FB9D
:106B4000002038BD10F01F0118BF012101EB5011CA
:106B50002046FFF7EBFE0028EDD06FF08C00F0E749
:106B600008B50A46C18811B1006800F042FB002058
:106B700008BD10B5C38823B9CA885AB9ABB1012082
:106B800017E0026802EB830252F8042C002AF3D1CA
:106B9000013BF0E70C6804EB820454F8044C0CB998
:106BA000013AEAE79A42EAD30FD8013B5A1C01D1D5
:106BB000002010BD026852F823400A6852F82320D2
:106BC0009442DCD803F1FF33F0D24FF0FF30F0E70E
:106BD00030B5C38823B9CA885AB9002B3DD136E0F5
:106BE000026802EB830252F8042C002AF3D1013B25
:106BF000F0E70C6804EB820555F8045C4DBB013AE4
:106C0000EAE7B1F9045003D2B1F90400404226E0AA
:106C1000B0F90420002A03DD002D0CDA01201EE06B
:106C2000002D08DD3AB14FF0FF3018E003F1FF33DB
:106C30000BD2504213E0013B016851F8235054F845
:106C400023108D42F2D9104609E0591CF4D10020DE
:106C500005E0002BD8D09342D3D9B0F9040030BD61
:106C60001FB581EAE173A3EBE173C90FC1EBC13139
:106C70004900019301310123ADF80C10ADF80E303D
:106C800002A901AB0293FFF7A3FF05B05DF804FB77
:106C900090422DE9F04106460F46144602D0884244
:106CA00006D127460123B380FC884CB9002005E0BB
:106CB000FFF7ACFE0028F4D06FF08C00BDE8F08147
:106CC0003B6803EB84034FEA840853F8043C0BB998
:106CD000013CEAE721463046FFF728FE0028EBD1C9
:106CE00035683A6823462946284600F0F0FA05EB55
:106CF00008030746002FD9D0F288A24204F101050B
:106D000008D829463046FFF711FE0028D4D1336851
:106D100003EB84031A68D2192CBF01270027003F18
:106D200043F8042B18BF01272C46E3E72DE9F04177
:106D3000D48805460E4690466CBBF1882846FFF77E
:106D4000F5FD0746002842D1F288A2420BD9AE4297
:106D500009D028683168121B920001EB840100EB16
:106D6000840001F035F9EA88F088824207D92B685F
:106D7000121A9200002103EB800001F037F9D8F8D5
:106D80000020316828682346FDF71AFA024698B9B0
:106D90000123AB800DE0D8F8003003EB840353F8F7
:106DA000043C0BB9013CC7E7F188A142C6D26FF0A1
:106DB00009073846BDE8F0812968EB8801EB8401BA
:106DC0001B1B084600F03FFB0028E1D0EFE76FF007
:106DD0008C07EEE72DE9F843B1F90440B2F804C09E
:106DE0001CFB04FC67467B4305460E4691461DD5B9
:106DF00011463046FFF7BDFEB0F1FF3F80460CD094
:106E00004A4631462846FFF791FF68B9B8F1000FAE
:106E100008BF0124AC80002006E032462846FFF778
:106E200085FF08B96442AC80BDE8F883FFF730FF06
:106E30000028EFD06FF08C00F6E70123FFF7CABF00
:106E40004FF0FF33FFF7C6BF2DE9F341CE8804466C
:106E50000F46154636B13B6803EB860353F8043CF6
:106E60003BB145B90021204602B0BDE8F041FFF733
:106E700004BE013EEEE7711C2046FFF757FD28B126
:106E80006FF08C08404602B0BDE8F08139462046DC
:106E9000FFF7BCFD80460028F2D1013D00953A681D
:106EA000E18820683346FDF7BBF9EBE770B504468F
:106EB0000D46104600211646FFF7D2FE002824DBBF
:106EC0002A46334621460020FCF742FF054638B1EA
:106ED000284670BD324621462046FFF7AEFF90B9E6
:106EE00000212046FFF7BCFE0028F3DB3146204698
:106EF000FFF76EFE0028EBDB324621462046FFF707
:106F00009FFF0028F2D00546E2E76FF00905DFE7B2
:106F10002DE9F04F8BB0DDE9145706468B46284625
:106F2000002191460793FFF79BFE002805DC6FF0D8
:106F3000860420460BB0BDE8F08F2B681B68D9078C
:106F4000F5D500214846FFF78BFE0028EFDB4846C9
:106F5000FFF7BFFDB0F5005FE9D82846FFF7B9FDA0
:106F6000B0F5005FE3D8B9F8061031B90121304619
:106F70000BB0BDE8F04FFFF780BDE88800F037FAAE
:106F800004210690FDF79CFD8046002800F09880C3
:106F900000220123CDE9082317B13B68002B68D1FB
:106FA0000DF1200A2946504600F007FA0446002851
:106FB00066D11FB19AE8030087E8030059463046BE
:106FC000FFF724FD002859D10123B380294630461C
:106FD000FFF7FEFD002867DAE9883046FFF7A6FCD8
:106FE000044600284AD1286800F087F9089BCDF8AC
:106FF0000880CDE900033168EB882A68824608469C
:1070000000F041FAEB880593DDE9073E3168D9F8D5
:107010000000B9F806C02A68B3F12A3FCDE9000C98
:10702000CDE902E8059B084647D100F0FBF9CDE920
:1070300000A83168EB882A68084600F030FABBF9EE
:1070400004A0BAF1FF3F1BD1D9F800301B68DB0761
:1070500016D5F188306800F00AFA01225146FCF793
:1070600069FE3246B08029463046FFF7E6FE044608
:1070700006E0E9883846FFF759FC78B16FF08C04D8
:10708000069B4046990000F0DFFC1FB13B68002BD7
:107090007FF44FAF08A8FFF73BFC4AE797E80300EF
:1070A0000AAB03E9030089E72A4631463046FFF779
:1070B000FDFE044600288FD0E2E700F0A3F9B6E712
:1070C0006FF08C0435E713B5049CCDE900344FF024
:1070D0002A33FFF71DFF02B010BD37B50223154656
:1070E00001AA044600F0E9FC40B9019A216828464B
:1070F000FFF7F9FC2368019A1344236003B030BD05
:107100000139002901DA0020704750F82130002BA6
:10711000F6D0B3FA83F00131C0EB4110704739B1BA
:1071200001F18041013900EB81018142034600D227
:1071300070471B680A681BBA12BA40F8042B41F862
:107140000439F2E72DE9F0411C4613F0030318BFA0
:10715000012303EB94038B4206460D46904613D859
:1071600079B18F003A46002100F040FF2CB1381B66
:1071700022464146304400F02BFF29463046FFF7B7
:10718000CEFF0020BDE8F0816FF08900FAE7B3EB95
:10719000810F70B504464FEA8105104619D95A1B74
:1071A0008618002100F022FF30462B46C21800212D
:1071B0008B4210D1002070BD22F0030102F00306C3
:1071C0006158F600F140C9B281B90132AA42F3D345
:1071D000ECE71A46FAE721F0030001F00305205816
:1071E000ED00E84002F8010D0131E1E76FF08900A0
:1071F000E1E753098B42F0B402F01F0401D805D136
:107200003CB38A00F0BC002100F0F0BE1F2A22D857
:1072100034B100EB81010022C4F1200681420FD17C
:10722000F0BC704752F8047B45F8047FB242F9D1B4
:10723000CB1A00228B42EBD240F823200133F9E72E
:1072400051F8045D25FA04F313430B6005FA06F2C6
:10725000E4E71F2AE4D900EB8302051F00EB810657
:10726000E4E71F2AF0B54FEA521402F01F0512D9C5
:107270006FF0030606FB04060B469C4203F1FF3247
:1072800012D3631A8C4288BF00230B4400EB8303A4
:10729000002283420ED135B100EB84000022C5F1FB
:1072A00020078C4209D3F0BD56F8223040F8223036
:1072B0001346E2E743F8042DEBE7066806FA05F308
:1072C000134340F8043B013426FA07F2E9E7F0B52E
:1072D0000024844620469C4200D1F0BD51F8245041
:1072E00052F824702E182CBF01250025BF194CF828
:1072F000247045F100000134EDE70068831C5B0059
:1073000003F00803034403FB00F2C2F102025343FB
:1073100003FB00F2C2F102025343584302385843C0
:1073200070472DE9F04F87B091460493109B02936C
:10733000DDE91183139D05934FEAC80283468A460F
:1073400004320021284600F051FE08F102032E46C7
:1073500000240393444516D105EB84052346029A85
:1073600055F8247029465846FCF72AFF7840FCF768
:10737000E9FEA60000232A465946109607B0BDE84C
:10738000F04FFDF7BFBB5AF82430D9F8002037681A
:107390000399009302FB0377059A049B57433046F9
:1073A0004A46FCF73DFF3046DDE90221009743469F
:1073B000FCF736FF04360134CCE738B50D46012121
:1073C0000446FFF75AFB88B9E98820468901FFF790
:1073D000A8FB58B92A4621462046FFF767FD28B981
:1073E000E9882046BDE83840FFF7DFBA38BD4901DB
:1073F000502934BF01220322012393400333584311
:107400000130704710B586B00B9C04940A9C03941D
:1074100000240294099C0194089C0094FCF7BCFF92
:1074200006B010BD10B586B00B9C04940A9C039462
:107430004FF02A340294099C0194089C0094FCF7B4
:10744000ABFF06B010BD70B50646002410469C4246
:1074500000D170BD51F82420151A34BF012200223A
:10746000101E46F8245018BF01200134EFE70346F0
:1074700000EB810100208B4201D1FCF763BE53F881
:10748000042B1043F7E71FB5089C0394069C009259
:10749000CDE90134079AFFF744FF04B010BD30B5C1
:1074A00087B01C460B9D03950A9D00920123CDE9F0
:1074B000014505AA0593FFF734FF07B030BDF8B5C5
:1074C0000546044655F8047B28460E46FFF705FBA3
:1074D000874216D12368B3F5806F12D80021284661
:1074E000FFF7BEFB00280CDD00212846FFF7E1FA7C
:1074F00038B14EB9002104F10C00FFF7B1FB0028B0
:107500001FDC6FF086001EE004F11C0500212846F8
:10751000FFF7A6FB0028F4DD00212846FFF7C9FA93
:107520000028EED004F1240500212846FFF798FB3F
:107530000028E6DD00212846FFF7BBFA0028D9D154
:10754000DFE70EB90020F8BD002104F12C00FFF7A1
:1075500087FB0028D5DD002104F13400FFF780FB14
:107560000028CEDD002104F13C00FFF779FB002864
:10757000E8DCC6E77422002100F038BD012938B5E7
:107580000546144602D06FF0950038BD22B901239C
:10759000C5E91B340020F8E71046FDF7FDF8002888
:1075A000F5D1F0E700687047F0B50C4685B00021D2
:1075B00005461646FFF783FF58BB02A8FFF7A3F95D
:1075C00021462A6802A8FFF78EFA0446C0B92C1D8E
:1075D000214602A8FFF7FCFA002817DA2A4602A97A
:1075E000443552F80C7B009523460846FFF76BFDA7
:1075F000044628B93A46314602A8FFF78CFA0446F9
:1076000002A8FFF785F9204605B0F0BD6FF08604AB
:10761000F6E76FF08604F6E710B5044698B35C30E1
:10762000FFF776F904F16400FFF772F904F1440002
:10763000FFF76EF904F11400FFF76AF904F1240072
:10764000FFF766F904F11C00FFF762F904F10C0082
:10765000FFF75EF9201DFFF75BF904F15400FFF717
:1076600057F904F14C00FFF753F904F13C00FFF720
:107670004FF904F13400FFF74BF904F12C00BDE899
:107680001040FFF745B910BD6822002100F0AEBCE4
:1076900010B16821FDF72ABA70472DE9F04105467F
:1076A0000E46144612B3036C03F03F079B180364A5
:1076B00022BF436C013343647FB1C7F140084245A8
:1076C0000FD34246384400F083FC29462846FCF795
:1076D00059FF27444644A7F140043F2C09D82CB158
:1076E000002722463146E81900F072FC0020BDE870
:1076F000F081374606EB0408394628464037FCF748
:1077000041FFA8EB07033F2BF6D8A4F1400323F079
:107710003F0340331E44E41ADFE738B5036C03F03F
:107720003F035A1C0D46382A4FF08001C1540446CD
:1077300010442FD8C2F13802002100F057FCD4E9E0
:1077400010315A0F42EAC102DB0012BA1BBAA2631F
:10775000E36321462046FCF715FFA36C1BBA2B60A0
:10776000E36C1BBA6B60236D1BBAAB60636D1BBA15
:10777000EB60A36D1BBA2B61E36D1BBA6B61236ECB
:107780001BBAAB61636E1BBA2046EB61FFF780FF4B
:10779000002038BDC2F14002002100F027FC214644
:1077A0002046FCF7EFFE382200212046C5E70023E3
:1077B000036043608360704710B50446C0B103683E
:1077C000B3B1406838B11B78092B01D1FFF760FFD6
:1077D0006068FDF77BF9A06820B1236899784900BB
:1077E00000F032F920460C21BDE81040FDF77EB9CB
:1077F00010BD38B51546044618B96FF08605284601
:1078000038BD0029F9D00023C0E900138360002AA5
:10781000F3D10B78092BF0D168210120FDF750F945
:10782000606010B1FFF730FFE9E76FF08C05E6E725
:1078300040B1036833B11B78092B03D140680021A4
:10784000FCF73ABF6FF08600704738B103682BB180
:107850001B78092B02D14068FFF71FBF6FF086002D
:10786000704738B103682BB11B78092B02D14068EF
:10787000FFF753BF6FF08600704710B40446084608
:1078800011461A4634B12378092B03D110BC0023CA
:10789000FCF740BF6FF0860010BC704700B1407825
:1078A000704710B5044689780220FDF709F9A060F9
:1078B00028B92046FFF780FF6FF08C0010BD002034
:1078C000FCE72DE9F0410E4688B017460546002832
:1078D0006CD00368002B69D08268002A66D09A7841
:1078E000BA4214D2FFF7A4FF044600283AD13A4620
:1078F00031462846FFF7A9FF044698BB694628464B
:10790000FFF7AFFF044668BB2B685F786E46D5F87B
:1079100008809A783621404608EB020400F066FBA6
:107920002B685C219A78204600F060FB0023191D2B
:107930008F4208EB03021DD29F4223D80023191D5A
:107940008F4204EB030224D29F4228D82846FFF737
:107950006FFF044630B92B6841469A782846FFF7F6
:1079600074FF044620216846FDF7C0F8204608B0A1
:10797000BDE8F081F25858F80300424048F803206F
:107980000B46D4E7F05C1178414002F8011B01334B
:10799000D2E7F258E0584240E2500B46CFE7F05CA5
:1079A0001178414002F8011B0133CDE76FF08604E6
:1079B000DCE710B430B1046824B1836813B110BCA3
:1079C000FFF743BF6FF0860010BC7047F0B50D465F
:1079D00089B0044600B30368F3B18668E6B169462E
:1079E0009F78FFF73EFFA8B92046FFF721FF88B92F
:1079F0002368F1199A782046FFF727FF50B92368CA
:107A000069465A782046FFF720FF18B929462046D4
:107A1000FFF727FF09B0F0BD6FF08600FAE738B531
:107A2000044670B1036863B1856855B1FFF700FF84
:107A300048B9236829469A782046BDE83840FFF7C0
:107A400004BF6FF0860038BD10B5044608B1FDF7DD
:107A50004DF82046BDE81040FDF738B870B5046811
:107A60000D1B002D02DC6FF05F0070BD94F900600B
:107A70002378002E0ADB631C0360237813600368FD
:107A8000C91A13688B42EED80020EEE703F07F039B
:107A90005C1E032C0ED89D42E5DD002414600468B2
:107AA000013B013404605E1C1568E8D0247844EA88
:107AB0000524F3E76FF06300D7E770B404680E1B8A
:107AC000002E07DD26789E4208D10134046070BC88
:107AD000FFF7C4BF6FF05F0070BC70476FF06100CC
:107AE000FAE710B5D0F83032044623B14FF40471F0
:107AF0002030FCF7FBFF0020C4F8300210BD38B581
:107B00000446FFF7EEFF237E012B10D0023B012B32
:107B100010D8E369012B14BF6FF0960500254FF4D0
:107B20000D720021204600F061FA284638BDE36955
:107B3000002BF0E76FF09605F1E710B504466C30C6
:107B400000F039FA636804F10800BDE810401847F6
:107B50002DE9F041202B8AB00546884617461E467F
:107B60000BD90920FCF718FE02AB32463946FFF765
:107B700084FE044628BB02AF2026EC688DF8048002
:107B80008DF8056084B90920FCF706FE22460146FF
:107B90002846FFF72EFE044698B92846FFF748FE10
:107BA000044670B90123EB60022201A92846FFF7C1
:107BB0004CFE044628B9324639462846FFF745FEB2
:107BC000044602A82021FCF791FF20460AB0BDE838
:107BD000F0812DE9F0430026A3B007460546B046E4
:107BE0006FF09304B1463B6998450BDB002E08BF4C
:107BF0006FF03C0402A88021FCF778FF204623B0F8
:107C0000BDE8F0836B6A6C69A869CDF80490012B1C
:107C100008BF46F00106802201AB02A9A047044636
:107C20000028E7D1019B5BB102AA5FFA88F13846D0
:107C3000FFF78EFF0028E2D1EB69019A1344EB6154
:107C400008F101081435CEE710B5044670B1C368D9
:107C500001330BD0FFF7B0FD00232361502104F165
:107C60001400FCF743FF4FF0FF33E36010BD30B565
:107C70000569032D0BDC142404FB05040135236284
:107C8000039B6362C4E905120561002030BD6FF0FB
:107C90003D00FBE72DE9F041202A88B005460F465C
:107CA000164676D840F201182B69002B6ED0284674
:107CB000FFF78FFF0446002846D1D5F810E00246B2
:107CC0002B460120A6454DDC002845D01F2A43D96C
:107CD00020220021684600F089F969462846FFF70E
:107CE000C0FD044680BB2846FFF766FD2846FFF727
:107CF0005EFD0920FCF750FD224601462846FFF7AD
:107D000078FD044600BB2846FFF792FD0446D8B92B
:107D1000202269462846FFF798FD0446A0B90920AD
:107D2000FCF73AFD6B4620226946FFF7A6FD0446A4
:107D300050B92A6903461C3514219A4220DC324688
:107D40006946384600F044F920216846FCF7CEFE2B
:107D5000204608B0BDE8F081B8F10108A4D16FF069
:107D60009304F1E7D3E907C18C4534BF002000F04C
:107D70000100596A012908BF624401341433A1E7A4
:107D800001FB03FC013345F80C00D6E76FF03F041C
:107D9000DAE76FF09304DBE713B51A6014460020AE
:107DA00013460A4601A90190FEF78CFC28B9019BF5
:107DB000B3EBC40F38BF6FF0930002B010BD10B525
:107DC00044220446002100F011F942F21073A3632B
:107DD00010BD2DE9F04705468AB000680F46904671
:107DE000FFF75CFD06469FB3B8F1000F14BF4FF0DC
:107DF00002094FF0010900236FF0860405F10C0A17
:107E000099458DF804301BD92846FFF708FE044633
:107E1000B0B9324651462846FFF7CBFD044678B943
:107E2000012201A92846FFF7C4FD044640B9B9F173
:107E3000020F10D002A92846FFF7C8FD044698B1EA
:107E400002A82021FCF752FE20460AB0BDE8F087C8
:107E50004FF00109CFE7424639462846FFF7A9FD12
:107E600004460028E6D0EBE7324602A92846FFF791
:107E700028FD04460028E3D1324651462846FFF744
:107E800098FD04460028DBD151462846FFF79EFDA9
:107E900004460028D4D19DF804300133DBB2AFE7AB
:107EA0002DE9F0430446056BE1B088461646994635
:107EB000E3B105EB45025208B6F5807F3DD8324468
:107EC000B2F5C07F39D84FF4C0720021684600F087
:107ED0008DF8E36B206C2A4669466F46984738B1A7
:107EE0006FF00806304661B0BDE8F0832A46E3E74C
:107EF000256BB9F1000F09D0E36B206C6A08791982
:107F000098470028ECD1236B05EB5305B8F1000F1F
:107F100006D02EB178193246414600F059F8354462
:107F20002A4639462046FFF754FF064600B9E0626C
:107F300029463846FCF7DAFDD4E76FF00406D1E7AE
:107F40002DE9F04716460022DDE908780446894607
:107F50001D46FFF74EFC60BB49462046FFF7A1FCDB
:107F600038BB4846FFF79AFC04F10C0A81460246EA
:107F700051462046FFF7A5FCD8B94A460121504694
:107F800000F034F8236BC4E90F6543B9B9F1140F5D
:107F90000DD9B9F11C0F8CBF20231823236342464F
:107FA000394620460123BDE8F047FFF779BF10238B
:107FB000F4E7BDE8F08710B5044640B1FFF7FCFBDD
:107FC00044212046FCF792FD42F21073A36310BDDA
:107FD0000A44914200F1FF3300D1704710B511F807
:107FE000014B03F8014F9142F9D110BD0244034601
:107FF000934200D1704703F8011BF9E7044608B526
:10800000FDF756F82046FAF79FF810B501390244FB
:10801000904201D1002005E0037811F8014FA342FE
:1080200001D0181B10BD0130F2E7F0B5C2F13705E1
:108030000446EDB202F01F020846B4FBF2F602FB62
:108040001641CBB2092988BF5B19274688BFDBB22E
:108050003033BA4200F8013B3446EED9F0BD00009F
:08806000D480FF7F0100000045
:108068001122000000000000B521000000000000FF
:1080780000000000B880000000000000F080000050
:1080880000000000D4800000000000000C81000007
:108098008525000000000000BD2F00000000000042
:1080A800B566000000000000000000002881000004
:1080B800128B0000EC83000000830000D400002035
:1080C800840D00202923000000000000478B0000D9
:1080D8000C840000DC820000D8000020E00D0020A5
:1080E8003D29000000000000558B0000208400009E
:1080F800DC820000DA000020EC0D00203D290000A1
:1081080000000000638B0000348400001C83000022
:10811800DC000020F80D0020E35E000000000000F5
:108128002D8B000000000000C4820000D600002053
:0C81380000000000ED2500000000000029
:10814400B5600000ED5F0000000000000F5B000060
:10815400000000000F5B0000000000000F5B000047
:10816400000000000F5B0000000000000F5B000037
:1081740028000020475E0000000000000F5B0000A4
:10818400000000000F5B0000000000000F5B000017
:10819400000000000F5B0000000000000F5B000007
:1081A400000000000F5B0000000000000F5B0000F7
:1081B400000000000F5B0000000000000F5B0000E7
:1081C400000000000F5B0000000000004D300000C4
:1081D400000000000F5B0000000000000F5B0000C7
:1081E400000000000F5B0000000000000F5B0000B7
:1081F400000000000F5B0000000000000F5B0000A7
:10820400000000000F5B0000000000000F5B000096
:10821400000000000F5B0000000000000F5B000086
:10822400000000000F5B0000000000000F5B000076
:10823400000000000F5B0000000000000F5B000066
:10824400000000000F5B0000000000000F5B000056
:10825400000000000F5B0000000000000F5B000046
:10826400000000000F5B0000000000000F5B000036
:10827400000000000F5B0000000000000F5B000026
:10828400000000000F5B0000000000000F5B000016
:10829400000000000F5B0000000000000F5B000006
:1082A400000000000F5B0000000000000F5B0000F6
:1082B400000000000F5B0000000000000F5B0000E6
:1082C400735D0000F926000089260000E525000002
:0882D4003F5D0000D52500000C
:1082DC006D2700009B5D0000A95D0000C15D0000E2
:1082EC00CD5D0000D95D000079290000F35D000030
:0482FC00000000007E
:108300005D5C0000EB5B00004F5C000000000000C3
:0C831000875B000000000000000000007F
:0C831C007F5E0000992C0000715E0000E4
:08832800A7860000030000001D
:108330000338FDD870470000010000000200000073
:10834000010000002F8C00004C8300000E01000093
:1083500004000000000000000000000000C0000059
:10836000288100000100000000C00000006007003C
:1083700028810000020000000020080000600700C3
:10838000288100000300000000800F000080000032
:108390002881000001000000020000000100000030
:1083A00002000000000000200000000000000B069A
:1083B000C05300204000000000000B150200000028
:1083C000C483000000000000F58A000026000202BD
:1083D00000000020FD8A000022000B111800002080
:1083E000E5220000B522000000000000012400008A
:1083F00081230000218B0000795C0000755C000087
:10840000278B00000400000000FF0000FFFF0000B9
:1084100000030050280000200000000001000000C0
:10842000BCF801FF00000050280000200000000000
:1084300000000000002000400100000000000000DB
:10844000548400000000D60100000000434B0020CF
:10845000424B00200020004060840000010000002A
:10846000688400000400000006000000050000020F
:1084700008060001070600030800000003000000D2
:10848000178C00001C8C0000218C000001000000F3
:10849000020000006880000070800000A0800000E2
:1084A000A8800000B8800000B8800000982F8A42A1
:1084B00091443771CFFBC0B5A5DBB5E95BC2563936
:1084C000F111F159A4823F92D55E1CAB98AA07D84E
:1084D000015B8312BE853124C37D0C55745DBE7271
:1084E000FEB1DE80A706DC9B74F19BC1C1699BE4F1
:1084F0008647BEEFC69DC10FCCA10C246F2CE92D81
:10850000AA84744ADCA9B05CDA88F97652513E98A4
:108510006DC631A8C82703B0C77F59BFF30BE0C6AB
:108520004791A7D55163CA0667292914850AB72739
:1085300038211B2EFC6D2C4D130D385354730A65D6
:10854000BB0A6A762EC9C281852C7292A1E8BFA2AD
:108550004B661AA8708B4BC2A3516CC719E892D115
:10856000240699D685350EF470A06A1016C1A41998
:10857000086C371E4C774827B5BCB034B30C1C3997
:108580004AAAD84E4FCA9C5BF36F2E68EE828F7456
:108590006F63A5781478C8840802C78CFAFFBE9070
:1085A000EB6C50A4F7A3F9BEF27871C6ED7F000022
:1085B0000100020010001100120020002100220022
:1085C000230024003000310032003300FFFF77C267
:1085D00095F360D2EF7F3552500F2CB6798025632A
:1085E0003A205374617274696E6720626F6F746CA5
:1085F0006F616465720A0025633A20556E61626C92
:108600006520746F2066696E6420626F6F746162AA
:108610006C6520696D6167650A0025633A20426FC9
:108620006F746C6F6164657220636861696E6C6FF2
:1086300061642061646472657373206F666673653C
:10864000743A20307825780A0025633A20496D6114
:1086500067652076657273696F6E3A207625642EA1
:1086600025642E25640A0025633A204A756D7069D9
:108670006E6720746F207468652066697273742059
:10868000696D61676520736C6F740A0025633A2019
:108690004E657665722073686F756C6420676574CB
:1086A00020686572650A006D6375626F6F740025DE
:1086B000633A20696E76616C696420666C617368E8
:1086C0002049442025643B206578706563746564A7
:1086D0002025640A0025633A204661696C656420A0
:1086E000746F2072656164207374617475732066A1
:1086F000726F6D2025642C206572722025640A0A31
:10870000007072696D617279007365636F6E646188
:1087100072790025633A205365636F6E64617279E4
:1087200020686561646572206D61676963206465B6
:1087300074656374656420696E2066697273742061
:10874000736563746F722C2077726F6E672075701B
:108750006C6F616420616464726573733F0A002505
:10876000633A20496D61676520696E2074686520F1
:10877000257320736C6F74206973206E6F7420767C
:10878000616C6964210A0025633A202564207374B2
:1087900061747573207772697465206661696C73A2
:1087A00020706572666F726D696E672074686520EF
:1087B000737761700A0025633A204661696C6564CD
:1087C00020746F206F70656E20666C617368206125
:1087D000726561732C2063616E6E6F7420636F6EBF
:1087E00074696E75650A0025633A204661696C6597
:1087F000642072656164696E6720736563746F726B
:10880000733B20424F4F545F4D41585F494D475F86
:10881000534543544F52533D2564202D20746F6FB0
:1088200020736D616C6C3F0A0025633A20466169D4
:108830006C65642072656164696E6720696D61674B
:108840006520686561646572733B20496D61676589
:108850003D25750A0025633A204661696C656420F0
:1088600072656164696E6720626F6F7420737461F2
:108870007475733B20496D6167653D25750A002558
:10888000633A2070616E6963210A0025633A2044CF
:108890006574656374656420696E636F6E73697374
:1088A00074656E7420737461747573210A00256396
:1088B0003A2043616E6E6F742075706772616465F3
:1088C0003A206E6F74206120636F6D70617469620D
:1088D0006C6520616D6F756E74206F6620736563C3
:1088E000746F72730A0025633A2043616E6E6F7471
:1088F00020757067726164653A206D6F72652073D0
:108900006563746F7273207468616E20616C6C6F44
:108910007765640A0025633A2043616E6E6F7420A8
:10892000757067726164653A206E6F742073616D53
:108930006520736563746F72206C61796F75740A5A
:108940000025633A2043616E6E6F74207570677204
:108950006164653A20736C6F742077726974652066
:1089600073697A657320617265206E6F7420636F1E
:108970006D70617469626C650A0062616400676FA2
:108980006F6400756E736574005072696D61727901
:1089900020696D6167650025633A2025733A206D73
:1089A000616769633D25732C20737761705F74790B
:1089B00070653D307825782C20636F70795F646F27
:1089C0006E653D307825782C20696D6167655F6F35
:1089D0006B3D307825780A005365636F6E64617271
:1089E0007920696D6167650025633A20426F6F7475
:1089F00020736F757263653A207072696D61727968
:108A000020736C6F740A0025633A20426F6F7420E4
:108A1000736F757263653A206E6F6E650A00256329
:108A20003A205374617274696E67207377617020A5
:108A30007573696E67206F666673657420616C6715
:108A40006F726974686D2E0A0025633A204E6F7448
:108A500020656E6F7567682066726565207370614A
:108A6000636520746F2072756E2073776170207556
:108A70007067726164650A0025633A2072657175DA
:108A8000697265642025642062797465732062755B
:108A900074206F6E6C792025642061726520617688
:108AA00061696C61626C650A002A2A2A20426F6F34
:108AB00074696E67204D4355626F6F74203664335E
:108AC000623364326333386162202A2A2A0A002A18
:108AD0002A2A205573696E67205A6570687972205A
:108AE0004F53206275696C642076342E342E322008
:108AF0002A2A2A0A00464C4153485F30005352410B
:108B00004D5F3000657869740061626F7274282966
:108B10000A00636C6F636B4034303030303030307B
:108B2000006866636C6B006C66636C6B00666C61FE
:108B300073682D636F6E74726F6C6C657240343045
:108B4000303165303030006770696F40353030301B
:108B500030333030006770696F403530303030303E
:108B60003030007561727440343030303230303023
:108B7000004255473B2063616E2774206861707026
:108B8000656E0025633A205365636F6E6461727988
:108B900020696D616765206F6620696D616765207A
:108BA00070616972202825642920697320756E72AE
:108BB0006561636861626C652E2054726561742022
:108BC000697420617320656D7074790A0025633AB9
:108BD00020496D61676520696E6465783A20256477
:108BE0002C205377617020747970653A2025730AC0
:108BF0000025633A20496D61676520696E64657878
:108C00003A2025642C205377617020747970653A7E
:108C1000206E6F6E650A0074657374007065726D06
:108C20000072657665727400286E756C6C29003070
:108C300082010A0282010100D106081A18442C1888
:108C4000E8FBFDF70DA34F1FBBEE5EF9AAD24B1850
:108C5000D35AE96D188019F9F09C341BCBF3BC741E
:108C6000DB42E78C7F10537E435E0D572C44D16767
:108C7000080F0DBB5CEEECB399DFE04D840BAA77D7
:108C80004160ED152849A701B43C10E6698C2F5FBF
:108C9000AC414D9E5C14DFF2F8CF3D1E6FE75BBA2E
:108CA000B4A9C8887E473C94C37767544BAA8D38D3
:108CB00035CA62617EB7E115DB7773D4BE7B722162
:108CC000896924FBF8656E643EC80ED785D55C4A79
:108CD000E4530D2FFFB7FDF31339833FA3AED20F3B
:108CE000A76A9DF9FEB8CEFA2ABEAFB8E0FA82377D
:108CF00054F43EE12BD0D3085818F65E4CC8888156
:108D000031AD5FB08217F28A692723F3AB873E93B8
:108D10001A1DFEE8F81A246659F81CABDCCE681B55
:108D2000666435ECFA0D119DAF5C3AA7D167C64772
:108D3000EFB14B2C62E1D1C9020301000100000038
:108D400000000000000001020304050607002030B7
:108D5000303030303030303030303030300001049E
:108D600001040304010404010403040402040104D3
:108D70000104040301040304010404092040000069
:108D800015CD5B07000000000B510000548300006C
:108D900001000000FFFFFFFF000000007B5B000000
:108DA0000000000000000000006000400000000023
:108DB00000000000000000000000000000000000B3
:108DC00000000000000000000000000000000000A3
:108DD0000000000000000000000000000000000093
:108DE0000000000000000000000000000000000083
:108DF0000000000000000000000000000000000073
:108E00000000000000000000000000000000000062
:108E10000000000000000000000000000000000052
:108E20000000000000000000000000000000000042
:108E300000000000000000000090D003FF000000D0
:108E4000C0000020C0000020FD7F0000855B000006
:048E50009D21000060
:0C8E540000000000000000000000000012
:048E600015E015E024
:0400000300001CC518
:00000001FF
