:020000040000FA
:10C000003DB8F3960000000000020000F08105003A
:10C010000000000000000000000000000000000020
:10C020000000000000000000000000000000000010
:10C030000000000000000000000000000000000000
:10C0400000000000000000000000000000000000F0
:10C0500000000000000000000000000000000000E0
:10C0600000000000000000000000000000000000D0
:10C0700000000000000000000000000000000000C0
:10C0800000000000000000000000000000000000B0
:10C0900000000000000000000000000000000000A0
:10C0A0000000000000000000000000000000000090
:10C0B0000000000000000000000000000000000080
:10C0C0000000000000000000000000000000000070
:10C0D0000000000000000000000000000000000060
:10C0E0000000000000000000000000000000000050
:10C0F0000000000000000000000000000000000040
:10C10000000000000000000000000000000000002F
:10C11000000000000000000000000000000000001F
:10C12000000000000000000000000000000000000F
:10C1300000000000000000000000000000000000FF
:10C1400000000000000000000000000000000000EF
:10C1500000000000000000000000000000000000DF
:10C1600000000000000000000000000000000000CF
:10C1700000000000000000000000000000000000BF
:10C1800000000000000000000000000000000000AF
:10C19000000000000000000000000000000000009F
:10C1A000000000000000000000000000000000008F
:10C1B000000000000000000000000000000000007F
:10C1C000000000000000000000000000000000006F
:10C1D000000000000000000000000000000000005F
:10C1E000000000000000000000000000000000004F
:10C1F000000000000000000000000000000000003F
:10C200008036022029200100174504001520010076
:10C21000152001001520010015200100000000007C
:10C2200000000000000000000000000015210100D7
:10C230001520010000000000152301001520010059
:10C24000A5230100A5230100A5230100A5230100CA
:10C25000A5230100A5230100A5230100A5230100BA
:10C26000A5230100A5230100A5230100A5230100AA
:10C27000A5230100A5230100A5230100A52301009A
:10C28000A5230100A5230100A5230100A52301008A
:10C29000A5230100A5230100A5230100A52301007A
:10C2A000A5230100A5230100A5230100A52301006A
:10C2B000A5230100A5230100A5230100A52301005A
:10C2C000A5230100A5230100A5230100A52301004A
:10C2D000A5230100A5230100A5230100A52301003A
:10C2E000A5230100A5230100A5230100A52301002A
:10C2F000A5230100A5230100A5230100A52301001A
:10C3000001F0FF01102A2BDB10F0070F08D010F806
:10C31000013B013A8B422DD010F0070F42B3F6D10A
:10C32000F0B441EA012141EA014122F007047FF023
:10C3300000070023F0E80256083C85EA010586EA7A
:10C34000010685FA47F5A3FA87F586FA47F6A5FAB6
:10C3500087F68EB9EED1F0BC01F0FF0102F00702C2
:10C3600032B110F8013B013A83EA010313B1F8D16D
:10C370000020704701387047002D06BF354603384E
:10C38000073815F0010F07D1013015F4807F02BF87
:10C39000013015F4C03F0130F0BC0138704700BFD8
:10C3A0007BB972B90029BEBF00204FF0004106E002
:10C3B00008BF00281CBF6FF000414FF0FF3000F0B5
:10C3C00057B8ADF1080C6DE904CE002909DB002B4C
:10C3D0001ADB00F069F8DDF804E0DDE9022304B0BF
:10C3E0007047404261EB4101002B1BDB00F05CF821
:10C3F000DDF804E0DDE9022304B0404261EB4101D5
:10C40000524263EB43037047524263EB430300F035
:10C410004BF8DDF804E0DDE9022304B0404261EBB3
:10C4200041017047524263EB430300F03DF8DDF8F1
:10C4300004E0DDE9022304B0524263EB430370479A
:10C4400053B94AB9002908BF00281CBF4FF0FF317B
:10C450004FF0FF3000F00CB8ADF1080C6DE904CEE0
:10C4600000F022F8DDF804E0DDE9022304B07047B3
:10C47000704700BF10F8012B11F8013B012A28BFBB
:10C480009A42F7D0D01A7047034611F8012B03F8EF
:10C49000012B002AF9D17047034613F8012B002A1B
:10C4A000FBD1181A013870472DE9F0478C468E46AB
:10C4B000089E154604461946002B40F0D080724570
:10C4C00047D9B2FA82F74FB1C7F120030EFA07FC41
:10C4D00020FA03F3BD4043EA0C0CBC404FEA154E72
:10C4E000A8B2BCFBFEF8230C0EFB18CC08FB00F92D
:10C4F00043EA0C43994528D9EB1808F1FF3204D2DE
:10C50000994502D9A8F102022B44A3EB0903A4B276
:10C51000B3FBFEFC0EFB1C330CFB00F044EA0344AF
:10C52000A04214D92C190CF1FF3304D2A04202D935
:10C53000ACF102032C44241A43EA02401EB1FC4031
:10C54000002334607360BDE8F0874246DDE7634650
:10C55000F1E7002A79D0B2FA82F3002B3FD01946D6
:10C56000C1F1200302FA01F52EFA03F20EFA01FEE0
:10C5700020FA03F343EA0E034FEA154E00FA01F4E2
:10C58000B2FBFEFCAFB20EFB1C201A0C0CFB07F832
:10C5900042EA004290455AD9AA180CF1FF3004D261
:10C5A000904502D9ACF102002A44A2EB08029BB2EA
:10C5B000B2FBFEFC0EFB1C220CFB07F743EA024316
:10C5C0009F4246D9EB180CF1FF3204D29F4202D9A8
:10C5D000ACF102022B44DB1B42EA004202E0AEEB6C
:10C5E000020301224FEA154EAFB2B3FBFEFC200C52
:10C5F0000EFB1C330CFB07F840EA034398452AD98D
:10C60000EB180CF1FF3004D2984502D9ACF10200CE
:10C610002B44A3EB0803A4B2B3FBFEFC0EFB1C33BC
:10C620000CFB07F744EA0344A74216D92C190CF176
:10C63000FF3304D2A74202D9ACF102032C44E41B1D
:10C6400043EA00400F46114678E71F2188E760461D
:10C65000ABE76246BFE76046DBE76346EFE773455B
:10C6600006D916B9002108466DE7C6E9000EF9E7BC
:10C67000B3FA83F787B9734501D3824207D8841A86
:10C680006EEB030301209C461EB900215BE7384690
:10C69000FAE7C6E9004CF8E7C7F1200CBB4022FAE4
:10C6A0000CF51D4320FA0CF12EFA0CF30EFA07FEDE
:10C6B00041EA0E014FEA154900FA07F4B3FBF9F815
:10C6C0001FFA85FE09FB18300B0C08FB0EFA43EA33
:10C6D00000439A4502FA07F240D9EB1808F1FF30FF
:10C6E00004D29A4502D9A8F102002B44A3EB0A0315
:10C6F00089B2B3FBF9F809FB183308FB0EFE41EAD7
:10C7000003418E452CD9691808F1FF3304D28E45B8
:10C7100002D9A8F10203294443EA0040A0FB029891
:10C72000A1EB0E014145CE46434602D306D14C450E
:10C7300004D2B9EB020E68EB05030138002EA4D039
:10C74000B4EB0E0261EB030101FA0CFC22FA07F3D1
:10C750004CEA0303F940C6E9003196E74046C5E7D5
:10C760004346D9E7000000002DE9F047064688B0AF
:10C770000F46904640F066FF4FF47A73A0FB0345E6
:10C7800003FB0155E40B012F44EA45444FEAD5353C
:10C7900007D1294922462B46304636F02CFE002090
:10C7A00012E0D8F8047025483946FFF763FE70B1EF
:10C7B00023483946FFF75EFE48B1304621493A46E4
:10C7C00036F035FE6FF0040008B0BDE8F087204673
:10C7D000294617A3D3E90023FFF7E2FD05460C46DF
:10C7E00010461946184A0023FFF7DAFD80460F4627
:10C7F000104619464EF660220023FFF7D1FD82460F
:10C800008946104619464FF47A720023FFF7C8FD97
:10C81000CDE902A9CDE90623CDE90401CDE90087E0
:10C820000A492A462346304636F0E5FDB7E700BF01
:10C83000005C260500000000AF680500C068050028
:10C84000C3680500CC68050080EE3600E46805008A
:10C850002DE9F04F87B00546039117461E468368C1
:10C8600004AA5B689847002831DBDDE9044AA7FB8E
:10C8700004B307FB0A37584619A3D3E90023394606
:10C88000FFF7DEFDDFF8608002904FF0FF39D945F9
:10C8900078EB07031ED3A6FB04B406FB0A4410A3DF
:10C8A000D3E9002321465846FFF7CAFDD94578EB66
:10C8B000040403460ED30299AA6899420DD3BDF829
:10C8C0004010009114682846DDE90221A04707B016
:10C8D000BDE8F08F6FF08500F9E76FF01500F6E71F
:10C8E00000CA9A3B00000000FFC99A3BF0B51B4804
:10C8F00083B01C4603685B0702AF0D4610D56E4639
:10C9000088B002AA164B5361164BC2E906310423C4
:10C9100042F8103F00234FF4045102F097FAB54655
:10C92000012D16D140F08EFE4FF47A72A0FB020367
:10C9300002FB01310C4E0D4AC00B40EA4140C90BCD
:10C94000CDE900011721304633F058FCC4E90360FB
:10C95000257500200437BD46F0BD00BFF02400203F
:10C960006E6005000B0A06009CDA00208B60050053
:10C970002DE9F04F4E1C83B03C4E02AF0C461546DD
:10C98000984608D002291DD10023336000200437C7
:10C99000BD46BDE8F08F364803685C07F4D56C46A9
:10C9A00088B0336802AA334951613349C2E906139A
:10C9B000042342F8103F00234FF4045102F046FADA
:10C9C000A546E1E75368326890F8E804DFF8ACB0B8
:10C9D0001344336021F0B0F86A68009203462021C6
:10C9E000274A584633F00AFC2148036859073AD5CC
:10C9F000E9468AB002AA234B69685361DFF878A040
:10CA000040F20133138409051F4BC2E906AB41F420
:10CA1000145142F8103F2B6802F018FA012C144808
:10CA2000CD4614D103685A070FD588B0336802AADF
:10CA30001649D3610423C2E9051A42F8103F0023C6
:10CA40004FF4045102F002FACD46002333602B6804
:10CA5000C8F80C306B68C8F81030631E5C425C414B
:10CA600088F8144092E7012CF1D1EEE7AC78002071
:10CA7000F0240020906005001A0A0600B3DA0020B6
:10CA8000B9600500D160050004000001D860050010
:10CA90002DE9F047DFF8048184B0D8F8003016465D
:10CAA0005A0702AF0D4613D56C468AB0736802AAC6
:10CAB0003B4951613B4913620523C2E9061542F81F
:10CAC000103F00234FF42451404602F0BFF9A54621
:10CAD0006B1CDFF8D49001D0022D04D10023C9F8DB
:10CAE000003000200AE07268D9F800401319202BAA
:10CAF00008D90023C9F800306FF00B000837BD4695
:10CB0000BDE8F087DFF8A4A031680AEB040045F027
:10CB100050FD7168012D2144C9F80010E1D10223B4
:10CB2000234A0097504601F0E3FD0328D8F800306F
:10CB3000014609D013F0060FD0D01E4A0346022149
:10CB4000164836F0ECF9C9E703F00703022B06D9C3
:10CB50003B683A7911480092174A36F0EAF93B7976
:10CB6000396816486BB183689C681B6824B9002B30
:10CB7000B4D012489847B1E7002BFAD16422A047FD
:10CB8000ACE78268D2E9012323B9002AA6D00B487A
:10CB90009047A3E7002AFAD198479FE7F0240020A6
:10CBA000FB600500FF090600A87800207CDA002061
:10CBB0001C3A05001F6105004A610500A82C05000C
:10CBC00008B5002000F0ACFA28B107F099F810B9C8
:10CBD00013491FF0F1FC40F21F23124A02210020EA
:10CBE0000CF06CFC031E07DA0F480268510703D0F3
:10CBF0000E4A012136F093F979230D4A03210020D2
:10CC00000CF05CFC031E07DA07480268520703D0E9
:10CC1000084A012136F083F921F02EFD002008BDDD
:10CC200072610500A00A0600F0240020876105005B
:10CC3000270A0600B161050010B586B000240D4B2F
:10CC40000D480393CDE9044440F06AFA03AB009326
:10CC50004FF400622346094907482BF013FE0848A9
:10CC600008494FF0FF3340F8083B40F05FFA204698
:10CC700006B010BD44620500682B0020C0D0012022
:10CC8000582C002031CE00002DE9F04F85B0D1F8AE
:10CC900000905D4EC1F80C90012302AF05460C4692
:10CCA00092460B824FF0FF32012104F10C0037F065
:10CCB00094FC00280CDA33685B07F3D005F084FBA2
:10CCC000524B1B58524A0121304636F028F9E9E709
:10CCD000E368002BE6DB638A13F0100321D04A4897
:10CCE00003685D0710D56D4688B002AA494B5361B1
:10CCF000494BC2E90639042342F8103F00234FF4A0
:10CD0000045102F0A3F8AD4600238AF800304846EB
:10CD100023F0AAFF4FF0FF330C372360BD46BDE878
:10CD2000F08F04F1140B4FF4A0625946484637F0D7
:10CD300058FCB0F100080BD13348036803F0070337
:10CD4000022BE1D9354A2B46032136F0E8F8DBE720
:10CD50000FDA2D4E33685907D6D005F035FB2B4B33
:10CD60001B582F4A009301212B46304636F0E1F83C
:10CD7000CAE7A36843444246A36000235946484695
:10CD80007A6037F036FC002836DB7A68121A834462
:10CD9000F3D133685B0715D5EB468AB002AB214966
:10CDA00059611D49C3F82080C3E9061519460523BA
:10CDB00041F8103F134630460A464FF4245102F022
:10CDC00045F8DD4663684FF47A710133B3FBF1F245
:10CDD00001FB12326360002A7FF464AF326802F014
:10CDE0000702022A7FF65EAF0F4A009303212B460B
:10CDF000304636F09EF855E7034803685A0783D05B
:10CE00000A4A2B460121A0E7F02400200C00000074
:10CE10005262050063620500BF0C060083620500D4
:10CE20009A620500DC62050008630500B362050034
:10CE300030B5BFB0D82328490093044608AB002280
:10CE400001201CF0EBFA209B0693229B0593189B74
:10CE50000493179B0393149B0293139B0193089BCA
:10CE60001E4A00934FF480710A9B1D4833F0C6F9A7
:10CE700001254FF0FF33CDE9015300230093024613
:10CE80002B46174954F8080C23F00CFB031E13DA49
:10CE90001448026802F00702022A03D9124A032149
:10CEA00036F03DF854F8080C23F0DEFE4FF0FF3367
:10CEB00044F8083C3FB030BD00230C4841F69A12BC
:10CEC00021462BF04FFD031EF4DA06480268520794
:10CED000E8D0074A2946E3E7000070201D630500FB
:10CEE00053DF0020F0240020B3630500682B0020EE
:10CEF000E863050030B51D4D02461D4829680368EA
:10CF000000298DB003F0070327DA022B2A6004D929
:10CF1000184A0023032136F002F800220023CDE94D
:10CF2000062300244FF0FF33CDE90334124B13499D
:10CF30000094CDE901534FF48052114B11482BF06E
:10CF4000ADFE114A23460F2108A833F057F90D48CA
:10CF500008A92BF0CBFD204606E01BB10B4A0121AE
:10CF600035F0D4FF6FF001000DB030BD9801002006
:10CF7000F02400203064050053E0002000D9012097
:10CF800089CC0000902C0020556405001164050038
:10CF900038B51749174D0B68002B13DA41F8080B09
:10CFA0000023154800222BF0DDFC2B68041E03F043
:10CFB000070313DA83B1114A23460121284635F0CD
:10CFC000AEFF09E02B685B0704D00D4A012128461B
:10CFD00035F09CFF6FF00104204638BD022B01D8CC
:10CFE0000024F9E7074A0321284635F08FFFF7E7C9
:10CFF000582C0020F0240020682B0020E863050056
:10D000005C6405008E64050037B536490446364831
:10D0100037F00EFD034650B134480268510703D083
:10D02000334A012135F07BFF002003B030BD314988
:10D030002D4837F0FDFC034628B12C480268520702
:10D04000F2D02D4AEDE72D49274837F0F1FC034691
:10D0500028B1264802685507E6D0294AE1E7294960
:10D06000214837F0E5FC034628B120480268540700
:10D07000DAD0254AD5E70146244A1B4807F0E6FFE7
:10D08000014640B1194803685907CDD0204A012113
:10D0900035F03CFFC8E71F4B1348012208F060F948
:10D0A000014628B1114803685A07BDD01A4AEEE775
:10D0B00001250D4800950223EF2237F026FC0A488F
:10D0C000294637F046FC0CB90748AEE7064821462A
:10D0D00037F02AFF0028F7D0044803685B07A3D085
:10D0E0000E4AD4E720070020CC2A0020BC250020CF
:10D0F000BA64050008070020E8640500F006002077
:10D100001A650500D806002047650500AC0600201A
:10D110006F6505003C3A050096650500B56505009C
:10D1200008B5FFF771FF58B1074806F0A3FD48B1F5
:10D13000064803685B0703D0054A012135F0E6FE87
:10D14000002008BD0048FCE7CC2A0020BC250020B8
:10D15000D96505002DE9F0478A4600AF00297AD04D
:10D1600004680E1F361BF50826F0070604EB0608B8
:10D17000B8F8023013F0010319D138480268520799
:10D180000DD0E94688B06A463549CDE9051A032134
:10D1900042F8101F4FF4C25101F058FECD46002353
:10D1A00083F31188BFF36F8F0423184602DF2946EB
:10D1B000204634F0F8FA284434F83030C01A85425A
:10D1C0001AD02648036859070ED0E94688B06A4647
:10D1D000244BCDE9053A032342F8103F00234FF4D6
:10D1E000C25101F033FECD46002383F31188BFF313
:10D1F0006F8F0423184602DFB8F8023023F00103D2
:10D20000A8F802302946204634F0CDFA05EB000894
:10D2100004EBC8035B88DA0708D44146204634F0A3
:10D220000BFB42462946204634F04BFBA65BAE1B67
:10D2300004EBC6035B88DB0709D43146204634F093
:10D24000FBFA2A463146204634F03BFB3546294658
:10D25000204634F0ADFABD46BDE8F08750250020E9
:10D2600071660500486605002DE9F04F91B084070E
:10D27000009302F004030293C2F3C20303F101031B
:10D28000DDF868A0039205460E46059340F09D81A7
:10D29000041D00284AD101F00706341DC6F1080616
:10D2A000009B00275A1E4FF004084FF0FF330193F4
:10D2B0000497B946BB4643460DB1009921600598D5
:10D2C000002800F3D78090480099814203D38F480B
:10D2D0008142C0F0CF80039911F0020CA4EB05004D
:10D2E00040F0D680B9F10F0F00F2CF80002D00F092
:10D2F000D68009F140010DEB010EC0F387000199C2
:10D300000EF8200C0EF8101CBCF1000F00F0C380CA
:10D3100060F07F000EF8200C013709F10109C5F11A
:10D320000801043406914FF6DA7E8CE00729B7D85D
:10D330006FF01B0011B0BDE8F08F7A285BD84B2846
:10D340000FD8472857D829282ED8252850D052D86A
:10D35000202818BF23280CBF4FF0010B4FF0000B03
:10D3600071E04C382E2846D8DFE800F06D45454581
:10D37000454545454545454548454545454545455A
:10D3800045564548485656566D486A456D451848B5
:10D390001845457F7C48454548457C0000204FF0B6
:10D3A000000B4FF0040835E02A38C0B2012101FA21
:10D3B00000F010EA0E0F46D110F0625C2CD110EA9A
:10D3C000010B40D06046013C4444B4FBF8F408FB38
:10D3D00004F425B1A3EB050CA444B445A8D8002857
:10D3E00070D00599013905915AF8041B009163E743
:10D3F0000199013901914FF0000B24E012F8010C62
:10D400006C2834D112F8023C00206C2B8346C8D122
:10D410004FF008084346D6E70AF1070A2AF0070A40
:10D420000734FAE802BC24F0070435B1069820441A
:10D43000B0423FF67DAFC4E900BC08344FF0000BAA
:10D440004FF00808434612F8010F002853D0BBF1F3
:10D45000000F7FF472AF2528F5D1019B01330193B2
:10D460004FF0010B4FF00408ECE7584697E7002017
:10D470008346A8E7039988077FF551AF601B4FF0FB
:10D48000010CB0F5007FFFF42DAF6FF0150051E7F0
:10D490004FF0000CF5E70498013004903DE7BCF133
:10D4A000000F01D0013638E70298023600287FF4D9
:10D4B00034AF0098CDE90632FEF7EEFFDDE9063223
:10D4C00006442AE7042B08D10AF1040015B1DAF862
:10D4D0000010216004348246B5E70AF1070323F007
:10D4E000070303F1080A1DB1D3E90001C4E90001F3
:10D4F00008340823A7E7631BB3F5806FC5D23DB995
:10D50000A6F10804E01815E7B02A0500D0170600B8
:10D51000029A28609B082B709DF81030AAB1EB701E
:10D52000AF702FB108A80022C5F1010C91450ED1B2
:10D53000C5F101030DF120084FF0000A01930DF130
:10D54000300BD14512D1601BF4E66B70E8E710F8A0
:10D55000013B190608D50CEB040EB64503F07F031A
:10D560003FF6E6AE04F8013B0132DFE71FB198F960
:10D570000020002A17DB029BD3B11AF80B2004F815
:10D58000012B0022019B18191044B0423FF6D0AE87
:10D5900098F8000004F8010B00990392204645F02A
:10D5A00008F8039A14440AF1010A08F10108C8E7CF
:10D5B00098F8002055F822300093029B45F822305D
:10D5C0000098FEF769FF421CDCE76FF00D00B1E642
:10D5D0002DE9F04F97B000AFC7E90A3205468A46F9
:10D5E00049B903784678807800EB83002844564593
:10D5F00024D8A0EB050AD7F8803095F80280D7F838
:10D60000804003F00103FB61EB787B62B8F1000F0F
:10D610000CBF002404F001041BB1D7F880309A0736
:10D6200015D4A4B9FB6A1BB1BA6A5146284698477B
:10D63000564630465C37BD46BDE8F08F441C204658
:10D64000FEF72AFF013020440AF1010ACFE7D7F89C
:10D650008030C3F3C0033B622B78BB619B003B610E
:10D660006B687B61BB6905EB830BFB6A002B7BD18D
:10D670005646D844BCB11C461BF8013B55F8230064
:10D68000FEF70AFFD7F88430013043B1D7F888306D
:10D69000A34282BFD7F8843023F814000134C34575
:10D6A0000644E9D1D846D7F8803013F0050F0CBFF7
:10D6B0004FF0020B4FF0010B4FF000097B6A9945C8
:10D6C000B7D298F8013055F823A0B04B9A4508F12D
:10D6D0000208C0F04F81AE4B3A6A9A452CBF002336
:10D6E00001232AB318F8021C7869FB6234F02FFA80
:10D6F000FB6AE8B1A748036813F0060F14D0EA46A6
:10D700008AB06A46A44B05937B69CDE906314FF494
:10D710000073ADF82030A14B42F8103F00234FF4C6
:10D72000125101F093FBD546023E09F10109C5E70C
:10D7300023B1FB6933B9A6EB0B06F6E7D7F88030C7
:10D740009B07F2D55046FEF7A7FED7F884304BB1C1
:10D75000D7F888309C423FBFD7F88420431C22F87A
:10D76000143001340644E0E7002C69D1B8F1000F11
:10D770006CD0D7F8803058076BD5C14607F1480008
:10D780004246594644F015FF0BEB0803FB600022AC
:10D790000233796A8A425ED3D7F8802095F801B0C7
:10D7A000F969920704EB0B03DBB254BF4FEA59024D
:10D7B0000022002940F0A680D7F8801011F0040F55
:10D7C00014BF494600216B70A970EA703969BA6AC2
:10D7D000FB6A28469847061EFFF62BAFBB692B70E5
:10D7E0007B6AEB704946BA6AFB6A85F801B085F836
:10D7F000028007F148009847B0F10009C0F2B680F6
:10D800003B697A6A786A03EB4201FB68BA6A414471
:10D8100003EB4000AAEB0101FB6A98470028C0F225
:10D82000A780B14409EB00064FF0000B07F1380A5E
:10D83000A34569D30021BA6AFB6A08469847F8E60F
:10D84000444607F138004FF0000999E74446C146C5
:10D850009AE7A14698E713F8016CDFF830C155F854
:10D86000260013F8021C6045C0F08A80DFF820C152
:10D870006045386A2CBF4FF0000B4FF0010B38B1F8
:10D880007869C7E9013234F062F9D7E90132F0B9B9
:10D89000BBF1000F1ED0F96949B1611C04F12800E9
:10D8A00007F13004041904F8206CCCB20FE0D7F86B
:10D8B000801049070BD509F1280007F1300C09F158
:10D8C000010100EB0C0909F8106C5FFA81F90132D3
:10D8D00002335EE7D7F880008007DED409F1280C18
:10D8E00007F1300EF44409F101000CF8101C07F1A7
:10D8F000580151FA80F009F102095FFA89F900F83C
:10D90000106CE4E700215EE71BF80A3087F8373037
:10D9100055F82390D7F884302BB3D7F888309B453F
:10D9200021D2D7F8843033F81B80BA6AFB6A012110
:10D9300007F13700984700281ADB0644B8F1000FBA
:10D9400006D14846FEF7A8FD00F101081FFA88F845
:10D95000BA6AFB6A414648469847002808DB0644F5
:10D960000BF1010B64E74FF00008DEE74E4660E67E
:10D9700006465EE63B6A002B3FF4E0AE0023B1E6CC
:10D98000386A0028A6D04FF0000B79E7B02A0500CE
:10D99000D0170600942400209E66050004000001B4
:10D9A00030B50446EFF31185202383F31288BFF3CB
:10D9B0006F8F044B0FCB84E80F0085F31188BFF302
:10D9C0006F8F30BD602D002001281FB50C4605D09B
:10D9D000042822D06FF0150004B010BD3FF032FED5
:10D9E000174AC30BC0F30E00A0FB0202C00B43EAB0
:10D9F000414340EA4240C90BC4E90031A060684697
:10DA0000FFF7CEFF6946204634F0BEF818B90D4B3B
:10DA10000FCB84E80F000020DEE73FF013FE084A3A
:10DA2000C30BC0F30E00A0FB0202C00B43EA41434C
:10DA300040EA4240C90BC4E90031A060EBE700BFF7
:10DA400000CA9A3BE036050001287FB50C4633D169
:10DA50008A681B4B9A422FD83FF0F4FDC20B42EA72
:10DA6000414252424FEAD13363EB4303CDE90023F5
:10DA7000144AC0F30E00A0FB0202C30B43EA424368
:10DA80005B426846029300F049F92146684634F04B
:10DA90007BF8EFF31186202383F31288BFF36F8F97
:10DAA0009DE80F00084C84E80F0086F31188BFF34F
:10DAB0006F8F002004B070BD6FF01500FAE700BF53
:10DAC000FFC99A3B00CA9A3B602D0020014B1860A9
:10DAD000704700BF3807002080B505460E46174640
:10DAE00098462BF0D7FB034604F06EFCDFF8189045
:10DAF000044649F80030424630463946A84754F8B3
:10DB0000090004F0F1FB00BF080000002DE9F0431C
:10DB1000079D15B91560002012E00324B5FBF4F44D
:10DB200004EB4407BD4218BF0134B4F1804F09D261
:10DB3000A40001348C4200D838B914606FF00B0097
:10DB4000BDE8F0834FF0FF34F7E7DFF8BCE00446B0
:10DB50000021B94203F1030C04F104062CD3A942BD
:10DB6000274624D21F7801F1010CAC45264938BF65
:10DB70005B784FEAA70E28BF002311F80EE084F867
:10DB800000E0AC4501EB131E3CBF9B0003F03C03DF
:10DB90004FEA071707F0300738BFCB5C1EF8077055
:10DBA000677028BF3D23A3703D23E3703746381AC2
:10DBB000002310603B70AEE71CF8034C1CF8023CDD
:10DBC0001CF8018C4FEAA40924011EF8099006F8FC
:10DBD000049C04F030040EEB13199B0019F8044068
:10DBE00006F8034C03F03C030EEB981408F03F08D2
:10DBF000E35C06F8023C1EF8083006F8013C0331ED
:10DC000034466346A5E700BFFB0C06002DE9F84348
:10DC100044690569C76840F26C73E1170135E4187F
:10DC200041F10001022D8CBF00230123E41A61F1B0
:10DC300000010029064607F1FF3751DA6FF4C7707B
:10DC400020184FF4C8724FF0000361F10001FEF795
:10DC5000A7FB264B03FB0044D6E90083B6684FEAD6
:10DC6000E37C4FF03C0E99466346C6FB0E93A9FB3E
:10DC70000EC60EFB0366A30840F26D1E032D0EFBBD
:10DC8000043302463B4434BF09206FF0020064278E
:10DC90000544B4FBF7F499201B1B154C45431CEBC2
:10DCA000080C4FF0050005F10205B5FBF0F5A2FBED
:10DCB00004202B4404FB010146EBE87698180D4A3A
:10DCC00041F1000380180C4A63F10003A0FB02013C
:10DCD00002FB031110EB0C0041EB0601BDE8F883D9
:10DCE0004FF4C87200232046B1E700BF70FEFFFF6B
:10DCF000B13A02009405F5FF8051010010B5FFF71D
:10DD000085FF024604F060FB0B46034900244450A3
:10DD10001046194610BD00BF0C00000070B5204B26
:10DD200082689A4216DDD0E90016012976F10005D5
:10DD300003F1010392FBF3F34FEAE3741DDAC91810
:10DD400044EB0604C0E90014164901FB0323836079
:10DD5000012070BD002AFBDAD0E900410029124EF3
:10DD6000A3EB0203B3FBF6F310DA01F100459C428A
:10DD700075F100050ADA0020EBE7CD439D426FF014
:10DD80000045A5EB0605A541D9DAF4E7E41A61F1EF
:10DD9000000106FB0322C0E900418260D8E700BF12
:10DDA000FFC99A3B003665C400CA9A3B08B500F02B
:10DDB000B7F80A4941610A490122C0E900220A6014
:10DDC00008490A60084A00231360084A0361136087
:10DDD000C0E90233064A136008BD00BFE50906002A
:10DDE0005807002054070020C0780020BC7800208D
:10DDF000B87800202DE9F04781468846174600F0A4
:10DE00008FF8C36804461BB943691A78002A3ED1CB
:10DE10000023E36063684B4558F8232008DB314B4F
:10DE20006361204600F060F84FF0FF30BDE8F087F6
:10DE3000511C616192F800A0BAF12D0FEFD1951C31
:10DE400065615678A6602D2E04D1927872B901339F
:10DE50006360E4E756B9234D65615146384644F0A6
:10DE600005FC0028DDD0C4F808A0564631463846E7
:10DE700044F0FCFB3A2E00D070B92B7813B96368DC
:10DE800001336360204600F02FF83F20CEE75D1C91
:10DE900045611E788660E9E743783A2B0BD0002372
:10DEA00023612B7813B9636801336360204600F067
:10DEB0001BF8A068BAE72B780A4A33B963680133C4
:10DEC0009945636004DD58F82350C4E90452EAE739
:10DED00062613D783A2D2046D5D100F005F82846FC
:10DEE000A4E700BFE5090600084A01681160084A76
:10DEF00041681160074A81681160074AC168074B91
:10DF0000116002691A6004F0FDBE00BF58070020CE
:10DF100054070020C0780020BC780020B87800208A
:10DF2000004870473C0700202DE9F047858B0446E8
:10DF3000280717460CD501290CBF45F0100545F000
:10DF40002005A58387F31188BFF36F8FBDE8F087A5
:10DF5000022905F0070540F09480204634F0AFFA1E
:10DF6000052864D801A353F820F000BF45DF000066
:10DF700083E000002FE00000F1DF00000BE0000074
:10DF80001DE0000001F007035A1F012A1FD80022DC
:10DF900021F00701062BD4F8008089B2C4E90022E1
:10DFA00009D1434603E0E28B0132E2831B68002B78
:10DFB000F9D141F00201A183204634F080FA4FF0FC
:10DFC000000900286DD041F02001A18369E0042BF5
:10DFD0000AD121F0070189B2A183204634F06FFAFB
:10DFE00010B141F02001A1834FF00008C14658E074
:10DFF0002369D3F80090A38B23F0070343F00603B3
:10E00000A3834FF0000846464BE02369D3F8049001
:10E01000A38B23F0070343F00403F1E72369D3F84C
:10E020000890A38B23F0070343F00503E8E74FF0C4
:10E030000008C146E7E7012243F00803A38387F302
:10E040001188BFF36F8F002A3BD1B8F1000F4AD17E
:10E05000B9F1000F02D02D492046C847EFF31187D0
:10E06000202383F31288BFF36F8FA38B23F0080361
:10E070009BB2A383D9063FD523F01002A28303F0FD
:10E080000705A669A18B002EBFF67CAF0023D4F84C
:10E09000008021F00701C4E9003341F00101A183B0
:10E0A0009946A38B03F0070AAA4502D0A268002A6A
:10E0B000C1D1B8F1000F02D1B9F1000FDAD00022BE
:10E0C000BAE7A1680029C0D00D680029BDD04F680B
:10E0D000334652462046B8471DB12B6829461D4697
:10E0E000F3E72B46FAE74146334652462046D8F836
:10E0F000008034F010FAA8E79A067FF523AF23F0EA
:10E100002002A28303F0070527E700BF4325040090
:10E1100070B5364E8468446001460125084634F0E7
:10E12000E7FA30B921230B748B684C618B614B602B
:10E1300070BD5C284AD1084634F0DAFA752805DC4F
:10E140005B280ADC2228E9D02F28E7D021230B7492
:10E150008B684C618B610020E9E7A0F15C0305FA54
:10E1600003F33342DAD17528F0D1084634F0C0FA0F
:10E17000A0F13003092B04D920F0200041380528F4
:10E18000E4D8084634F0B4FAA0F13003092B04D9DE
:10E1900020F0200041380528D8D8084634F0A8FAE5
:10E1A000A0F13003092B04D920F0200041380528C4
:10E1B000CCD8084634F09CFAA0F13003092BADD935
:10E1C00020F0200041380528A8D9BFE72228A5D192
:10E1D0008B680874013BC1E905438B604B600846BE
:10E1E00034F086FA8B680248A1E700BF410444017D
:10E1F00015E6000038B58368013B8360044634F0BF
:10E2000077FA662805460ED074280ED10A492046B2
:10E2100034F07AFA48B9D4E90123084825746261D8
:10E22000A361636038BD0649F1E721232374636865
:10E2300063610020A368F3E70DAE050015E600005A
:10E2400015AE050008B50146084634F051FA3928E4
:10E2500012DC2A2805DD2B3847F6ED73C340DB07B7
:10E26000F2D48B68064830220A744A68013BC1E93F
:10E2700005238B604B6008BD6528F2D1E4E700BF41
:10E2800015E600007B2805D8652806D8382813D85D
:10E2900021280DD86FF0150070476638094BC0B2C1
:10E2A000C34013F0010F0CBF6FF015000020704742
:10E2B0002238054BC0B2F3E75B2814BF6FF015009E
:10E2C0000020704709E0200001C07B0070B50024E9
:10E2D0004C60C668034601209A68B24202D16FF0D2
:10E2E00015001AE0157834B1B5F1220418BF0124E5
:10E2F00001329A60F0E75D2D10D10138F8D10C6839
:10E30000121B01324A60094A1A609A68013A9A60FF
:10E310009A610A685A615F221A7470BD222D03D077
:10E320005B2DE5D10130E3E70124E1E715E60000CC
:10E330002DE9F341044682680F4F92F8008004F003
:10E3400043F8002313700E46C35105460A22606845
:10E3500001A931F07DFF3060A36883F80080E8599F
:10E3600018B1404202B0BDE8F081A268019B9A4218
:10E3700018BF6FF01500F5E70C0000002DE9F34120
:10E38000044682680F4F92F8008004F01DF80023C5
:10E3900013700E46C35105460A22606801A932F087
:10E3A0005BF83060A36883F80080E85918B14042F8
:10E3B00002B0BDE8F081A268019B9A4218BF6FF0DD
:10E3C0001500F5E70C0000002DE9F34104468268D2
:10E3D000104F92F8008003F0F7FF002313700E46F1
:10E3E000C35105460A22606801A931F0A5FFC6E9BC
:10E3F0000001A36883F80080E85918B1404202B0D8
:10E40000BDE8F081A268019B9A4218BF6FF0150029
:10E41000F5E700BF0C0000002DE9F34104468268D7
:10E42000104F92F8008003F0CFFF002313700E46C8
:10E43000C35105460A22606801A932F073F8C6E9A3
:10E440000001A36883F80080E85918B1404202B087
:10E45000BDE8F081A268019B9A4218BF6FF01500D9
:10E46000F5E700BF0C00000010B50849044634F081
:10E470004BF9D4E9011330B905486E22C4E90513FC
:10E480002274636010BD21220020F7E7B6A20500C8
:10E4900015E600002DE9F74316464C791278DDF8B1
:10E4A000289080460F46104661081D4634F05CFAFD
:10E4B00040B15B296BD053D801F15E0303F07F03B9
:10E4C000142B1DD96FF015004FF0FF3177E0A1F14B
:10E4D0007304082CF6D801A353F824F007E60000D3
:10E4E000B1E50000CFE50000C5E40000C5E4000090
:10E4F000C5E40000C5E40000C5E400007DE50000BF
:10E5000022391429DED801A353F821F0FBE50000DD
:10E51000C5E40000C5E40000C5E40000C5E4000057
:10E52000C5E40000C5E40000C5E40000C5E4000047
:10E53000C5E40000C5E40000C5E40000C5E4000037
:10E54000C5E40000C5E50000EFE50000EFE50000D0
:10E55000A3E50000C5E40000DBE50000E5E5000000
:10E560007B29AFD87229B2D8662921D06929A9D1CF
:10E57000BA682946304634F099F910E0D7E902121A
:10E580002B46404603B0BDE8F04334F080BACDF8E6
:10E590000090D7E902122B46404634F024FBC11705
:10E5A0000DE073682B6029464046FFF78FFEF6E7C3
:10E5B000A2F174035A425A412A700020014603B066
:10E5C000BDE8F08329463046FFF7B2FEE7E7BA68B8
:10E5D0002946304634F09BF9E1E729463046FFF7FB
:10E5E000F3FEDCE729463046FFF716FFD7E77268EF
:10E5F0002A60B3689B1A6B60DFE7B36800221A7069
:10E6000073682B60D9E7BA682946304634F095F82C
:10E61000C5E700BF10B50146084634F069F849283F
:10E62000044651D01ADC222850D009DC80B32028BF
:10E6300003D0A4F10903042B1CD88B684B60EBE7D3
:10E640002D282DD03A2801D02C2813D14B684B61AE
:10E6500021488B680C748B614B6010BD6E2837D0DD
:10E660000EDC5D28F2D003DC4E282DD05B28ECE7D1
:10E6700066282FD0303C092C1BD921230B7408E0CD
:10E68000742827D07328F5DD7B28DFD07D28DCE7D0
:10E6900008744B684B618B688B614B600020DCE732
:10E6A000084634F025F88B683038013B09288B6028
:10E6B00001D80A48D1E7084634F01AF88B6849288F
:10E6C00003F1FF338B60D5D10548C6E70548C4E7A1
:10E6D0000548C2E70548C0E715E6000045E200002E
:10E6E0002927040011E1000069E40000F5E10000C1
:10E6F00030B51D468BB0104B0590CDE90330084472
:10E7000006905F23694603A814468DF81C3034F048
:10E7100062F928B96FF015004FF0FF310BB030BD32
:10E720009DF800307B2BF5D10E9B2A46214603A88D
:10E7300034F0ADF9F2E700BF15E600002DE9F0472F
:10E74000DFF85480044607464FF0010994FAA4F517
:10E75000B5FA85F509FA05F32E0108EB05156FEA00
:10E76000030A24EA03042B7B63B158F806301B69C3
:10E770006BB94644032273682846196807EA0A07FA
:10E7800034F040FB002CE1D13846BDE8F087284644
:10E7900098470028F6D1ECE77C32050010B50F4908
:10E7A0000F4888B000223EF095FF00220023CDE9FB
:10E7B000062300240E23CDE90334CDE90144094B9F
:10E7C000094900944FF4407208482AF067FA084952
:10E7D00006482AF08BF9204608B010BDF5E7000086
:10E7E0004832002055EB000040E90120702D002048
:10E7F0005D670500014829F087BE00BF382800206A
:10E800002DE9F047804621480F4634F0D3FA0646FA
:10E81000002833D000252846BDE8F087237B83B14C
:10E820002368DB680BB120469847636883F806903D
:10E8300023681B69D3B9636803221968204634F042
:10E84000E1FA013610345445E8D3B8F1000FE2D0B4
:10E85000002DDFD02846FFF771FF0546002FF7D0C7
:10E8600000214FF4A4703EF0F1FDF1E720469847F7
:10E870000028E0D009FA06F31D43E2E7044CDFF874
:10E8800014A005464FF00109DDE700BFD478002051
:10E890007C3205008C32050008B5034608462BB1D2
:10E8A000044A136000F03EFD002008BD6FF0150023
:10E8B000FBE700BF5C07002010B5044C237813B9B8
:10E8C000034829F021FE0123237010BD54E00020ED
:10E8D0003828002010B504460B4834F06BFA5CB1C0
:10E8E000BFF35B8F094B53E8001F013943E8001267
:10E8F000002AF8D1BFF35B8F05482BF06FF805486D
:10E90000BDE8104029F000BECC780020D07800206F
:10E910004832002038280020064BBFF35B8F0022CE
:10E9200053E8000F43E800210029F9D1BFF35B8FC2
:10E93000704700BFCC78002070B5FFF7EDFF084CA2
:10E94000084E0546B44200D370BD63685B792BB1B5
:10E9500023685B6813B12946204698471034F1E7D5
:10E960007C3205008C32050010B5044C0449204669
:10E9700033F049FA034B1C6010BD00BF4C2400204B
:10E98000443A0500C47800200E4A0F48002310B511
:10E9900013700E4A13600E4A4FF400411360FFF7E4
:10E9A0007BFFFFF7E1FF00F081F90A4B0A491846A7
:10E9B0008B4200D310BD1A1A5C6812110132227109
:10E9C0001033F5E755E00020B12D0400CC7800208D
:10E9D000D07800207C3205008C32050001460022F0
:10E9E0000148002333F030BA4C240020014833F0B2
:10E9F000C7BA00BF4C240020024B0146186833F010
:10EA00001ABB00BFC4780020014833F04FBB00BFE1
:10EA10004C2400202DE9F041374B1B78002B68D0A7
:10EA2000FFF7E4FF044600285FD1344B344D1B68E8
:10EA3000002B19DD3EF006FE4FF47A76A0FB06327D
:10EA400006FB0121D5E90020DB0B43EA41439B1A79
:10EA50004FEAD13140F2E93261EB0001934271F1AA
:10EA6000000101D3FFF768FFD5E9003213F57A738F
:10EA700042F10002C5E90032002C3AD0BDE8F04175
:10EA8000FFF7C2BF6B685B793BB121784B0717D5A5
:10EA90002B6821461B682846984710354545F1D319
:10EAA0002046FFF7A9FFBFF35B8F164B53E8001F0B
:10EAB000013943E80012002AF8D1BFF35B8FB4E7B5
:10EAC00020462688C1F3C20700F09EFAC6F38216DC
:10EAD0000246002EDCD00028DADB01233946284626
:10EAE00000F08EF9B042D8D3D2E7074DDFF81C8092
:10EAF000D4E70020BDE8F08154E00020CC7800206D
:10EB000040320020D07800207C3205008C32050095
:10EB100070B50D4D297861B90120FFF771FE0B4CDE
:10EB20000B4EB44206D3FFF775FF0028FBD101233B
:10EB30002B7070BD63685B791BB1236820469B68AE
:10EB400098471034EDE700BF55E000207C32050007
:10EB50008C32050000212DE9F8430846FFF750FEEE
:10EB6000044648B340F267684FF0000903F02CFCFC
:10EB70001A4B1B4A1B58136033B11A4B1B68092BE5
:10EB800002DD194829F0C0FC184F002544B1204689
:10EB9000FFF7D4FD044618B94FF0FF384FF0FF39A6
:10EBA000FFF738FF064628B9B5B90F4842464B462D
:10EBB00029F0E4FC3546E9E74FF0FF384FF0FF3924
:10EBC000D4E72B689B691BB1002211462846984761
:10EBD0001035BD42F5D3E8E7054DFAE7080000001F
:10EBE000C8780020D0780020382800208C3205001A
:10EBF0007C32050013B5184834F0DCF8174B1B784D
:10EC000073B1EFF31184202383F31288BFF36F8F66
:10EC1000FFF700FF84F31188BFF36F8F02B010BDC0
:10EC20000F4B1B68002BF9D050B900220023CDE90F
:10EC300000230C484FF4004200232AF097FEEDE732
:10EC40000928EBD107482AF0C9FE074802B0BDE801
:10EC5000104029F059BC00BFD078002055E00020BA
:10EC6000C8780020483200203828002010B5064B14
:10EC70001B68044698472146A060044833F061F9B8
:10EC8000BDE81040FFF7B6BF5C0700204C24002011
:10EC9000044A054B9B1AB1EBD30F34BF52F8310035
:10ECA000002070471C3005007C320500084B094AE3
:10ECB00009489B1ADB080021994200D1704702687D
:10ECC00022F0070242F0030240F8042B0131F3E77F
:10ECD0007C3205001C30050094240020F8B50B4F51
:10ECE0000B4BDB1B0646DD080024AC4203D14FF082
:10ECF000FF342046F8BD57F8340020B13146FDF707
:10ED0000B9FB0028F5D00134EFE700BF1C30050047
:10ED10007C32050000282DE9F047884615461F463D
:10ED20001DDADFF89890264E4FF0000AA6EB090690
:10ED300036095446B24509F1100902D12046BDE812
:10ED4000F08759F80C0C3B4600792A464146FFF7FC
:10ED5000E1FF844238BF04460AF1010AEAE7194B91
:10ED6000194AD21AB5EBD20F26D203EBC5031C7990
:10ED7000BC4228BF3C46154EC0B200EB400056F8DE
:10ED800025300722824023EA020304F00702824072
:10ED900013430021032223FA02F000F0070081420E
:10EDA00002F1030238BF01461E2AF4D123F0070303
:10EDB0000B4346F82530C1E70024DCE77C32050030
:10EDC0008C3205001C3005007C32050094240020A4
:10EDD000F8B5094D094BED1A06460F46ED0800241B
:10EDE000AC4200D3F8BD002122B23B46304601348C
:10EDF00034F000F8A4B2F3E77C3205001C300500C3
:10EE000070B14168097973B1002A17DBCBB20C49A4
:10EE100051F8220003EB4303D84000F0070070478D
:10EE20004FF0FF31EFE707490748401AB2EBD00F28
:10EE30003ABF01EBC20108791846704704207047B9
:10EE4000942400201C3005007C3205002DE9F04F91
:10EE50008FB004AFC1F34A26B8600D4690467B6080
:10EE60000C0D002E65D04FF000090A234FF0040B63
:10EE700007F1140AFE60C7E90799C7F824900093C8
:10EE8000CDF808B0CDF804A007F11C03F9684A4694
:10EE90004046FEF79DFBB0F5006F034620D329489E
:10EEA000036813F0060F17D06C468AB0D8F8041028
:10EEB00004AB254DC3E9055140F2FF71D9611A46F3
:10EEC0004FF400711984214B42F8103F4FF4125156
:10EED0004B46FFF7BBFFA5462C37BD46BDE8F08F7C
:10EEE000C0F30A0604F11700184420F00700800858
:10EEF0003B60FFF773FD66F35325044680B13B6822
:10EF0000134A00F11001C7E90839F961CDE901ABF5
:10EF10000A230093F96807F11C034046FEF758FBEB
:10EF200066F353257B68B9682A46204633F09EFF76
:10EF3000D2E704F1170020F007008008FFF74EFD2C
:10EF40000446EDE7B42400206E67050004000001CC
:10EF50003F2E04002DE9F04F87B0DDE9127ADDE99C
:10EF6000106B0546884614469946DFB11021CDF84E
:10EF700000A03B465A460020CDF814A0FEF774F9D5
:10EF8000B0F5006F01460FD31D48036813F0060F5C
:10EF900032D01C4A40F2FF73022107B0BDE8F04FA7
:10EFA00033F0BDBF3946384604F0070305F00704C7
:10EFB000E40044EA831444EA402444EA065406F197
:10EFC0001700084420F0070080080391FFF706FDB2
:10EFD000054640B13FB10399CDF800A03B465A46E3
:10EFE0001030FEF741F94B4622464146284607B00D
:10EFF000BDE8F04F33F03ABF07B0BDE8F08F00BF77
:10F00000B4240020AD670500406820B1034BC01A4E
:10F0100040F38F0070474FF0FF307047942400207A
:10F020000EB403B503AB014653F8042B0448019317
:10F0300003F058FB02B05DF804EB03B0704700BF6B
:10F04000812F0400CA0605D48B064CBF0249034930
:10F05000FFF7E6BF704700BF630706004BF60500E9
:10F060002DE9F04F89B09846159B0693DDE916A36C
:10F070009DF85090189F059204460D460493B9F1EF
:10F08000000F00F0B08007F48073079333F0B0FEF8
:10F0900007F0020B0246002874D078492046FFF79B
:10F0A000BFFF0646BBF1000F08D017F0440F6BD12D
:10F0B00073492A462046FFF7B3FF064407F00103D1
:10F0C00053B1704B704953F82920704B2046002AE9
:10F0D00008BF1A46FFF7A4FF07F48073002B07F060
:10F0E000080318BF4FF00008002B79D0684B69491E
:10F0F00053F829202046FFF793FF0546059B2BB1C7
:10F1000065491A462046FFF78BFF0544B8F1000F0A
:10F1100005D0624942462046FFF782FF0544604819
:10F120003544069B1BB15F49224632F0DFFC049B4D
:10F13000002B00F08E80DDF810803946B8F1100FFA
:10F14000204628BF4FF01008FFF77CFF0026B5428D
:10F1500050DC002633461AF8032053492046FFF7B7
:10F160005FFF0136102E4BD0710703D14F49204667
:10F17000FFF756FF46453346EDD34D492046FFF78E
:10F180004FFFEEE706468DE74A4B1868002894D0FB
:10F19000494B4FF47A7B1B68B5FBF3F54FF4616381
:10F1A000B5FBF0F100FB11550BFB05F54FF03C0CE6
:10F1B000B1FBF3F203FB1211B5FBF0FEB1FBFCF364
:10F1C00000FB1E550CFB13110BFB05F50091B5FB65
:10F1D000F0F53A49CDE901E52046FFF721FF6CE75C
:10F1E00007F008058AE7B8F1010F0CBF2C48344836
:10F1F0004D4696E72D492046FFF712FF0136A6E758
:10F20000304920460026FFF70BFF33461AF803204B
:10F210002D49A2F120035F2B28BF2E222046FFF7A5
:10F22000FFFE0136102E0DD0720703D11F49204674
:10F23000FFF7F6FEB0453346E8D81C492046FFF7F5
:10F24000EFFEEEE7049BB3EB0803C24404937FF4A4
:10F2500072AFB9F1000F0AD0FB0704D50B4A0A4977
:10F260002046FFF7DDFE39462046FFF7EBFE20463D
:10F2700009B0BDE8F04F33F076BE00BF06A405002C
:10F28000EA670500583A0500656E0500E567050068
:10F290006C3A05000F68050015680500196805003F
:10F2A000812F0400E52601001E68050050060600B7
:10F2B0007FBE0500DC780020D8780020F3670500C9
:10F2C000B72F040024680500A475050073B542F249
:10F2D0000F738B4228BF0B4605680F4A0446052171
:10F2E000684630F08BFF63680C495B6806460B226A
:10F2F000284633F02AFE63683246694628465B6832
:10F3000033F023FE636806495B681B22284633F00E
:10F310001CFE02B070BD00BFA2F80500570D06002C
:10F320003B0D0600074A00210123904206D8064AF9
:10F3300001B901231360054B1860704740085B005A
:10F340000121F2E740420F00D8780020DC7800204D
:10F35000014B036000207047803A050010B5044659
:10F360003CF062FA03490246204634F044F800209B
:10F3700010BD00BF5D68050037B51346002201923D
:10F38000044601AA58680A2101F018FE019D95B9AA
:10F3900020EAE0744FF4004C294640F2E7304FF485
:10F3A0007A720023E4FB0C01FDF74AF83EF04EF8B8
:10F3B000284603B030BD2A460249204634F037F8CB
:10F3C000019DF5E78968050008B5034A034934F053
:10F3D00012F8002008BD00BF6F69050075690500BF
:10F3E000F7B517460023054601AA0A21B86801931C
:10F3F00001F0E4FD1749C6B2284634F00AF8019C32
:10F4000044B122461449284634F011F8019C2046A4
:10F4100003B0F0BD042E09D910493246284634F015
:10F4200006F8284634F050F80124F0E77868FFF732
:10F4300055FC021E07DA7A680949284633F0F7FFBF
:10F440006FF01504E3E7334612B22146204633F04D
:10F45000D1FCDCE798690500FE690500256A050016
:10F460003C6A050007B500230090694604488DF802
:10F4700004302AF06BF89DF8040003B05DF804FB3B
:10F480003F30040038B50446EFF31185202383F3A1
:10F490001288BFF36F8F24F021FE024685F3118896
:10F4A000BFF36F8F0649204633F0A5FF204605497C
:10F4B00033F0A1FF044821462AF062F8002038BD4D
:10F4C000946A0500B36A0500CDF40000F0B599B068
:10F4D00004460D46D0F8B4603DF08BFE034602F0C2
:10F4E00073FF314A1158314A3148002B18BF1A4670
:10F4F0000092304A23468C4218BF02462E492846C5
:10F5000033F079FFD4E90A23CDE900232B4994F99C
:10F510000E30A289284633F06EFF202210A9204623
:10F5200029F0F4FAE36F26490246284633F063FFD8
:10F5300004A920463DF075FE07460AA83DF07BFE73
:10F5400007431DD1049FDDF814E06421A7FB010CE3
:10F55000DDE90A2301FB0EC1FCF772FF19490346DE
:10F560003A46284633F047FF0AA920463DF04FFEB1
:10F57000024650B11449284633F03DFF19B0F0BDA2
:10F580001249284633F037FFEEE70A9B6422F11A4E
:10F590004A430091B2FBF6F20D49CDE901622846DB
:10F5A000324633F028FFE9E708000000BD6A050095
:10F5B0005006060068080600C06A0500CC6A05000F
:10F5C000F86A05000F6B0500576B0500346B0500EA
:10F5D000846B050030B591B008AD044620220021AF
:10F5E000284643F00DF81A222021284643F008F857
:10F5F0002146104829F0C4FF07AA4FF400610E48C5
:10F600003DF0F9FD079A0095C2F5006164234B4374
:10F61000DB0A05934FF40063CDE90132064ACDE9D8
:10F620000313204605490023403A33F0E4FE00204E
:10F6300011B030BD41F6000000210220D06B050062
:10F6400070B50446D0F8B46088B00D4607A93DF007
:10F65000DEFD024628B10F49284633F0CCFE08B043
:10F6600070BD20463DF0C5FD079B0096F11ACDE91F
:10F670000131094B64224A43002818BF0346B2FBFC
:10F68000F6F20649CDE903622846224633F0B3FE7E
:10F69000E5E700BF576B0500BD6A0500196C050062
:10F6A00038B51346054610225868002130F0D4FEC4
:10F6B0000446FFF7D7FE38B90E492246284633F0F4
:10F6C000B6FE6FF0150038BD02F07EFE0A4B1B58E7
:10F6D0009C4204D10949284633F0A9FEF1E72046AF
:10F6E00029F0FAFB28460649224633F084FE002022
:10F6F000E9E700BF7D6C050008000000986C05007C
:10F70000C06C050038B51346054610225868002124
:10F7100030F0A2FE0446FFF7A5FE38B90E49224696
:10F72000284633F084FE6FF0150038BD02F04CFE21
:10F730000A4B1B589C4204D10949284633F077FEF6
:10F74000F1E720463DF0EBFD28460649224633F01E
:10F7500052FE0020E9E700BF7D6C050008000000B4
:10F76000FF6C0500256D050038B5134605461022CF
:10F770005868002130F070FE0446FFF773FE38B978
:10F780000E492246284633F052FE6FF0150038BD70
:10F7900002F01AFE0A4B1B589C4204D10949284624
:10F7A00033F045FEF1E7204602F09EFD284606496B
:10F7B000224633F020FE0020E9E700BF7D6C050003
:10F7C00008000000606D0500856D050010B50C4651
:10F7D000002134F0E0F800B10068034A2060002303
:10F7E000C4E90123E36010BDA06E050010B50C460E
:10F7F000002134F0D4F800B10068034A20600023EF
:10F80000C4E90123E36010BDA06E050070B5054694
:10F810005068144634F0C7F8064640B9626810498B
:10F82000284633F004FE6FF01204204670BD3DF010
:10F83000AAF930B162680B49284633F0CEFD0024A6
:10F84000F3E730463DF096F96268044628B1034676
:10F850000549284633F0EBFDE7E70449ECE700BF34
:10F86000BD6D0500D26D0500F46D0500216E05002B
:10F870002DE9F04F8FB0044601A88846914628F044
:10F880003FFA019F2D4A07EB40170821204633F02D
:10F8900097FD019EBE4203D300200FB0BDE8F08F5C
:10F8A00035680DB12B7833B9254A3346302102A88B
:10F8B00030F0A4FC02ADB8F1020F07D1D9F8041062
:10F8C000284642F038FF08B92036E3E71D4A2B46A8
:10F8D0000821204633F074FD30463DF054F91A4AB1
:10F8E0001A4B0821002808BF1346194A204633F056
:10F8F00067FDF369002BE7D01D68002DE4D02B686D
:10F90000002BE1D0134A0821204633F059FDAB46C5
:10F910004FF0000A2B68534505D80F4A08212046AE
:10F9200033F04EFDD0E75BF8043F0C4A0821204637
:10F9300033F046FD0AF1010AECE700BF546E050002
:10F940005E6E0500636E05004B6E0500456E05009A
:10F9500026B50500686E050063070600646E0500A5
:10F96000F7B513783A2B06460F46154614D1541CAA
:10F9700023783A2B28D101340A2201A9204630F0FD
:10F9800067FC019A3860A242034617D01078A8B9E4
:10F990003C2B15D915490EE00A2201A9284630F062
:10F9A00057FC019CB860AC4208D023783A2B05D1B3
:10F9B000172807D90E49304633F039FD6FF015008E
:10F9C00003B0F0BD0134D3E70A2201A9204630F08C
:10F9D0003FFC019B7860A342F0D01A783A2AEDD11F
:10F9E0003B2801D90349E6E75C1CC5E7086F050021
:10F9F000EA6E0500F86E05002DE9F04194B00D4661
:10FA0000044606A901201746FDF7DEFF0BA906A84C
:10FA100030F026FB032D55D17D680A2205A9284622
:10FA200030F016FC059EB542804615D032782D2A5E
:10FA300012D101360A2205A9304630F009FC059B97
:10FA40009E4209D01A782D2A06D1451E0B2D0CD9BD
:10FA50002E49204633F0EBFC204633F035FD6FF0A5
:10FA60001505284614B0BDE8F0815E1C0A2205A9E0
:10FA7000304630F0EDFB059B9E42EDD01B78002B0D
:10FA8000EAD1431E1E2B01D92149E2E7A8F26C738B
:10FA9000CDE90F53BA680E900BA92046FFF760FF1F
:10FAA0000028D9D10BA8FEF729F9B1F1FF3F08BF13
:10FAB000B0F1FF3FCDE9060108D11649204633F0E9
:10FAC000B6FCCCE7022DC7D17A68E5E7002308939E
:10FAD000012006A9FDF7B8FF054628B102460E49E8
:10FAE000204633F0A4FCBAE70B9B03930C9B0293D4
:10FAF0000D9B01930E9B109A00930F9B07490133B6
:10FB000002F26C72204633F076FCAAE7186F05000B
:10FB1000276F0500346F05005D6F0500746F0500E9
:10FB200010B592B0044604A90120FDF74DFF09A9C4
:10FB300004A830F095FA099B03930A9B02930B9B50
:10FB400001930C9B0E9A00930D9B054920460133AF
:10FB500002F26C7233F04FFC002012B010BD00BFF7
:10FB6000746F05002DE9F0411446884607461022BF
:10FB70006068002130F070FCB8F1020F06461CD915
:10FB8000A0680A22002130F067FCC5B21F492A464E
:10FB9000384633F030FCB8F1030F1DD8102D0ED0CD
:10FBA000202D0FD0082D0FD13278D2B21849002362
:10FBB000384633F020FC00200CE02025E6E73288B0
:10FBC00092B2F3E73268F1E73846124933F013FC9A
:10FBD0006FF01500BDE8F081E0681022002130F0E0
:10FBE000A1FC0B4602460C490446384633F003FCA0
:10FBF000102D06D0202D07D0082DE5D1E4B23470A9
:10FC0000D9E7A4B23480D6E73460D4E7C36F0500E7
:10FC1000EE6F0500D86F0500017005002DE9F04773
:10FC200086B000230193534B914601220746884634
:10FC30001A60FEF7BBF84FF0FF3520262C464E4ADF
:10FC400049464046FEF7D6F8431C06D1691C41D10F
:10FC50004A49384633F0EBFB17E073281AD077286F
:10FC600028D0612811D1DFF818A101AADAF8000024
:10FC7000102101F0A3F9019B0546002BDFD0DAF833
:10FC800000204049384633F0D2FB6FF0150006B033
:10FC9000BDE8F087DFF8E8A001AADAF8000000214B
:10FCA00001F08CF9019B0446002BC8D0DAF8002043
:10FCB0003549E7E7DFF8C8A001AADAF8000000211B
:10FCC00001F07CF9019B0646002BB8D0DAF8002041
:10FCD0002E49D7E7621C01D12D49BAE75FFA86F8B1
:10FCE000A8F10803DBB2182BC6F3C40604D8294ACE
:10FCF00022FA03F3DB0723D427494246384633F080
:10FD00007AFBC2E7B8F1100F21D0B8F1200F24D050
:10FD1000B8F1080F01D10A781A70314433444218FF
:10FD2000102AEFD9102CA14628BF4FF01009294600
:10FD30004B4602AA384601F017F81035A4EB090427
:10FD4000B4B1A642EED802AB2946701BE7E70A8899
:10FD500092B21A70120A5A70DFE70A681A70C2F378
:10FD6000072C120C9A70120A83F801C0DA70D4E7DB
:10FD700020468CE75407002051700500587005009C
:10FD8000B8780020177005002A7005003D70050046
:10FD900075700500010100018F70050070B50E4EF1
:10FDA000044633780D4629B123B1BDE870400B49B4
:10FDB00033F03DBB83F0010333702BB1084920467B
:10FDC00033F019FB01233370294620460022BDE899
:10FDD000704033F093BB00BF56E00020A9700500CF
:10FDE000E47005002DE9F041DFF8F0803C4E054657
:10FDF0000C468F18A74201D1BDE8F08198F8002089
:10FE000014F8013B182A22D1112B20D1354C364948
:10FE100022680026284688F8006033F0ECFA28466D
:10FE20003146FFF7BBFF314B18780028E4D1304A48
:10FE300023681168042B2EDC08B12360116013F0D5
:10FE400003012FD1126813681BBA1360D4E7A3F122
:10FE50003002092A88F8003004D923F02002413A00
:10FE6000052A04D83168234A53540131316033687C
:10FE7000022BBFD110221F48002130F0EDFA1E4A9C
:10FE8000136803F8010B1360164A136801331360FB
:10FE900000233360AEE7086800BA41F8040B043B66
:10FEA0000120C7E75B4203F0030358BF5942022910
:10FEB00004D1126813885BBA9BB2C6E703299BD1B1
:10FEC000106802681104C2F3074301F47F010B4379
:10FED00002F47F42134303608EE700BF57E0002027
:10FEE000E0780020E47800200E71050058E0002042
:10FEF000E878002059E00020EC7800202DE9F84354
:10FF00000D462749274E00230B6027493370804652
:10FF10000B601746012DB94657F8044F1DD92349E8
:10FF20000222204642F0AFFB70B9A378003B18BF15
:10FF300001231C441E490222204642F0A4FB28B99A
:10FF400001233370013DE5E70023F2E7174920461E
:10FF5000FCF790FAC0B909F1040900221146D9F85A
:10FF6000040030F079FA134B002211461860D9F8DA
:10FF7000040030F071FA104B104918604046FFF74A
:10FF80000DFF0020BDE8F88323782D2BE5D16378A1
:10FF9000002BE2D00A492246404633F02CFAD1E742
:10FFA000E078002058E00020E47800205F8C050015
:10FFB00028710500EC780020E8780020E5FD0000BD
:10FFC0002B71050007B509483CF0DDFD58B104234D
:10FFD00000930649064801233A2200F019FF002049
:10FFE00003B05DF804FB6FF01200F9E7282C050060
:10FFF0008C32050010B54468C4E90012A360426861
:020000040001F9
:100000001346402153F8404B53625163002302F1E1
:100010003801C2E90413C2E90A33C2E906330821F0
:1000200013631162C2F8B830A36823B11B6C13B11B
:10003000044920469847A3681B6A0BB1204698479D
:10004000002010BD490001002DE9F74F05460C4680
:100050008368DB6B03B19847AB68DB6A002B35D153
:10006000DFF814A14FF0000804F12409218E238D3C
:10007000626B5B1A9BB2D31A934204F1280B28BF20
:100080001346594601AA484632F0EEFD07460028BD
:1000900041D0AB6801991B69002B37D00246284636
:1000A00098470646002818BF48F0010832465946CE
:1000B000484632F00FFE0EB1BE42D7D0B8F1000F65
:1000C00008D0D4E901310020984703E0284698473A
:1000D0000028C5D1AB68DB6993BB628BE38A9B1AAE
:1000E000226A9BB2934204F1100704F11A0828BF58
:1000F0001346414601AA384632F0B6FD064630BBEB
:10010000284632F0B2FFC4F8B8602CE06FF0570612
:100110004FF00108CAE7DAF8003013F0060F04D0F8
:10012000164A0221504632F0F1FEAB681B69002BE3
:10013000C4D001220DF10301284698470646BAE7CC
:10014000284698470028C8D103B0BDE8F08FAB68B7
:100150000199DB6863B1024628469847024641464A
:10016000384632F0B7FDD4E9013101209847EBE77A
:100170006FF05702F3E700BF782500208D7205006D
:1001800010B581680446183101F0A4F9A168034A4A
:1001900020461831BDE8104001F03CB9CF7205008F
:1001A00038B58368D3F88032DB0504461DD4C069B6
:1001B00033F04EFF606803685B689847054620B9D6
:1001C000E06834F046F9A3681D75A3685B6C13B151
:1001D000294620469847A36802F0F6F80022C3F8A3
:1001E000AC22034B185802F07FF86FF00F05ECE7D4
:1001F00008000000014932F0BEBF00BF63070600DF
:100200002DE9F04FA7B004465422002111A842F076
:10021000F7F90023CDE90533A36820465C33029348
:1002200033F0DCFC204633F01FFC10B96069FFF7A7
:10023000E1FFA06814220021183042F0E1F92046C5
:1002400033F06EFBA168E068B1F854205C31002601
:1002500034F0C4F8204634F025F94FF0FF38B246A8
:10026000039611AFB3463546B146DDE90532012AA2
:100270006BD0132B6CD8B8F1000F2AD1BBF1000F53
:100280000AD0204634F02FF9A26814235C3211A959
:100290000DEB030033F0E4F9B9F1000F0CD099F83D
:1002A0001130FE2B08D1059B26AA02EB830252F8DF
:1002B000542C0AB101330593A068436A002B40F027
:1002C000B580C6B1C369B3422BD00D9600F11805B5
:1002D00022E0029A0223394606A833F0C1F90699B2
:1002E0007A680292034631B101290AD148B16A4ABB
:1002F000204633F022FD6FF00705284627B0BDE801
:10030000F08F059B002B32D0386801F013F998B1BB
:1003100066B1A5680D9618350CAE0FCE0FC53368C3
:100320002B602046FFF72CFF0125E6E75B4A012101
:10033000204633F002FDDEE7059BC3B13A6829464B
:10034000204601F091FA022809D1059B132B95D97B
:10035000069B022B92D1524B524A0121C8E7032837
:1003600005D0059B013305934FF0010B7DE7039BFF
:100370002BB9396807AA484633F049FA05460437CD
:1003800008F1FF38A5B3EB68BBF1000F08D0FBB153
:10039000204633F023FC204633F07DFB424AC6E77B
:1003A000B3B1A368DDF814A0AE4603F1180CBEE8A3
:1003B0000F00ACE80F00DEF80030CCF80030AB687E
:1003C00033B96B7CFE2B04BF95F8108008F1FF3821
:1003D000D5F804C0BCF1000F08D0AE46BEE80F004F
:1003E0000CAE0FC6DEF8003033606646A94603E067
:1003F000059B63B101230393B8F1000F03D1069B62
:10040000022B7FF432AF059B013305932DE7A368E0
:10041000DB6A13B1DB68002BECD1244B0093244A38
:10042000119B0121204633F088FCE3E7059D90F8FD
:100430002830A5EB0A05BBB190F829104FF6FF72E2
:10044000FF2918BF0A469D4202D313449D420BD98F
:100450008369184A0121204633F06FFC2046FFF7DC
:100460008FFE6FF0150548E7012132F0A3FEA0686A
:1004700032F094FEA36811AA29465B6A02EB8A0255
:10048000204698470546A06832F08CFEA0680021FF
:1004900032F090FE31E700BFDD720500F172050019
:1004A00052730500F4B505000F7305003E73050097
:1004B00095A4050076730500F7B5044680680D46DF
:1004C000817D002949D1D0F880325A0504D532F017
:1004D0007CFEE06833F054FFE368DB6873B9002DFD
:1004E0003BD0A66806F15C07384632F051FE002882
:1004F00035D0394606F5AE70FBF7C6FFA268E06856
:100500000DF106035C32294633F03DFF58B9A0686F
:1005100000F5AE715C30FBF7B7FFA0685C3032F0DD
:1005200037FEADF80600204633F051FBA368D3F840
:100530007C329B0603D50B49606932F01CFE2046D5
:1005400000F0A2FDA268BDF80630A2F85630A268FD
:100550002046A2F8543033F09EFA03B0F0BD86F87E
:100560005C01CBE70037050010B5836802221A75DD
:1005700083689B6C0446BBB932F0D4FD8368D3F822
:100580008032DB040BD50321084B094A33F0D5FB3D
:10059000A0686FF4805100F5207032F0DDFD204638
:1005A000BDE8104000F0F4BE10BD00BF917305001F
:1005B000656E05002DE9F04FB1B0002304460993A4
:1005C000A36860689E6C026815691EB3DF6C102218
:1005D00009AB1BA9A847099BCBB10121A06832F048
:1005E000E9FDA06832F0DAFD3B46099A1BA92046D6
:1005F000B047A06832F0D6FDA068002132F0DAFDE5
:10060000A3689B6C002BDBD12046FFF7ADFF31B018
:10061000BDE8F08F09AB01220DF12301A847099B2A
:10062000002BF4D09DF923109DF82330A2680029F7
:10063000C6DB517D032900F21C83DFE811F00400C2
:100640009002B3021A030D2B43D00A2B41D0B2F80B
:100650008012092B21F0FF01A2F880126DD028D85A
:10066000002B00F00281082B00F0EC81A268D2F888
:100670007C12890740F1F980013B162B00F2F580CE
:10068000DFE813F0E002FF010302FB01DA021C02C3
:10069000F300F300F300F30020022402F300390218
:1006A000F3003E02F300F300F30040025002F300B7
:1006B00065021B2B3DD07F2B00F0D181A3F12002DE
:1006C0005E2AD3D80121A06832F07FFD9DF8231067
:1006D000BBE0D2F88012C9B221B1D2F88012C9B2FF
:1006E0008B42C3D1B2F8801263F30701A2F88012E3
:1006F000A568AB7D012B06D16069FFF77BFDA36880
:1007000002229A7583E7B5F8541061B9284632F091
:100710005CFDE06833F034FE6069FFF76BFD204656
:10072000FFF722FF4CE72046FFF76AFDC5F8B0024D
:10073000F5E7A36801225A7597E0A068D0F87C32EB
:100740009B0740F19280012132F03FFDA068857D3A
:10075000002D40F08A80B0F85430FF2B00F08580E7
:10076000B0F8562000F15C0100F5AE7041F021FFB9
:10077000A368B3F8562013441BA983F85C51A26800
:10078000142302F5AE720BA832F06AFF0B991429FC
:100790006BD830AB03EB810343F8545CA368B3F828
:1007A0005620002A00F06782134493F85B30202B18
:1007B00000F0658221B1093B042B4BD9012948D1B6
:1007C00000250A950A9B30AA02EB8303002653F802
:1007D00054AC504632F0DCFCB34681463746B04656
:1007E00016AA4146284600F08BFB0346002840D15C
:1007F000012E67D10A9B30AA02EB830353F8540CF5
:1008000032F0C6FCA268064618323946284600F087
:1008100077FB0568284632F0BBFC864205D0821B78
:1008200092B2A919204633F0CFFAA068B0F856303A
:10083000034493F85C30202B33D0093B042B30D990
:10084000D0F87C32DF0731D42021204600F068FD4B
:100850000BE0013900200CAB009301900AAB1BAAFE
:1008600033F000F805460028ACD1606932F051FE43
:10087000A6E61B6803934A465146184641F003FF1B
:1008800060B9039B1846FBF707FE584538BF58462A
:100890001FFA80FB002E08BF4746013608F1010809
:1008A0009EE70121204633F02AF9DEE7002132F0ED
:1008B00097FC2021204600F033FDA068012132F092
:1008C0008FFCD2E70490D0D90A9A30AB03EB8202B6
:1008D000B94652F8543C0393184632F059FCA268CA
:1008E000049B0690A2F840300496A268494618324C
:1008F000284600F005FB039BD0F800A0D4F8088040
:1009000009F10109002B38D0BAF1000F38D0069A4E
:100910001946504641F0B7FE0028E6D19B4832F018
:1009200037FCB8F83A2000EB0B0189B2121A504696
:1009300092FBF1F292B20591079232F029FC0599EF
:10094000079A091A8BB2B8F840100593481CA8F80A
:100950004000B1FBF2F002FB101189B200295ED118
:100960008A4B8B4ACDF800A00621204633F0E5F9EA
:100970000599204600F072FB05E0BAF1000FCDD1D9
:100980000023A8F84030049B013B0493ADD160697B
:10099000FFF730FC204600F0FBFC0A9B30AA02EB7C
:1009A000830307F1010953F8540C32F0F1FB394687
:1009B00011AA8046284600F0A3FA0746A0683968C5
:1009C000FF2200F5AE7041F070FE3B6803934FF6D6
:1009D000FF77BA4616AA4946284609F1010B00F0EE
:1009E0008FFA18B3A168036801F25B11002211F8B5
:1009F00001EF985C704503D110B101325245F6D138
:100A0000B8F1000F01D0424507DBBA4206F1FF36CC
:100A1000A8BF3A46012E97B208D0D946DAE75D4A18
:100A200053460621204633F088F9A1E7002F3FF412
:100A30001CAF0399A7EB080292B24144204633F061
:100A4000C3F912E7A068D0F87C329E077FF50DAF9E
:100A5000012132F0BAFB204633F0D7F905E7A06850
:100A6000D0F87C329D077FF500AF012132F0ADFB5D
:100A7000A368D3F87C321807EDD4204633F0A6F9EA
:100A8000F3E6204633F0B3F8EFE6204633F0A6F85D
:100A9000204632F0E9FF10B96069FFF7ABFBA068B0
:100AA000012132F092FBA3689A7D012A02D1032230
:100AB0009A75DAE62046FFF757FDD6E6204633F072
:100AC0009FF8D2E6204633F0A6F8CEE6D2F87C3284
:100AD0009F0603D53049606932F04DFBA368D3F817
:100AE0007C329E0603D52D49606932F044FB2046D6
:100AF00000F04EFCB9E600212046FFF7DDFCB4E62D
:100B00000121F9E7E06983681B79012B02D133F0F9
:100B10009FFAAAE6022B7FF4A8AE126D214633F0AD
:100B200080FAA2E6204633F052F8204632F0FAFA74
:100B30000121A06832F049FBA368D3F87C329D06FE
:100B40007FF593AE1649606932F015FB8DE62046BD
:100B500000F014FBA068012132F037FB85E65B2B27
:100B600002D10223537580E6D2F87C22900706D585
:100B7000622B07D14FF0FF31204632F0E9FFA36826
:100B80000022D8E5662BFAD10121F5E780BE0500E9
:100B9000D5730500656E0500053705000A370500A9
:100BA0000037050000215175A268D2F87C12890730
:100BB0007FF506AD313B1B2B3FF657AE01A151F837
:100BC00023F000BF410C01004D0C0100610C01003D
:100BD000350C01006B0801006B0801006B08010077
:100BE0006B0801006B0801006B0801006B08010035
:100BF0006B0801006B0801006B0801006B08010025
:100C00006B080100010B0100F70A0100BD0A010099
:100C1000830A01006B080100390C01006B08010018
:100C2000450C01006B0801006B0801006B08010016
:100C3000510C010003235375204632F0CFFF14E618
:100C400003235375204632F0C2FF0EE6032353758B
:100C5000A068D0F87C1201F0010181F001012EE6BC
:100C600003235375A368D3F87C329B077FF5FDAD52
:100C700003E7002376E700297FF4A0ADA0E5002973
:100C80007FF4E8AD9CE500BFF7B5044680681546E3
:100C900000F52070002937D04FF4804132F04DFA32
:100CA000A3681D656068036800219B68984780BB46
:100CB000204632F011FB60BB4FF0FF364FF0FF379C
:100CC000A06800F5217000220721CDE900673CF003
:100CD000A3FEA06832F066FA0F4A0421204632F0E3
:100CE000DFFA0E4A0121204632F0DAFA20460C4A99
:100CF000022132F0D5FA606803685B6903B1984756
:100D0000A06832F04BFADBE76FF4804132F024FA4E
:100D1000C6E703B0F0BD00BFA10101006F320400BF
:100D2000FF31040010B50B49044632F064FB204645
:100D3000094932F060FB2046084932F05CFB20464E
:100D4000074932F058FB2046064A002100F062FBBA
:100D5000002010BDDB7305001974050078740500D0
:100D6000CC74050067750500F8B516460A4621499A
:100D700004461F4632F03FFB0025AF420ED9725D9C
:100D80001D49204632F037FB0135102D0BD06A0784
:100D9000F3D11A49204632F02EFBEEE718492046DF
:100DA00032F029FBF0E71749204632F024FB0025FA
:100DB000BD4213D2725D1449A2F120035F2B28BFFC
:100DC0002E22204632F017FB0135102D0BD06B0779
:100DD000EED10A49204632F00EFBE9E707492046EA
:100DE00032F009FBF0E720460849BDE8F84032F050
:100DF00002BB00BF7D7505001E6805005006060099
:100E00007FBE050024680500A475050084750500F3
:100E10002DE9F04104468068D0F8AC6288B088467D
:100E200015461F46002E50D14FF42D72314641F029
:100E3000E7FBA06800F521703CF0E1FDA06800F53B
:100E40002570012211463CF0A5F8A3691E60A06838
:100E50004FF4007100F5207032F06FF9A368502252
:100E60005A87A36818221A872168204632F005FBAA
:100E7000A368174A66F38205C3F87C52606803686A
:100E800041461D682346A8470546D0B9A3680122FC
:100E90001A75D4E90A0100220023CDE906230E23A6
:100EA00003930E9B0495CDE901730094094B4FF415
:100EB000006227F0F3FEA368C3F8AC02616A27F072
:100EC00015FE284608B0BDE8F0816FF07705F8E719
:100ED0005B320400890C010010B5044613460A4633
:100EE0000146064801F0FEFB23691B7923B1204629
:100EF000BDE8104032F00DBB10BD00BF2B35040023
:100F000038B50B46154648B91449154A521AB3EB81
:100F1000920F05D251F82350284638BD84680CB989
:100F20000025F9E70F4A94420AD30F4A944207D2A8
:100F300018462268294690472B68002BECD1EFE732
:100F40000A4A944202D30A4A944205D324681422DE
:100F50005343E518E358F0E70133F8E7BC320500E6
:100F6000EC320500C0360500D4360500EC32050031
:100F7000C0360500F7B5054601F026FA0E4F0023EE
:100F80000646C351144628460A4601A92FF060F9C7
:100F9000F359222B05D16FF021032360002003B009
:100FA000F0BD2BB9019BAB4202D01B78002BF6D0D1
:100FB0006FF01503F1E700BF0C000000F7B50378F0
:100FC0002D2B0446154605D16FF015032B6000202C
:100FD00003B0F0BD01F0F8F90B4F00230646C351F2
:100FE0000A46204601A92FF037FAF359222B02D1E5
:100FF0006FF02103EAE7002BE6D1019BA342E3D087
:101000001B78002BE4D0DFE70C0000008368D3F8E6
:101010007C329B0603D50249406932F006BD704719
:1010200010370500014932F000BD00BF630706001C
:101030000A1E0DDC0ED042238168D1F87C1289068D
:1010400008D5002A04494069B8BF524232F0EDBCCD
:101050004123F1E7704700BFA07505000A1E0DDCB3
:101060000ED044238168D1F87C12890608D5002A65
:1010700004494069B8BF524232F0D7BC4323F1E77C
:10108000704700BFA07505002DE9F047846805464C
:1010900004F15C00FBF700FA002294F83C8087B270
:1010A0009146668FA6EB0806BE4209DB002F21DDC4
:1010B0005C32686910492244BDE8F04732F0B5BCA3
:1010C000164434445C3294F85CA084F85C90AB68BD
:1010D0000A4968691A4432F0A8FCAB6833443246C6
:1010E00083F85CA0AC68638FA3EB0803FF1A4FF092
:1010F0000008D6E7BDE8F087656E0500F4B5050089
:1011000008290A4617D8836893F83E10914212D0F6
:1011100083F83E208368082AD3F87C3205D09906EC
:1011200009D50549406932F080BC9B0603D50349C7
:10113000406932F07ABC7047A77505001537050085
:1011400038B50D4609780446FFF7DAFF6A78072AB2
:1011500011D8A36893F83F1091420CD083F83F2038
:10116000A368D3F87C329B0605D560690249BDE8C7
:10117000384032F05ABC38BDB0750500F8B5836808
:10118000B3F854200446002A55D0B3F8561000296D
:1011900051D05B3103F15C050B441846A84206D3DD
:1011A000014611F80169202E3CD0A8423CD286B2FB
:1011B0009DB2AB1B9BB2591C471CD21A0144384646
:1011C00041F005FAA268B2F85430711B13FA81F3AA
:1011D000A2F85430A368B3F854201344002283F8D3
:1011E0005C2009B2204632F08AFCA368D3F87C3236
:1011F0009A0603D51049606932F017FC3B460F4A46
:101200000821204632F099FD2046FFF7FFFEA36833
:10121000D3F87C329B060ED560690949BDE8F840D9
:1012200032F003BC0846B9E7014611F80169202EE7
:10123000BDD00846B9E7F8BD1A370500656E050050
:101240001E3705002DE9F04704460F4690460AB1C7
:10125000FFF7DCFEA668D6F87C32B6F856505B077E
:1012600023D505F15C003044FBF716F90546B5B906
:10127000A368B3F85420A3F85620A06832F0E2FB2C
:1012800030B1B8F1000F00D017B16069FFF7CAFEA6
:101290007942204609B2BDE8F04732F030BC1D4922
:1012A000606932F0C2FB013DE1E73046FBF7F4F83C
:1012B000B6F85490738F19FA80F915FA80F0B0FBE4
:1012C000F3F2B9FBF3F39A42AA461AD04845A36851
:1012D000CEDA5A8FB0FBF2F302FB1303451C13B9AD
:1012E0006069FFF79FFEA3680B4A5344204693F8BA
:1012F0005C300AF10106082132F01FFDB246284693
:10130000E4E75C35054A73190821204632F015FDE3
:10131000AEE700BF68080600A4750500656E05000D
:1013200013B583688DF80710D3F87C220446D007E4
:1013300025D5B3F85610B3F854208A421FD0481C64
:10134000A3F856000B449DF8072083F85C20A3689F
:10135000D3F87C12890710D5D3F87C3260690B4929
:1013600013F0040F18BF2A2232F05FFB204632F040
:101370007BFB10B16069FFF755FE02B010BD012282
:101380000DF10701204632F0E5FCF6E7A4750500F3
:1013900010B583689A7D04461AB9094A022132F0D1
:1013A000CCFCA368D3F87C329B0707D52046FFF717
:1013B0006BFE2046BDE8104032F07CBB10BD00BF84
:1013C000656E0500014932F0C7BE00BF6307060025
:1013D000F8B50F465168054616461C4611B11A4627
:1013E00032F0C7FEB3688BB121462846FFF736FEC0
:1013F000074A08213B46284632F09FFCB168E21DAF
:1014000021B12846BDE8F84032F0B3BEF8BD00BFB8
:10141000B97505002DE9F0430E46002189B0044658
:1014200017460D4603AA304601F10108FFF768FD93
:1014300088B96DB127B13A460821204632F07DFCCB
:10144000002103AA304601F10108FFF759FD60B9F8
:1014500009B0BDE8F083006810B1FBF71DF880B259
:10146000854238BF05464146DCE7D0F80090B9F127
:10147000000F0FD099F8003063B14768124B134A40
:10148000CDE900590821204632F057FC27B96069A0
:10149000FFF798FF4146D4E70B4B0D4A2046082141
:1014A00032F04BFC384632F045FEAB1D9BB228B102
:1014B0003A4649462046FFF78BFFEBE71A46394686
:1014C000204632F056FEE5E7670D0600C4750500BC
:1014D00019680500F7B50F6805460E46D7B13846BE
:1014E000FAF7DAFF84B2114B009308213B462846F5
:1014F0000F4A32F022FC7168084632F01BFEE31CF2
:101500009BB248B10A463168284603B0BDE8F040B6
:10151000FFF75EBF3C46E6E731B11A46284603B006
:10152000BDE8F04032F025BE03B0F0BD630D06000B
:10153000D673050010B507490446FAF79BFF38B18A
:1015400005492046FAF796FFB0FA80F0400910BD31
:101550000120FCE7CB750500CE75050010B583684A
:10156000D3F87C329B06044603D50649406932F025
:101570006CFEA36850225A87A36818221A8700209D
:1015800010BD00BF2237050008B5836902491A68FB
:1015900031F031FF002008BDD5750500F7B50C49C5
:1015A0000C4C0D4E054631F026FF0022B44202F1EC
:1015B000010702D3002003B0F0BD636A0093A36863
:1015C000064992B2284631F016FF30343A46EDE72C
:1015D000E57505008C320500BC320500FD7505007F
:1015E00008B5024931F049FF002008BDE5090600B1
:1015F00037B504460025A268E0680DF1060302F540
:10160000AE72012132F0BFFEBDF80600A36840B102
:101610002A46064903F5AE73204631F0ECFE01354B
:10162000E9E783F85C0103B030BD00BF0E7605002A
:1016300010B5044631F05AFF03490246204631F006
:10164000DAFE002010BD00BF55BA0500022907B51B
:101650000BD15368009312680B4B0C4931F0E7FE35
:101660006FF0150003B05DF804FB8368084AD3F8F7
:101670007C32084913F0020F074B18BF1A4631F0AD
:10168000BAFE0020EEE700BF1C76050031760500AB
:10169000187605003A7605007702060010B58368D3
:1016A000D3F87C329A06044603D50749406932F0E4
:1016B000CCFDA368D3F87C329B0603D5034960694F
:1016C00032F0C3FD002010BD293705002E3705007C
:1016D000F0B5012985B004460BD053680093126819
:1016E0005B4B5C4931F0A3FE6FF01505284605B051
:1016F000F0BD8368D3F87C329A0603D55649406919
:1017000032F0A3FD6FF0F9012046FFF791FCFA21BA
:101710002046FFF7A3FCA06800254FF480722946FD
:1017200000F5AE708DF80B5040F06AFF4B496069D0
:1017300032F08BFD606931F0ECFE4FF47A76606830
:10174000036801221F690DF10B0103ABB847039B2E
:1017500053B9013E4FF47A70B6B23BF0EFF9002E68
:10176000EDD16FF0850535E09DF80B20A3681B2AAD
:1017700061D093F85C111B29E1D1522A5BD15A192F
:10178000002382F85C31A66896F85D215B2A39D186
:1017900006F25D15022015F8011F02463B2900F1F3
:1017A000010080B231D1FF2ADBD002F5AE7216FA09
:1017B00082F1002211F8015F002D30D186F85C51D2
:1017C000FA2AA16828BFFA224A87A268FA2B28BF02
:1017D000FA231387A368D3F87C329B0603D52049EC
:1017E000606932F032FD002D80D0A3681D4950227F
:1017F0005A87A36818221A87204631F00AFE6FF034
:10180000070573E786F85C31ABE703EB83033039F8
:1018100001EB4301B0F5807F8BB2BCD1A1E7013071
:1018200002EB820280B2303D05EB4205B0F5807FCD
:10183000AAB2BFD195E72B440135ADB2092D83F88B
:101840005C217FF67CAFA368002283F85C2188E7E7
:101850001C76050031760500343705006A0D060058
:10186000383705004B7605002DE9F04F074689B063
:101870001546894621B1104632F000FE00285BD1A2
:10188000032455E05C463CE029460AF5AE7040F082
:1018900052FF0646002854D0FAF7FEFD82B2601CC3
:1018A00001323146304440F092FE224659463046DD
:1018B00040F07FFE4FF020033355BAF85830013323
:1018C0001C44AAF8584008F10108002401994B1C57
:1018D00003AA48460193FFF713FB0646E8B13168B7
:1018E0000022284632F06FFE0028EFD1D6F800B073
:1018F000D7F808A0BBF1000FC4D05846FAF7CCFDCA
:1019000084B2BAF858302344FF2BBDDD0E4A2B4673
:101910000321384632F011FA0124B8F1000F07D044
:10192000B8682A4600F1580100F5AE7031F048FF62
:10193000204609B0BDE8F08F4FF000084146022470
:10194000C5E70224E9E700BF297B050008B5034885
:10195000034A0021121A32F0D6FD08BD682B002080
:10196000B0D001200748084A084908B5121A32F0D9
:10197000CCFD0748074A0849BDE80840121A32F072
:10198000C4BD00BF00000020642B0020D01706005B
:101990000000002000000020D01706002DE9F843C9
:1019A000054600AF0C46002948D0DFF8B890D9F8BA
:1019B00000305A0742D06E468AB0D1E90001A368D0
:1019C0006A46DFF8A4C04FF00508CDE905C0CDE9AF
:1019D000071342F8108F00234FF421514846FDF7BA
:1019E00035FAD9F800305B07B54627D08AB0D4E97C
:1019F000030163696A46DFF874C0CDE90713CDE9D6
:101A000005C042F8108F002348464FF42151FDF7DE
:101A10001DFAD9F800305807B5460FD0E369012107
:101A2000134A484631F07BFAD9F80030590705D0FF
:101A3000A369104A0121484631F071FA012D0AD1FB
:101A4000EFF3058307480268520704D00A4A103BA7
:101A5000294631F064FA2146284626F06FF9BD4642
:101A6000BDE8F8834C2500207B7B0500AA7B0500A0
:101A7000D97B0500E87B0500167C050030BFFFF729
:101A8000FDBF00BF2DE9F0410B4EDFF8308006EBC3
:101A90000807CC1B054632460949204640F089FD1F
:101AA000A01942460021083C40F0AAFDC5F8C040FC
:101AB00007F10800BDE8F081000000000800000008
:101AC000D436050010B52D4C23685A0703D02C4995
:101AD000204632F027FD2B4B9B6A9B014BD5236898
:101AE000580703D02849254832F01CFD1E20254BFD
:101AF0009B6AD90107D523685A0703D023491F4899
:101B000032F010FD1F201F4B9B6A1B0307D5236873
:101B1000580703D01E49194832F004FD2120194B03
:101B20009B6A590307D523685A0703D019491348FC
:101B300032F0F8FC2220134B9B6A9B0307D52368E5
:101B4000590703D014490D4832F0ECFC23200D4B0B
:101B50009B6ADA0307D523685B0703D00F49074860
:101B600032F0E0FC2420074A936A6FEA03436FEAED
:101B70001343936210BD1D20B9E700BF4C25002020
:101B8000297C050000ED00E0417C0500547C050047
:101B90006E7C05008C7C0500B17C0500CB7C0500CB
:101BA000F8B5374C23685B0706460D4603D0354928
:101BB000204632F0B7FC344B9B6ADF0451D52368D2
:101BC000580703D031492E4832F0ACFC17202E4B79
:101BD0009B6A190507D523685A0703D02C49284862
:101BE00032F0A0FC1820284FBB6A9B0519D523684A
:101BF000580703D02749224832F094FCBB6BBA6ADD
:101C000011040DD52268520704D0234A1C48012133
:101C100031F085F926B11C4A936A23F4004393629C
:101C20001920194B9B6A5B0507D523685F0703D012
:101C30001A49134832F076FC1A20134B9A6AD605DB
:101C400011D52368590703D015490D4832F06AFCB5
:101C50001B200D4A936A43F47F43936200232B7049
:101C6000F8BD1620B3E79B6A9A04F2D523685B0798
:101C700003D00C49024832F055FC1C20E9E700BFB4
:101C80004C250020F67C050000ED00E00C7D0500F1
:101C90001D7D0500307D0500497D05005E7D050048
:101CA000797D0500917D05002DE9F047454D2B68B4
:101CB000894659078046174603D04349284632F0E3
:101CC00031FC424B9B6ADA0639D52B685B0703D09F
:101CD0003F493C4832F026FC11243C4B9B6A1E07CE
:101CE00007D52B68580703D03A49364832F01AFC1A
:101CF0001224DFF8D8A0DAF82830990721D52B680C
:101D00005A0703D034492F4832F00CFCDAF834601B
:101D1000DAF828301B0651D52B685C0705D02F4A0E
:101D200028483346012131F0FAF8B9F1000F04D008
:101D3000264A936A23F080039362132403E010245D
:101D4000CBE76FF01506214B9B6AD80707D52B68A8
:101D5000590703D022491B4832F0E4FB14241B4BE3
:101D60009B6A9A0607D52B685B0703D01D49154867
:101D700032F0D8FB1524154B9A6AD50602D49A6A1C
:101D800090070AD55B68190507D54146304600F033
:101D900059FA10B180F3098802240C4B9A6A920612
:101DA00042BF5A6A22F400525A629A6A42F0FF0213
:101DB0009A6200233B702046BDE8F0876FF015065D
:101DC000BBE700BF4C250020C07D050000ED00E012
:101DD000D67D05001D7D0500097E0500217E0500DC
:101DE000377E0500917D05002DE9F041764B8AB0E4
:101DF000D3F8048000AF0446C8F30806002585F335
:101E00001188BFF36F8F02F07F43B3F17F4F0AD188
:101E100002F00C03082B15D16C480368590702D057
:101E20006B4932F07FFB00252C460023FB71F31E2B
:101E3000092B00F2A480DFE803F00A959891A2A292
:101E4000A2A2A29B12074CBF0C460125EDE75F4EF4
:101E500033685B0703D05F49304632F063FB0023F1
:101E6000FB71594BDA6A900708D53368590703D0DC
:101E70005949564832F056FB002337E0DA6A002A07
:101E800004DA33685A07F7D05449F2E7DB6A5B009B
:101E9000F2D53368580703D051494C4832F042FB21
:101EA000494BA1695A6942F480725A61BFF34F8F5E
:101EB000BFF36F8F31F8022C596921F48071596199
:101EC000BFF34F8FBFF36F8F02F47F41B1F55F4FC8
:101ED0002ED1D2B2022A2BD13368590705D02368FC
:101EE000404A3A48012131F01AF82368FA79DAB900
:101EF00007F1080604F1200C20686168324603C22D
:101F0000083464451646F7D17A6A002D58D0C2F3DA
:101F1000080121B96FEA52226FEA42227A6207F180
:101F200008011846FFF73AFD2837BD46BDE8F081A5
:101F30009A6AD2B22AB1FA1D01212046FFF7B4FEF7
:101F40000EE09A6A12F47F4F04D0F91D0120FFF7CA
:101F500027FE05E09B6AB3F5803F8DD3FFF7B2FD06
:101F60000346C3E7FA1D0021E7E7F91D0020EEE76D
:101F7000164803685A073FF47FAF1B497AE71348B6
:101F800003685B073FF478AF184A194B18F4F87FE1
:101F9000E8468AB008BF13466A461649CDE90513DC
:101FA0004FF40073ADF82030103E134B079642F803
:101FB000103F00234FF41151FCF748FFC5465BE783
:101FC0006FF30802AAE700BF00ED00E04C250020F7
:101FD000847E0500AF7E0500C67E0500E77E050015
:101FE000F57E0500147F0500307F0500567E050054
:101FF0006B7E0500547F050004000001044B5A6904
:1020000042F010025A615A6922F008025A61704780
:1020100000ED00E0EFF30880EFF3098101B57246AF
:10202000FFF7E2FE01BD00BF002080F31488BFF37C
:102030006F8F134880F3088822F062F8002011495E
:102040000860BFF34F8F00F033F8202080F3118831
:102050000D484FF0AA014FF4046232F054FA0A48D6
:102060004FF40461401880F30988EFF314800221D3
:10207000084380F31488BFF36F8F00F0B3F80000BB
:102080008036022094ED00E0C02002200749D1F8FC
:1020900090200023C2F307221846934200DB7047CA
:1020A000C1F89830C1F8A0000133F6E700ED00E078
:1020B00008B572B6002383F31388FFF7E7FF144BCC
:1020C0004FF0FF32C3F88020C3F88420C3F8882083
:1020D000C3F88C20C3F89020C3F89420C3F898204C
:1020E000C3F89C20C3F88021C3F88421C3F8882159
:1020F000C3F88C21C3F89021C3F89421C3F8982128
:10210000C3F89C2162B6BFF34F8FBFF36F8F08BD3A
:1021100000E100E01EF0040F0CBFEFF30880EFF3C6
:102120000980816911F8021C0229FFD001B57246AD
:1021300032F0EDF901BD00BF40B2002807DB044AD0
:102140004109012300F01F00834042F8213070470D
:1021500000E100E040B200280CDB4309064900F032
:102160001F0020330122824041F82320BFF34F8F0C
:10217000BFF36F8F704700BF00E100E0054B4209DD
:1021800000F01F0053F82220012303FA00F0104052
:10219000704700BF00E100E040B20028A8BF00F196
:1021A000604001F10101B8BF064B4FEA4111ACBFDD
:1021B00000F5614000F00F00C9B2B4BF195480F8B7
:1021C0000013704714ED00E0044B054A23F07F0331
:1021D0009360BFF34F8FBFF36F8F704700C2000053
:1021E00000ED00E008B5FFF7EFFF074AD2F88830AE
:1021F00023F47003C2F88830FFF7A8FBFFF7B2FBA7
:1022000000F0C4F825F0E2FE00ED00E042F8203CCA
:10221000009B42F81C3C0A49019B42F8183C029B77
:1022200042F8143C21F001014FF0807342F8043C65
:1022300042F8081C0023203A0266C0F8C4307047F8
:10224000D9DA00000A4A0346906878B113F1160FF4
:10225000D0F8B00005D0A0F14002934205D38342EC
:1022600003D2814228BF002070470020704700BF82
:102270008876002008B50F4B98600F4B0446154632
:10228000D0F8C0201A600E4626F034FD204600F03B
:10229000ADF82C4686F309880020044B9847204669
:1022A000002100220023024C204700003B4504008F
:1022B000D9DA000088760020087C0020014B10222B
:1022C0001A61704700ED00E0054BDA699B689A429D
:1022D0001FBF044A536843F080535360704700BFE8
:1022E0008876002000ED00E0084B9B6883420BD10C
:1022F000EFF3058343B1064B5A6842F080525A60AF
:102300005A6A22F400425A6226F0CABF8876002038
:1023100000ED00E001B53AF082FFBDE80140184948
:102320008A684FF040001044EFF3098C80E8F01FFA
:10233000202080F31288BFF36F8F124F4FF000669A
:10234000CA698A603E60D2F8C0000F4C2060D2F8A3
:10235000C4000023C2F8C43080F3118804B51046CD
:1023600000F044F8BDE8044002F1400090E8F01F9E
:102370008CF3098801B526F0BDFCBDE8014070472B
:102380008876002004ED00E0087C0020044800234B
:102390002021C2180133302B82F80013F9D1704785
:1023A00000E100E008B5EFF30583064A103B02EBBD
:1023B000C30152F8330049688847BDE80840FFF779
:1023C00083BF00BFE82C050001480068704700008B
:1023D000087C0020024B034A0348012100F092B818
:1023E0000000042000000020FC3E0500D0F8B030C2
:1023F000054A403B1360054B4021C2E901131046DA
:10240000012100F089B800BF0C7C002000000B15F2
:1024100008B503461148D0F89020C2F30722013ACC
:1024200093420AD90E480268520703D00D4A01218F
:1024300030F075FD6FF0150008BDC0F898300A68DF
:1024400022F01F021A4342F01002C0F89C208A6852
:1024500042F00102C0F8A0201846EDE700ED00E0D0
:10246000BC2400206B7F0500F0B50E4685B01F46EA
:1024700004460025B54210DA606828B3AFB1431EA8
:1024800018420DD0124803685B0704D0114A2B464E
:10249000012130F044FD6FF01502104605B0F0BD8B
:1024A0001F28EFD921680B42ECD12368019332F049
:1024B00067F8A36801A90343D0B20393FFF7A8FF0D
:1024C00010F1160FE7D0421C01350C34D2E700BFE3
:1024D000BC240020917F0500044B0522C3F8942002
:1024E000BFF34F8FBFF36F8F704700BF00ED00E069
:1024F000BFF35F8F024B0022C3F89420704700BFE8
:1025000000ED00E010B5034C01232278FFF7ACFF8B
:10251000207010BD79E0002008B50B4A0023127826
:10252000FFF7A2FF10F1160F07D0084A0021D2F8DA
:102530009030C3F30723984200DB08BDC2F898002F
:10254000C2F8A0100130F2E779E0002000ED00E0D1
:102550002DE9F0435D485E49D0F890300C68C3F334
:1025600007239C4285B000F2AE80FFF7C1FF4968A7
:102570000022944201F10C011AD1564F564D3C7085
:102580006846FCF7E5FE554C554E81464FF0000875
:10259000C14520D13B784D490020D1F89020C2F3AD
:1025A00007229342C0F28980FFF796FF002050E097
:1025B000C0F8982051F80C3C23F01F03134343F05C
:1025C0001003C0F89C3051F8043C43F00103C0F8FC
:1025D000A0300132CDE7009800EB08114FEA081C4B
:1025E000CB682340B3F5000F49D00BD8B3F5001FDB
:1025F00032D0B3F5800F37D0B3F5801F14D008F177
:102600000108C5E7B3F1007F42D0B3F1805F48D045
:10261000B3F1807FF3D150F80C3088684A6831F00C
:10262000AFFF40F0887009E050F80C3088684A68C5
:1026300031F0A6FF40F0885040F43020039001A90B
:102640003878CDE90123FFF7E3FE002831DA6FF097
:10265000150005B0BDE8F08350F80C3088684A6872
:1026600031F08EFF3043E9E750F80C3088684A6853
:1026700031F086FF40F0C06040F40030DEE750F8F3
:102680000C3088684A6831F07BFF40F08270D5E7F3
:1026900050F80C3088684A6831F072FF40F48020AE
:1026A000CCE750F80C3088684A6831F069FF28435D
:1026B000C4E73B7801333B70A1E7C1F89830C1F81B
:1026C000A000013369E74FF0FF30C2E700ED00E002
:1026D000083F050079E00020000002110000F0FF33
:1026E00000000811F0B587B007460E4614460021D9
:1026F000102268461D463FF083FF02238DF802300A
:102700002A46054B019321466846CDE904762EF012
:1027100025F807B0F0BD00BFA145040008B5024888
:102720002DF04CFDFEE700BFC67F050008B5024B4B
:102730001B689847002008BD187C0020034B044A02
:102740001860937843F0020393707047187C002060
:102750008007002008B50649064821F00701C1F1AD
:10276000005202F580222FF080F9002008BD00BF42
:10277000834D03201C7C002003484FF0FF324FF0B4
:10278000FF3325F0CBBD00BF90070020014825F0A6
:1027900037BE00BF9007002038B50546FFF7ECFFB5
:1027A00008482A4608212FF0EFF8044628B925B139
:1027B000FFF70AFE044B0C221A50FFF7E7FF2046F2
:1027C00038BD00BF1C7C00200C00000010B5044682
:1027D000FFF7D2FF21460348FAF7BCFCBDE81040E2
:1027E000FFF7D4BF1C7C002070B5A0FB015434B9A6
:1027F0002846FFF7D1FF064640B9304670BDFFF7C7
:10280000E3FD054B0C221A500026F6E72A46214626
:102810003FF0F6FEF1E700BF0C0000002DE9F04F9D
:1028200091B01D461A9B06460C469346002B00F0BD
:102830004B82B146294619F8010B31F0BCFE024625
:10284000207831F0B8FE3F2A07465FFA80F821D0A1
:1028500006DC92B12A2A32D0D2B242452DD01EE0F7
:102860005B2A7DD05C2AF7D1EB07F6D4707831F083
:10287000A2FE06F10209C2B2EFE7E80602D5B8F1FE
:102880002F0F03D0B8F1000218BF0122104611B07B
:10289000BDE8F08F18B12F2803D1A9070DD501226B
:1028A000F4E72E2809D16A0707D55C45F7D0AB07B6
:1028B00003D514F8013C2F2BF1D001342CE07078B3
:1028C00031F079FEC1B22A2918D02E2F09D16F0715
:1028D00007D55C45E3D0AE0703D514F8013C2F2B98
:1028E000DDD079B915F00202D0D0ED0600F1EE810D
:1028F0002F2120463FF0BAFE021EC5E719F8010F4E
:102900002946DDE72F2909D1A80707D520463FF042
:10291000ADFE04460028C2D04E468AE71A9B05F059
:10292000020A5F1E2646B8F1000FB8D05A4600973B
:102930002B4621464846FFF771FF02460028A5D0E6
:102940003078294631F037FE2F2804F1010404D1F4
:10295000BAF1000FA3D12646E8E75FFA80F8E1E775
:1029600000289CD02F2848D1AA0798D47378212B0F
:1029700001D05E2B4FD1B31C059301232946384665
:10298000069331F018FEC3B20493A0F14103192B52
:10299000099394BF002301230F93A0F120035E2B22
:1029A00094BF002301230E93A0F16103192B089318
:1029B00094BF002301230D93A0F121035D2B0B9302
:1029C00094BF002301230C93A0F13003092B07933C
:1029D00094BF002301230A93059B0393064600221C
:1029E000039B1B785D2B1ED1059B03998B4222D242
:1029F000069B01F1010993425EE72E28B6D16B07D1
:102A0000B4D55C453FF44BAFA807AFD514F8013CF3
:102A10002F2BABD143E7CDF814900023AEE7012272
:102A2000CDF80CA0DCE7002B00F04C812F2B38D127
:102A3000A9073FF534AFDDF80CA029461AF8010BC1
:102A400031F0B9FD039949782D29C3B240F03481A2
:102A500003998978002900F02F815D2900F02C81ED
:102A600003985C2900F1020A04D1E9075CBF014622
:102A700001F1030A1AF8010B0393294631F09BFD7B
:102A8000002800F01F8115F0080F039B40F00E8115
:102A900004999942C0B2C3D3814298BF42F0010267
:102AA000BEE703995C2B497805D1EB07C3D4039BA0
:102AB00001330393BFE75B2BBDD13A29BBD1039B05
:102AC0000020991C03468A4611F801CBBCF1000F87
:102AD00046D17F497F4FBB4208BF884200F0DB8070
:102AE000814277EB03015AD37B49A7F510276FF496
:102AF000817C6744BB4208BF884200F0BA808142B3
:102B000077EB030137D37549A7F50037A7F50177B0
:102B1000BB4208BF884200F09A8001F1C16107F50D
:102B20007F4701F50031F137BB4208BF884200F012
:102B30009880DFF8ACC101F1E06101F50031634537
:102B400008BF88427FF477AF26F02003413B192B62
:102B50007FF665AF079B092B98BF42F001025FE744
:102B600011F802ECBEF15D0FB3D01B0243EA106313
:102B70004CEA0020A7E75B495B4FBB4208BF884295
:102B800000F08E8007F1E047584907F57437F637B3
:102B90008B4208BFB8427FF44EAF0C9B7CE0544997
:102BA000544FBB4208BF88426BD0814277EB030190
:102BB00029D35149A7F53F37A7F5FC77BB4208BF9A
:102BC00088426FD007F1C6474C4907F5713707F5C2
:102BD0007D778B4208BFB8427FF42DAF0B9B0E2B45
:102BE0007FF61DAFA6F13A03062B7FF618AFA6F1CC
:102BF0005B03052B7FF613AFA6F17B03032B98BF76
:102C000042F001020CE732493D4FBB4208BF884207
:102C10004AD007F1F04701F18061A7F588176FF4FA
:102C2000E16C01F500316744BB4208BF88427FF484
:102C300002AF079B092B7FF6F2AE099B052B7FF6AF
:102C4000EEAE089B052B98BF42F00102E8E6099B17
:102C5000192B7FF6E4AE089B192B98BF42F00102B6
:102C6000DEE6202E3FF4DBAE092E08BF42F0010263
:102C7000D6E61F2E7FF7D3AE7F2E08BF42F00102AB
:102C8000CEE6202E3FF4CBAEA6F10903042B98BF6D
:102C900042F00102C4E60D9B83F001031A43BFE634
:102CA0000A9BF9E70E9BF7E70F9BF5E7A0F14101BF
:102CB000192998BF2030EBE60499994208BF42F0E9
:102CC0000102ADE65B22C8E50322DFE50A46DDE549
:102CD0005D3A7265776F6C005D3A6C725D3A61685F
:102CE0006E6C61005D3A74696769640061726700C7
:102CF0005D3A6563617073005D3A746E6E75700065
:102D000070707500064B02681A60064B42681A60C4
:102D1000054B82681A60054B02691A60704700BF54
:102D2000307C00202C7C0020287C0020347C00207B
:102D300038B5084C002520463AF021F804F114007B
:102D400001353AF04CFA052D04F12404F3D10020AA
:102D500038BD00BF387C002038B5064D0024284619
:102D600001343AF03CFA052C05F10C05F7D10020AE
:102D700038BD00BFEC7C002038B5064D0024284645
:102D8000013439F0FCFF052C05F11405F7D10020C2
:102D900038BD00BF287D00200B4B0C4A30B51C46C7
:102DA0000025191BB1F5806F01D9002030BD506896
:102DB00003F1D801C3E93620016003F5807303F8FD
:102DC000045C5160EDE700BF10360020A40700202E
:102DD00070B54169867A0B4D044659B1437ADB07D9
:102DE00006D4302303FB06539B6A1B689B689847F5
:102DF000002363613020214600FB0650BDE870408F
:102E00003AF08BB8B0280020024B302202FB003091
:102E1000704700BFB0280020827A074B302101FBA9
:102E20000233DA6A93F822301B33801A23F003034B
:102E3000B0FBF3F0704700BFB028002038B5074B57
:102E4000827A302404FB02339B6AD3E901240C60AC
:102E50001568FFF7E1FF04FB005038BDB0280020E3
:102E60002DE9F04385B005466846039190461C461F
:102E70003AF0EAFBDDE90067EFF31189202383F3E1
:102E80001288BFF36F8F2B8C002B43D0EA8B9A42B2
:102E900025D900220023284625F002FB0446F0B184
:102EA00089F31188BFF36F8F039B002B43D0324609
:102EB0003B4668463AF0EDFBA27A274B302101FBF6
:102EC000023320469B6A1B6803A91D68DDE90023C5
:102ED000A847606180BB2046FFF77AFF26E0298C77
:102EE0004B1E2B8489F31188BFF36F8F95F8223026
:102EF000EA8BEC6A1B3323F00303521A02FB0344F0
:102F0000154B164AEB1A1B115343A37295F8223046
:102F1000E372C9E789F31188BFF36F8F23464246F6
:102F2000284625F0BDFA04460028BDD100242046DD
:102F300005B0BDE8F0836361012300252381039B75
:102F40006382E27A6560294604F118003FF058FB7D
:102F500063692582E360EAE7B0280020ABAAAAAA49
:102F6000F8B5124D0024302600B9F8BD00F1080272
:102F70004768BFF35B8F52E8003F591E42E8001CD0
:102F8000BCF1000FF7D1BFF35B8FDBB2012BECD1AB
:102F9000837AC46006FB035344605B6A13B19847AD
:102FA0003846E1E7FFF714FFFAE700BFB02800203A
:102FB00000B5FFF709FA034B16221A504FF0FF3005
:102FC0005DF804FB0C000000432800B508D9FFF7AA
:102FD000FBF9094B09221A504FF0FF305DF804FB52
:102FE00030235843054BBFF35B8F1B58BFF35B8FF8
:102FF000002BECD00020F1E70C000000C4070020FB
:1030000030B530231049434308330B44BFF35B8F83
:103010001A68BFF35B8FB2B1BFF35B8F541E53E8E6
:10302000005F954204D143E8004CBCF1000FF6D19B
:10303000BFF35B8FEAD1012A05D1302358430A1828
:1030400000230B50536030BDBC07002038B5044648
:103050001546FFF7B9FF01300BD0094A59B13023AB
:1030600003FB04235B688B4205D0FFF7ADF9054BEA
:103070001D50002038BD30235C431059FAE700BFD3
:10308000BC0700200C0000002DE9F041184E9046CE
:103090001F46002435463368984202D1736899422E
:1030A0000BD00134442C06F13006F4D1FFF78CF933
:1030B000104B17221A504FF0FF342046FFF784FFC1
:1030C000013012D0B8F1000F05D0302101FB0451BE
:1030D0000C31C8F8001017B90120BDE8F081302389
:1030E00003FB045520353D60F6E70020F5E700BFFF
:1030F000BC0700200C00000038B504461546FFF759
:1031000063FF01300DD0084A30236343D018406874
:10311000086015B10C3313442B6030235C43105905
:1031200038BD0020FCE700BFBC07002070B54FF0A1
:10313000FF331D484FF0FF3231F029FB1B4B0025B8
:10314000BFF35B8F1A68BFF35B8F82B10135442DEB
:1031500003F13003F4D1FFF737F9154B17221A505A
:103160004FF0FF35104831F014FB284670BD302475
:103170006C43BFF35B8F53E8000F013043E800015D
:103180000029F8D1BFF35B8F0A4E331932515A60D0
:103190009A6204F10C00304439F0F1FD04F1200092
:1031A00030443AF01CF8DDE7D4260020C4070020A4
:1031B0000C000000BC0700202DE9F0411646302429
:1031C0000F4A4443101911514660C362B6B1F36807
:1031D000A3B1FFF7F9F80B4F0C3450F8078013191F
:1031E000054640F20512304631F0C0FAB8F15F0FE3
:1031F00004D0EB595F2B08BF45F80780BDE8F0818C
:10320000BC0700200C0000002DE9F0410546FFF747
:10321000DBFE431C044621D03026DFF84C806E4391
:1032200006F10C0747444FF0FF324FF0FF333846AA
:1032300031F0ADFA08EB06035A68946844B1DB6AD2
:1032400058F8060013F4404F0BD02946A047044617
:10325000384631F09EFA2846FFF7D2FE2046BDE8F8
:10326000F081A047F3E700BFBC070020F0B5EFF303
:103270001184202383F31288BFF36F8F036BDD0764
:1032800007D4FFF7A1F8474B09221A504FF0FF303F
:1032900036E0B1F5817F46D008D803292DD0042926
:1032A00033D0FFF791F83F4B5F22EEE740F2031374
:1032B0009942F6D1D2E900329988CD070AD5D0E9F2
:1032C0000A152943D98818BF41F00101D980116836
:1032D000143111609988490723D5D0E90A51023584
:1032E00071F1FF31D98834BF0120002041EA80010B
:1032F000D98013681433136013E044F202001840BD
:1033000084F31188BFF36F8FF0BD126826490A421B
:1033100004D0FFF759F8234B1622B6E70B401343AE
:1033200003630020ECE7D2E900539168AA88D7072D
:103330001BD51A68914204D1FFF746F8194B0C22AD
:10334000A3E710611A68567B012767F305065673D9
:103350001E68B27B22F02002B2731E68F26822F46B
:10336000FE12F2601A6814321A60AA885607D8D57D
:103370001A689142E0D0103010611A68517B012028
:1033800060F30501517319688A7B22F020028A7369
:103390001968CA6822F4FE12CA601A6814321A60E8
:1033A000BFE700BF0C000000FDBFFFFF73B50023A7
:1033B000CDE90033054639F016FF044648B1FFF762
:1033C00003F81B4B0B221A504FF0FF34204602B07B
:1033D00070BD184901AB6A462846FFF755FEEFF36A
:1033E0001186202383F31288BFF36F8F2B6BDB07CB
:1033F0000ED4FEF7E9FF0E4B09221A504FF0FF34AE
:1034000086F31188BFF36F8F019825F005FBDDE788
:10341000094B0A4A0A48EB1ADB105A4301212EF0E5
:10342000AAFF00220023C5E90A232C63E8E700BFB6
:103430000C000000483F0500103B0020B76DDBB6D4
:103440007C1400202DE9F341072A1E464FF00003AB
:10345000CDE9003304460D460BD961B90E23FEF7C2
:10346000B3FF304A13504FF0FF34204602B0BDE89E
:10347000F0811623F3E7EFF311874FF0200888F36C
:103480001288BFF36F8F036B5B040ED5B047002823
:1034900046DA4342FEF798FF224A13504FF0FF34BA
:1034A00087F31188BFF36F8FDFE739F09CFE08B117
:1034B0000B23EFE71C4901AB6A462046FFF7E4FD0A
:1034C00087F31188BFF36F8FEFF3118788F31288AA
:1034D000BFF36F8F29462046B04710F10B0F02460D
:1034E0000FD0D8B1FEF770FF0E4B52421A504FF07A
:1034F000FF3487F31188BFF36F8F019825F066FAC8
:10350000B3E787F31188BFF36F8FDDE900104FF049
:10351000FF324FF0FF3325F0B9FAD5E70824E8E78A
:103520000824BDE70C000000483F0500014BFFF7F1
:1035300089BF00BF9B470400014BFFF783BF00BF5B
:10354000094804002DE9F34721F4804727F00207DA
:103550008046894657B1FEF737FF224B16221A5094
:103560004FF0FF35284602B0BDE8F0871E4801AA9B
:1035700001212EF09AFE002804DAFEF725FF194BF0
:103580000C22ECE7019CDFF864A038235C43FFF7D2
:10359000CDFD051E04EB0A0605DA019A1248012149
:1035A0002EF0E9FEDCE749F001031034C6E90A8792
:1035B0003363544420463AF0B8F930463AF0B5F94E
:1035C000B8F1000F03D03946304626F0BFFA00218B
:1035D000204626F0BBFA064A002331462846FFF76C
:1035E000EBFDBFE70C0000007C140020103B002026
:1035F000483F050037B500230D4609221349CDE9A0
:103600000033FFF723FD0446E0B1104901AB6A46E1
:10361000FFF73AFD00984FF0FF324FF0FF3324F0F0
:103620007DFE0B4B082229462046FFF70BFF044680
:10363000009824F0E5FE01344FF0FF3018BF002061
:1036400003B030BD4FF0FF30FAE700BF483F050040
:10365000094804002DE9F04FADF52F7DCDE90501B6
:1036600008A814461D4639F0EFFFDDE90823DDE91F
:10367000058B0027CDE902230EAB0B930497BA46C6
:103680000DF13409BBF1000F24D1BAF1000F71D054
:10369000B5F1FF3F08BFB4F1FF3F1FBF4FF47A728F
:1036A000A4FB024302FB0533E40B14BF44EA43448A
:1036B0004FF0FF34069B00930498059B01944FF450
:1036C0008272394631F0D0F8064630460DF52F7D2E
:1036D000BDE8F08FD8F80000002846DB4A460CA968
:1036E000FFF70AFD064600283FD0D9F800004FF04A
:1036F000FF324FF0FF3324F011FEAEAB01930BAB62
:1037000000930C9843464FF48172314631F0ACF887
:1037100010F1780F034615D10023002208A839F0D4
:1037200093FFDDE90834CDE9023400242546234621
:10373000D9F80000079324F063FE079B002B14DAEE
:103740005B4238E010F1120FF2D1049B33B90C9BAD
:103750000493374600234FF0010AE9E7304605F0AD
:1037600073F803460028F2D1F5E708F108080BF1D9
:10377000FF3B87E7DDE9022308A839F08AFFDDE98E
:1037800008450BAF22462B460DF1380839683848FA
:10379000A1EB080189104143404626F07FF900F172
:1037A0000B020B2A06D840F68103D34013F0010325
:1037B000049307D14342FEF707FE2E4A4FF0FF362F
:1037C000135082E7DDE905490025C7F800802E4641
:1037D0000DF1340A0DF1300BB9F1000F11D1002DAC
:1037E0003FF473AF002E3FF770AFDDE9022308A866
:1037F00039F04FFFDDE908452B4625432246C5D168
:1038000063E720684FF000030028E3802ADB52467C
:103810005946FFF771FC18B92023E380013621E0F7
:103820000790DAF800004FF0FF324FF0FF3324F03A
:1038300075FD00970799DBF80000234640F203125C
:1038400031F012F80790DAF8000024F0D9FD079B58
:1038500013F10B0F0AD0002B7FF472AFB4F90630CE
:10386000002BDBD1083409F1FF39B5E7049DF9E7F6
:10387000CDCCCCCC0C0000000C4B0122C3F8402571
:103880004FF080434FF08051C3F87825D1F83001D4
:10389000082805D1D1F83411022908BFC3F8382609
:1038A0000122C3F880250020704700BF00E00140DE
:1038B00048B1054B054A1B68B3FBF2F35843044B70
:1038C00043F0010318477047241D002040420F00B9
:1038D0008037050008B5054A054B136010463F23A5
:1038E000536020F0E3FC002008BD00BF907D002065
:1038F000FFFF0F0002460B46014824F00FBD00BF3A
:1039000010270020014824F07BBD00BF10270020B5
:103910002DE9F74F824608460F469046F8F7BCFD62
:103920004FF0FF3183464FF0FF30FFF7E3FF1B4BB3
:103930001C684FF000099C4208BF00245B684E469B
:103940005CB9FFF7DFFF36B3CAF80060B8F1000FCB
:103950001DD1002003B0BDE8F08FA569A94512D89C
:10396000AB4510D3012D03D97A5D2F2A00D052B96F
:10397000E16801932A4638463EF085FE019B002807
:1039800004BFA94626469C42DBD02468D8E7B36929
:10399000C8F80030DDE76FF00100DBE71C15002000
:1039A0002DE9F341054616460C4621B10B782F2B25
:1039B00001D14B7863B9414803685D0702D04049A3
:1039C00030F083FF6FF01504204602B0BDE8F081AF
:1039D0004268002A6CD101A8FFF79AFF48B1374826
:1039E00003685C0702D0374930F06FFF6FF00104C5
:1039F000EAE7019F97F82030990702D516F0120FD9
:103A000059D1FB691A68BAB116F0400819D0B2074B
:103A100009D42A4803685D0702D02B4930F055FFCE
:103A20006FF00C04D0E75B694BB9244803685C076E
:103A300002D0264930F049FF6FF08504C4E74FF00B
:103A400001086F60FB6921461B683246284698478B
:103A5000041E0ADA19480368590703D01C49224694
:103A600030F02EFF00236B60AEE72E72B8F1000F2E
:103A7000AAD0FB6900215B6928469847041EA3DA97
:103A80000E4E33685A0704D012492246304630F0B1
:103A900017FF019BDB69DB69002BE3D028469847C1
:103AA000021EDFDA33685B07DCD00B490348D7E737
:103AB0006FF00F0488E76FF01D0485E7A82400204D
:103AC0004D8005006180050079800500A780050014
:103AD000C7800500DC800500F880050038B5446823
:103AE00005466CB1E369DB697BB19847041E09DACE
:103AF000074803685B0703D00649224630F0E0FE22
:103B0000204638BD00236B60FAE76FF08504F7E7C5
:103B1000A82400202681050010B543687BB1DB692D
:103B20005B687BB19847041E07DA084803685B07A7
:103B300003D00749224630F0C3FE204610BD6FF087
:103B40000804FAE76FF08504F7E700BFA824002017
:103B50003C810500F7B50D46044610B103782F2BC4
:103B600009D02A4803685C0702D0294930F0ADFE2D
:103B70006FF015041CE0F8F78FFC0128064607D10A
:103B800042F601732B800023AB7000242C610FE000
:103B900001AA21466846FFF7BBFE074658B11B48FD
:103BA0000368590702D01B4930F08FFE6FF0010403
:103BB000204603B0F0BDDDE90032B61A012E0DD863
:103BC0002846012200F8012B9A69D9680C2A28BFDF
:103BD0000C2201313EF0EDFC6F73D6E7DA69166C0A
:103BE0008EB12A4621461846B047821C0446DDD0D5
:103BF0000028DDDA054803685B07D9D0064922466C
:103C000030F05EFED4E76FF08504D1E7A8240020F1
:103C100051810500618005006C810500F7B50646FD
:103C20000D461446124F384638F0ADFFE0B1BB6880
:103C3000AAB21B68314638469847002802DB0020AC
:103C400003B0F0BD002CFBD1AC42F8D22F1B042FE7
:103C500028BF042737F0E8FD3A46019001A9301942
:103C60003EF0A7FC3C44EFE76FF01200E8E700BF2E
:103C7000082C050038B5044625F048FA204630F0F7
:103C800036FEA06900B394F87030DA0711D51948F0
:103C9000036813F0060F03D0174A022130F025FE07
:103CA0006FF07705201D30F029FE25F043FA2846F5
:103CB00038BD38F068FF50B90E4803685B0703D081
:103CC0000E4A012130F011FE6FF01205EAE720469E
:103CD00000F0C8FF05460028E4D10146242204F183
:103CE0002C003EF08DFC94F8703043F0010384F812
:103CF0007030D7E7A82500208D810500B781050029
:103D000070B5044625F002FA204630F0F0FD94F834
:103D10007030DD0711D42D48036813F0060F03D06F
:103D20002B4A022130F0E1FD4FF0FF35201D30F02D
:103D3000E5FD25F0FFF9284670BD9807C3F3400163
:103D40000BD52248036813F0060F03D0214A022145
:103D500030F0CBFD6FF07705E8E7A06937F003F9A5
:103D60000646A06937F08FF9054640B11748036849
:103D70005A07DBD0184A012130F0B7FDD6E7E36FD0
:103D80004BB13146204630F038FF0546B8B1A06946
:103D900037F0A5F9CAE7A06937F01DF9E0670028F8
:103DA000EFD10A4803685B0703D00C4A012130F0C9
:103DB0009CFDA06937F093F96FF00B05B6E794F816
:103DC000703043F0020384F87030AFE7A82500207C
:103DD000DA81050000820500268205004282050086
:103DE00038B580210446806937F018F9054690B14E
:103DF0000146204601F07EFB044650B107480368A7
:103E00005B0703D0064A01212FF080F82846FFF710
:103E1000A7F8204638BD6FF00B04FAE7982500207C
:103E20007182050038B50446C06F30F000FC0546CD
:103E300030F0F4FB2046294601F05CFB044650B10B
:103E4000064803685B0703D0054A01212FF05EF89E
:103E50002846FFF785F8204638BD00BF982500208A
:103E6000948205002DE9F04190F82C3003F01F03F7
:103E7000012B04460F4600F12C062FD0022B18D040
:103E80008BB394F82D10204630F078FD024678B3BD
:103E9000304630F05DFE1D4D002834D113693BB330
:103EA0003A463146204698470346FEF78DFA2B5096
:103EB00024E0018EC9B201F0B5F905460028E0D032
:103EC000304630F045FE024668688368CAB99B6890
:103ED00073B13A463146BDE8F0411847018EC9B288
:103EE00030F0F4FEE9E790F82D1030F008FFE4E739
:103EF000FEF76AFA054B6FF085021A500020BDE804
:103F0000F081DB68E4E7D368C9E700BF0C0000007C
:103F10002DE9F04F0B7E95B033F0800704460D4637
:103F200003920DD092480368590703D0914A0121AA
:103F30002EF0ECFF6FF00407384615B0BDE8F08FA7
:103F4000039A82B10846FFF70BF86B7EDA0704D4B8
:103F50009E07F1D52B7E002BEED1204615B0BDE893
:103F6000F04FFFF75FBF4A7E00F12C09900705D59F
:103F7000802B09D12846FEF7F3FFDDE7910700F01B
:103F80006284002B40F05F84D3073DD52B8A082B39
:103F90001FD1EA681368E3625368C9F80430294600
:103FA000002030F06EFB0546F0B9484630F0D0FDF9
:103FB000628E00BB42B32946A06937F01BF8014668
:103FC000002800F08384204615B0BDE8F04F01F0D2
:103FD00091BA674803685F0700F01584664A0121BB
:103FE0002EF094FF00F00FBC614803685E0700F0FC
:103FF0000A84624AF3E73AB11146204630F065FF81
:104000000546002800F06284FEF7DEF994F82C7073
:104010005B4E002317F0600F8351C7F3411307D0A5
:10402000032B40F0D081FEF7CFF96FF0850336E027
:10403000484630F08DFD94F82D30002840F0668120
:10404000013B0A2BEFD801A252F823F0FD410100F9
:10405000274001008542010027400100794001000E
:10406000274001002740010027400100FB400100DC
:10407000274001008D410100E18D7F29D3D8238E97
:10408000002BD0D1638E002BCDD1F806CBD194F884
:104090003430022B05D1FEF797F94FF0FF33335040
:1040A00096E0A069036993F880301A0711D5C9B268
:1040B00030F087FD074678B12D4803685B0704D0D0
:1040C000E38D304A01212EF02AFF002D40F082803E
:1040D00032E7012384F83D3094F83430012B0AD1C3
:1040E000E38D43B984F83430FEF76EF93358002B72
:1040F00000F098806CE00123F4E7204630F000FCEB
:10410000E28DFF2A01468ED8638E002B8BD194F866
:104110002C30D80687D194F83430002BBBD02AB18C
:10412000D2B2204630F0A4FD0028B4D0E18D94F83E
:104130003C308B42D8D0C9B2204600F02BFF074656
:1041400050B10B4803685B07BFD0E38D0E4A009760
:1041500001212EF0EEFEB8E7E28D002A14BF022303
:10416000012384F834300521204630F0F3FEBBE70C
:1041700098250020B3820500D4820500EB8205005B
:104180000C0000000D8305002F83050007F01F07BA
:10419000012F7FF448AF638E002B7FF444AFE28D94
:1041A000FF2A3FF640AF218EFF293FF63CAF94F83F
:1041B0003430022B7FF46FAFD2B2C9B2204630F058
:1041C00007FE0746B81C40F00381FEF7FDF83750A4
:1041D00055B100272846FEF7C3FE002F7FF4ACAE92
:1041E000FEF7F2F83358EBB1484630F0B1FC034625
:1041F000A069002B00F06E83802175E3638E002B95
:104200007FF411AF94F83430002B3FF444AF012B0E
:10421000218E02D100297FF43EAF17F01F070BD08B
:10422000022F16D0638E002B40F0E0822046FFF76D
:10423000D7FD0028D8D190E600297FF42CAFE38D7C
:10424000012BEFD194F8703061F3C30384F8703020
:10425000E8E7B4F82E80B8F1000FE3D1CFB23946C9
:10426000204601F0B7F90346FEF7AEF833500133AC
:1042700002D14FF0FF3728E742463946204630F05A
:104280006DFC31E7638E002B7FF4CDAEE28D238E83
:10429000022A5FFA83F811D107F01F0758EA0707CF
:1042A0007FF4C1AEA0690122190A30F067FC002832
:1042B0007FF4B9AE012384F83D3015E794F834104B
:1042C00000293FF4E8AE012902D1002B7FF4E3AED0
:1042D00017F01F0710D0022FA4D1002AA2D1414607
:1042E000204601F051F90346FEF76EF833500133D2
:1042F000BFD001224146C1E7002B7FF4CCAE012A9A
:1043000090D194F8703043F008039FE70A2B3FF6F2
:104310008AAE01A252F823F0454301002740010074
:1043200027400100274001002740010027400100ED
:10433000B7430100274001004F470100274001001B
:1043400095470100638E022B7FF46DAE94F83430F4
:10435000002B3FF4A0AE012B218E02D100297FF467
:104360009AAE17F01F070FD0022F19D0002705F1C2
:104370000C08404630F0E4FB638E984216D2FEF7FC
:1043800023F86FF00B038AE600297FF484AE94F8DB
:1043900070309F0807F00207C3F300131F43E6E7DE
:1043A000C9B2204630F0B5FD0746E0E73946404641
:1043B00030F0B9F998E6B4F82E80F9064FEA1823E0
:1043C0005FFA88F808D029462046FFF74BFD0746DC
:1043D000002F7FF47AAE87E6013B0E2B3FF623AE2B
:1043E00001A252F823F000BF2544010065440100FA
:1043F0001D4501002740010027400100154501002F
:104400001545010027400100274001002740010019
:1044100027400100274001002740010027400100FC
:104420005F46010005F10C07384630F089FB8246F3
:104430002046B4F8328030F063FA20B101287FF4CE
:10444000F2ADA16F00E0616F002900F051820A789F
:10445000D04528BFD046424528BF4246384630F0B6
:1044600051F941E6204630F04BFA08F101080146C7
:1044700083465FFA88F2204630F0D4FB824650B97A
:10448000BD4803685A073FF4CEADBC4A43460121FC
:104490002EF045FDC7E505F10C084768404630F0B1
:1044A0004FFB3A78824228BF02463946404630F0F8
:1044B00029F9DAF80CA0BAF1000F09D1298A638E24
:1044C00099427FF611AEC91A404630F036F90BE634
:1044D000DAF8040083681B6B13B9DAF800A0EAE786
:1044E000594698470028F8D0071F57F8041F00299D
:1044F000F3D00A78002AF0D04046CDE9042130F00C
:104500001FFB049A0599904238BF82B2404630F0B2
:10451000F9F8EAE7204630F0F3F984E54246032152
:10452000204630F06BFA804600283FF47CAD30F036
:1045300002FBB4F832B098F81530C8B998F8147086
:104540008DF830708DF83130D8F8103005F10C0846
:104550001B88ADF83230404630F0F2FABB455A467F
:1045600028BF3A46824228BF02460CA9404676E759
:10457000D8F808208DF81D30814B1340814A4FF048
:10458000000A93428DF81CA058D1102108A836F0DB
:1045900052FF071E35DB0CAA102F7B4808A9904656
:1045A00028BF1027574502F1020237D8BF00023753
:1045B000FFB28DF81C7005F10C0A504630F0C0FABD
:1045C0005F4528BF5F46874228BF0746022FBB468C
:1045D00028BF4FF0020B5A46A7EB0B0707A950461E
:1045E00030F090F8C3467B0808EB570293452CD176
:1045F000FF077FF579AD18F80310504630F08BF8BF
:1046000072E558377FF40FAD5B4803685B073FF4F2
:104610000AAD5E4A01212EF079FC04E511F8013B58
:104620004FEA131C03F00F0310F80CC0C35C02F830
:1046300002CC02F8013C0AF1010AB3E798F81470C1
:104640008DF81C70D8F81080B5E71BF8011B504698
:10465000CDE9043230F067F8DDE90432C6E72046E0
:1046600030F04EF938B101282CD0FDF7ADFE6FF0D7
:104670008503335038E5636F002B00F039815B8888
:10468000B3F5007FF1D9424B0C9300238DF8343001
:10469000236D04F1500A9A4508BF0023BDF832B0DB
:1046A000A3B15A7D0F2A08D11A7D5A44ADF83220A1
:1046B0009DF8342001328DF83420626D934203D08E
:1046C0001B68EBE7A36FD7E7BDF832B005F10C0824
:1046D000404630F035FA678E5F4528BF5F46874217
:1046E00028BF0746052FBB4628BF4FF0050B5A468B
:1046F0000CA9404630F006F8B7EB0B073FF4F4ACDA
:10470000D4F850B0D3453FF4EFACBBF1000F3FF409
:10471000EBAC9BF815300F2B12D19BF81420DBF873
:104720001010BA4228BF3A4640462FF0EBFF9BF8E4
:104730001430BB4294BFFF1AFF1B002F3FF4D4ACD0
:10474000636D5B453FF4D0ACDBF800B0DDE794F877
:104750003430002B3FF49FAC638E012B7FF463ACAD
:1047600005F10C07384630F0EBF900283FF407AEAE
:1047700094F83C10384641E7982500205283050004
:1047800000FF0200000302006F0D060078830500A1
:10479000050F050007F01F07012F7FF47CAC2046B2
:1047A00030F054FA00283FF476ACB4F83080B8F119
:1047B000FF0F3FF638AC43681B794345FFF433AC39
:1047C0005FFA88F30F2B3FF62EAC638E012B7FF43C
:1047D0002AAC05F10C07384630F0B2F900283FF456
:1047E000CEAD04EB080393F83E10C3E7484630F023
:1047F000AFF918B92846FEF7B3FB17E5294620465E
:1048000000F078FE18B12846FEF7AAFBECE4A06998
:10481000036993F8801011F004017FF49EAB36F029
:10482000FDFB054600283FF4DFAC0146204600F0C2
:1048300061FE00283FF491AB2F4803685E07E2D089
:104840002E4AFFF7CCBB51077FF5CEAC002B3FF4CF
:1048500091AB2846FEF784FB94F83D30002B3FF4E3
:104860006BAB94F82D30052B1ED0002794F82D301B
:10487000032B14D1E38D022B11D1218EA0690D0AD7
:104880000022294630F07AF9074640B11A480368F9
:104890005B0704D01A4A2B4601212EF040FB00236F
:1048A00084F83D30FFF748BBE18DA069C9B230F014
:1048B00088F907460028D8D00F4803685A07D5D092
:1048C000E38D104A01212EF02AFBCFE76FF00B0396
:1048D000039389E4638E002B3FF48EAC039B13F1AA
:1048E0000C0118BF0121C90136F096FAFFF735BB5C
:1048F0006FF01507FFF7E9BB982500209A830500A4
:10490000BE8305000D8305000B78062B10B414D16F
:104910000369D3F89C20EFF31184202383F31288DA
:10492000BFF36F8F4B6800201860506A58B9C2E916
:10493000083384F31188BFF36F8F044810BC002242
:10494000002338F00DBA03605362F2E7BC27002061
:1049500030B589B000220023CDE9062300246FF092
:104960000703CDE90334CDE901441A4B1A490094F9
:104970004FF48062194824F091F91949174824F03E
:10498000B5F8184B18498B4207D3184B184900202B
:104990008B4210D3002009B030BD03F11402BFF3E5
:1049A0005B8F52E8000F42E80045002DF9D1BFF3BC
:1049B0005B8F1833E7E703F11402BFF35B8F52E814
:1049C000004F42E80005002DF9D1BFF35B8F18338B
:1049D000DEE700BF514A0100C0F40120803B002007
:1049E000046605004C2B0020642B0020642B002063
:1049F000642B002038B50D4630F028F948B912482C
:104A000003685B0707D0114ABDE8384001212EF04A
:104A10007DBAC46804B938BD2B78032B05D0052BAB
:104A20000ED0022B08D02468F4E7606883685B69C5
:104A3000002BF8D09847F6E7606883689B69F7E732
:104A400060688368DB69F3E7A0250020E583050043
:104A50002DE9F04385B04FF0200800AF4FF0FF3351
:104A60007A484FF0FF32391D23F0F4FBFB681B69D5
:104A7000D3F89C40236A93B1EFF3118288F3128834
:104A8000BFF36F8F256A2DB1616A2B6823628D4257
:104A900008BF636282F31188BFF36F8FC5B93B799A
:104AA000062BDBD0072BD9D801A252F823F000BF88
:104AB000334B0100274B01005B4B0100394B0100D8
:104AC000914B01007D4B01005D4A0100374C010014
:104AD0002B7ED5F81E205E062946204620D1FFF702
:104AE00017FA06460028C5D0594803685A0711D05E
:104AF000E9468AB02B7E6A465649CDE9073505233B
:104B0000CDE9051642F8103F00234FF42151FAF782
:104B10009DF9CD4632460721204630F01BFAA9E721
:104B200030F0E4F8DDE700220121204630F012FAEF
:104B300094E700221146F8E794F8703043F004033C
:104B400084F8703094F83430022B03D1391D20469C
:104B5000FFF750FF00220321E7E794F8703023F0BD
:104B6000040384F8703094F83430022B03D1391DDB
:104B70002046FFF73FFF00220221D6E794F83430A9
:104B8000022B7FF46BAF391D2046FFF733FF65E73B
:104B900094F87030A66923F0040384F87030D6F8D6
:104BA00008903369BFF35B8FD3F8A030BFF35B8FFE
:104BB0009B071AD5D9F83C3030469847D9F82430AD
:104BC000002130469847D9F840300546304698478E
:104BD0006DB92946204600F0DDF90546D0B11C48E4
:104BE000036859070BD01C4A06E04FF0FF35184800
:104BF00003685E0703D0194A01212EF087F90022CD
:104C00000421204630F0A6F9002D3FF427AF2A46B4
:104C100007218AE7A06936F020FA94F8703084F80A
:104C20003450821E5042504123F0680343EA40133F
:104C300084F87030E3E7064803685B0703D0084A4E
:104C400001212EF063F9BA6806216EE7BC27002027
:104C5000A0250020148405006C8405003E84050016
:104C60009884050038B502460E490546806936F03D
:104C70005AFA044648B10C4803685B0703D00B4A54
:104C800001212EF043F9204638BD85F83C00284626
:104C900000F058F804460028F5D0A86936F076FAF6
:104CA000F1E700BF09490100A0250020A884050004
:104CB000F8B501231D460C68002C3CD063F07F0240
:104CC000D6B202F07F02103224FA02F7FF0719D59C
:104CD000046824FA02F7FF070BD4184803685F073B
:104CE00004D03346164A01212EF019F96FF0150051
:104CF00022E005FA02F224EA020404600C6824EAC5
:104D000002040C60DC40E60712D5026822FA03F4C4
:104D1000E40704D4094802685207E7D0E2E705FA3D
:104D200003F422EA040202600A6822EA04020A602A
:104D30000133102BBFD10020F8BD00BFB4250020E7
:104D4000CF8405002DE9F04F8369426F1B6993F80A
:104D50008030C3F34113022B8FB083460ED0032B58
:104D60000ED0012B0CBF10230823D371DBF8588021
:104D70000027B8F1000F05D14446E0E02023F4E716
:104D80004023F2E7D8F80430D8F80C5003930C977E
:104D900004977DB9049B039A09339BB293701B0A55
:104DA000D3701771D8F80C40002C40F0DE80D8F892
:104DB0000080DDE7686883681B6B00240D94002B7E
:104DC00000F0C48021469847002800F0BF80C5E964
:104DD0000344031F02933E46029A52F8043F029294
:104DE0000BB11A78C2B9BE4240F2AD80EB680D9AA1
:104DF0001343EB60686883689B6A002B00F0A8800F
:104E000098470446002800F0A6805E4803685A07C9
:104E100000F08A805C4A84E05A780B2A08BF9E70B2
:104E2000029B1B685A78042A10D1EA680D990A433C
:104E3000EA60DA78002A60D19E702B690122B240C4
:104E4000134301362B61F6B200230D93029BD3F876
:104E5000009099F80130052BBED1DBF8183008938B
:104E60006FF012044FF0010A99F8052099F8043008
:104E700043EA0223ADF82E300C9B069399F90230D9
:104E8000069A002B5FFA8AF1BBBF41F080014BB25A
:104E90004FFA8AF30793B9BF21F0800310330793C9
:104EA0005346DA40D2072FD40D9A059222FA03F323
:104EB000D80729D499F8063099F803200898009368
:104EC0000DF12E03099135F01CFF09990446D8B95C
:104ED000079B89F80210002BBCBF21F08001103124
:104EE00001238B4006980599BDF82E20A9F80420CF
:104EF00019431843CDE90C016EE7721E9A700DA993
:104F00000CA8FFF7D5FE9FE70AF1010ABAF1100FCE
:104F1000AAD1002C3FF460AF1A480368590703D0A8
:104F20001A4A01212DF0F2FF164803685B0706D0EC
:104F3000D8F804305B79164A01212DF0F0FF2046A5
:104F40000FB0BDE8F08F6FF01504E5E73E4651E77E
:104F50006FF0850459E7014668682FF097FE049BBF
:104F60002D6803440493374613E7E368A36004F114
:104F70000C010CA8FFF79CFE08B9246814E76FF039
:104F80001504D1E7B425002010850500EC84050048
:104F9000348505002DE9F04105460E462FF0B0FCA2
:104FA00095F83C30804653B328462FF04FFE074615
:104FB00010B3014628462FF0B9FE10220446002106
:104FC00005F13E003DF01CFB002385F83C30FF68F6
:104FD0005FB9A4B11B4803685B0703D01A4A0121DB
:104FE0002DF094FF2046BDE8F081786883685B6A05
:104FF00003B198473F68EBE76FF03C04EAE71EB95E
:1050000085F83C600024EDE73246414628462FF003
:1050100009FE074690B1024628462FF0B1FE04462D
:105020000028DFD185F83C60FC68002CEAD060687D
:1050300083681B6A03B198472468F6E76FF03C0465
:10504000D0E700BF9425002061850500F8B504462F
:1050500057680E4615462FF0DCFD94F87030DB07DC
:105060000ED5484803685D0703D0474A01212DF05B
:105070004DFF6FF00F06201D2FF0D2FD3046F8BD1A
:10508000012E0AD13F480368590703D03F4A012146
:105090002DF03CFF6FF08506EDE7FB799A060BD506
:1050A000A3691B6993F880309B0705D435480368D2
:1050B0005D07EFD0364AEAE7002E2DD1236EE3B923
:1050C000A26D002A2ED1636F6A685B7C0133DBB26C
:1050D0005371626F5374A968002947D020462FF09E
:1050E000A7FC064600283DD0264803685B07C2D0CF
:1050F000284A01212DF00AFFBDE79D420AD121482F
:105100000368590703D0244A01212DF0FFFE6FF0F8
:105110001506B0E71B68D2E71A4803685A07B9D0EA
:105120001E4AB4E795421AD12A6893B9E36DA26585
:105130009D4200D1E265002312482B60036813F002
:10514000060FC8D06B685B79154A02212DF0E7FE87
:10515000C1E71A60E26D954208BFE365EBE71346CD
:105160001268AEE7A8682FF0E6FCB87100232B6048
:10517000E36D1BB9C4E9165500267CE71D60E565A3
:10518000FAE700BF94250020A3850500C58505002A
:105190007F8505004D860500F38505001086050016
:1051A0003086050098B503460D480268520700AFE7
:1051B00012D06C4688B06A460A49CDE905134FF40F
:1051C0000073ADF81C30084B42F8103F00234FF439
:1051D000E251F9F73BFEA5460020BD4698BD00BF51
:1051E0009C250020848605000300000170B505465B
:1051F00081B12846FFF7D6FF0024204670BD6368C2
:1052000028461968F7F736F90028F6D01834B44262
:10521000F5D3EEE7014C024EF9E700BF4C2B00201E
:10522000642B002070B501F07F0311F0800F18BFD0
:10523000103301259D4090F83430022B044609D0EC
:105240000E4803685B0703D00D4A01212DF05EFE76
:10525000002070BD90F83C602FF052FB32460146B2
:1052600020462FF0DFFC0028F2D0C0680028EFD0E5
:1052700083681D42EDD10068F8E700BF9C2500203F
:10528000A28605002DE9F843054608461146164654
:105290001F46FFF7ABFF0446002856D028462FF0E4
:1052A000EEFC95F87030D80706D5294803685907F1
:1052B00016D0284A012111E0D4F8048004F1140921
:1052C000BFF35B8F6369BFF35B8FDA0710D52048AC
:1052D000036813F0060F03D01F4A02212DF016FEBB
:1052E0006FF00F04281D23F08BF82046BDE8F883EB
:1052F000D8F804303BB1AB4205D0154803685B07D2
:10530000EED0164AD6E73A46314628462FF08AFCB8
:10531000C0B10023236003698BB9C0E90344BFF324
:105320005B8F59E8003F43F0010349E80032002A4F
:10533000F7D1BFF35B8F0024C8F80450D2E71C609C
:105340000461ECE76FF03C04CCE76FF01204CCE7AB
:105350009C250020A3850500C7860500E986050079
:105360002DE9F84F814600AF1646984600293BD0FC
:105370006FF085042046BD46BDE8F88F6C68B8F133
:10538000000F04D0A8F1040B5BF8041F11BB2168C7
:10539000334600224846FFF775FF0446F8B114482B
:1053A00003685B07E6D06B686D468AB01B686A4687
:1053B00010490796CDE905134FF40073ADF820307E
:1053C0000D4B42F8103F00234FF41151F9F73EFD09
:1053D000AD46CFE72068F7F74DF80028D4D118354F
:1053E0005545CBD30024C5E7044DDFF814A0F7E7FB
:1053F0009C2500201E870500040000014C2B002086
:10540000642B00202DE9F04F83B000AF4C687B6027
:1054100097F830303B600E46814690462FF070FA88
:10542000A3681B6B014633B96FF0150420460C3797
:10543000BD46BDE8F08F204698470028F4D0051FF0
:10544000002406F10C0A55F8041F09B10B782BB99A
:10545000002C14BF00246FF03C04E7E74B78042BCA
:105460000ED1002C3FD18B787A689342EBD1CB7868
:105470003A689342E7D10B79002BD7D00124E2E7B9
:10548000052BE0D1002CDED0B8F1010F91F802B06D
:1054900009D0B8F1020FF1D1D9F818005246594697
:1054A0002FF0FDFC04E0D9F8180052462FF0DBFC89
:1054B00004460028E2D00D4803685B07B6D06D466D
:1054C0008AB0F3686A460A490994CDE907B306230E
:1054D000CDE9051842F8103F00234FF44151F9F788
:1054E000B5FCAD46A2E70024A0E700BFB025002030
:1054F000568705002DE9F0410B7E5E0605460C46F9
:105500003AD183B32FF035FA58B11D4803685907D3
:1055100003D01C4A01212DF0F9FC4FF0FF30BDE80B
:10552000F0812846D5F87480268A6F8E2FF0E8F92E
:10553000F8B1421E534253419B01228A9AB1BE42A6
:10554000698E324628BF3A4691420CD9B2FBF3F13C
:1055500003FB11223AB994F91830002BBEBF637EC9
:1055600043F008036376A8692146BDE8F04135F0B1
:10557000B3BC98F80730E0E76FF01500CFE700BF45
:10558000AC2500209287050070B5064680690C4660
:1055900035F042FC054658B10C48036813F0060F7D
:1055A00004D00B4A234602212DF0B9FC284670BDD9
:1055B00014F0800F18BF24F08004B36B4FF0010289
:1055C00018BF1034A2401A43B263EFE7AC250020A5
:1055D000A687050070B5054680690E4635F048FC83
:1055E000044658B10848036813F0060F04D0074A70
:1055F000334602212DF093FC204670BD314605F163
:1056000038002FF021FCF7E7AC250020BD8705000E
:1056100070B50646EFF31181202383F31288BFF3A0
:105620006F8F1B4D2A6881F31188BFF36F8F52680B
:1056300092F87020D20705D4BDE8704021220023E3
:1056400023F0BEB9EFF3118283F31288BFF36F8F9B
:105650002C682CB1696823682B608C4208BF6B6092
:1056600082F31188BFF36F8F44B1606804F10801C1
:10567000C36998470748214637F022FB2B6833B1AE
:1056800030460022BDE87040002323F065B970BDAC
:10569000987D00204426002030B585B0CDE9001269
:1056A000054600221448002303A922F039FD0246D2
:1056B000E8B9039BDDE900015D60083383E803007E
:1056C000EFF31180202383F31288BFF36F8F039BC6
:1056D0001A600A4A516861B9C2E9003380F311883F
:1056E000BFF36F8F06480022002323F035F905B081
:1056F00030BD0B605360F1E744260020987D002008
:10570000000000200B7803F01F03012B00B506D129
:105710004B78432B09D003F0FD03842B05D0FCF715
:1057200053FE034B6FF085021A5000205DF804FB16
:105730000C00000038B5034640681B691D69AC6861
:10574000A37AA37063760133A376A37F5BB96968FC
:105750002FF06EF948B1074803685B0703D0064A8B
:1057600001212FF019FC002038BD68682FF0E3F903
:10577000A077F8E798240020E787050010B50022FD
:105780000446002302482EF04EFF00B1047610BDFF
:10579000B028002010B504690B4904F1480037F027
:1057A000C5FCD4F81A10228B52EA31424FF00003A4
:1057B00008D16376A37602232376032104F11B002C
:1057C0002FF087F8002010BD395B0100F0B50B7891
:1057D00003F06003202B89B00C46164605D0FCF779
:1057E000F3FD164B86221A5025E04B78802B0BD008
:1057F000852BF4D1124AD069116A01AB03C3E28848
:10580000082A28BF082211E00D4B01AD03F118074B
:10581000186859682A4603C20833BB421546F7D1B7
:1058200018681060E2881C2A28BF1C2201A906F112
:105830000C002EF067FF002009B0F0BD0C00000046
:105840003C3705002DE9F84FD0F810808D68D8F866
:1058500000908A4600277DB940F2EA539F420FD953
:105860005548036813F0060F03D0544A02212FF065
:1058700093FB6FF00B040CE02B8A6D681F44EAE782
:1058800008F12003012118462FF088FB20B96FF0A2
:105890000C042046BDE8F88F294618462FF07EFB01
:1058A0000028F4D0D9F810301B699B6893F8500099
:1058B000FFF764FF064630B93F4803685C07D8D05D
:1058C0003F4A0121D3E783464D225BF80C4F4E201F
:1058D00043214FF00C0C482320706170A27084F8B3
:1058E00004C06571E370B8F8263001339BB2A8F8A4
:1058F0002630E3803023E37310232374A38861737D
:10590000103399B2A38211FA87F32073A273238113
:1059100084F80AC0E5726574A574E574E78225769B
:105920006576A576E57658462EF0E6FE338AF16870
:105930003A461944504632F0CBF968B11E48036824
:10594000590703D01F4A01212FF026FB3046FDF7EF
:1059500007FB6FF068049CE7394658462EF0CCFEF2
:1059600023899A0607D196F91830002BBEBF737EA3
:1059700043F008037376314648462FF0AFFA0446E9
:1059800088B10D4803685B0709D0D9F810301B694E
:105990009B6893F850300C4A01212DF0C0FA304634
:1059A000FDF7DEFA75E74FF0FF324FF0FF3308F1F5
:1059B0002C0022F0E3FDF2E7982400201388050074
:1059C0003988050053880500678805002DE9F041F6
:1059D00003460E4653F8204B0121184617462FF078
:1059E000DDFA70B92148036803F00703022B03D9DD
:1059F0001F4A03212FF0D0FA6FF00F042046BDE8B4
:105A0000F081022118462FF0C9FA38B1174803680F
:105A100003F007038B42EFD9164AEAE723691B69B3
:105A20009B6893F83080204641462FF053FA054694
:105A3000C0B13A4631460C302EF064FE204629466D
:105A40002FF04CFA04460028D8D0084803685B07BA
:105A500004D0094A434601212DF061FA2846FDF79A
:105A60007FFACBE76FF00B04C8E700BF9824002053
:105A70008C880500AD8805006788050080B500AFFB
:105A800088B06A46084BCDE905304FF40073ADF895
:105A90001C30064B42F8103F054800234FF4E651F6
:105AA000F9F7D4F9BD4680BDCD880500030000019B
:105AB0009824002010B5036904461869012120309C
:105AC0002FF09CFA02212FF099FA064B1B6803F085
:105AD0000703022B04D92068BDE81040FFF7CEBFB2
:105AE00010BD00BF9824002080B500AF88B06A4682
:105AF000084BCDE905304FF40073ADF81C30064B70
:105B000042F8103F054800234FF4E651F9F79EF99B
:105B1000BD4680BDD98805000300000198240020FF
:105B2000044B1B6803F00703022B02D90068FFF740
:105B3000DBBF7047982400202DE9F04385B050F872
:105B4000483C00AF044600212838D3F810802FF0DD
:105B500025FA002800F08480D8F8105095F82460C9
:105B6000002E4CD12B6858682EF0CAFE404B414A9B
:105B70003146002814BF91469946102238463CF021
:105B80003FFD42F6A1233B80AB68D8F810009B7A1A
:105B9000BB80394608231022FB80C7E90299FFF732
:105BA00015FF014634480368002903F007031CDA97
:105BB000022B13D96D468AB06A46304B0593304BA1
:105BC000C2E906314FF4007313842E4B42F8103FA4
:105BD00000234FF41351F9F739F9AD4640F6CD42A1
:105BE0000023204622F0ECFE36E0022B03D9264AA1
:105BF00003212FF0D1F9032385F82430EEE7042E9A
:105C00001BD1012140462FF021FA01461A480368B2
:105C1000002903F0070308DA022BDFD96D468AB0AA
:105C20006A46164B0593194BCAE7022B03D9184A4B
:105C300003212FF0B1F90123DEE7022E0CD10E482B
:105C4000036803F00703022B03D9124A03212FF044
:105C5000A3F9052385F824301437BD46BDE8F08349
:105C600004F8240C40462FF0F1F90028F4D0B5E7F1
:105C7000001BB70000389C1C98240020E488050015
:105C8000F888050004000001058905001C8905004D
:105C90002D8905004889050070B503691B69BFF3AC
:105CA0005B8F0446203353E8002F42F0080143E89D
:105CB00000100028F7D1BFF35B8F12071DD42369B2
:105CC0001B699B6893F857603046FFF757FD054600
:105CD000B0B1014620462FF001F9044658B10A48F8
:105CE00003685B0704D0094A334601212DF017F9F8
:105CF0002846FDF735F9204670BD6FF00F04FAE72E
:105D00006FF00B04F7E700BF9824002067880500B8
:105D10002DE9F04F87B003691C690B7E02AF164670
:105D2000A268B86092F857009842894640F02681F0
:105D3000002E50D10D8A002D50D00B2D6AD9D1F8EC
:105D40000C80B8F804300C2B64D1D8F80020A54B97
:105D50009A425FD1B8F80630228D93420BD0A24808
:105D6000016811F0060F04D0022100929F4A2DF025
:105D7000E0F8B8F8062001321B2D22854AD9B8F880
:105D800008309D4246D1B5F5006F43D8B8F80A20D7
:105D90000B2A3FD9A5F110039A423BD808EB020029
:105DA00083880F2B36D958F80210DFF844C221F04F
:105DB000807161452ED1C18861BB9B08991E083254
:105DC000032942442FD9884803685A070FD0894ACB
:105DD0006FF0150308E016F1710F08D082480368D0
:105DE0005D0704D0844A334601212DF098F84846D7
:105DF000FDF7B6F8032104F120002FF0FFF8012190
:105E00002FF0CCF810B1B868FFF746FF1437BD4645
:105E1000BDE8F08F744803685907E8D0774A01213C
:105E20002FF0BAF8CFE703F18043033B02EB830185
:105E300032F82330002BC6D14B88002BC3D1134638
:105E40001A880AB1598879B940F6CD4000210EF080
:105E50003FFE054680B9644803685B07C7D0684ABF
:105E600001212FF099F8C2E79542ACD30A44AA4227
:105E700003F10403E4DDA6E7494631F0CAFE95F8D4
:105E8000373043F0010385F83730B8F80A3043441F
:105E900003F1080B9A88083A92087A60BB889E4200
:105EA0001EDABBF80030FB60BBF802A0C3B1BAF148
:105EB000000F15D04FF0FF324FF0FF336069CDE98E
:105EC000002300231A4651460EF04CFF804668B965
:105ED000454803685E0703D04A4A01212FF05CF869
:105EE0000023AB60284631F0F7FD80E7284631F00B
:105EF00086FEF968284631F0D5FE031E0DDA3A48D1
:105F00000268510705D00093FB683F4A01212DF03C
:105F100010F8404631F0E0FDE2E75246294640469F
:105F200031F0EBFE031E08DA2F4802685207F0D06A
:105F3000364A01212CF0F3FFEBE7606941462FF070
:105F40000BFF002816DA284B1B685B070FD0EA46C8
:105F500088B002AA2E4BC2E90538032342F8103F4D
:105F6000214800234FF4C251F8F770FFD546404650
:105F700031F0B2FD01360BF1040B8FE792F85000BF
:105F8000984205D104F12C0022F0BEFA00203DE732
:105F900092F830209A426DD1002E43D01248036807
:105FA00013F0060F17D01B4A1B4B6D4688B016F135
:105FB000710F08BF134602AA1849C2E905134FF42E
:105FC00000739383164B42F8103F00234FF4E451C3
:105FD000F8F73CFFAD46002384F824304846FCF730
:105FE000BFFFD3E74E434D48982400209489050015
:105FF0004E434D30D589050068890500BE890500EE
:10600000ED890500038A0500198A05003D8A05000F
:10601000538A05005E89050092EE0500768A050028
:106020000300000194F82410032911D1144804231B
:1060300084F82430036803F00703022B02D9114AC5
:106040002EF0AAFF2122002304F1480022F0B8FC20
:1060500094F82430012BC1D10948022384F824305C
:10606000036803F00703022BB8D9074A03212EF077
:1060700093FFB3E7BB6858682EF048FFC6E600BF41
:10608000982400208E8A0500A08A05002DE9F74398
:106090000369DFF89C801D69AB6893F84790D8F8D6
:1060A000003003F00703022B06460F46144606D9BC
:1060B00000920B461F4A032140462CF03AFFB94597
:1060C00007D14CB9012105F120002EF097FFEC8497
:1060D0002C8503B0BDE8F083012CFAD1BFF35B8FB0
:1060E00005F1200353E8001F41F0020143E80012CC
:1060F000002AF7D1BFF35B8F002385F8243040F6E8
:10610000CD42002305F1480022F05AFC3046FFF74B
:10611000C3FD031EDDDAD8F800205207D9D0064AA5
:106120000348214603B0BDE8F0432CF0F8BE00BFA1
:1061300098240020B78A0500E48A050030B50C4B8E
:1061400093B002AA03F1400518685968144603C4C5
:106150000833AB422246F7D140230093054902ABF6
:1061600000224FF480700DF0DFF913B030BD00BF96
:106170007AE00020000050F0004870477AE00020EC
:10618000034A044B1168928819609A80FFF7D6BFC2
:10619000258B05007AE000202DE9F041144CDFF852
:1061A000548005460E461746444508D3FCF70CF9C3
:1061B000114B6A221A504FF0FF30BDE8F08123687E
:1061C000AB4200D08BB9A3683A463146284698477F
:1061D00058B1FCF7F9F8084B0022C2503146E36889
:1061E0003A462846BDE8F04118471034DCE700BFC6
:1061F000942F0500B42F05000C00000037B50D46A4
:1062000001AA6946FCF778FF044648B9FCF7DCF8B8
:10621000104B09221A504FF0FF34204603B030BD16
:10622000009B1B6923B9FCF7CFF80A4B8622F1E7E4
:1062300001984FF0FF324FF0FF332EF05BFF009BD1
:1062400029461B6920469847044601982EF054FFC2
:10625000E3E700BF0C00000073B50D461646694623
:1062600001AAFCF749FF0446B0B1009B5B69DBB1B2
:1062700001984FF0FF324FF0FF332EF03BFF009BB1
:1062800020465B69324629469847044601982EF01D
:1062900033FF204602B070BD0923FCF795F8034A8E
:1062A0004FF0FF341350F4E75F23F6E70C000000D3
:1062B00073B50D461646694601AAFCF71DFF044654
:1062C000B0B1009B9B69DBB101984FF0FF324FF0FA
:1062D000FF332EF00FFF009B20469B693246294674
:1062E0009847044601982EF007FF204602B070BD83
:1062F0000923FCF769F8034A4FF0FF341350F4E721
:106300005F23F6E70C00000037B50D4601AA694689
:10631000FCF7F2FE0446A8B1009BDB69D3B10198FB
:106320004FF0FF324FF0FF332EF0E4FE009B20468B
:10633000DB6929469847044601982EF0DDFE204689
:1063400003B030BD0923FCF73FF8034A4FF0FF3498
:106350001350F4E75F23F6E70C00000073B50D4619
:106360001646694601AAFCF7C7FE0446B0B1009B79
:106370001B6ADBB101984FF0FF324FF0FF332EF074
:10638000B9FE009B20461B6A3246294698470446C0
:1063900001982EF0B1FE204602B070BD0923FCF733
:1063A00013F8034A4FF0FF341350F4E75F23F6E786
:1063B0000C0000002DE9FF410D46164602A903AA74
:1063C0001F46FCF799FE0446E8B1029B5B6A13B3D3
:1063D00003984FF0FF324FF0FF332EF08BFE0B9BF4
:1063E00001930A9B0093029B2046D3F824803246F7
:1063F0003B462946C047044603982EF07DFE2046C2
:1064000004B0BDE8F0810923FBF7DEFF034A4FF03B
:10641000FF341350F3E75F23F6E700BF0C000000E2
:1064200073B50D461646694601AAFCF765FE04469B
:10643000B0B1009B5B6BDBB101984FF0FF324FF0C6
:10644000FF332EF057FE009B20465B6B32462946F9
:106450009847044601982EF04FFE204602B070BDCA
:106460000923FBF7B1FF034A4FF0FF341350F4E761
:106470005F23F6E70C0000002DE9FF410D461646AC
:1064800002A903AA1F46FCF737FE0446E8B1029BA7
:106490009B6A13B303984FF0FF324FF0FF332EF097
:1064A00029FE0B9B01930A9B0093029B2046D3F885
:1064B000288032463B462946C047044603982EF0C2
:1064C0001BFE204604B0BDE8F0810923FBF77CFFEA
:1064D000034A4FF0FF341350F3E75F23F6E700BFA2
:1064E0000C00000073B50D461646694601AAFCF77C
:1064F00003FE044648B9FBF767FF0D4B09221A500B
:106500004FF0FF34204602B070BD01984FF0FF32CB
:106510004FF0FF332EF0EEFD2146009833462A4619
:106520002EF0D9FD044601982EF0E6FDEAE700BF03
:106530000C0000002DE9FF410D46164602A903AAF2
:106540001F46FCF7D9FD0446D8B1029BDB6A03B3B2
:1065500003984FF0FF324FF0FF332EF0CBFD0A9B34
:106560000093029B2046D3F82C8032463B462946B6
:10657000C047044603982EF0BFFD204604B0BDE896
:10658000F0810923FBF720FF034A4FF0FF3413503B
:10659000F3E75F23F6E700BF0C0000002DE9FF41A1
:1065A0000D46164602A903AA1F46FCF7A5FD0446A0
:1065B000D8B1029B1B6B03B303984FF0FF324FF02F
:1065C000FF332EF097FD0A9B0093029B2046D3F8E1
:1065D000308032463B462946C047044603982EF099
:1065E0008BFD204604B0BDE8F0810923FBF7ECFEEB
:1065F000034A4FF0FF341350F3E75F23F6E700BF81
:106600000C00000073B50D461646694601AAFCF75A
:1066100073FD0446B0B1009BDB6BDBB101984FF01A
:10662000FF324FF0FF332EF065FD009B2046DB6B01
:10663000324629469847044601982EF05DFD2046D3
:1066400002B070BD0923FBF7BFFE034A4FF0FF34D1
:106650001350F4E75F23F6E70C00000073B50D4616
:106660001646694601AAFCF747FD0446B0B1009BF7
:106670001B6CDBB101984FF0FF324FF0FF332EF06F
:1066800039FD009B20461B6C32462946984704463C
:1066900001982EF031FD204602B070BD0923FBF7B2
:1066A00093FE034A4FF0FF341350F4E75F23F6E7FD
:1066B0000C00000070B506461D460C4609B10C2AB8
:1066C00007D0FBF781FE184B16221A504FF0FF300F
:1066D00070BD0B68002BF4D08868C0B12EF01DFD92
:1066E00038B996F9B400002815DC0AF0CDF9002875
:1066F000E7D09DB1002221460FF00AFF0028034693
:1067000010DAFBF761FE084A5B421350DEE7081D12
:1067100030F016FAE2E72EF000FDE8E721460FF030
:1067200033FFEBE70020D3E70C00000070B506460E
:106730001D460C4609B1142A07D0FBF745FE1A4B3B
:1067400016221A504FF0FF3070BD0CF0A9FD102238
:10675000014620463BF063FF0028EED020692EF072
:10676000DCFC70B996F9B400002807DC0AF08CF95B
:1067700038B9FBF729FE0C4B0222E2E72EF0CDFCE4
:10678000F6E7214655B112F021FA0028034608DA4F
:10679000FBF71AFE044A5B421350D3E712F052FA99
:1067A000F3E70020D0E700BF0C000000F7B5074674
:1067B0000E461446FCF7BAFC051E18DB3CB97B1EDE
:1067C000012B04D8022E17D0012E08BF0624F1B2E7
:1067D00001ABA2B2B8B20DF09BF8061E0EDA284645
:1067E0002DF0D9FFFBF7F0FD104B76421E504FF015
:1067F000FF35284603B0F0BD1124E8E701980023D7
:1068000043608367803036F03DFB01989C3036F062
:10681000E6FC062C02D1019830F061FD044A019992
:106820004FF440432846FCF7C7FCE2E70C000000A9
:10683000A03F05002DE9F04389B0DDE910980C4632
:1068400058EA0901129F06464D4613D014F1690F0C
:1068500002D014F10B0F0DD1684636F01AFFDDE9B6
:10686000002313430ED114F1690F14BF6FF06804B5
:106870006FF00B04FBF7A8FD354B64421C504FF042
:10688000FF304AE0B8F1FF3F08BFB9F1FF3F0DD03C
:106890004FF47A71A5FB013201FB0822DB0B43EABE
:1068A00042433A689A4294BF3A603B60D6F8A400EB
:1068B00008B121F0A5FD693432D0B6F8B23003F04A
:1068C000C003402B2CD196F9B4002EF026FC3046A4
:1068D00033F021F900220346022103A836F0F7FF26
:1068E0003C684FF4004540F2E73000214FF47A72E3
:1068F0000023E4FB0501F5F7A3FD02460B46012149
:1069000003A823F0CBF83B685B00642B28BF64230B
:106910003B60D6F8A40098B9002009B0BDE8F08328
:106920003C684FF4004540F2E73000214FF47A72A2
:106930000023E4FB0501F5F783FD36F087FDE2E770
:106940004FF0FF324FF0FF3321F0E8FCE4E700BFE7
:106950000C000000F8B540F203139942044600F021
:106960009080B1F5827F0ED2042924D0B1F5817FC9
:106970002DD0032919D0FBF727FD6F4B5F221A504A
:106980004FF0FF3016E045F21B43994200F0C680FD
:1069900045F22143994200F0BF8040F2051399422D
:1069A000E9D11368C0F8A4300FE090F87800C0F384
:1069B00040008003F8BD1268836F550402D543F090
:1069C000020301E023F00203A3670020F2E7D2E90B
:1069D00000158B889768D8071BD52B689F4202D17A
:1069E0006FF00B00E6E704F180021A612B685A7B16
:1069F000042060F305025A732A68937B23F0200376
:106A000093732A68D36823F4FE13D3602B6814337E
:106A10002B608B885A072CD5B4F8B23003F0C00332
:106A2000402B02D06FF07700C4E794F9B4002EF049
:106A300074FB2E68B742D3D0B4F8B230C3F341032D
:106A4000012B20461AD133F069F830612B685A7B4C
:106A5000022161F305025A732A68937B23F0200315
:106A600093732A68D36823F4FE13D3602B6814331E
:106A70002B60A36F13F0050FA7D0D3E733F04BF8CB
:106A8000E3E7D2E90056AB88DB070ED53368DB6855
:106A900013F4EE1F02D1836FDF0703D5EB8843F0B9
:106AA0000103EB80336814333360AB8858071ED57D
:106AB000B4F8B23003F0C003402B28D194F9B400ED
:106AC0002EF02BFB3368DB6813F4FE1F0CD0A36F92
:106AD000D90709D4B4F8B230C3F34103022B02BF83
:106AE000EB8843F00403EB80336814333360A36F07
:106AF0005A0742BFEB8843F00803EB80A36FDB0724
:106B00007FF563AFEB8843F01003EB805DE7EB8824
:106B100043F00403EB80EAE7836F50E70023146837
:106B200019461A462EF03DFB6FF00043984294BF81
:106B30002060236049E700BF0C00000037B5002B40
:106B4000069C05461CD100931449002200230DF039
:106B500083FC05F1800036F095F905F19C0036F0D4
:106B60003EFB04F18000294636F0CCF9284630F08F
:106B7000B6FB04F19C0003B0BDE830402EF0ECBA47
:106B80000ADA5B42E367A36F43F00403A36704F1EF
:106B9000800036F084F9ECE703B030BD9D5204006C
:106BA00013B5B0F8B230C3F34103032B4FF000012B
:106BB000044600914FF000024FF0000319D130F06D
:106BC00069FC0423E367A36F43F00403A367204633
:106BD0002EF0C4FA20460CF08DFF031E06DAFBF7F8
:106BE000F3FB054A5B4213504FF0FF33184602B0E7
:106BF00010BD0DF031FCE4E70C00000037B5054690
:106C00000C4619BBB0F8B2300091C3F34103032B1B
:106C10004FF000024FF000030DD130F03BFC031E9B
:106C20000CDAFBF7D1FB0E4A5B4213504FF0FF34F6
:106C3000204603B030BD0DF00FFCF0E7AB6F43F022
:106C40000103AB6728462EF089FAF1E7FBF7BCFB9E
:106C50004C1E012C024B94BF862216221A50E5E7E7
:106C60000C00000013B504460CF06CFF031E07DA9D
:106C7000FBF7AAFB0D4A5B4213504FF0FF3007E0D1
:106C8000B4F8B230C3F38113023B012B02D90020C8
:106C900002B010BD6368009305490023002220461E
:106CA0000DF0DAFB031EF2DAE2E700BF0C00000091
:106CB0009D5204002DE9F043B0F8B2309146C3F381
:106CC0008112032A85B00446884607D1FBF77CFB76
:106CD0002E4B5F221A504FF0FF3038E0C3F34103D0
:106CE000022B33D0012B856F09D1FBF76DFB15F01B
:106CF000040F264B01D0E26FECE77822EAE715F0AB
:106D0000020518BF224D436819BF002600274FF423
:106D1000C0360027012A1DD100931E4900220023FE
:106D20000DF09AFB002805DA4342FBF74DFB174AAA
:106D30001350D0E763680293CDE900672B464A46BB
:106D4000414620460DF07CFA0028EDDB002005B01E
:106D5000BDE8F0830293CDE900672B464A460DF06B
:106D60006FFA031E03DAFBF72FFB5B42DFE7A36F2B
:106D7000DB07EBD46368009306490023002220461A
:106D80000DF06AFB031EE1DAEDE700BF0C00000026
:106D90002F5304009D52040013B5B0F8B23003F035
:106DA000C003C02B044608D1FBF70EFB0D4B5F223E
:106DB0001A504FF0FF3002B010BD30F019FB031E27
:106DC00005DAFBF701FB074A5B421350F1E70023AA
:106DD000054900940022204630F05CFB031EF0DBE6
:106DE0000020E8E70C0000003D6B01002DE9F04FAA
:106DF0008FB016460A224FF0FF384FF0FF390B9242
:106E00005A06CDE90C89189F04460D4603D4836FBA
:106E100013F0020328D000220023CDE90C2308A898
:106E200036F012FCDDE90C2308A8DDE9088936F00C
:106E30000BFCDDE90823CDE90623A36FDB071BD498
:106E40006368009329490023002220460DF004FBCB
:106E5000031E11DAFBF7B8FA254A5B4213504FF0D4
:106E6000FF300FB0BDE8F08F0CAA05210DF0A2FC99
:106E70004FF4A0220023D2E74FF0000A0DF12C0BB3
:106E8000DDE90C23616837B3CDE90223199B049136
:106E90000093CDF804A03B4632462946204630F008
:106EA0008BFB0028DDDADDE90C230146CDE9002368
:106EB000CDF808B042464B462046FFF7BBFC0130F8
:106EC000CDD0DDE9062308A836F0E3FBDDE9082391
:106ED000CDE90C23D4E7CDE9002302913B463246AD
:106EE0002946204630F007FBDBE700BF9D52040037
:106EF0000C000000B0B5D0F8A43000AF04460A463C
:106F0000B3B91548026812F0060F0DD06D4688B06F
:106F10006A461249CDE90514032142F8101F4FF4C7
:106F2000C451F7F793FFAD466FF01500BD46B0BDF5
:106F3000D0F880300BB10020F8E7D2E90023D0F878
:106F4000A4109C3021F0A2FD0028EFDBA36F5B07AB
:106F5000F1D5E06F4042E9E724250020238C0500AD
:106F6000F7B5B0F8B23003F0C003C02B04460E46AC
:106F7000174609D1FBF728FA3F4B5F221A504FF012
:106F8000FF35284603B0F0BD836F5A0704D5FBF7E1
:106F90001BFAE26F384BF1E79D0710D44FF0FF3337
:106FA0004FF0FF326946CDE90023FFF7A3FF031E30
:106FB00005DAFBF709FA304A5B421350DFE700229B
:106FC00004F18000002321F06BFA044620B9FBF79E
:106FD000FBF9294B0B22D1E732F090F9FCF7A6F828
:106FE000051E06DA20462EF0B9F820460CF082FD88
:106FF000C5E704F1800035F0BBFFA8B190F8373049
:10700000990711D5A36F43F00103A36728462DF01C
:10701000C2FB20462EF0A2F820460CF06BFDFBF7D9
:10702000D3F9154B7122A9E7B4F8B2305A0508D547
:10703000FBF7CAF9104B71221A5028462DF0ABFB12
:10704000D0E723F40073A4F8B2303A463146204624
:107050002EF065F840B128462DF09DFBFBF7B4F902
:10706000054B86221A50BDE7044A4FF4404321469F
:107070002846FCF7A1F884E70C000000A03F0500BB
:107080002DE9F04F8FB09A4603924FF0FF334FF047
:10709000FF32CDE90423189B5C06DDE9195B074646
:1070A0000E4603D4836F13F0020330D00022002376
:1070B000CDE90423189B13F00203009307F1800429
:1070C00039D01022002109A8DDE904893BF098FAA3
:1070D00004238DF831300D9401214B46424609A816
:1070E00022F0DCFC00F10B010B29034619D840F615
:1070F0008102CA40D00714D5204635F027FF044648
:10710000F8B9FBF761F9B04B0B221A500EE004AA54
:1071100004210DF04FFB04A93846FFF7EBFE031ED8
:10712000C8DAFBF751F9A84A5B4213504FF0FF3021
:107130000FB0BDE8F08FDDE90423204621F0B0F95F
:10714000DDE7C368019303690293002D00F0C0805E
:10715000BBF1000F00F0BC80DBF80090B7F8B08006
:1071600030F04DFD94F83730C3F302132B8094F8C0
:107170003730C3F30213012B56D100211423B9F188
:10718000070FCDE9091377D909A920460DF0FCFDB9
:10719000814610B96FF0680870E00A99204630F017
:1071A00081FD0028F6D194F83A10204630F07AFD9F
:1071B0000028EFD1D9F80C306B605FFA88F8B8F18D
:1071C000110F05F102096ED107AB099308230A9349
:1071D00009A920460DF0D8FD0028DBD00388A9F8C6
:1071E00000304FF0000894F83730C3F30213012B3E
:1071F00044D1B7F8B290C9F3C209B9F1020F3DD139
:10720000384630F068F8002838D1AA88EB884FF665
:10721000FF71A880E88028816881A881E9812A829D
:107220006B82A5F8009029E0022B48D10022282388
:10723000B9F1170FCDE909231ED909A920460DF090
:10724000A3FD81460028A5D00A99204630F02AFDEA
:1072500000289FD1618F204630F024FD002899D16D
:1072600009F108032A1D09F1180953F8041B42F813
:10727000041B4B45F9D1A0E76FF01508019BE360B3
:10728000029B2361B8F1000F1CD0C8F10003FBF78B
:107290009BF84D4A1350009B002B7FF447AF2046CC
:1072A00030F01AFC42E7B8F1060F05D109AB07939D
:1072B0001423089307A98CE76FF0850893E76FF014
:1072C0008508DBE72B88012B0DD10823CBF8003094
:1072D000002E46D0F3680BB1B36843B9FBF774F8DE
:1072E000394B0C2211E7022B70D11823EEE7204610
:1072F00030F055FD5045074628BF57460546B8466D
:107300004FF00009B8F1000F0FD1554503D9B3690B
:1073100043F02003B3613269002A4DD0716979B31B
:107320000F2947D8C6F814802AE0B36853F809102B
:1073300003EB090221B9FBF747F8234B1622E4E6D9
:107340005368434528BF43461A4620469B4630F0C3
:10735000BFFC09F1080908B1692398E7A8EB0B08FD
:10736000D0E7204630F01BFD8245574628BF074630
:10737000054603993A46204630F0AAFC0028EBD196
:10738000009BDBB9204630F0A7FB189B13F0200FC1
:107390000CBF38462846CBE6073323F007000346E8
:1073A000103313448B428044BCD802441368002B32
:1073B000F2D1B7E71144F9E77261E1E7019BE360BD
:1073C000029B2361E1E700BF0C00000086235EE71B
:1073D0002DE9F04F90468DB01E464FF0FF324FF032
:1073E000FF33CDE90823B0F8B230DDF858A00D46E0
:1073F000D90704460ED5C3F34103022B0ED08023D8
:10740000FAF7E2FF594A13504FF0FF3630460DB0FD
:10741000BDE8F08F0923F3E78623F1E71AF0400F68
:1074200002D1836F9A0715D500220023CDE90823E6
:10743000002EEBD0CDE90586DDE908790AF4807BE2
:10744000ADB1B8F1000F12D1EB685BB96FF0150068
:107450004342D5E713F00503EAD108AA04210DF051
:10746000A9F9E5E7AB681A685B6805920793CDE96F
:107470000A7902A8DDE90A2336F0E6F8DDE90223FD
:10748000CDE900234FF000084646069B73B3A36F77
:1074900013F0040014D0E06F4042002820EAE076A8
:1074A000D6DBDDE9171220462DF039FE0028B3D1D6
:1074B0001AF0020FAAD13146204630F0A7F8A5E70E
:1074C000DB07EAD457EA090312D1D5B9534606AA15
:1074D00005A920462DF065FE831950EA030643D125
:1074E00057EA09071AD0BBF1000F35D13046D4E76F
:1074F0000AA92046CDE90A79FFF7FCFC0028E4DA66
:10750000CBE7534607AA05A920462DF04AFE0644BC
:1075100050EA060305D157EA090302D16FF00A00C9
:1075200096E7AA6852F83810014405910699091A9D
:10753000069107994FEAC8030029D4D1E96808F1F8
:1075400001088845D2D00833D118D2584B6805922B
:1075500007930AB1002BD4D1DDE900230AA836F045
:1075600098F8DDE90A7990E71E46BCE70C000000B8
:10757000F0B585B01C46DDE90A6713460AB3B0F8DA
:10758000B220C2F38112951E012D08D80A46CDE91A
:10759000016700940021FFF773FD05B0F0BD012ADB
:1075A00007D10A46CDE9016700940021FFF710FFDB
:1075B000F3E7FAF709FF044B86221A504FF0FF3029
:1075C000EBE71046E9E700BF0C000000F0B5B0F8AB
:1075D000B230C3F3811C85B0644699B18E68D6B1D0
:1075E0000023CF681D460436AF4218D1023C012C5F
:1075F0001AD80C1D02940C68CDE900240022FFF774
:107600003FFD06E01623FAF7DFFE0D4A13504FF058
:10761000FF3005B0F0BD0C23F5E78623F3E756F8FD
:1076200035E001357344DFE7BCF1010FF5D10C1DE6
:1076300002940C68CDE900240022FFF7C9FEE8E7B8
:107640000C00000073B50E46062E1C460546069B30
:1076500011466DD008DC002E72D0012E28D0FAF72A
:10766000B3FE714B6D224DE0292EF8D11A2A00F39A
:10767000BA800F2AF3DDA2F110010A29EFD801A286
:1076800052F821F0057801000B7801001D78010007
:10769000237801005F7601005F7601005F760100CC
:1076A0005F760100F77701005F760100FF77010048
:1076B0000F2A3AD013DC032A29D0042A1BD0022A2D
:1076C000CDD1224609210DF075F8031E27DAFAF70D
:1076D0007BFE554A5B4213504FF0FF3020E0262AD4
:1076E00020D0272ABBD11B68042B07D1B0F8B230B9
:1076F000C3F3C20309E01B68042B05D0FAF764FE4C
:10770000494B16221A50E7E7C36F236007E0B0F831
:10771000B220C2F381121B68042BEFD1226000203B
:1077200002B070BDB0F8B020F5E722460A21CAE7E2
:10773000012A94D1224602B0BDE8704032F0C4B9AB
:10774000202A14D008DC022A0ED00E2A48D0012AA2
:1077500085D122460821B6E7212A3ED0222A7FF48D
:107760007EAF22461721AEE722461021ABE7B0F8E4
:10777000B220C2F3C202012A04D0FAF725FE2A4B36
:107780006A22BFE704221B6801920CB1934205D024
:10779000FAF71AFE244B16221A500BE001AB6A4688
:1077A00013210DF007F8031E08DAFAF70DFE1E4A42
:1077B0005B4213504FF0FF363046B1E7009808B9EE
:1077C0002660F9E72EF0EDFF20B9FAF7FDFD164B24
:1077D0000222E1E743682360EEE722460D2172E7CB
:1077E000224614216FE7432AB3D0482A7FF437AFEB
:1077F0002246112167E722461421284663E72246E4
:107800000B21FAE722460F21F7E7B0F8B220C2F3C6
:10781000C202022AB1D122461321EEE722460E21EE
:10782000EBE722461621E8E70C00000073B50E4690
:10783000062E11460546069A1C4600F0838009DC98
:10784000002E00F08880012E28D0FAF7BDFD894B6C
:107850006D223AE0292EF8D11A2900F3DC800F2995
:10786000F3DD10390A29F0D801A353F821F000BF45
:10787000417A0100497A0100517A01006D7A0100D4
:10788000597A0100697A01004B7801004B780100B8
:10789000297A01004B780100317A01000F2925D0A7
:1078A00006DC022913D00D29CFD1002002B070BD13
:1078B0001929CAD1B0F8B230C3F3C2010139012984
:1078C00018D9FAF781FD6B4B6A221A500BE0134668
:1078D000092122460CF086FE031EE6DAFAF774FD53
:1078E000644A5B4213504FF0FF30DFE713460A2132
:1078F0002246EFE712B144B1217821B923F40063A5
:10790000A5F8B230D1E7082A04D0FAF75DFD594B4B
:107910001622DAE720460BF0F1F8031EDEDB2DF02D
:10792000FCFB20B9FAF750FD524B1322CDE7B5F816
:10793000B23043F40063A5F8B2300AF051FA85F88A
:10794000B400B2E7012980D11346224602B0BDE857
:10795000704032F08DB824293FF777AF1F2908DC3B
:10796000012969D002297FF470AF13461021224605
:10797000B0E7A1F12103032B03D8DFE803F0394876
:107980003E46002300931CB10C2A0AD0082A21D0BD
:10799000FAF71AFD374B16221A504FF0FF363046D1
:1079A00084E7A068B0B12DF0B8FB0090009808B152
:1079B0000AF016FA042301900DEB03021321284666
:1079C0000CF010FE031EEADAFAF7FEFC294A5B42CD
:1079D0001350E2E76368002BE8D06946201D2EF0C3
:1079E000FEFE0028E2D1FAF7EFFC224B0222D3E799
:1079F00013460D21224628466CE7012321462846DE
:107A000002B0BDE87040FEF755BE0023F6E713460E
:107A100017212246EFE743290ED048297FF415AFFE
:107A200013461121224655E7134614212246E2E768
:107A300013460B212246DEE713460821224649E77A
:107A400013460F212246D6E7134613212246D2E7DA
:107A500013460E212246CEE701232146284602B0D6
:107A6000BDE87040FEF762BE0023F6E7134616211C
:107A70002246C0E70C000000F0B51446B0F8B22072
:107A80000D46C2F38111032987B0034608D1FAF7E6
:107A90009BFC284B5F221A504FF0FF3007B0F0BD1F
:107AA00005B124B9FAF790FC224B1622F3E7D00572
:107AB00004D4FAF789FC1F4B8022ECE7012903D19B
:107AC000C2F34102022AF4D19A8D012A12D1ADF8F3
:107AD0000020DA8DADF8022022681B6B0193082A82
:107AE00028BF0822694628463AF063FD0823236030
:107AF0000020D3E7022AD5D10021ADF80020DA8D8D
:107B0000ADF80220059103F1300201AF4033106857
:107B100051683E4603C608329A423746F7D122687A
:107B2000182A28BF1822694628463AF042FD182331
:107B3000DDE700BF0C000000F0B5038C012B0E4602
:107B400089B0044615464FF0000114D1436ACDE9CF
:107B500002115BB30823019301AA0DEB03012FF07F
:107B60006BFD031E15DA5B42FAF72EFC134A135025
:107B70004FF0FF3018E0022B1AD118273A4602A81E
:107B80003AF03EFD636A8BB1019701AA02A9204633
:107B9000E5E7019C2A68A24228BF224602A9304696
:107BA0003AF007FD2C60002009B0F0BD1623DBE79A
:107BB000FAF70AFC014B16221A50D9E70C00000014
:107BC00008B5034651B10B4413F8013C33B90449DD
:107BD0003AF0B1FD003818BF012008BD0020FCE7D5
:107BE000468C050007B500680023CDE9003340232B
:107BF000FEF7E0FB002808DAFAF7E6FB044B1B5817
:107C000004480B2B18BF6FF04D0003B05DF804FB68
:107C10000C0000008097FFFF07B500680023CDE946
:107C200000334023FEF728FC002808DAFAF7CCFBE3
:107C3000044B1B5804480B2B18BF6FF04B0003B0CC
:107C40005DF804FB0C0000000097FFFF08B5114928
:107C500002880B8993421AD1022B0CD142884B899E
:107C60009A4214D110220C3104303AF0D8FCB0FA08
:107C700080F0400908BD012B09D142884B899A4206
:107C800005D14068CB68C31A58425841F2E700203A
:107C9000F0E700BF503C002008B54FF4ED52002142
:107CA00006483AF0ADFC2822002105483AF0A8FC2D
:107CB000044835F064F8002008BD00BF783C00207F
:107CC000503C0020BC8D002030B587B00025ADF8B9
:107CD00016500490ADF814200A4604A801212CF097
:107CE000D2FD041E1EDB012C22D1BDF916309A06EE
:107CF00020D413F0080320D004220498039203AB8D
:107D00000093214602ABFEF715FC70B90C480368DE
:107D10005B0705D0029B0B4A5B4221462BF0FFF824
:107D2000029C6442204607B030BD6FF00404F9E7BE
:107D30002C46F7E76FF00804F4E71C46F2E700BFB3
:107D40002C250020628C05002DE9F04F027D8BB0C0
:107D5000013A00F1680604464FF0000318BF012203
:107D6000304606911DF0B2FF074628B16FF00B05B3
:107D700028460BB0BDE8F08F0321304634F063FC99
:107D8000E38A40F20312934209D040F21112934267
:107D900002D0B3F5817F06D140F2033301E04FF406
:107DA0004173A4F86A3094F95110481C02D030464F
:107DB00034F0C8FB4FF0000801F070FB04F1240B15
:107DC000C146CDF80C80A36B984561DA5BF8043F9F
:107DD000059304F294434FF0000A079304F52B73C4
:107DE000554604932946059801F03EFB054630B9F7
:107DF000BAF1000F00F0948008F10108E3E72B7856
:107E0000013B042B42D8DFE803F0032E7E86950069
:107E100094F95210D5E902A204F1C40341B111460C
:107E2000504609930892FFF7CBFEDDE9082378B1AD
:107E30005146184622F01CFE034600287AD04E48D0
:107E40000268520709D101F033FB6FF015058FE787
:107E50005146184635F03FFFEEE7484A5B420121A4
:107E60002BF05DF8EFE794F95230D5E902A23BB16F
:107E7000114650460892FFF7A3FE089A00283DD00D
:107E80000498514622F0F4FD002853D06FF01507F6
:107E900001F00EFB002FD8D1039B4BB104F1C401BC
:107EA00030463A4634F07EFB3549304634F054FBD8
:107EB000B9F1000F4AD1E36B23B104F13C01304624
:107EC00034F048FB2769069B2C37002B48D03146FD
:107ED00038461DF021FE054600287FF447AF237D7C
:107EE000012B24D1274B0090274A2146384634F0F5
:107EF0002BFB237943F00203237139E704985146A1
:107F000035F0E9FEC0E700230093D5E90212079897
:107F100023F086FDB8E76868052101F08FFA20B9E3
:107F200001F0C6FA6FF0010522E701F0C1FA6FF027
:107F300085051DE72B78012B06D0022B08BF49F0E1
:107F400001094FF0010A4DE70393FAE704F2944266
:107F500004F52B71304634F001FB0028ABD005E767
:107F600094F85030002BB2D10849384634F03EFB2B
:107F70000028ACD0FAE600BF2C250020868C050036
:107F800070560500197C0100E57B0100E50906003B
:107F90002DE9F04103795B0700AF06460D4609D491
:107FA00000692C3034F097F920B1EB8843F00103DD
:107FB000EB8002E0EB88DC0703D40020BD46BDE87F
:107FC000F081337913F00404F7D1980711D53069A3
:107FD0004023B361224621462C301DF0D1FA031E06
:107FE0003FDA13F5F14F08D13269137C43F00203F5
:107FF0001374EB8843F01003DAE723F0800212F5E4
:10800000D24F36D01F480268510715D0E8468AB0D3
:108010006A465B4207931C4905914FF40073ADF823
:1080200020301A491A4B069142F8103F4FF4115173
:108030002346F6F70BFFC54630462DF075FA0028AB
:108040000CBF6FF070006FF00B00B5F90630DA0668
:10805000CFD400280FDA4042F061EB8843F00803E8
:10806000A6E730692C3034F036F910F1800FECD1EE
:10807000BFE72046E9E7A0D123F00103EB806FF0D2
:108080000A009BE72C250020B18C0500CA8C050056
:1080900004000001F0B5FBB000AF0546384635F0EE
:1080A000E0FDD5E9024631462046FFF789FD32461C
:1080B000214638B3384622F0DBFC044630B315487D
:1080C00003685B0717D06B686D468AB06A46124931
:1080D00005911249CDE906134FF40073ADF8243031
:1080E00064420F4B089442F8103F00234FF4315183
:1080F000F6F7ACFEAD466FF01504204607F5F677AF
:10810000BD46F0BD384635F0E6FDD6E7384635F0D9
:10811000ADFDF2E72C250020CE8C0500F78C050084
:10812000050000012DE9F04F0429A9B005460E46CF
:10813000144606D8022912D8FAF746F99C4B5F225A
:1081400018E0A1F58173032BF6D86FF481773E44D4
:10815000022E2CD8DFE816F08400E400240000682A
:1081600008AA07A9FAF7C8FF054638B9FAF72CF9A3
:108170008F4B09221A504FF0FF3414E008984FF04B
:10818000FF324FF0FF332DF0E2F9079B2246DB6808
:10819000314628469847044608982DF0DAF902E05F
:1081A00023682B620024204629B0BDE8F08FD4E973
:1081B0000076B7F90480D4F8089018F0010F22D0A7
:1081C000287D02281FD195F95330E3B92B69DB696B
:1081D000CBB92A69316814320A613268517B60F385
:1081E000050151733268917B63F3451191733268D5
:1081F000D16863F39431D160336814333360BB8842
:1082000023F00103BB80286808AA07A9FAF774FFC6
:10821000044608980CB34FF0FF324FF0FF332DF0B7
:1082200096F92146CDE9006907983B464FF48172E3
:108230002DF029F9044668B9BB88DE070AD52B79E9
:10824000580707D428692C3034F045F8002818BFA7
:108250006FF07704A7F804809EE76FF00804F9E751
:10826000D4E900672868B6F9048008AA07A9FAF7D4
:1082700043FF0446002850D04FF0FF3308984FF0DA
:10828000FF322DF064F9B388D90721D53B682A69FC
:108290001969143291421BD103F11402DB6813F403
:1082A000FE1F10D0CDE900722146079833464FF4E7
:1082B00081722DF0E8F8044660B310F1780F08BF22
:1082C0006FF00A0468E73A60B38823F00103B380D3
:1082D000214607980097334640F203122DF0D3F859
:1082E0000446A0B9B388DA0711D531462846FFF70E
:1082F0004FFE10F10B0F0AD1B6F906303BB93B68BF
:1083000053F8082C64F3943243F8082C0446A6F87A
:10831000048041E76FF00A043EE76FF0080442E78B
:10832000D4E90078D4F808A02DF0DDF800260390F9
:10833000344608ADB04517DC3868002207A9FAF7C3
:10834000DBFE0546002837D1FAF73EF8184B162217
:108350001A5008AA002398457FF725AF52F8041B4E
:1083600047F833100133F6E757F8360045F8260092
:1083700010490022FAF76AFE814698B13B1D33F896
:108380003630DB070AD503795C07C3F3800B04D4CE
:1083900000692C3033F09FFF30B90024D9F8003049
:1083A00047F836300136C5E76FF07704DA46F5E76F
:1083B0000C000000E43F0500BB1DD14604930023E0
:1083C000984523DCCDE9008907983B464FF482723B
:1083D00029462DF058F8041EBBDB00233E469B4681
:1083E0001C46D84519DC002BB3D0002CB1D1BAF112
:1083F000000FAED0E3DD2DF076F8039B0AEB030906
:10840000A9EB0009B9F1000FD9DCA2E7049A4FF0FB
:10841000000122F833100133D2E7059308AB244959
:1084200053F82B000022FAF711FE059B05460028A1
:1084300038D0B288D00735D52A7D022A26D195F9C1
:1084400053201ABB2A69117CC9070DD54FF4A470BB
:10845000002134F0FBFFF38823F00103F3800123B4
:108460000BF1010B0836BCE7D2697AB928684023C2
:10847000CDE900220DF11B010122FDF7FDFF0028CF
:10848000BEBFF38843F00803F380E4E73146284693
:108490000593FFF77DFD059B10F10B0F14BF002026
:1084A00001200343B6F90620002AD9D00134D7E7CA
:1084B000E43F0500F7B505460069017C41F0010184
:1084C0000174684635F0C0F8DDE9006728692C3092
:1084D00034F03EF9044648B92E692DF004F8C6E997
:1084E00002012869143020F00FF82EE024F08003F8
:1084F00013F5D24F05D014F5CA4F02D014F5E04F52
:108500002BD132463B46684635F0C3F8DDE90032F0
:1085100052EA030019465ED0B2F1FF3F08BFB3F143
:10852000FF3F1FBF4FF47A70A3FB001300FB023321
:10853000C90B2246286814BF41EA43414FF0FF317E
:108540002DF017F804460028C0D02A69137C204675
:1085500023F00103137403B0F0BD14F5D54F0FD110
:1085600028462CF0E1FF03460028AFD01B480268E4
:1085700052072BD01A4A5B4201212AF0D0FC25E099
:1085800014F5D04F154E12D128462CF0CDFF0346DE
:108590000028EBD13368580704D0124A0121304635
:1085A0002AF0B4FC7423EB616FF07304CDE73368F9
:1085B000590705D00C4A6342012130462AF0AFFC2E
:1085C00028462CF0B1FF03460028CFD17123EB6180
:1085D0006FF07004B9E76FF00A04B6E72C250020AD
:1085E000348D0500038D0500198D05002DE9F3413B
:1085F0004FF0FF334048414F4FF0FF322CF0A7FFC0
:1086000000264FF49E6303FB06F807EB0804257968
:1086100015F0010561D129464FF49E62204639F0DC
:10862000EFFF374801950022002301A91FF078FDD4
:10863000054680B13348036813F0060F03D0324A71
:1086400002212AF063FC4FF49E6303FB06730022B1
:108650001A61002429E001464FF48872019839F02C
:10866000CFFF019814300122294634F093FC019881
:108670002C3033F028FF019B2361002BE9D02279B5
:1086800042F001022271FF2284F851204FF0FF30A6
:108690004FF0FF314FF0FF32C4E91601C4E9180171
:1086A00047F808201D60C4E9023313482CF051FF3D
:1086B000BCB104F1680034F012F904F1C40035F0E3
:1086C000D0FA04F52B7035F0CCFA04F2944035F072
:1086D00027FC204602B0BDE8F0810136062E92D17B
:1086E000B7E70848036813F0060FF2D0074A0221E3
:1086F0002AF00CFCEDE700BFBC8D0020783C002088
:10870000042600202C2500204B8D0500728D0500CD
:1087100038B5044630B1204B984203D303F5ED53EE
:1087200098420AD31D480368590703D01C4A012107
:108730002AF0ECFB6FF0080038BD0379DA0705D4A6
:10874000164803685B07F5D0164AF0E7683034F046
:10875000CAF804F1C40035F089FA04F52B7035F03D
:1087600085FA04F2944035F0EBFBA5682DB9237926
:1087700065F3000323712846DEE7E2682B68A360F7
:10878000954200D1E36005F12C0034F066F806480C
:10879000294634F095FAE8E7783C00202C250020A3
:1087A000918D0500A58D0500042600202DE9F041DE
:1087B00007460E4614461FFA82F8FAF7B7FC051E64
:1087C0001CDB7B1E012B0FD8A4F58074032C18D85A
:1087D000012E19D1FFF70AFF0446C0B9F9F7F4FDDD
:1087E000174B0C221A5006E06FF06903F9F7ECFD05
:1087F000134A5B42135028462BF0CDFF4FF0FF3554
:108800001BE06FF07A03F1E76FF06A03EEE70622F0
:1088100031463846FDF7C0FC002803DA2046FFF752
:1088200077FFE8E72060074AA4F8168026754FF422
:10883000404321462846FAF7BFFC2846BDE8F081B0
:108840000C000000E43F050050B1064B984206D3EF
:1088500003F5ED5398422CBF002001207047002003
:10886000704700BF783C002038B5002385688361DD
:10887000044685B92046FFF74BFF054620682CF0DB
:108880003DFC38B935B1F9F79FFD064B09221A5066
:108890004FF0FF3038BD05F12C0033F057FD2D6847
:1088A000E7E700BF0C0000002DE9F04FA9B0044637
:1088B00000AF006888461546032100222CF0F2FD27
:1088C000061EC0F24C8116F4804905D0206826F4BB
:1088D000804204212CF0E6FD20682A464146FDF73F
:1088E000E7FC00280DDBB9F1000F04D02068324608
:1088F00004212CF0D7FD94F814B0BBF1010F04D083
:108900000020A437BD46BDE8F08F00212046FFF7C8
:108910001BFA0646002840F02081A061014618227B
:1089200007F1100039F06CFE94F85430002B60D041
:10893000182D5ED841462A4607F1100039F039FE5D
:10894000DFF820A207F1280033F0B3FD86484FF08E
:10895000FF324FF0FF332CF0FAFDDAF82010002937
:108960005FD007F110007960FFF770F9796800288F
:1089700057D0DAF8242007F128001DF015F9031E5E
:1089800052DADAF820007B6023F056FA77487B68E9
:108990000268CAF8206012F0070F03D0744A5946E3
:1089A0002AF0BDFA6FF0040B6F482CF0D2FDBBF13A
:1089B000000F1AD1206907F128012C301DF018F89A
:1089C000002812DA694803685B070ED0EA4688B0CF
:1089D0006A46684BCDE90534032342F8103F4FF453
:1089E000C2515B46F6F732FAD54607F1280033F05C
:1089F000DDFE00234FF4A0222046FFF75BFD031E9F
:108A000014DA13F10B0F04D1B9F1000F08BF6FF0A6
:108A10007303F9F7D9FC584A5B4213504FF0FF300B
:108A20006FE76FF0010BBFE7B346BDE718220021E7
:108A300007F1100039F0E4FD94F85430002B3FF4B6
:108A40005FAF182D3FF65CAF2A46414607F1100094
:108A500039F0AFFD07F1280033F02BFD206907F155
:108A600028012C301CF0E2FF002817DA3F48036889
:108A70005D070ED06D4688B06A46404BC2E90534AA
:108A8000032342F8103F00234FF4C251F6F7DEF9FA
:108A9000AD4607F1280033F089FE31E7314D324809
:108AA0004FF0FF324FF0FF332CF051FD286A18B120
:108AB00023F0C2F900232B620022114607F10C03B8
:108AC00007F128001CF014FFF968012023F0AEF92B
:108AD00001462862B8B925480368590703D0284AD7
:108AE00001212AF013FA6FF00B061F482CF031FD1C
:108AF000002ECED01D4803685B07CAD06D4688B0F3
:108B00006A46204BBAE707F10C03FA6807F1280020
:108B10001CF0EEFE031E0EDA14480268520704D061
:108B2000194A5B4201212AF0FAF9286A23F084F9F4
:108B300000232B62D7E7FB686B622CF0D4FCC5E9FD
:108B4000000107F110050FCDDFF840C0ACE80F00C1
:108B500095E803008CE80300C7E7034659E76FF088
:108B60000400CEE6503C0020602700202C25002089
:108B7000C58D0500E38D05000C000000008E05008A
:108B8000208E05006C8E0500438E0500583C0020A9
:108B90002DE9F84306460C461546FAF7C7FA071EB4
:108BA0001FDB306A2CF0D5FC30682A462146FDF7E1
:108BB000D5FB4FF0FF3280464FF0FF33306A2CF088
:108BC000C6FCB8F1000F11DAF9F7FEFB2E4B1C586A
:108BD000644238462BF0DFFDF9F7F6FB2A4B64427E
:108BE0001C504FF0FF373846BDE8F883FFF7FEFC16
:108BF0000546002844D0F38AC382337D037500F113
:108C0000280206F1280306F1680153F8040B42F824
:108C1000040B8B42F9D195F8503033B13369286990
:108C2000D3F8F4102C3033F0E1FC184A4FF44043F1
:108C300029463846FAF7C0FAC5F8008001212846CF
:108C4000FFF782F80446A0B9A86181464FF4A0223C
:108C500000232846FFF72EFC041EC4DA14F10B0F84
:108C600007D1306849462CF02BFC002818BF6FF064
:108C700073042846FFF74CFD40462CF03FFAA8E766
:108C80006FF00B04F8E700BF0C000000E43F0500A4
:108C90002DE9F74F884683611946037D012B044671
:108CA00091466FD100682CF00BFCE369054623B9AF
:108CB00023691B7C9A070AD57123F9F785FB344A8F
:108CC00013504FF0FF3B584603B0BDE8F08FF8B1AA
:108CD000D4E91623684634F0B7FCDDE900674FF4A9
:108CE0007A7A20694A4641462C3033F0F9FAB0F1DD
:108CF000000BE8DA2BF0800313F5D24F05D01BF5FB
:108D0000CA4F02D01BF5E04F28D125B90B23D4E779
:108D100000220023DEE732463B46684634F0B9FCC9
:108D2000DDE9003252EA03001946EFD0B2F1FF3F0D
:108D300008BFB3F1FF3F1FBFA3FB0A130AFB0233B7
:108D4000C90B41EA434108BF4FF0FF3120685A4642
:108D50002CF00FFC0028C4D04342AEE70D48036856
:108D60005B0705D00C4ACBF1000301212AF0D7F8AC
:108D700020462CF0D9FB10B10C23E3619DE7712351
:108D8000E36199E7F9F720FB014B86221A5098E737
:108D90000C0000002C2500208A8E05002DE9F347E9
:108DA000814692460C4641BBF9F70EFB144B162246
:108DB0001A504FF0FF38404602B0BDE8F087A76870
:108DC00007EBC6077B6823B100257A68954205D377
:108DD000A8440136E368B342F1D8ECE76368396828
:108DE000019323680093521B534629444846FFF7DA
:108DF0004FFF431CDDD00544E7E70026B046E9E716
:108E00000C0000002DE9F04F8946990787B0054610
:108E100017461E4607D5F9F7D7FA504B86221A5047
:108E20004FF0FF3430E08361037D012BF3D1006804
:108E300031462CF045FBEC698046002C70D12B6943
:108E40001B7C9A0720D418B3D5E9182304A834F062
:108E5000FBFBDDE9043406F48076CDE900344FF401
:108E60007A7A002428693A1B09EB04012C301CF0A3
:108E700087FBB0F1000B68DA1BF5F14F0BD12A69C3
:108E8000137C43F002031374204607B0BDE8F08F53
:108E900000220023DAE71BF5CF4FF0D02BF0800340
:108EA00013F5D24F08D01BF5CA4F05D01BF5E04F84
:108EB00002D01BF5F64F3BD1B8F1000F35D0DDE9FC
:108EC000002304A834F0E5FBDDE9043252EA030094
:108ED00019462AD0B2F1FF3F08BFB3F1FF3F1FBFD1
:108EE000A3FB0A130AFB0233C90B41EA434108BF43
:108EF0004FF0FF31286A03912CF02BFB5A4603995F
:108F000028682CF036FB4FF0FF3283464FF0FF33DA
:108F1000286A2CF01CFBBBF1000F18D0CBF1000429
:108F2000F9F752FA0D4B1C507AE76FF00A0BF5E790
:108F30000B4803685B0705D00A4ACBF10003012107
:108F400029F0EDFF6FF0040BE8E79DD05C44002CA6
:108F500088D0002E98D0A74284D895E70C00000056
:108F60002C2500209E8E05002DE9F041069D04462B
:108F70001E4603B145B91623F9F726FA414A1350A4
:108F80004FF0FF30BDE8F081012913D1262A05D129
:108F9000C38A2A68042AEED1336033E0042A02D15E
:108FA000C369002BF5D1206806953346BDE8F04132
:108FB000FDF7C0BAB1F58D7FF5D10C2A0CDC002A83
:108FC0000CDD013A0B2A09D8DFE802F00B081E3647
:108FD00008084E0808080849132A48D06FF06C03A7
:108FE00032E02B6899073FD1002B3DD0876BBF0043
:108FF0009F4228BF1F4600F128013A46304639F00B
:10900000D8FA2F600020BDE72B689A072CD15BB3FC
:10901000C36B7BB91BF05EFD2B689A08002350F8E8
:10902000231021B146F8231001339A42F7D19B0057
:109030002B60E7E73C30EFE72B68042B14D12CF0D2
:1090400011FA18B96FF07F035B4295E72C3033F0CB
:1090500014FB0028F6D033F07AF83060D2E72A68A3
:1090600090F85430042A97D06FF01503ECE72B6882
:10907000042BF9D12CF0F6F90028E3D02C3033F092
:10908000F2FAEAE70C0000002DE9F04F9DB002AFC4
:109090000129D7F8906005461C4654D1152A28D1DD
:1090A000102E40F0CB80D3E9000650EA06029B6800
:1090B00008D13BB94FF0FF324FF0FF33C5E916231B
:1090C000002048E0B84AA0FB0201C01802FB0611CC
:1090D00041EBE371C903B54BB34A41EA5041C003C8
:1090E000C01841F100010023F3F7AAF9C5E9160100
:1090F000E6E7142A2AD1102E40F0A080D3E900061A
:1091000050EA06029B6807D133B94FF0FF324FF0A7
:10911000FF33C5E91823D3E7A34AA0FB0201C01817
:1091200002FB061141EBE371C903A04B9E4A41EAE1
:109130005041C003C01841F100010023F3F780F94A
:10914000C5E91801BCE7B1F58D7F08D02868009605
:109150002346FDF723FA6C37BD46BDE8F08F013A90
:10916000132A00F2508101A353F822F0BD910100AF
:10917000F59201000B930100079401003F93010059
:10918000739301003D9201000794010007940100D0
:1091900059930100C19001008D930100CD9301000E
:1091A000079401000794010007940100079401004F
:1091B0000794010007940100F7930100002C3DD0B3
:1091C00016F003093AD1132E4FEA960A36D800F06A
:1091D00065F9CA450ADC00F06BF93246214605F113
:1091E000280039F0E6F9C5F838A069E7002354F8FB
:1091F00029B09846414658467B6000F035F97B68B7
:10920000804650B9002B72D169480368590768D16C
:1092100000F04EF96FF0010312E098F80030013BC6
:10922000042B0BD8DFE803F00303144F4D00404636
:10923000FEF730FF002844D000F03AF96FF0150334
:10924000F9F7C2F85B4A5B4213504FF0FF3082E7F8
:1092500007F10C0034F064FE00230093D8E90212F9
:1092600007F10C0022F0DCFB0023014608B3504854
:10927000026852071BD0C7F804D08AB0D8F804C0DF
:1092800002AADFF834E1C2F814E049421162DFF8C3
:109290002CE14FF4007191844949C2E906EC42F88F
:1092A000101F4FF43151F5F7D1FDD7F804D06FF00E
:1092B000150107F10C00796034F042FE796800294D
:1092C000BAD1012396E73A4803685C0704D100F05D
:1092D000EFF86FF08503B3E73A4A012129F016FE53
:1092E000F5E7394A5B46012129F019FE90E709F1BB
:1092F00001096EE7006921462C3033F077F9002828
:109300009CD1012385F85030DAE6002C96D016F077
:10931000030993D1132E4FEA96088FD800F13C032E
:1093200021463246184639F044F905EB88080146D3
:10933000C8F83C9005F1680033F00CF9C0E6002C49
:109340003FF47CAF042E7FF479AF2368022B3FF605
:1093500075AF80F85130B3E6002C3FF46FAF042EA8
:109360007FF46CAF2368012B3FF668AF80F8523072
:10937000A6E6002C3FF462AF042E7FF45FAF2368B3
:10938000012B3FF65BAF80F8533099E6002C3FF499
:1093900055AF042E7FF452AF23685A1E53425341F7
:1093A00080F854308CE600BF40420F003F420F006F
:1093B0002C2500200C000000CE8C0500B28E05008C
:1093C00005000001BE8E05000D8F05000F484FF00F
:1093D000FF334FF0FF322CF0BAF80D4B186A08B18A
:1093E00022F02AFD28220021094839F009F907480E
:1093F0002CF0AFF864E6074803685B0703D0064A21
:10940000012129F083FD6FF06C0319E7602700202C
:10941000503C00202C250020318F050008B550223B
:109420000021044839F0ECF8034833F0A8FC002090
:1094300008BD00BFE48D0020D08D0020094B30B561
:109440001A4600241D788D4205D15D68854202D1FF
:1094500002EB041030BD0134052C03F11003F1D1EF
:109460000020F7E7E48D002010B50B4B31B110312F
:10947000CA1A1211042A03D9002008E01946F7E796
:109480000C782CB14C68844202D103EB021010BD61
:1094900001321031EEE700BFE48D002003484FF0A9
:1094A000FF324FF0FF331EF039BF00BFD08D0020D8
:1094B00001481EF0A5BF00BFD08D00202DE9F84364
:1094C00006460F4690469946FFF7E8FF3946304674
:1094D000FFF7B4FF0446A0B90B4B210103EB0412C4
:1094E0005D5C45B9C2E902895F545660FFF7E0FF51
:1094F0002846BDE8F8830134052CEED16FF00B054A
:10950000F4E76FF01005F1E7E48D002037B504466D
:109510000D4659B930B1184929F07BFF6FF015009D
:1095200003B030BD144828F061FBF7E70A2201A917
:10953000284626F08DFE019B1B786BB13CB10F498C
:109540002A46204629F065FF6FF00100E8E70B4846
:10955000294628F04BFBF7E7FF28E1D93CB102464A
:109560000749204629F055FF6FF02100D8E7014652
:10957000034828F03BFBF7E7AB8F0500C88F0500D9
:10958000DA8F050004289ABF024B53F820000248E6
:10959000704700BF38400500EC8F05000130C0B2B5
:1095A00003289ABF024B53F820000248704700BFBF
:1095B00028400500FB8F05002DE9F3411F46038C71
:1095C000DDF8208004460D461646042B5FD8DFE800
:1095D00003F05223035A5C00416A022009F066FD41
:1095E000628C52BA92B20346009231462C4A284607
:1095F00026F004FE04F13001022009F057FDE28D4F
:1096000052BA92B20892264A03464146384602B000
:10961000BDE8F04126F0F2BD416A012009F046FDA7
:10962000628C52BA92B20346009231461D4A2846D5
:1096300026F0E4FDA08D022804F1300111D1236B46
:109640007BB9636B6BB9628F4FF6FF739A4208D197
:1096500009F02CFDE28D52BA92B208920346124AEA
:10966000D3E7012009F022FDE28D52BA92B20892AE
:1096700003460C4AC9E70D4A3146284602B0BDE808
:10968000F04126F0BBBD0A4AF6E70A4AF4E70A4A67
:109690003146284602B0BDE8F04126F0AFBD00BF1C
:1096A0000B9005001390050019900500219005000E
:1096B0002B900500359005003C90050098B103689B
:1096C0008BB158680B4A90420DD19B689B7E012B51
:1096D00004D109B1084B0B600848704709B1084B29
:1096E0000B600848704709B907487047074B0B6083
:1096F000FAE700BFB82A00206E90050047900500E9
:109700006A9005004C900500559005006490050096
:1097100008B530B1064B074A074929F05EFE002024
:1097200008BD034A0349044828F060FAF7E700BF80
:10973000E1900500F49005001391050008B538B1DB
:10974000054929F058FE002006F0B8FB002008BDAE
:10975000014828F04BFAF6E75A9105001FB5536807
:1097600004466BB9CDE9013002A901AB0848039367
:1097700006F01AFC20B934B10649204629F03BFE18
:10978000002004B010BD034828F030FAF8E700BF0D
:10979000999701006F9105002DE9F347D1E9006524
:1097A0002B68044600F1100900F10C07002B3FD193
:1097B00016B32149304629F01EFEA068D5F800A056
:1097C00008F00EFB1D4A182304460621484609F0FE
:1097D0004DFB39468046012009F068FC1849CDE967
:1097E000008023465246304629F005FE2B6801339F
:1097F0002B6002B0BDE8F0870F4828F0F7F9A068A9
:10980000D5F8008008F0ECFA0C4A0446182306212B
:10981000484609F02BFB39460646012009F046FC74
:109820003346009022460648414628F0DFF9DDE73E
:10983000002EC2D1E3E700BF84910500BAE000200A
:10984000AF910500F0B5022987B0044616460AD844
:1098500028B1444929F0DDFD6FF007006CE0414874
:1098600028F0C4F9F8E7032928D05168FFF74EFE25
:10987000071E0BDC2CB13C493A46204629F0C9FDB5
:10988000EAE73948394628F0B1F9E5E706F0F6FF8E
:10989000054630B914B135493A46EEE73348394602
:1098A000F1E7D6E90276012003AA394609F014FC53
:1098B000002813DA7CB12E493A46DEE707F0E4F8D7
:1098C000054628B914B12B492046C3E72948C7E704
:1098D000D6E90176E7E726483946D4E7324606213D
:1098E00004A82DF05BFC002806DA14B122493246A8
:1098F000C3E721483146C6E7012603A9284600965A
:10990000002304AA06F02CFA03A93046B4B109F0EA
:10991000CDFB1A4A18230621064604A809F0A6FA28
:109920000746284608F05CFA154900903B46324647
:10993000204629F060FD002007B0F0BD09F0B6FB1D
:109940000E4A04461823062104A809F08FFA064699
:10995000284608F045FA324603462146084828F0D2
:1099600045F9E8E7C8910500F99105001692050050
:109970005F9205003392050079920500BAE000205D
:109980009292050008B530B1064B074A074929F005
:1099900024FD002008BD034A0349044828F026F9A5
:1099A000F7E700BF9F9305004B9305001391050057
:1099B0001FB500230193044600283FD0314929F008
:1099C0001AFD01AB3048039302A902940AF0B0FFDC
:1099D000019B002B3DD1002C34D02C49204629F08E
:1099E0000AFD2B49204629F006FD00232948019352
:1099F00002A90CF047F9019B002B34D164B326492E
:109A0000204629F0F8FC2549204629F0F4FC0023E3
:109A10002348019302A910F01BFA019B002B2ED1C1
:109A200024B32049204629F0E6FC1F4B1F4A204959
:109A3000204629F0D2FC002004B010BD114828F0C7
:109A4000D5F8BEE7114828F0D1F8114828F0CEF833
:109A5000CBE7002CC5D1F8E70F4828F0C7F80F482E
:109A600028F0C4F8D3E7002CCDD1F8E70D4828F052
:109A7000BDF80D4A0D490E4828F0B8F8DBE7002C78
:109A8000D3D1F6E7489505005D9C01008A95050055
:109A90009A9505003D9B0100E5950500049605009B
:109AA000B59A01005196050065960500739605006C
:109AB000139105002DE9F04F044689B0D1E900B8B3
:109AC0002FF071FDD4F80490D4F888A2B9F8225090
:109AD000B9F82E606DBAABB276BA0746D4F87C52AC
:109AE00094F878020793B6B2BBF1000F16D012F0CB
:109AF00093F9079B0093CDE90470CDE9025A0E4912
:109B000001964B462246584629F075FCD8F800309D
:109B10000133C8F8003009B0BDE8F08F12F07CF9CD
:109B2000CDE9015ACDE90370079B034800964A46E8
:109B3000214628F05BF8E9E7909605002DE9F0470B
:109B4000A0B0044612AED1E900873522002130468C
:109B500038F056FDA38B04AD032B60D8DFE803F08B
:109B6000583D025D04F12001022009F09FFAE28BCA
:109B700052BA92B2034600923521324A284626F064
:109B80003DFB04F10801022009F090FAE28852BA84
:109B900092B200922B4A03463521304626F02EFB26
:109BA0003B68D4F834A0A08BB4F8401003F101094D
:109BB000B8F1000F39D009F02BF9CDE90256CDE903
:109BC00000A0214923464A46404629F014FC3B6840
:109BD00001333B6020B0BDE8F08704F12001012093
:109BE00009F064FAE28B52BA92B203460092352130
:109BF000164A284626F002FB04F10801012009F06C
:109C000055FAE28852BA92B2009203460F4AC3E76D
:109C10000F492846F2F738FCC2E70E49F9E70E4A29
:109C20003521284626F0EAFABAE709F0F1F8CDE93D
:109C300001560090534604482246494627F0D6FF75
:109C4000C5E700BF0B900500B7960500139005000F
:109C5000219005002B9005003C9005002DE9F04374
:109C6000A3B03526D1E9005814AF0446324600218E
:109C700038460DF1180938F0C3FC009632462046EC
:109C80003B464946FFF798FCD8F8006094F9B400C9
:109C90000136002D36D006F0F1FD08F0A1F8B4F839
:109CA000B230C3F3C202022A28D0012A14BF2022F4
:109CB0003422C3F38113013B022B9CBF2949CB56AD
:109CC000B4F8B01088BF2023112919D0062914BF79
:109CD00020215421CDE90231CDE90002CDE90497DC
:109CE000214923463246284629F085FBD8F8003022
:109CF0000133C8F8003023B0BDE8F0833622D8E73E
:109D00005521E7E706F0BAFD08F06AF8B4F8B2505A
:109D1000C5F3C202022A03461FD0012A14BF202223
:109D20003422C5F38115013D022D98BF0F49B4F8C7
:109D3000B00094BF49572021112810D0062814BF25
:109D400020205420CDE901100092CDE90397064868
:109D50002246314627F04AFFC8E73622E1E7552080
:109D6000F0E700BF8D0D0600D29605008D0D0600B0
:109D700008B530B1064B074A074929F02EFB0020F1
:109D800008BD034A0349044827F030FFF7E700BF46
:109D9000249705002B9705001391050008B530B1F5
:109DA000064B074A074929F018FB002008BD034A63
:109DB0000349044827F01AFFF7E700BF3D97050065
:109DC0004B9705001391050008B530B1064B074AC3
:109DD000074929F002FB002008BD034A0349044853
:109DE00027F004FFF7E700BF119905001899050057
:109DF0001391050008B530B1064B074A074929F011
:109E0000ECFA002008BD034A0349044827F0EEFE9F
:109E1000F7E700BFC7990500D49905001391050025
:109E200008B530B1064B074A074929F0D6FA002099
:109E300008BD034A0349044827F0D8FEF7E700BFEE
:109E4000E8990500D49905001391050008B520B1E3
:109E5000044929F0C2FA002008BD024827F0C6FED6
:109E6000F9E700BF559B050008B530B1064B074A1E
:109E7000074929F0B2FA002008BD034A0349044803
:109E800027F0B4FEF7E700BF209C05002B9C0500DF
:109E90001391050008B530B1064B074A074929F070
:109EA0009CFA002008BD034A0349044827F09EFE9F
:109EB000F7E700BF209C05002B9C050013910500CF
:109EC00008B530B1064B074A074929F086FA002049
:109ED00008BD034A0349044827F088FEF7E700BF9E
:109EE000389E05003D9E0500139105002DE9F04FB9
:109EF000044685B0E8B17549754B764A29F07BFA7E
:109F00007549204629F077FA0026744DB046744B07
:109F10009D4217D358EA060340F0B480002C00F0AD
:109F2000AD807049204629F066FA002005B0BDE8F2
:109F3000F08F674A6749654827F058FE664827F062
:109F400055FEE1E7DCB16849204629F054FA2A6859
:109F50002ABB664A6B6803B11B886969019129694C
:109F600000912046624929F046FAEF692A6A0837CB
:109F7000A7F108039A421ED801363435C7E75A487C
:109F800027F034FE296881B958496A6802B11288FD
:109F90006B6900932B69564827F028FEE5E7117896
:109FA000524B002908BF1A46D4E70A784F4B002AC3
:109FB00008BF1946E9E757F804BC9BF80430032BA7
:109FC00096BF4C4A4C4A52F82320002C37D04B49BC
:109FD000204629F010FA4FF000094B46CA46DBF83C
:109FE000002022FA09F2D20713D55FFA89F05CB398
:109FF0004349444A002B18BF0A46039213F09CFDC4
:10A00000039A41490346204629F0F5F90AF1010A6D
:10A01000012309F10109B9F1200FE0D1BAF1010FD3
:10A0200029DCFCB13949204629F0E5F957F8082C1C
:10A030003749204629F0DFF908F1010896E72F4853
:10A04000114627F0D3FDC6E72D4A2E49002B18BF35
:10A050001146039113F070FD039902462A4827F038
:10A06000C5FDD3E7294827F0C1FD57F8081C28484B
:10A0700027F0BCFDE0E7002CD8D1F6E7194827F01F
:10A08000B5FD52E78CB1234B234A2449B8F1010FA7
:10A09000C8BF1A46CDE900821F4A2046012ED8BF0C
:10A0A0001346324629F0A7F93FE71A4A1A4B1A49D4
:10A0B0001A48B8F1010FC8BF13460093012ED8BF4C
:10A0C0000A464346314627F091FD2EE7DA9E050009
:10A0D000BD9E0500D09E0500E79E0500B42F05003B
:10A0E0001C3005001F9F050063070600AD9E05009C
:10A0F000099F050028460500B39E0500189F05002E
:10A10000A6080600E5090600D67305001705060037
:10A11000F3B5050007A4050050060600469F05009C
:10A1200008B528B1044929F074F96FF0070008BD9B
:10A13000014827F05BFDF8E7969F050070B5012107
:10A1400006462BF087FA044620B133493348F2F72C
:10A150009BF90C24022130462BF07CFA2F4D30B1B4
:10A16000C4F1510128192E4A26F048F80834032179
:10A1700030462BF06FFA0346C4F151012819002B29
:10A1800045D0284A26F03AF80E34052130462BF007
:10A1900061FA30B1C4F151012819234A26F02EF892
:10A1A0000E34062130462BF055FA30B1C4F151017E
:10A1B00028191E4A26F022F80534072130462BF0D4
:10A1C00049FA30B1C4F151012819194A26F016F89C
:10A1D00005340B2130462BF03DFA30B1C4F151016A
:10A1E0002819144A26F00AF806340C2130462BF0C0
:10A1F00031FA30B1C4F1510128190F4A25F0FEFFA0
:10A2000007342544002305F8013C044870BD0B4A7F
:10A2100025F0F4FF0B34B8E7F19F0500D2E00020F1
:10A22000FE9F050007A0050016A0050025A005005B
:10A230002BA0050031A0050038A005000AA00500EC
:10A2400070B551680546FFF761F9041E09DB06F099
:10A2500015FB024668B93DB11B492246284629F044
:10A26000D8F86FF0070627E01748214627F0BEFC14
:10A27000F7E72BF0FBF930B115B114492246EDE7B1
:10A2800012482146F2E7104608F046FB064668B140
:10A2900035B103460E492246284629F0BAF8E0E7D0
:10A2A000024621460A4827F0A1FCDAE735B1094900
:10A2B0002246284629F09FF8304670BD05482146C1
:10A2C00027F094FCF8E700BF40A005005FA0050060
:10A2D0007CA005009EA0050070B551680546FFF7FB
:10A2E00015F9041E08DB06F0C9FA68B93DB1164934
:10A2F0002246284629F08DF86FF007061CE0124828
:10A30000214627F073FCF7E708F04CFB064668B1DE
:10A3100035B103460D492246284629F07AF8EBE785
:10A3200002462146094827F061FCE5E735B10849B6
:10A330002246284629F05FF8304670BD0448214681
:10A3400027F054FCF8E700BF40A00500B2A00500CC
:10A35000D6A00500012938B504461DD806F094FBA7
:10A3600058B934B11C49204629F053F86FF0070062
:10A3700011E0194827F03AFCF8E707F031FD0246F2
:10A3800024B11649204629F036F803E00146134867
:10A3900027F02CFC002038BD5168FFF7B7F8051EE8
:10A3A000E4DB06F06BFA06F069FB06F06DFB07F0E4
:10A3B00017FD85420BD02CB109492A46204629F0C9
:10A3C00028F8D3E70648294627F010FCCEE70CB161
:10A3D0002A46D6E72946DAE7ECA0050002A10500E7
:10A3E00019A105002DE9F74F8A4651680546174621
:10A3F000FFF78CF8BAF1020F044609D825B15E497F
:10A40000284629F006F824E05B4827F0EFFB20E01F
:10A4100006F034FA28B103681BB15A68574B9A42C8
:10A420000DD03DB156492246284628F0F2FF6FF084
:10A43000150010E05248214627F0D8FBF7E705F059
:10A4400077FA804678B94DB14E492246284628F021
:10A45000E0FF6FF0070003B0BDE8F08F49482146E8
:10A4600027F0C4FBF5E74FF0000908374FF0020B67
:10A470004C460BF1010BD3451BD27B681E78A6F12D
:10A4800068035E425E4101AA38680A21F6F796FD2C
:10A4900082B2B2F57A7F48D00DD80A2A3AD0642A1F
:10A4A0003DD0B2B1002D5AD03749284628F0B1FF2F
:10A4B00046E00026E7E740F6C4139A423AD041F25C
:10A4C00088339A42EED1002E46D0002D42D02F493B
:10A4D00033E02F493868F1F7CDFF002808BF49F075
:10A4E0000109D34507F10407C3D1002C3CD0D8F8AB
:10A4F00008305B68E1B25FFA89F2002B39D0B9F11C
:10A50000000F04D0002992D0481E08428FD1404647
:10A510009847A0E7C6F102062643B4B2E1E7002E51
:10A520000CBF082304231C43DBE7002E0CBF2023B1
:10A530001023F8E75EB135B11649284628F069FFC7
:10A540006FF0850087E7134827F050FBF8E744F0E9
:10A550004004C6E70D48F7E744F08004C1E70A4825
:10A56000114627F043FBEBE70DB10B4948E70A48DA
:10A570004BE76FF057006EE740A10500B82A0020B6
:10A580008FA10500B2A105002BA2050007A20500BE
:10A59000D8A10500E3A1050041A2050073B55568E7
:10A5A0000446BDB12946FEF7B1FF061E09DB06F0E1
:10A5B00065F9054670B944B11A493246204628F07B
:10A5C00028FF6FF0070002B070BD1648314627F033
:10A5D0000DFBF6E7BCB1FBF7CFFD13490246204661
:10A5E00028F009FF06F050FA07F0FAFB0F4902467F
:10A5F000204628F000FF0E486946CDE9004508F0E6
:10A600006DF90020DFE7FBF7B7FD0146064827F0AC
:10A61000EDFA06F039FA07F0E3FB0146034827F0AC
:10A62000E5FAE8E740A0050055A2050063A2050091
:10A63000C5A60100F0B5002787B005460E46CF60DD
:10A6400006F01CF904464DB3A0B1012D28D1082213
:10A6500003A92CF0AFFA394620468DF81470FFF7A5
:10A660002DF8124ACDE9000403AB1148104C1C210F
:10A6700025F0C4FD0F4B7460B360284606F0FEF869
:10A6800085B140B1012D0FD10B4A0C482B46042156
:10A6900025F0B4FD0948306007B0F0BD084CE9E78B
:10A6A0003C46E7E70648F6E70020F4E77BA2050012
:10A6B0003FE10020C8360500A2F805003BE100207C
:10A6C000E50906002DE9F04F4B688DB005460E46B2
:10A6D0000BB183425BD10023082209A92846CDE9AA
:10A6E000093334688DF82C302CF064FA002802DD30
:10A6F0009DF824301BB9984909A8F1F7C5FE08A9AF
:10A70000284624B3FEF7DAFF0746284607F068FB21
:10A710009249CDE9007009AA20462B4628F06BFE2D
:10A72000089A8F49204628F066FE4DB328462AF045
:10A730009DFF18B305F1F4064FF0FF324FF0FF33E1
:10A7400030461DF0EBFD2DBB00235B78FFDEFEF7EE
:10A75000B5FF0746284607F043FB09A900903B4692
:10A760007E482A4627F042FA08997D4827F03EFAAB
:10A77000002DDBD17B4827F039FA05E0002CF9D019
:10A780007849204628F029FE7368002BD2D10DB0FD
:10A79000BDE8F08F28680028D6D0417C51B1724ABC
:10A7A00012301823ECB108F061FB704902462046D4
:10A7B00028F021FE30461DF023FE2A68C4B102B104
:10A7C000128B6B49204628F016FE2846FFF7B6FC90
:10A7D00068490246204628F00EFE2B68E3B9664A17
:10A7E0001EE008F043FB0146604827F0FFF9E1E76F
:10A7F00082B1118B5E4827F0F9F92846FFF79EFCDD
:10A8000001465C4827F0F2F92A68002A40F0D68019
:10A810005949D8E02146EDE71B68002BDFD01A68C4
:10A820005649204628F0E7FD2868002840F0EA80D5
:10A8300008F066F80021024628462AF00BFF504B2C
:10A840005049514E002818BF0B46092128462AF0CE
:10A8500001FF4E49002818BF3146009120464C495F
:10A8600028F0C9FD2B68002B4DD05A68494B9A42FD
:10A8700049D1002C00F0CA804749204628F0BBFD92
:10A880002B68002B00F0D083186886681EB17669AB
:10A890000EB1B0470646414F4FF000083B681E42DC
:10A8A00007D07A68002C00F0B5803D49204628F09A
:10A8B000A2FD08F10108B8F1150F07F10807EDD165
:10A8C000284605F035F80646002C00F0AA8000283E
:10A8D00000F0A580026833493346204628F08BFDFE
:10A8E0008EB1B3681B68002B00F0A48007A9304626
:10A8F0009847021E80F2A680002C00F09E802A4914
:10A90000204628F094FD07212846D5F8E0B02AF02B
:10A91000A1FE18B1BBF1000F40F0CF80002C00F079
:10A92000C680224B224A2349204628F064FD062196
:10A930002846D5F8E4602AF08DFE10B1002E40F0D4
:10A94000A782002C00F09E82184B1B4A1949204612
:10A9500028F051FD1BE700BFEEA20500F0A20500A4
:10A960003EB505000EA3050023E1002022A305004B
:10A9700032A3050042A3050088A2050052A30500EA
:10A980003DE105008CA20500F3F005008FA2050053
:10A9900067A30500B82A002092A305001047050010
:10A9A000F3B50500B4A30500D2A30500868F05000A
:10A9B000A1A9050015A4050047A505001268002AF5
:10A9C0003FF426AF1168BE4827F010F92868D8B9BF
:10A9D00007F096FF0021064628462AF03BFEB94BB9
:10A9E000B94A884218BF1A46092128462AF032FE81
:10A9F000B64BB749002808BF0B46B648314627F08A
:10AA0000F5F82FE7807E13E7807EE1E7B24827F074
:10AA1000EDF835E7B148114627F0E8F849E7B04AC4
:10AA200059E728B10168AF48324627F0DFF857E709
:10AA3000AB49F8E76FF057025EE7AB48114627F0E5
:10AA4000D5F860E79DF81C3003F03002CCB1B2B904
:10AA500013F00C0FA54BA64A18BF1A462046A5496D
:10AA600028F0C9FC9DF81C30A34AA44913F0EA0F52
:10AA7000A34B204618BF1A4628F0BDFC43E7A14A65
:10AA8000ECE792B913F00C0F984B994918BF19468F
:10AA9000984827F0ABF89DF81C309749974813F079
:10AAA000EA0F974B18BF1946C9E79649F0E7964A4F
:10AAB0009649974827F09AF839E7002C00F04C8126
:10AAC00094490322204628F096FC4FF00008924E4D
:10AAD0000BF10407C1460BEB881A9AF83D309B072F
:10AAE0002DD539460220002C00F03B8108F0DEFA1B
:10AAF000049097F82400FEF745FD059097F925008E
:10AB0000FEF74CFD9AF83D30844A854913F0010F59
:10AB100008BF324613F0040F08BF314613F0080F88
:10AB2000804B08BF3346CDE90213CDE900027E49D0
:10AB3000DDE90423204628F05EFC09F1010908F153
:10AB40000108B8F1030F07F14007C4D1B9F1000FB4
:10AB500040F03881002C00F02D817449204628F007
:10AB60004AFC73490422204628F045FC0026714F18
:10AB70000BF1C409B2460BEB461393F8DC30D8074F
:10AB800017D54FEA461849460220002C00F01E81D6
:10AB9000D84408F08BFA98F8DC30674913F0020FBC
:10ABA00002465D4B204608BF3B4628F024FC0AF1D4
:10ABB000010A0136042E09F12009DCD1BAF1000F97
:10ABC00040F01C81002C00F011815849204628F0EB
:10ABD00012FC5A490222204628F00DFC00270BF5F2
:10ABE000A876B8464FF0280909FB07B303F5A07A09
:10ABF00093F86531990717D531460220002C00F0F3
:10AC0000018108F053FA9AF82510337D0246434833
:10AC100011F0010F404918BF0146009120464849F4
:10AC200028F0E9FB08F101087B1C022B06F128063D
:10AC30004FF00107D8D1B8F1000F06D1002C00F079
:10AC4000F1803A49204628F0D6FB002128462BF017
:10AC5000D9FC0646002800F0118100F10807002CFD
:10AC600000F0E4803749204628F0C5FB3946022031
:10AC700008F01CFA96F82230274913F0040F024618
:10AC8000264B204608BF0B462B4928F0B4FB9BF807
:10AC9000A5212D49204628F0AEFBDBF890212B4959
:10ACA000204628F0A8FBDBF894212949204628F00B
:10ACB000A2FBDBF898212749204628F09CFB36E6CA
:10ACC00052A305008CA205003DE10500F3F005004C
:10ACD0008FA2050067A3050092A30500F3B5050048
:10ACE00093A20500B4A30500D2A30500A2A205000B
:10ACF000ACA20500F1A30500BAA205000AA4050054
:10AD0000B5A205009AA20500868F0500A1A905003D
:10AD100015A4050034A40500E5090600BFA205003E
:10AD2000C9A20500D4A2050056A4050067A4050029
:10AD300070A40500DFA2050094A405009BA40500F3
:10AD4000C8BB0500B4A40500CBA40500EAA4050017
:10AD500009A5050028A50500B548032126F046FFF2
:10AD6000B3E608F0A3F9049097F82400FEF70AFC74
:10AD7000059097F92500FEF711FC03469AF83D006F
:10AD8000AC4AAD49DFF8B4C210F0010F08BF11465C
:10AD900010F0040F08BF944610F0080FA848009167
:10ADA00018BF0246CDE901C2A648DDE9041226F02B
:10ADB0001DFFC2E6A44826F019FFA448042126F08E
:10ADC00015FFD3E6002C7FF4CCAEF6E7D84408F0AC
:10ADD0006DF998F8DC309E4A13F0020F954B01464E
:10ADE00018BF1A469B4826F001FFE0E6964826F079
:10ADF000FDFE9948022126F0F9FEEFE6002C7FF4D3
:10AE0000E8AEF6E708F052F99AF82530894A13F0CF
:10AE1000010F0146884B914808BF1346327D26F04A
:10AE2000E5FEFFE6884826F0E1FE0EE78C4826F0B6
:10AE3000DDFE3946022008F039F996F822307D4AC5
:10AE400013F0040F7C4B014618BF1A46814826F0C8
:10AE5000CDFE9BF8A511834826F0C8FEDBF89011C3
:10AE6000814826F0C3FEDBF89411804826F0BEFE30
:10AE7000DBF898117E4826F0B9FE58E5002C7FF4E7
:10AE800006AFE6E77B4A7C497C4826F0AFFE7EE4CD
:10AE90007CB17B490122204628F0ADFA96F83D307E
:10AEA0009A070BD4002C40F09A80674826F09EFE4B
:10AEB00090E07348012126F099FEEFE7311D06F17D
:10AEC00040070120002C64D008F0F0F83946054610
:10AED000012008F0EBF8074696F82800FEF752FB31
:10AEE000804696F92900FEF759FB96F83D30524A04
:10AEF0006449CDF8008013F0010F4E4B18BF134684
:10AF0000CDE901032A463B46204628F074FA5E4903
:10AF10000222204628F06FFA002706F14809B846B9
:10AF200006EB471393F86030DB0716D57D014946E1
:10AF30000120002C58D0354408F0B8F895F860305E
:10AF4000434913F0020F02463A4B204608BF0B4616
:10AF5000404928F050FA08F101087B1C022B09F146
:10AF600020094FF00107DBD18436B8F1000F58D12A
:10AF7000002C49D03449204628F03DFA31460120C2
:10AF800008F094F841490246204628F034FAFFF7C9
:10AF9000FEBB08F08BF839460546012008F086F81C
:10AFA000074696F82800FEF7EDFA804696F9290044
:10AFB000FEF7F4FA96F83D301F4A13F0010F1D4BCF
:10AFC00018BF1346CDE900033A462E4843462946AA
:10AFD00026F00CFE2C48022126F008FE9CE71A49B8
:10AFE000204628F008FA92E7354408F05FF895F813
:10AFF0006030174A13F0020F0E4B014618BF1A4675
:10B00000144826F0F3FDA6E70F4826F0EFFD314681
:10B01000012008F04BF801461C4826F0E7FDFFF739
:10B02000B6BB002CAAD1F2E79B68FFF78FBB00BF2D
:10B0300034A40500E5090600BFA20500C9A2050069
:10B04000D4A2050056A4050067A4050070A405005D
:10B05000DFA2050094A405009BA40500C8BB050061
:10B06000B4A40500CBA40500EAA4050009A50500C9
:10B0700028A50500868F050047A5050015A4050035
:10B080004CA505006EA505007EA50500A2A505003E
:10B0900018B1012801D0022803D1034B53F8300026
:10B0A00070470248704700BFF048050077A80500C8
:10B0B0002DE9F3411D46002301932B68DDF8208024
:10B0C0008B4204460BD330B11A4928F0B0F9032360
:10B0D0006FF0150728E0174826F088FDF7E752F8CB
:10B0E00023600A2101AA3046F5F768FF019F5FB18E
:10B0F0002CB111493246204628F099F9E7E70E486D
:10B10000314626F073FDE2E705F0B8FBC8F804000D
:10B1100030B914B109493246EDE708483146F0E745
:10B120002B6801332B603B46384688F8003002B06C
:10B13000BDE8F0817FA80500A7A80500C9A8050003
:10B1400010B1034928F057B9014826F04FBD00BFA0
:10B15000F0A80500F0B587B004AF0D4608223946C7
:10B1600004462BF027FD18B10B493846F1F78CF94E
:10B17000204606F035FE002106462046FEF79EFAE0
:10B18000064A0094CDE9017033463021284625F067
:10B1900035F807B0F0BD00BF37A905003FA905008D
:10B1A00030B58DB005460C466946FFF7D3FF2846FB
:10B1B00015F00AFF34B106496A46204628F01BF90B
:10B1C0000DB030BD0248694626F010FDF8E700BF1B
:10B1D00051A9050030B58DB005460C466946FFF70C
:10B1E000B9FF284615F00EFF34B106496A462046DD
:10B1F00028F001F90DB030BD0248694626F0F6FC92
:10B20000F8E700BF68A905002DE9F0411C68069F1A
:10B210008C4206461D4616D252F8248010494046FC
:10B2200037F00DFA28B901342C6038700020BDE8E1
:10B23000F0810C49404637F002FA20B9013401236D
:10B240002C603B70F2E736B10749304628F0EFF842
:10B250006FF01500EBE7044826F0C8FCF8E700BFE4
:10B26000B86F0500ECE405007FA90500F0B593B0C8
:10B2700005460E4615F0FAFE06A904462846FFF7D5
:10B2800069FF4FF6FF739C420CD136B13A4906AACA
:10B29000304628F0B0F813B0F0BD374806A926F0C4
:10B2A000A5FCF8E7284604F080072FF00FFB45B116
:10B2B0002D6835B1BFF35B8FED68BFF35B8F05F091
:10B2C0000105620704F0010E04F0020304F4005CBF
:10B2D00047BF2A4A2A4C2B4C2B4A002B18BF144636
:10B2E0002EB32A4A2A4B2B49002818BF13462A4A54
:10B2F0002A480093002D18BF0A462949294D2A4B98
:10B30000BEF1000F18BF01462848CDE90121284AA7
:10B310002849BCF1000F18BF2846CDE90340002F93
:10B3200008BF1346304606AA28F065F8B3E7194A65
:10B33000194B1B49002D18BF1346184A194DBEF171
:10B34000000F18BF1146194ABCF1000F18BF2A465A
:10B35000CDE90031CDE902420C4B0D4A14490028D9
:10B3600008BF1346104A1348002F08BF0A4606A913
:10B3700026F03CFC8FE700BFE6A905009AA905006E
:10B3800047A50500A6A90500A1A90500C0A90500BB
:10B39000BCA9050059B1050027B10500C6A90500E3
:10B3A000CEA90500DCA90500ACA90500D8A90500B7
:10B3B000B4A90500FDA905002DE9F0470129089E63
:10B3C0000446884691461D4601D8012307E0576888
:10B3D0003449384637F033F928B902232B603370EB
:10B3E0000020BDE8F0873049384637F028F910B919
:10B3F00002232B60E9E738462AF045F938B12B469D
:10B400004A4641462046BDE8F047FFF751BE27496E
:10B41000384637F014F9824660BB022398452B600A
:10B420000DD144B12249204628F001F8032333709E
:10B430006FF01500D5E71E4826F0D8FBF6E7D9F8DF
:10B440000870384607F05AFB05F018FA706058B9D2
:10B450002CB118493A46204627F0E9FFE6E715489F
:10B46000394626F0C3FBE1E72B6801332B6086F8F1
:10B4700000A0B5E71049384637F0E1F810B90223CB
:10B480002B60BCE744B10D493A46204627F0CFFF78
:10B490002046FFF755FEC9E70848394626F0A6FBC7
:10B4A000F6E700BF27AA05002BAA050056E1050014
:10B4B00030AA050057AA05007DAA050081AA05004B
:10B4C00070B586B001230026039304ABCDE9046672
:10B4D0000093032603AB04460D468DF81060FFF77A
:10B4E0006BFFA8B9039BAB4209D024B10F4920469A
:10B4F00027F09DFF0CE00D4826F078FB08E09DF852
:10B5000010305A1E012A06D80948214607F0E6F9EC
:10B51000002006B070BD23B905982146FFF7A6FEAE
:10B52000F6E70CB10349E2E70248E5E7B5AA0500F2
:10B530006DB20100C5AA050070B586B001230026D2
:10B54000039304ABCDE904660093032603AB0446E2
:10B550000D468DF81060FFF72FFFC0B9039BAB427B
:10B5600009D024B11B49204627F061FF0FE019489C
:10B5700026F03CFB0BE09DF81030012B0ED14CB1B6
:10B580001549204627F053FF2046FFF7D9FD00203C
:10B5900006B070BD104826F029FBF5E7022B0DD14F
:10B5A00044B10E49204627F026FF0D48214607F0FA
:10B5B00095F9ECE7094826F019FBF6E723B9059859
:10B5C0002146FFF7EDFDE2E70CB10649CBE7054860
:10B5D000CEE700BFB5AA0500DFAA0500F9AA05005D
:10B5E000A1B10100C5AA050070B586B001230026EF
:10B5F000039304ABCDE904660093032603AB044632
:10B600000D468DF81060FFF7D7FEC0B9039BAB4223
:10B6100009D024B11B49204627F009FF0FE0194843
:10B6200026F0E4FA0BE09DF81030012B0ED14CB15E
:10B630001549204627F0FBFE2046FFF781FD00203C
:10B6400006B070BD104826F0D1FAF5E7022B0DD1F7
:10B6500044B10E49204627F0CEFE0D48214607F0A2
:10B660003DF9ECE7094826F0C1FAF6E723B9059859
:10B670002146FFF7AFFDE2E70CB10649CBE70548ED
:10B68000CEE700BFB5AA0500DFAA05000FAB050095
:10B69000D5B10100C5AA050070B592B001230026FE
:10B6A000039304ABCDE904660093032603AB044681
:10B6B0000D468DF81060FFF77FFEC0B9039BAB42CB
:10B6C00009D024B12A49204627F0B1FE0FE02848CE
:10B6D00026F08CFA0BE09DF81030012B0ED14CB106
:10B6E0002449204627F0A3FE2046FFF729FD00202D
:10B6F00012B070BD1F4826F079FAF5E7022B0CD185
:10B700003CB11D49204627F076FE012015F0CEFF02
:10B71000EDE7194826F06AFAF7E71BBB059D06A975
:10B720002846FFF717FD28462FF0D0F858B92CB15E
:10B73000124906AA204627F07AFED8E70F4806A944
:10B7400026F054FAD3E744B10D4906AA204627F063
:10B7500052FE28462FF0E2F8C9E7094806A926F06C
:10B7600045FAF6E70CB10749ADE70648B0E700BF78
:10B77000B5AA0500DFAA050025AB050055AB0500FD
:10B780009EAB0500C5AA050070B592B00123002646
:10B79000039304ABCDE904660093032603AB044690
:10B7A0000D468DF81060FFF707FEC0B9039BAB4252
:10B7B00009D024B12A49204627F039FE0FE0284855
:10B7C00026F014FA0BE09DF81030012B0ED14CB18D
:10B7D0002449204627F02BFE2046FFF7B1FC00202D
:10B7E00012B070BD1F4826F001FAF5E7022B0CD10C
:10B7F0003CB11D49204627F0FEFD012015F06EFFEB
:10B80000EDE7194826F0F2F9F7E71BBB059D06A9FD
:10B810002846FFF79FFC28462FF058F858B92CB15E
:10B82000124906AA204627F002FED8E70F4806A9CB
:10B8300026F0DCF9D3E744B10D4906AA204627F0EB
:10B84000DAFD28462FF0CDF8C9E7094806A926F009
:10B85000CDF9F6E70CB10749ADE70648B0E700BF00
:10B86000B5AA0500DFAA0500C0AB0500F3AB0500D3
:10B870003FAC0500C5AA050070B592B001230026B3
:10B88000039304ABCDE904660093032603AB04469F
:10B890000D468DF81060FFF78FFD38B9039BAB4262
:10B8A0000BD034B12149204627F0C1FD002012B051
:10B8B00070BD1E4826F09AF9F8E79DF81030012B6C
:10B8C00004D10CB11A49EEE71948F3E7022B0CD169
:10B8D0003CB11849204627F08EFD012015F0C2FE2C
:10B8E000E4E7144826F082F9F7E7D3B9059D06A9E5
:10B8F0002846FFF72FFC64B10F49204606AA27F01F
:10B900007AFD0E49204627F084FD284607F004F80A
:10B91000CCE7094806A926F069F9084826F066F937
:10B92000F3E70CB10649BEE70548C3E7B5AA050031
:10B93000DFAA050063AC05008CAC0500A7AC0500D0
:10B94000C5AA050070B592B001230026039304AB8D
:10B95000CDE904660093032603AB04460D468DF83B
:10B960001060FFF729FDC0B9039BAB4209D024B199
:10B970002549204627F05BFD0FE0234826F036F9E5
:10B980000BE09DF81030012B0ED14CB11F49204621
:10B9900027F04DFD2046FFF7D3FB002012B070BD0D
:10B9A0001A4826F023F9F5E7022B0CD13CB11849CF
:10B9B000204627F020FD012015F066FEEDE7144833
:10B9C00026F014F9F7E7D3B9059D06A92846FFF735
:10B9D000C1FB64B10F49204606AA27F00CFD0E49B1
:10B9E000204627F016FD284606F0DCFFD5E709487B
:10B9F00006A926F0FBF8084826F0F8F8F3E70CB1A2
:10BA00000649B6E70548B9E7B5AA0500DFAA05006B
:10BA1000E3AC05000EAD05002BAD0500C5AA050081
:10BA20002DE9F04F93B00023CDE904338DF80B30AE
:10BA300004AF03234FF001098DF81030009703ABDA
:10BA400004460E461546CDF80C90FFF7B5FC58B9E4
:10BA50009DF810304B450FD154B18B49204627F04B
:10BA6000E6FC2046FFF76CFB002013B0BDE8F08F2A
:10BA7000854826F0BBF8F4E7022B09D124B18349AD
:10BA8000204627F0D4FCEFE7804826F0AFF8EBE73C
:10BA900023B10CB17E49F3E77D48F6E70DF10B03C6
:10BAA00000932A4603AB31462046DDF81480FFF7A9
:10BAB000ABFB07460028D7D1DDF80CA0564520D8AF
:10BAC0009CB17449204627F0B2FC7349204627F008
:10BAD00092FC724D55F8372074B17149204627F019
:10BAE0008AFC0137032FF5D1BEE76A4826F07EF8BD
:10BAF000694826F07BF8ECE76948114626F076F8AD
:10BB0000EFE755F82A70674938464FEA8A0B36F056
:10BB100096FD50B16449384636F091FDA0B16349B5
:10BB2000384636F08CFD88B902205C4A9DF80B90AF
:10BB300002EBC0020AF10103B9F1010F1779039377
:10BB400010D04FF0000A2AE04846EEE72CB15849E1
:10BB50003A46204627F06BFC86E75548394626F0E2
:10BB600045F881E7B34237D25D4452496D682846B3
:10BB700036F065FD70B15049284636F060FD48B199
:10BB80004E49284636F05BFD20B14D49284636F037
:10BB900056FD48B90AF1020303934FF0010AB3427C
:10BBA00021D0F4B147496BE74749284636F047FDB5
:10BBB00070B14649284636F042FD48B1444928460E
:10BBC00036F03DFD20B14349284636F038FD18B91E
:10BBD0000AF102030393B4E70CB13F4950E73E4832
:10BBE00053E7384851E706AD40462946FFF7B2FA19
:10BBF00040462EF06BFE30B914B138492A46A8E70A
:10BC000036482946ABE7B9F1010F21D139465246F2
:10BC100040462EF062FE3846FFF73AFA014664B11C
:10BC20002A4A254B2E490095BAF1000F08BF13464A
:10BC30000246204627F0DFFB16E724481E4ABAF1E9
:10BC4000000F08BF024626482B4625F0CFFF0BE722
:10BC5000394640462EF0D6FE02463846FFF718FA1F
:10BC600001464CB1194B1448002A18BF03460093F3
:10BC70000A462B461B49DCE714480F4B002A08BF35
:10BC8000034618482A46E0E7DFAA050069AD05002B
:10BC9000C5AA05008FAD0500A7AD0500F048050059
:10BCA000C1AD0500C7AD0500D2AD0500E2AD050090
:10BCB000EFAD050008AE0500E7E705004DEC050017
:10BCC0000CAE0500B5AA050011AE0500BBD40500F9
:10BCD00080EC050014AE05001AAE050039AE050073
:10BCE00094AE0500C5AE05002DE9F04792B00123E2
:10BCF00003930023CDE904338DF80B3004AD032307
:10BD00008DF81030009503AB044688461746FFF7C0
:10BD100053FB58B99DF81030012B0FD154B157493E
:10BD2000204627F084FB2046FFF70AFA002012B0D5
:10BD3000BDE8F087514825F059FFF4E7022B09D1FF
:10BD400024B14F49204627F072FBEFE74C4825F01D
:10BD50004DFFEBE723B10CB14A49F3E74948F6E759
:10BD60000DF10B0300933A4603AB41462046DDF844
:10BD70001490FFF749FA05460028D7D19DF80BA08B
:10BD8000BAF1010F11D1039E0690464504D30CB1C0
:10BD90003D49D7E73C48DAE757F826703B49384633
:10BDA00036F04DFC38B901360396039B43451ED04F
:10BDB000DCB13749C6E7384629F065FC30B97CB1BB
:10BDC00034493A46204627F032FBAFE706AA0A215B
:10BDD0003846F5F7F3F8069B0546002BE3D0EEE76F
:10BDE0002C48394625F002FFA0E72948AFE748462E
:10BDF00006A9FFF7AFF948462EF068FD30B914B137
:10BE0000254906AADEE7244806A9EBE7BAF1010FA7
:10BE10001CD1294648462EF00BFE64B11F4A204B28
:10BE20002049002D08BF1346009306AA2B46204642
:10BE300027F0E1FA7AE71A4A184B1A48002D18BF82
:10BE4000134606A92A4625F0D1FE6FE748462EF094
:10BE5000DFFD02464CB11149114B002808BF0B46CB
:10BE600000931149034606AAE1E70D490B4B002850
:10BE700018BF0B460C4806A9E5E700BFDFAA05007E
:10BE800015AF0500C5AA05003DAF05002BAA0500AA
:10BE9000B5AA050065AF050081AF050007AF050035
:10BEA00016EC0500DFAF050013B0050013B504461E
:10BEB00058B3244A244927F09EFA244A24492046AC
:10BEC00027F099FA214A2349204627F094FA1F4A7D
:10BED0002149204627F08FFA20490122204627F0E9
:10BEE0008AFA1F490122204627F085FA1D490222BD
:10BEF000204627F080FA00941B48002469460194EC
:10BF000006F0ECFC204602B010BD0E490E4825F0AC
:10BF10006DFE0E490E4825F069FE0C490D4825F0CE
:10BF200065FE0A490C4825F061FE0C48012125F008
:10BF30005DFE0B48012125F059FE0A48022125F03B
:10BF400055FED8E7868F050020B20500DBFE050010
:10BF500050B2050080B20500B0B20500E0B20500A5
:10BF600023B3050066B3050051C201000329F7B5EC
:10BF7000044616460CD038B11D4927F058FA6FF028
:10BF80000705284603B0F0BD194825F02FFEF6E757
:10BF90005168FDF7BBFA051EF1DB04F06FFC0746A4
:10BFA00058B92CB113492A46204627F032FAE6E761
:10BFB0001048294625F01AFEE1E7B168012001AAE0
:10BFC00007F08AF8054668B1B26834B10A492046DC
:10BFD00027F02DFA6FF01505D3E70748114625F035
:10BFE00005FEF7E701A938462AF042FCC9E700BF81
:10BFF000A9B3050040A00500DFB305002DE9F0431B
:10C00000022985B00446894617460AD828B14A490C
:10C0100027F00DFA6FF0150514E0474825F0E6FD0E
:10C02000F8E75168FDF772FA061E09DB04F026FCFA
:10C03000804680B954B141493246204627F0E9F99B
:10C040006FF00705284605B0BDE8F0833B48314650
:10C0500025F0CCFDF4E7B968012002AA07F03CF80E
:10C06000054658B1BA6824B13549204627F0DFF9B2
:10C07000D0E73348114625F0B9FDCBE702A829F0F7
:10C0800013FB0346F8B12A4602A940460AF040FADB
:10C09000071ED7DA02A901205CB107F007F8CDE945
:10C0A00000670346274A2849204627F0C0F93D4645
:10C0B000C8E706F0FBFF23490097024633462248B3
:10C0C00025F094FDF3E7B9F1030F05D114B11F4931
:10C0D00020469DE71D48A1E7032202A9404605F03E
:10C0E00095FAA8B902A9012054B106F0DFFF18495A
:10C0F00002463346204627F09AF96FF00B05A1E778
:10C1000006F0D4FF32460146114825F06FFDF4E7F2
:10C11000F968012003AA06F0DFFF30B1FA680CB11C
:10C120000C49A2E70B481146A5E703AA02A940461D
:10C130002AF075FB86E700BFF4B3050040A00500B8
:10C14000DFB305002FB4050034B4050068B4050062
:10C150007DB40500A4B4050003292DE9FF41044680
:10C1600017460AD028B1344927F061F96FF0150558
:10C1700014E0314825F03AFDF8E75168FDF7C6F9BB
:10C18000061E09DB04F07AFB804680B954B12B49C6
:10C190003246204627F03DF96FF00705284604B0E7
:10C1A000BDE8F0812548314625F020FDF4E7B96867
:10C1B000012003AA06F090FF054658B1BA6824B1E1
:10C1C0001F49204627F033F9D0E71D48114625F0D6
:10C1D0000DFDCBE703A829F067FA03A9E8B14046B3
:10C1E0000AF0D2F9071ED9DA03A901205CB106F0E2
:10C1F0005DFFCDE900670346124A1349204627F048
:10C2000016F93D46CAE706F051FF0E49009702466F
:10C2100033460D4825F0EAFCF3E740462AF0DBFB05
:10C220000028BBD1BA6824B10849204627F0FFF89E
:10C23000B2E706481146B7E7B8B4050040A00500CC
:10C24000DFB30500E6B4050034B40500ECB4050026
:10C250002DE9F04F0C68D0F8E45087B00646D4B111
:10C2600005F0BEFD05A907463046FDF727FA6E49E1
:10C2700000903A462046334627F0BDF8059A6B49B0
:10C28000204627F0B8F8EDB96949204627F0B3F801
:10C2900007B0BDE8F08F05F0A3FD05A907463046BD
:10C2A000FDF70CFA3946034632465F4825F09EFCFE
:10C2B00005995E4825F09AFC002D4AD15C4825F08E
:10C2C00095FCE5E75B49204627F095F85A4920465A
:10C2D00027F091F895F83D30990741D4002C00F0F3
:10C2E0008D805649204627F086F85549204627F08C
:10C2F00082F805F15806002705EB471393F86030E4
:10C30000DA071ED536F8140C01281AD14D4ADFF889
:10C310003881C3F34003A6F11001002B08BF9046FB
:10C32000002C72D0BFF35B8FD6F80090BFF35B8F09
:10C3300006F0BCFE454900904B464246204627F099
:10C340005AF87B1C022B06F120064FF00107D3D1CF
:10C350009EE7384825F04AFC374825F047FCB9E706
:10C360002E88012EBAD195F8280005F1140B05F19D
:10C37000040905F1400A0CB3FDF704F9074695F9E5
:10C380002900FDF70BF98046BFF35B8FDBF800B0A7
:10C39000BFF35B8F4946304606F088FE5146814622
:10C3A000304606F083FE2A49CDF800B0CDE9019071
:10C3B00043463A46204627F01EF88FE7FDF7E2F89D
:10C3C000074695F92900FDF7E9F88046BFF35B8F32
:10C3D000DBF800B0BFF35B8F4946304606F066FEDF
:10C3E00051468146304606F061FE5B46CDE900903D
:10C3F00042461748394625F0F9FB6FE70F4825F00C
:10C40000F5FB0F4825F0F2FB73E7BFF35B8FD6F81F
:10C410000090BFF35B8F06F049FE4A460346414653
:10C420000A4825F0E3FB8CE701B505002DB50500B2
:10C430005DB5050087B5050092B50500CBB50500D3
:10C44000D9B5050011AE050008AE0500EDB5050033
:10C45000B4B5050010B5044640B1084926F0CBFF3D
:10C460000749204626F0C7FF002010BD034825F0ED
:10C47000BDFB034825F0BAFBF6E700BFE9B60500AF
:10C480001DB7050013B50446002853D0484A494952
:10C4900026F0B1FF484A4949204626F0ACFF444AFD
:10C4A0004749204626F0A7FF414A4649204626F044
:10C4B000A2FF3F4A4449204626F09DFF3C4A43499B
:10C4C000204626F098FF3C4A4149204626F093FF3B
:10C4D000394A4049204626F08EFF374A3E492046D9
:10C4E00026F089FF3D4A3E49204626F084FF324A25
:10C4F0003C49204626F07FFF3B490122204626F09A
:10C500007AFF3A490322204626F075FF3849042273
:10C51000204626F070FF37490222204626F06BFFA6
:10C520000094354800246946019406F0D7F9204666
:10C5300002B010BD1E491F4825F058FB1E491F4878
:10C5400025F054FB1A491E4825F050FB18491D4898
:10C5500025F04CFB16491C4825F048FB14491B48A4
:10C5600025F044FB14491A4825F040FB12491948AC
:10C5700025F03CFB1049184825F038FB17491848AE
:10C5800025F034FB0C49174825F030FB16480121F3
:10C5900025F02CFB1548032125F028FB1448042125
:10C5A00025F024FB1348022125F020FBB8E700BF4B
:10C5B000868F05005BB70500DBFE05008BB7050025
:10C5C000BBB70500EBB705001BB805004BB805006D
:10C5D0007BB80500ABB80500DBB805000BB905005A
:10C5E0001DB90500B0B205004DB9050090B90500B0
:10C5F000D3B9050016BA050065C801002DE9F0435E
:10C60000032987B00446894690460AD028B142499A
:10C6100026F00DFF6FF0150514E03F4825F0E6FA0F
:10C62000F8E75168FCF772FF071E72DB04F026F989
:10C63000064680B954B139493A46204626F0E9FE0B
:10C640006FF00105284607B0BDE8F083334839464E
:10C6500025F0CCFAF4E7D8F80810022002AA06F078
:10C660003BFD054660B1D8F8082024B12C4920468E
:10C6700026F0DDFECEE72A48114625F0B7FAC9E7D5
:10C680009DF80830FF2B2DD1304602A90CF09EFA00
:10C69000061ED7DA02A902209CB106F007FDCDE9FB
:10C6A000007603461F4A2049204626F0C0FE16F1B8
:10C6B000860F04D11D4A1E49204626F08EFE3546BF
:10C6C000C0E706F0F3FC1749009602463B461648C1
:10C6D00025F08CFA16F1860FF1D11449144825F093
:10C6E00085FAECE703464A4602A9304605F0A6FC67
:10C6F0000028A7D1D8F8081034B10A4633460D49AE
:10C70000204626F094FE9DE70A48324625F06EFA50
:10C7100098E76FF0070595E759BA050040A00500B6
:10C72000DFB305002FB4050034B4050088BA050056
:10C7300090BA0500C3BA05002DE9F041032986B07F
:10C74000044616460AD028B13E4926F070FE6FF026
:10C75000150514E03B4825F049FAF8E75168FCF765
:10C76000D5FE071E6BDB04F089F8804680B954B112
:10C7700035493A46204626F04CFE6FF00105284622
:10C7800006B0BDE8F0813048394625F02FFAF4E7CD
:10C79000B168022002AA06F09FFC054658B1B268B3
:10C7A00024B12A49204626F042FED0E72748114608
:10C7B00025F01CFACBE79DF80830FF2B02A9404674
:10C7C0002BD10CF03FFA061ED9DA02A902209CB147
:10C7D00006F06CFCCDE9007603461D4A1D49204653
:10C7E00026F025FE16F1860F04D11B4A1B49204670
:10C7F00026F0F3FD3546C2E706F058FC14490096D2
:10C8000002463B46134825F0F1F916F1860FF1D1A7
:10C810001149124825F0EAF9ECE72AF090F80028CF
:10C82000ADD1B26834B10E49204626F000FE4FF07B
:10C83000FF35A4E70A48114625F0D8F9F7E76FF06D
:10C8400007059CE7EDBA050040A00500DFB3050031
:10C85000E6B4050034B405001CBB050090BA050021
:10C86000ECB405002DE9F04F0C68D0F8E0608FB013
:10C870000746D4B105F0B4FA0AA905463846FCF7D4
:10C880001DFF944900902A4620463B4626F0B3FD02
:10C890000A9A9149204626F0AEFDEEB98F4920460E
:10C8A00026F0A9FD0FB0BDE8F08F05F099FA0AA9AE
:10C8B00005463846FCF702FF294603463A468548B6
:10C8C00025F094F90A99844825F090F9002E5CD15E
:10C8D000824825F08BF9E5E78149204626F08BFD5B
:10C8E0008049204626F087FD06F114054FF0000828
:10C8F00006EB88134FEA881B93F83D30990703D560
:10C9000035F8143C022B47D008F10108B8F1030FA9
:10C9100005F14005ECD1002C00F0C680724920469C
:10C9200026F069FD7149204626F065FD06F1D40523
:10C93000002706EB471393F8DC30DA071FD535F8EC
:10C94000140C02281BD16A4ADFF8A881C3F3400304
:10C95000A5F11001002B08BF9046002C00F0AB8021
:10C96000BFF35B8FD5F80090BFF35B8F06F09EFBA3
:10C97000614900904B464246204626F03CFD013777
:10C98000042F05F12005D4D18CE7554825F02EF968
:10C99000544825F02BF9A7E730F054FE4FF47A7293
:10C9A000A0FB020302FB0131C00B40EA4141281DFC
:10C9B0002AF03BF9A5F11003824619463846079341
:10C9C00029F0ABFD00283CD090F82430079306EB0B
:10C9D0000B030DF12C0993F83D3013F0010F32D009
:10C9E00046494846EFF750FD287D9CB3FCF7CAFD49
:10C9F000099095F91500FCF7D1FD8246BFF35B8FD6
:10CA00002B680893BFF35B8F0220A5F1100106F09D
:10CA10004DFB06EB0B013A4B91F83D10099A11F0D2
:10CA2000080F384918BF1946079B0491CDE9020346
:10CA3000089B3549CDE900932046534626F0DBFCA0
:10CA400062E78023C2E7314A53460B21484623F070
:10CA5000D5FBC9E7FCF796FD824695F91500FCF772
:10CA60009DFD0990BFF35B8F2B680893BFF35B8F2D
:10CA70000220A5F1100106F019FB06EB0B01204B7B
:10CA800091F83D10099A11F0080F1E4918BF194678
:10CA9000079B0391CDE90103089B00931A484B467D
:10CAA000514625F0A3F82FE70F4825F09FF80F48CF
:10CAB00025F09CF83AE7BFF35B8FD5F80090BFF301
:10CAC0005B8F06F0F3FA4A46034641460A4825F0D2
:10CAD0008DF854E731BB05002DB505005DBB0500A1
:10CAE00087B5050087BB0500CBB50500D9B50500A6
:10CAF00011AE050008AE0500EDB50500C0A20500A9
:10CB000024BB0500E5090600B8BB0500DAFF0500F7
:10CB10002DE9F041C8B003AD02AE01AF04462B468B
:10CB200032463946684607F08BFF002C43D08022FE
:10CB30003549204626F05FFC3449204626F05BFC50
:10CB40003349204626F057FC009A32495369204663
:10CB500026F051FC3A6830495369204626F04BFCD8
:10CB600032682E49D38B204626F045FC2A682C4992
:10CB7000D38B204626F03FFC2A4B2B4A2B492046DC
:10CB800026F02BFC06AD4FF484720021284635F0C8
:10CB900037FD04A92648C1E9004507F0C9FE9DF804
:10CBA0001C3023B95CB32349204626F024FC002026
:10CBB00048B0BDE8F0818021134825F017F81348EC
:10CBC00025F014F8124825F011F8009911484A6927
:10CBD00025F00CF8396810484A6925F007F83168E3
:10CBE0000E48CA8B25F002F829680D48CA8B24F03C
:10CBF000FDFF0C4A0C490D4824F0F8FFC2E70D4830
:10CC000024F0F4FFD3E700BFFFBC050019BD050009
:10CC100030BD050045BD05004FBD050059BD0500EF
:10CC200068BD050077BD05008ABD050013910500AC
:10CC300039CC0100A4BD0500F8B5B0F8B230DB076F
:10CC400006460DD5436DD1E9007423B3984704F12E
:10CC50000803054604F188021DB119688D4204D10C
:10CC6000F8BDD3F880100029FAD004339342F3D1F1
:10CC70006B692FB91A481A46294624F0B7FF04E019
:10CC800017492A46384626F0B6FB0123237123684C
:10CC9000023344F82350B36DF3B1984704F1840391
:10CCA000054604F5827253F8041F8D42D8D0934292
:10CCB000F9D1EB8B2FB90B481A46294624F096FF81
:10CCC00004E008492A46384626F095FB01232371E3
:10CCD0002368223344F82350236801332360BFE7DD
:10CCE000C5BD0500D0BD0500002337B5CB604B6046
:10CCF0000E4B8B600D46044688B901464FF4B8725E
:10CD00000B4835F07DFC0B48019401A90AF086FB25
:10CD10002E23074A5C431319125D1AB901E0072854
:10CD2000F6D900232B6003B030BD00BFD03605001C
:10CD300073E1002039CD010038B50D68072D0C4690
:10CD40000FDC816802201C3106F0B0F9034605486B
:10CD5000054A2E2101FB050023F050FA2368013318
:10CD6000236038BD73E10020656E05001FB5002308
:10CD7000CDE90130044601AB0948039302A90AF04A
:10CD80004DFB019B23B934B10649204626F033FB05
:10CD9000002004B010BD034824F028FFF8E700BFCE
:10CDA00049CE01000BBE050030B5516885B0044680
:10CDB000154651B928B1204926F02BFB6FF007002A
:10CDC00031E01D4824F012FFF8E702206A4606F021
:10CDD00083F900280BDA6A6824B11849204626F046
:10CDE00018FBEBE71548114624F000FFE6E769461B
:10CDF00000200AF01FFB694658B9022024B106F052
:10CE000055F90F490246E9E706F050F901460C488A
:10CE1000EAE702204CB106F049F90A4902462046E9
:10CE200026F0E9FA002005B030BD06F03FF90146D2
:10CE3000044824F0DBFEF5E71ABE05003ABE050003
:10CE40004DBE050068BE05002DE9F04FD1E9006830
:10CE5000D8F8003091B0044633B9002E78D05E4A3D
:10CE60005E49304626F0C7FAD8F80030DFF86891FE
:10CE70000133C8F80030A36893F848000AF0C2FAFA
:10CE80000D90EFF709FBA268554BD2E90C57052826
:10CE900018BF4B460C93936B5D1947EBE37730F06B
:10CEA000D1FBD8F800200E9203464FF47A7CA3FB06
:10CEB0000C320CFB0121DB0B43EA4143ED1A67EB1B
:10CEC000D137002F6068B8BF0025002E47D004F08E
:10CED00087FFA3680F90607893F84D80B3F84A906D
:10CEE00094F800A093F84CB0FF2808F0010834D063
:10CEF00009F064FE0746607809F060FE394A41781F
:10CF00001823B81C05F0B2FF07466078FF2801D04F
:10CF100009F054FEA16802201C3106F0C7F82E4B20
:10CF20000A90CDE908730C9B06930D9B0E9A2E492F
:10CF30000795CDE904830F9B0093CDE902ABCDF8B3
:10CF400004902346304626F056FA11B0BDE8F08F23
:10CF50002149224824F04AFE86E7244FD5E704F011
:10CF60003FFFA3680F90607893F84D80B3F84A7044
:10CF700094F800A093F84CB0FF2808F0010829D0DD
:10CF800009F01CFE0646607809F018FE154A417843
:10CF90001823B01C05F06AFF06466078FF2801D010
:10CFA00009F00CFEA16802201C3106F07FF80C9BF2
:10CFB00005930D9B0E990097CDE90890CDE9038369
:10CFC000CDE90656CDE901AB0F9B0748224624F078
:10CFD0000DFEBAE7054EE0E7E509060083BE050051
:10CFE0007EBE05005BE10020D5BE0500EEA2050077
:10CFF00073B5036852F82340A6789D009EB10234B1
:10D000000E490222204635F03EFB00284FF0000377
:10D0100001AA14BF0A21102120460193F3F7AAFFA9
:10D02000019B2BB102E001338B4203D34FF0FF3061
:10D0300002B070BD2A4403605468E1E742BF0500B6
:10D0400010B50A44914200D110BD11F8013B032BE9
:10D05000F8D1074C204630F077F804F1300008F0A2
:10D06000B7F90022206E1146BDE8104026F046BAFE
:10D07000185A00202DE9F04F87B091464FF0FF3845
:10D0800000274FF47A7204460D4601234FF0040A3C
:10D09000CDF80C8002924FF0030B3E46AB42059355
:10D0A00008D3002E70D1002C6AD08249204626F089
:10D0B000B0F930E059F8232013782D2B5ED1537846
:10D0C000692B2BD009D8512B48D0632B13D0492B77
:10D0D0002CD0002C4FD078491AE0702B35D0732B10
:10D0E000F7D14A46294605A8FFF782FFB0F5803FF1
:10D0F000824627D307E04A46294605A8FFF778FF6E
:10D10000B0F1000B1EDA059B59F8232074B36B496C
:10D11000204626F07EF96FF0070064E04A46294673
:10D1200005A8FFF765FF031E0293EBE74A46294671
:10D1300005A8FFF75DFF031E0393E4DB03F09EFBEE
:10D140000028E0D0059B0133A8E74A46294605A8F8
:10D15000FFF74EFF8046FF28F4D9D4E74A46294618
:10D1600005A8FFF745FF0746FF28F5E75348114696
:10D1700024F03CFDCFE750481146F9E71646E1E7B9
:10D180004C4824F033FDC6E74D4D8022002128464F
:10D1900035F036FA4B4928462FF0C8FF029BAB66A4
:10D1A000C5E9184BC5F8788085F87670A5F874A0A5
:10D1B000022005F14802314605F08EFF0346D0B942
:10D1C000414A0221A5F8441005F130000092812265
:10D1D00008F0BEF8002831DA44B13C4A3C49204608
:10D1E00026F017F9002007B0BDE8F08F374938481E
:10D1F00024F0FCFCF6E7012005F14802314605F079
:10D200006BFF034680B9334A0121A5F84410009210
:10D21000024605F1300008F09BF800280EDA0CB148
:10D220002D4ADBE72C49E2E724B12C49204626F0C1
:10D23000F0F8D7E7294824F0D9FCD3E7039803F0A6
:10D240001DFB0346C0B9B5F84420012A08D1244883
:10D2500029F0E2FA034678B903F016FC03460BE026
:10D26000022A09D11E4829F04DFA034620B91C496B
:10D270002BF080FC90B14368EB65B4B1194932469C
:10D28000204626F0B8F820461749002226F036F945
:10D29000002200230A481BF093FBA3E710490BF080
:10D2A00089FD0028D8D0C368E6E70E48314624F04F
:10D2B0009DFCE8E771BF050056BF050045BF0500AE
:10D2C000185A0020B1D5010065D40100A1A90500BC
:10D2D00086BF050019D3010047A50500ADBF0500B5
:10D2E000605A0020C1BF050041D0010010B50446BE
:10D2F0002FF02AFF04F1300008F06AF80022206EB7
:10D30000114626F0FBF8206E024ABDE810400821C5
:10D3100026F056B8E50906002DE9F04F8DB00DF165
:10D320002008166889461022002104244046CDE9D1
:10D33000061435F065F906A9484607F025FD0546AF
:10D34000002800F08380424F0388B7F86C205BBA56
:10D350009BB29A427AD143883A6F5BBA9BB29342AE
:10D3600074D1214648462AF09DFC002803DA0220A9
:10D370000DB0BDE8F08F48462AF011FD03281DD9F5
:10D3800005A948462AF0ADFC0028F0D12EF04CFA51
:10D39000059B304AC01AC0F30E03A3FB0231DB0B1E
:10D3A00043EA41430590C00B02FB003310212A4A97
:10D3B000B3FBF2F34046294A22F020FF7488B9F803
:10D3C0003A30D7F860A064BAA4B2E41A043C06F17B
:10D3D0000C0106F1100B0120BAF1000F20D005F06E
:10D3E00065FE59468146012005F060FECDF80C80AF
:10D3F000337A02936A881A4952BA92B2CDE900028E
:10D400004B462246504625F0F6FF6B887A6E5BBA93
:10D410009BB2934202D10E48FFF768FF0020A7E7B6
:10D4200005F044FE59468146012005F03FFECDF847
:10D430000880327A0192698849BA89B2034600911C
:10D4400007484A46214624F0D1FBDEE701208FE75A
:10D45000185A002000CA9A3B40420F00CABF05007C
:10D46000D5BF05002DE9F04F8DB00DF120081668ED
:10D4700089461022002104244046CDE9061435F0E7
:10D48000BFF806A9484607F07FFC0546002800F0D3
:10D490008380424F0388B7F86C205BBA9BB29A42F4
:10D4A0007AD143883A6F5BBA9BB2934274D12146DA
:10D4B00048462AF0F7FB002803DA02200DB0BDE849
:10D4C000F08F48462AF06BFC03281DD905A9484671
:10D4D0002AF007FC0028F0D12EF0A6F9059B304A6F
:10D4E000C01AC0F30E03A3FB0231DB0B43EA414336
:10D4F0000590C00B02FB003310212A4AB3FBF2F364
:10D500004046294A22F07AFEB488B9F83A30D7F872
:10D5100060A064BAA4B2E41A043C06F1080106F162
:10D52000180B0220BAF1000F20D005F0BFFD5946BC
:10D530008146022005F0BAFDCDF80C80F379029304
:10D540006A881A4952BA92B2CDE900024B46224685
:10D55000504625F050FF6B887A6E5BBA9BB29342BF
:10D5600002D10E48FFF7C2FE0020A7E705F09EFD9E
:10D5700059468146022005F099FDCDF80880F279E0
:10D580000192698849BA89B20346009107484A4620
:10D59000214624F02BFBDEE701208FE7185A0020FC
:10D5A00000CA9A3B40420F00CABF0500D5BF050024
:10D5B00070B50446056E88B0022103A827F089F9EA
:10D5C000BDF80C30A4F86C30236F626E01339342C7
:10D5D00023670DD945B12649284625F0FEFE204691
:10D5E000FFF784FE08B070BD214824F0FFFAF6E78B
:10D5F00035D2A66E4FF4004C40F2E73000214FF4D4
:10D600007A720023E6FB0C01EEF71AFF02460B4686
:10D6100020461BF0D5F9B4F86C30ADF80C30236F10
:10D62000ADF80E3094F876308DF81030A36F059376
:10D6300000230693B4F874300094079304F1440275
:10D64000E16D03AB04F130002AF0DDFC0246002856
:10D65000C8D045B10749284625F0DBFEBFE74FF4A7
:10D6600080320023D4E70146024824F0BFFAB6E72F
:10D6700004C0050012C00500F0B555682B78302BAA
:10D6800089B00446164603D16B78782B08BF023563
:10D690002846EEF701FF06AF014604233A46284626
:10D6A00024F034FD28B1002301381D46002809DA92
:10D6B0009DB9726864B16749204625F0B8FE6FF0E5
:10D6C000070049E03A5C9A40154301380833EDE71A
:10D6D0006048114624F08AFAF1E7002305A904A85E
:10D6E0001A4607F0ADF90498294627F0E5FFA8B9D6
:10D6F0000598294627F0E0FF80B98DF81C003946CF
:10D700005548069507F014F99DF81C3033B9726836
:10D710000CB15249D0E751481146DBE7AE68ECB195
:10D720004F492A46204625F066FEBFF35B8F2B6AE1
:10D73000BFF35B8F4B492A46204625F05CFE16BBA3
:10D740004949204625F057FE4749204625F053FE1B
:10D75000AE68002E57D1002009B0F0BD40482946E0
:10D7600024F044FABFF35B8F2A6ABFF35B8F3D4816
:10D77000294624F03BFA2EBB3B4824F037FA3A48BE
:10D7800024F034FAE4E73949204625F034FEB6B1F6
:10D79000E4B1BFF35B8F2B6ABFF35B8F728A029297
:10D7A0007069F168091A521A92B20192328A009293
:10D7B0002F493246204625F01EFE7668CEB9002C51
:10D7C000BED1D9E7294824F011FAE0E7BFF35B8F17
:10D7D0002A6ABFF35B8F718A338A0191F068776997
:10D7E000C01B091A89B200912148314624F0FEF984
:10D7F000E3E724B11D49204625F0FDFDC8E71B489D
:10D8000024F0F4F9C4E7337A002BA4D0BCB1194951
:10D810002A46204625F0EFFD0025294601359CB11A
:10D820000A4633461449204625F0E5FD328AF16860
:10D83000204625F00AFE7668002EEED18BE70D48D3
:10D84000294624F0D3F9E7E70B48324624F0CEF915
:10D85000ECE700BFD8C00500E556040005C105008F
:10D8600031C105004BC105006307060053C1050027
:10D8700056C1050069C105008BC1050008B530B16E
:10D88000064B074A074925F0A8FD002008BD034ABA
:10D890000349044824F0AAF9F7E700BFE3C10500F3
:10D8A000FDC105001391050020B1054B054A06494D
:10D8B00025F093BD024A0349034824F097B900BFFD
:10D8C0006BC2050043C205001391050008B530B1D5
:10D8D000064B074A074925F080FD002008BD034A92
:10D8E0000349044824F082F9F7E700BF20C305008C
:10D8F000BBC205001391050008B530B1064B074ABD
:10D90000074925F06AFD002008BD034A0349044881
:10D9100024F06CF9F7E700BF20C30500E0C2050062
:10D920001391050008B520B1044925F056FD0020EB
:10D9300008BD024824F05AF9F9E700BF48C30500C2
:10D9400007B500906946034804F0C8FF002003B003
:10D950005DF804FB59D90100F0B50E6885B00446A6
:10D960000D46CEB104F03CFA03A907462046FBF76A
:10D97000A5FE124900903A463046234625F03BFD6D
:10D98000039A0F49304625F036FD6C6029460D4854
:10D990000BF0AEFC05B0F0BD04F022FA03A9064678
:10D9A0002046FBF78BFE314603462246034824F00F
:10D9B0001DF90399024824F019F9E6E79BC3050015
:10D9C00030B50500C9D901002DE9FF410646D1E96E
:10D9D00000482FF037FEF368434505460F4640F0F8
:10D9E000878006F1200102200CB305F05FFB96F85A
:10D9F000303041490246204625F0FDFC4FF47A7252
:10DA0000A5FB025302FB0731ED0B776845EA414560
:10DA10004FF00008A7B9B8F1000F69D1002C61D010
:10DA20003649204604B0BDE8F04125F0E4BC05F0DD
:10DA30003DFB96F8302001462F4824F0D7F8DDE76B
:10DA40007A68EAB1F4B12E49204625F0D4FC7B680F
:10DA50005878FF281FD1D4B12A49204625F0CBFCA5
:10DA600096F831305B072CD527496846EEF70CFD58
:10DA70009CB326496A46204625F0BDFC08F1010802
:10DA80003F68C7E71E48114624F0B0F8DFE71D489D
:10DA900024F0ACF8E4E709F091F81D4A4178182326
:10DAA00002303CB105F0E2F91A490246204625F061
:10DAB000A2FCD5E705F0DAF90146164824F096F8FD
:10DAC000CEE7294606F1100029F0AFF8124A0346C6
:10DAD0000F21684622F092FBCAE70C48694624F001
:10DAE00085F8CBE7054804B0BDE8F04124F07EB8E6
:10DAF00004B0BDE8F08100BFC4C3050067A4050001
:10DB0000D9C30500E9C30500C0A205000DC4050086
:10DB1000E3E20020FBC3050006C40500F0B585B0B4
:10DB20000D460446164600211022684634F068FD72
:10DB3000032D0DD044B12049204625F078FC6FF02C
:10DB40001505284605B0F0BD1B4824F04FF8F6E750
:10DB500071682046FBF7DAFC051E09DB02F08EFE39
:10DB6000074668B93CB115492A46204625F051FCC4
:10DB70006FF00705E5E71148294624F037F8F7E785
:10DB8000B16802206A4605F0A7FA054658B1B268A6
:10DB900024B10B49204625F04AFCD0E7084811463D
:10DBA00024F024F8CBE7694638460BF003F9002847
:10DBB000C7D00BF0C1F9C4E71CC4050040A00500A4
:10DBC000DFB30500F0B58BB00D46044600211646C4
:10DBD00002A8102234F014FD1022002106A834F00F
:10DBE0000FFD042D0BD034B12D49204625F01FFC2C
:10DBF0006FF0150515E02A4823F0F8FFF8E7716883
:10DC00002046FBF783FC051E09DB02F037FE0746C2
:10DC100078B94CB123492A46204625F0FAFB6FF02B
:10DC2000070528460BB0F0BD1E48294623F0DEFF4D
:10DC3000F5E7B168022006AA05F04EFA58B1B268BD
:10DC400024B11949204625F0F2FBD1E716481146C8
:10DC500023F0CCFFCCE7F168022002AA05F03CFAE1
:10DC6000054630B1F2680CB11049EBE70F48114698
:10DC7000EEE74FF0FF3301900093402202AB06A97C
:10DC800038460BF04BFA0028CBD124B10849204686
:10DC900025F0CDFBC3E7064823F0A8FFBFE700BF90
:10DCA00050C4050040A00500DFB305008EC4050088
:10DCB000A3C4050010B5044650B10A490A4B0B4AEB
:10DCC00025F08BFB0A49204625F087FB002010BD7C
:10DCD000054A0649034823F089FF054823F086FFDB
:10DCE000F4E700BF1391050049C505005CC50500B8
:10DCF0008CC505002DE9F84F1C46002323704FF01A
:10DD0000FF3380460F46164663604FF003094FF01D
:10DD1000020A4FF0010BB04502D957F826500DB951
:10DD2000BDE8F88F18492846EEF7A4FB18B984F827
:10DD300000B00136EFE715492846EEF79BFB10B916
:10DD400084F800A0F5E712492846EEF793FB10B9D6
:10DD500084F80090EDE70F492846EEF78BFB10B9E9
:10DD600001236360E5E70C492846EEF783FB08B919
:10DD70000223F6E709492846EEF77CFB0028D8D1B4
:10DD80004FF0FF33EDE700BFC9C50500D3C505005F
:10DD9000DCC5050042000600E1C5050027AA050014
:10DDA0001FB5034602AC08460093114623460122E4
:10DDB000FFF7A0FF03480194694604F08FFD00209F
:10DDC00004B010BDC9DD01002DE9F04F0F460E680B
:10DDD0008DB00446002844D00BA91EB3FBF76EFC9F
:10DDE0000546204603F0FCFF2B46A649009022463C
:10DDF000304625F000FB0B9AA349304625F0FBFA8C
:10DE0000D4E90D23D4E90F01CDE900109F49304634
:10DE100025F0F1FA002C3ED19D49D1E92D23D1F80E
:10DE2000B0103CE0FBF74AFC0546204603F0D8FF63
:10DE30002A4603462146934823F0D8FE0B99924880
:10DE400023F0D4FED4E90D12D4E90F0300908F48DB
:10DE500023F0CCFE7CBB8E4BD3E92D12D3F8B0302F
:10DE60002DE08B4D66B18B49304625F0C4FA8A49C6
:10DE7000304625F0C0FAD5E90B23D5E90D01C3E7FB
:10DE8000844823F0B3FE844823F0B0FED5E90B129A
:10DE9000D5E90D03DAE7D4E92F23D4F8B8100091BF
:10DEA00030467E4925F0A7FA9CB97949D1E92F235C
:10DEB000D1F8C41011E0D4E92F12D4F8B830774863
:10DEC00023F094FEACB9724BD3E92F12D3F8C430CF
:10DED00013E0D4E93123D4F8CC10009130467049D6
:10DEE00025F089FA9CB96A49D1E90F23D1E91110CB
:10DEF00011E0D4E93112D4F8CC30694823F076FE31
:10DF0000ACB96348D0E90F12D0E9110313E0D4E9AA
:10DF10001123D4E91310CDE900016249304625F000
:10DF20006AFA94B95A49D1E90523C96910E0D4E9DC
:10DF30001112D4E9130300905A4823F057FE94B904
:10DF4000534BD3E90512DB6910E0D4E90723616A7A
:10DF500000913046544925F04EFA84B94C49D1E934
:10DF60000823896A0EE0D4E90712636A4E4823F059
:10DF70003DFE94B9464BD3E908129B6A10E0D4E900
:10DF80000A23216B00913046484925F034FA84B9C0
:10DF90003F49D1E91323496D0EE0D4E90A12236BFE
:10DFA000424823F023FE8CB9394BD3E913125B6D41
:10DFB0000FE0D4E91523E16D009130463C4925F08E
:10DFC0001AFA74B9324BD3E916230CE0D4E91512CE
:10DFD000E36D374823F00AFE84B92D4BD3E91612BE
:10DFE0000EE0D4E918233349304625F004FA8CB901
:10DFF0002749D1E93223D1F8D0100FE0D4E9181223
:10E000002C4823F0F3FDACB9214BD3E93212D3F8FD
:10E01000D03013E0D4E93423D4F8D810009130463E
:10E02000254925F0E8F99CB91949D1E92923D1F806
:10E03000A01011E0D4E93412D4F8D8301E4823F0EF
:10E04000D5FD9CB9124BD3E92912D3F8A03011E0C9
:10E05000D4E92B23D4F8A81000913046174925F0B5
:10E06000CAF96CBB0A4BD3F8AC202BE0D4E92B12D5
:10E07000D4F8A830114823F0B9FD7CBB044BD3F889
:10E08000AC102DE0E8C505003EB5050028C605002A
:10E09000885F002001C6050015C6050058C60500AA
:10E0A0007BC605009EC60500CEC60500F7C6050066
:10E0B0001FC7050042C705005FC7050082C70500EE
:10E0C000D4F8B4206F49304625F095F99CB96E4BD1
:10E0D000D3E91A01D3E918891B6F11E0D4F8B41001
:10E0E000684823F083FDDCB9674BD3E91A01D3E913
:10E0F00018891B6F19E0D4E91C01D4E91A89A36FB0
:10E10000029302460B46CDE900896049304625F06E
:10E1100072F9CCB95C49D1E91E23D1F8801017E01F
:10E12000D4E91C01D4E91A89A36F02930246CDE910
:10E13000008956480B4623F059FDACB9524BD3E940
:10E140001E12D3F8803013E0D4E92023D4F88810CD
:10E15000009130464E4925F04EF99CB94A49D1F814
:10E160009420D1E9213111E0D4E92012D4F888308B
:10E17000474823F03BFD9CB9434BD3F89410D3E9B7
:10E18000212311E0D4E92331D4F89C2000913046BA
:10E19000404925F030F97CB93B4BD3E923230DE00E
:10E1A000D4E92323D4F89C103A4823F01FFD74B916
:10E1B000354BD3E923120CE0D4E925233649304608
:10E1C00025F019F96CB9304BD3E926230BE0D4E9DB
:10E1D0002512314823F00AFD6CB92B4BD3E92612E6
:10E1E0000BE0D4E928232D49304625F004F95CB929
:10E1F000254B5A6F09E0D4E92812284823F0F6FC91
:10E2000064B9214B596F0AE0E26F2549304625F089
:10E21000F2F864B91C4BD3E902230AE0E16F20480D
:10E2200023F0E4FC74B9184BD3E902230CE0D4E9E1
:10E2300004231C49304625F0DEF86CB9124BD3E9B3
:10E2400000230BE0D4E90423164823F0CFFC6CB97B
:10E250000D4BD3E900230BE0D4E9022312493046E9
:10E2600025F0C9F814BB084B1A6920E0D4E9022351
:10E270000D4823F0BBFC002C40F01481024B1969BF
:10E2800011E100BFA5C70500885F0020B8C70500E1
:10E29000E1C7050004C805002BC8050045C80500F6
:10E2A00063C8050076C805008BC80500A2698449CB
:10E2B000304625F0A0F8002C00F0F1802368002BF8
:10E2C00000F0ED8059687F4A914240F0E8807A681A
:10E2D000002A00F0EC80516818688368002B00F079
:10E2E000DE809A68002A00F0E58090470546002805
:10E2F00000F0D5807B681BB15B68DB0740F1CF8005
:10E30000DFF8C4B1714FDFF8C8A1DFF8C891DFF8BA
:10E31000C8812046002E00F0278103F061FD6F497F
:10E3200003462246304625F066F8D5E902236C49BB
:10E33000304625F060F8D5E900236A49304625F0DB
:10E340005AF86A696849304625F055F82A696749DC
:10E35000304625F050F8EA696549304625F04BF81B
:10E36000AA696449304625F046F86A6A624930462F
:10E3700025F041F82A6A6149304625F03CF8AA6A3E
:10E380005F49304625F037F8EA6A5E49304625F0A5
:10E3900032F8D5F8A0205C49304625F02CF8D5F8A5
:10E3A000A4205A49304625F026F8D5F8A820584927
:10E3B000304625F020F8D5F8AC205649304625F0F7
:10E3C0001AF8D5F8B0205449304625F014F8D5E9AC
:10E3D00023235249304625F00EF8D5F888300193B2
:10E3E000D5F884300093D5E91F234D49304625F0F8
:10E3F00002F8D5E91D234B49304624F0FCFFD5F83F
:10E400009C300093D5E925234749304624F0F3FF9B
:10E41000464B0393464B0293464B0193464B474A68
:10E42000474900933046474BCDF81080CDE9077B34
:10E43000CDE9059A24F0DFFFAB6D08936B6D079370
:10E440002B6D0693EB6C0593AB6C04936B6C039391
:10E450002B6C0293EB6B0193AB6B0093D5E90C2310
:10E460003949304624F0C7FF384B0293384B0193AB
:10E47000384B394A394900933046394B039724F0D9
:10E48000BAFF2B6F0393EB6E0293AB6E01936B6E2F
:10E490000093D5E917233349304624F0ACFF0DB083
:10E4A000BDE8F08FA169064823F0A0FB03E74FF019
:10E4B000FF3111E75B68002BF1D0984716E700BFEA
:10E4C000A0C80500B82A002049CB05004FCB0500A5
:10E4D00053CB050059CB05005FCB0500B3C8050041
:10E4E000DEC80500F7C8050010C9050027C90500EA
:10E4F0003EC9050055C905006CC9050083C9050062
:10E500009AC90500B1C90500C8C90500DFC90500E1
:10E51000F6C905000DCA050024CA05003BCA05005E
:10E5200064CA05009CCA0500CCCA050064CB05007E
:10E5300069CB05006FCB050075CB05000CCB050042
:10E5400010CB050007CB050079CB0500E6CB050015
:10E55000EDCB0500F7CB0500BACB0500C0CB05001D
:10E56000B2CB0500FCCB050003F03AFC2146024685
:10E570004F4823F03BFBD5E902234E4823F036FBFE
:10E58000D5E900234C4823F031FB69694B4823F05F
:10E590002DFB29694A4823F029FBE969494823F002
:10E5A00025FBA969484823F021FB696A474823F005
:10E5B0001DFB296A464823F019FBA96A454823F048
:10E5C00015FBE96A444823F011FBD5F8A010434835
:10E5D00023F00CFBD5F8A410414823F007FBD5F835
:10E5E000A810404823F002FBD5F8AC103E4823F0B9
:10E5F000FDFAD5F8B0103D4823F0F8FAD5E923121A
:10E600003B4823F0F3FAD5F888300093D5E920236E
:10E61000E96F384823F0EAFAD5E91D12364823F0AD
:10E62000E5FAD5E92623D5F89410344823F0DEFA2C
:10E63000334B0293334B0193334B0093CDE9067B6D
:10E64000CDE9049A314B324A32493348CDF80C8037
:10E6500023F0CCFAAB6D07936B6D06932B6D05938E
:10E66000EB6C0493AB6C03936B6C02932B6C019378
:10E67000EB6B0093D5E90D23296B284823F0B6FAFC
:10E68000274B0193274B0093274A284B28492948B9
:10E69000029723F0ABFA2B6F0293EB6E0193AB6EF4
:10E6A0000093D5E91823E96D234823F09FFAF6E695
:10E6B000B3C80500DEC80500F7C8050010C905008D
:10E6C00027C905003EC9050055C905006CC90500EC
:10E6D00083C905009AC90500B1C90500C8C905006C
:10E6E000DFC90500F6C905000DCA050024CA0500EA
:10E6F0003BCA050064CA05009CCA0500CCCA0500D7
:10E7000064CB050069CB05006FCB050075CB050018
:10E7100007CB05000CCB050010CB050079CB05001D
:10E72000E6CB0500EDCB0500B2CB0500F7CB05002D
:10E73000BACB0500C0CB0500FCCB05002DE9F043AA
:10E74000536887B004468946164663B938B11D49F7
:10E7500024F05FFE6FF0070007B0BDE8F0831948B2
:10E7600023F044FAF6E718460A2201A921F070FDC9
:10E77000019B1D7880465DB1726824B11249204624
:10E7800024F047FEE6E71048114623F02FFAE1E7B0
:10E7900002F074F8074630B914B10C494246EEE76E
:10E7A0000A484146F1E7029404AC2346022231466E
:10E7B0004846FFF79FFA384602A90394FFF704FB87
:10E7C0002846C9E722CC0500C88F050040A00500F7
:10E7D00070B5536805460E4614461BB9FFF7E0FABC
:10E7E000002070BD06491846EDF744FE10B90AF046
:10E7F0008BFEF5E7224631462846FFF79FFFEFE7FD
:10E80000E4EA0500F0B5002787B005460E46CF6064
:10E8100002F034F804464DB3A0B1012D28D10822EE
:10E8200003A928F0C7F9394620468DF81470FAF785
:10E8300045FF124ACDE9000403AB1148104C1C21DE
:10E8400021F0DCFC0F4B7460B360284602F016F830
:10E8500085B140B1012D0FD10B4A0C482B46042144
:10E8600021F0CCFC0948306007B0F0BD084CE9E766
:10E870003C46E7E70648F6E70020F4E77BA2050000
:10E88000FFE20020CC360500A2F80500FBE20020E4
:10E89000E509060008B520B1044924F09EFD0020DA
:10E8A00008BD024823F0A2F9F9E700BF48C30500FC
:10E8B00038B5174D0446286818B1B0F8B230DB07F8
:10E8C0000BD434B11349204624F0A3FD6FF00700A8
:10E8D00038BD104823F08AF9F8E705F00BF9021E5D
:10E8E0000ADA24B10C49204624F093FDEEE70A48E9
:10E8F000114623F07BF9E9E734B10849204624F0BA
:10E900007AFD00202860E3E7044823F06FF9F8E778
:10E91000388E002038CE050047CE050069CE0500B0
:10E920001FB5164B0446186818B1B0F8B230DB07B3
:10E930000CD43CB11249204624F06BFD6FF0070067
:10E9400004B010BD0E4823F051F9F7E702AB009375
:10E9500000220C490294002305F07EFD021E0ADA13
:10E9600024B10949204624F054FDE7E70648114642
:10E9700023F03CF9E2E70020E2E700BF388E0020F8
:10E9800038CE050069EA01007DCE050070B51E4B4A
:10E990001D6886B004461DB1B5F8B230DB070CD453
:10E9A0003CB11A49204624F034FD6FF0070006B050
:10E9B00070BD164823F01AF9F7E7566826B908B172
:10E9C0001349F0E71248F5E704903046EDF764FD8F
:10E9D00004AB024600214FF48030CDE900010293E0
:10E9E00031460C4B284628F086FD021E0ADA24B177
:10E9F0000949204624F00DFDD7E70748114623F0CA
:10EA0000F5F8D2E70020D2E7388E002038CE050096
:10EA100094CE05001DEA0100A6CE0500044B18683F
:10EA200010B1044924F0E7BC024823F0DFB800BF6E
:10EA3000348E0020BCCE0500084B0A1E186806DA8A
:10EA400010B1074924F0D7BC054823F0CFB810B166
:10EA5000044924F0D0BC034823F0C8B8348E002009
:10EA6000CACE0500E6CE050038B505460C4621BBEA
:10EA7000244C2068E0B1B0F8B230DB0718D505F0BF
:10EA800039F8214B0246002A18680BDA20B1BDE89C
:10EA900038401E4924F0AFBCBDE838401B48114641
:10EAA00023F0A4B828B11A4924F0A5FC0023236060
:10EAB00038BD174823F09AF8F8E7084629F06FF9AF
:10EAC0000146284628F0A2FD0F4B1868A36890B9AC
:10EAD000014693B90F4823F089F807E0198A5B686B
:10EAE0000A44002BFAD10B4924F085FC2046BDE8EE
:10EAF000384028F0F1BF0022F3E71A8A5B6811441E
:10EB0000E7E700BF388E0020348E002047CE050096
:10EB1000F5CE050018CF05002DE9F0439B4E336874
:10EB200093B00446174683B1B3F8B230DB070CD577
:10EB300038B1974924F05FFC6FF0070013B0BDE8CF
:10EB4000F083934823F052F8F6E7D7F80490B9F130
:10EB5000000F07D124B18F49204624F05AFCEBE77F
:10EB60008C48EFE7B86820B90CB18B49F4E78A48C4
:10EB7000E8E70A2205A921F06BFB059B93F80080CA
:10EB800085B2B8F1000F0BD0BA6824B18349204692
:10EB900024F03FFCD0E78148114623F027F8CBE76B
:10EBA00001F072FF074602200DAA494604F094FACC
:10EBB000002837DA01200DAA494604F08DFA002812
:10EBC0000ADA2CB17649204624F023FC0020B5E770
:10EBD000734823F00BF8F9E7D7F8E4306DBA5B68B7
:10EBE000ADF83250012507930695ADF83050002C52
:10EBF00050D107A9284604F059FABDF81A2052BA94
:10EC0000014692B2674822F0F1FF0DA9284604F0B0
:10EC10004DFABDF8322052BA014692B2624822F053
:10EC2000E5FF51E06DBA0DA94046ADF8325029F02C
:10EC3000A1FF00B14768384607A927F040FD07AD9E
:10EC4000034600F11007186859682A4603C20833C2
:10EC5000BB421546F7D102250695ADF83050002C81
:10EC600041D107A9284604F021FABDF81A2052BA6A
:10EC7000014692B24D4822F0B9FF0DA9284604F092
:10EC800015FABDF8322052BA014692B2484822F035
:10EC9000ADFF42E007A9284604F008FABDF81A3093
:10ECA00040495BBA02469BB2204624F0A4FB0DA962
:10ECB000284604F0FBF9BDF832303B495BBA024606
:10ECC0009BB2204624F097FB0825012006222F4BFB
:10ECD000012104F01DFE021E27DA0CB3354920463F
:10ECE00024F097FB72E707A9284604F0DFF9BDF886
:10ECF0001A302E495BBA02469BB2204624F07BFBB9
:10ED00000DA9284604F0D2F9BDF8323028495BBA83
:10ED100002469BB2204624F06EFB18250220D5E760
:10ED20002448114622F062FF50E72A46306806A9BF
:10ED300004F008FF021E05DA0CB11F49CFE71E4898
:10ED40001146EFE71D4B30681C6028F0C8FA00231D
:10ED500002934FF4C0320023CDE900230CA9184BD5
:10ED600030682A4605F06CFA0028BFF62FAF4CB188
:10ED70001449204624F04DFB306804F0BBFE00230C
:10ED8000336023E70F4822F031FFF5E7388E00208B
:10ED90002CCF05003FCF050059CF05006DCF0500F2
:10EDA000ADBF05007ECF050095CF05009FCF0500C4
:10EDB000B8CF0500C4CF0500E1CF0500348E002098
:10EDC00039EA0100F7CF05002DE9F0418AB0154678
:10EDD00002294FF00002044603920DD840B15B496E
:10EDE00024F017FB6FF0150528460AB0BDE8F08146
:10EDF000564822F0FBFEF5E7A868D5F8048003A981
:10EE000021F026FAAA68039B9A42064605D114B15E
:10EE10004F492046E4E74E48EBE74E4F3B687BB155
:10EE2000B3F8B230DB070BD534B14B49204624F0A0
:10EE3000F0FA6FF07705D7E7474822F0D7FEF8E7FA
:10EE40001822002104A833F0DBFB4046EDF724FB39
:10EE500004AA0146404628F06EF93E4BBDF810006A
:10EE60001122022104F054FD051E0BDA2CB13B499E
:10EE70002A46204624F0CDFAB6E73848294622F043
:10EE8000B5FEB1E7364B1C60BDF81030022BB0B2B6
:10EE900018D140BAADF8120005A827F033FC1825A8
:10EEA00050BB2CB32F49204624F0B3FA386804F045
:10EEB00021FE021E3CDA002C42D02B49204624F0D1
:10EEC000A8FA35E0012B07D140BAADF8120005A829
:10EED00027F0A2FC0825E3E72CB1244A2449204668
:10EEE00024F097FAE2E72149214822F07FFEDDE78E
:10EEF0001C4822F07BFED9E73E6802F071FF2A46EB
:10EF000086F8B40004A9386804F01CFE021E05DA75
:10EF10000CB11849E3E717481146E6E700230093D0
:10EF2000002215493868002305F096FA021E01DB1D
:10EF3000002559E70CB11149D1E710481146D4E733
:10EF40000948114622F052FEF2E700BFB3D0050097
:10EF5000E4D00500408E0020F9D0050019D105004D
:10EF60003C8E002063D10500CDD1050036D10500CF
:10EF70003BD1050087D10500D9EF0100A8D10500DC
:10EF800010B5124B0446186818B1B0F8B230DB0760
:10EF90000BD434B10E49204624F03BFA6FF0150033
:10EFA00008E00B4822F022FEF8E704F0A3FD021E61
:10EFB00001DB002010BD24B10649204624F029FAC7
:10EFC000F7E70448114622F011FEF2E7408E0020D8
:10EFD000EAD1050016D20500F7B50C4699B30846EC
:10EFE00028F0DDFE194D07462868A0B1184924F025
:10EFF00002FA0026B74208D001220DF1070120468F
:10F0000028F066FE00282B6809DA2868A8B911489C
:10F0100022F0ECFD14E00E4822F0E8FDE9E79DF84F
:10F0200007202BB10C49184624F0E5F90136E1E739
:10F030000948114622F0DAFDF8E7064924F0DBF929
:10F04000204628F049FD03B0F0BD00BF3C8E0020F3
:10F0500032D20500630706001E68050008B5074B9D
:10F06000186838B1064924F0C6F90648BDE80840DA
:10F0700019F04ABA024822F0B9FDF6E73C8E0020AA
:10F08000BCCE0500682800202DE9F0478EB0002591
:10F0900003290446174607950AD828B1664924F083
:10F0A000B8F96FF0150539E0634822F09FFDF8E7E5
:10F0B000D2F80490B8682A4607A921F0C9F8D7E920
:10F0C0000228079B9A4286B205D114B15B492046BB
:10F0D000E5E75A48E9E71822294608A833F090FAEC
:10F0E0004846EDF7D9F9564F014608AA484628F098
:10F0F00022F83B681BB1B3F8B230DB0718D4504B91
:10F10000BDF820001122022104F002FC051E0EDAD7
:10F1100044B14C492A46204624F07BF928460EB0DB
:10F12000BDE8F0874748294622F060FDF6E7012553
:10F13000454B1C60BDF82030022B0DD176BA09A8D2
:10F14000ADF8226027F0DEFA182610BBECB13F497B
:10F15000204624F05EF90FE0012B07D176BA09A80A
:10F16000ADF8226027F058FB0826EEE744B1384A94
:10F170003849204624F04DF9002D4DD10025CDE72A
:10F180003349344822F032FDF6E7304822F02EFDB4
:10F19000F2E7D7F8009002F023FE89F8B4004FF0B0
:10F1A0000009CDF8009000222B493868002305F0B3
:10F1B00053F9021E05DA0CB12849DAE7274811464F
:10F1C000E0E74046EDF768F9D7F800A0244BCDF80A
:10F1D000109002464FF0FF314FF0FF30CDE90201B1
:10F1E000CDE90063414608AB504628F0E5F9021E20
:10F1F00005DA0CB11B49BCE71A481146C2E71A48A8
:10F200004FF48032002319F0B9F90B30B4D10CB1AE
:10F2100016499DE71548B9E7386804F06BFC021EF3
:10F22000ACDA24B11249204624F0F3F8A6E71048DE
:10F23000114622F0DBFCA1E748D20500E4D005002E
:10F24000408E002019D105003C8E002063D10500BE
:10F250002BD005003BD10500D9EF010079D2050084
:10F260005DF001009BD2050068280020B7D20500A0
:10F27000CDD1050008B530B1064B074A074924F047
:10F28000ACF8002008BD034A0349044822F0AEFC54
:10F29000F7E700BF65D305007FD305001391050094
:10F2A00008B530B1064B074A074924F096F800200C
:10F2B00008BD034A0349044822F098FCF7E700BF61
:10F2C000B3D40500A8D40500139105001FB5002391
:10F2D000CDE90130044601AB0948039302A911F0BE
:10F2E000F9FC019B23B934B10649204624F083F888
:10F2F000002004B010BD034822F078FCF8E700BFFE
:10F3000009F301008A9505002DE9F047A0B00DF141
:10F310004809D1E90067054635220021484633F007
:10F320006FF90022E86A1146F3F790FE044668B9C7
:10F33000EA6A36B12449304624F079F820B0BDE8B5
:10F34000F0872148114622F051FCF7E73B6833B9BA
:10F3500036B31E4B1E4A1F49304624F04CF8352266
:10F360000DF1100A4B46204600925146FAF724F957
:10F370003B6894F9B40003F10108BEB101F07EFAD4
:10F3800002F02EFDCDE902A9CDE9004012492B463D
:10F390004246304624F02FF83B6801333B60CDE70E
:10F3A0000A4A0B490B4822F021FCD8E701F066FA23
:10F3B00002F016FDCDE901A90090234606482A4631
:10F3C000414622F013FCE7E73BD5050049D505008F
:10F3D00050D5050056D5050082D5050010B5074B60
:10F3E000074A0849044624F006F82046064B074A17
:10F3F000044924F000F8002010BD00BFCDD5050061
:10F40000D1D50500E0D50500FFD5050025D60500BE
:10F4100008B530B1064B074A074923F0DEFF00204C
:10F4200008BD034A0349044822F0E0FBF7E700BFA8
:10F4300054D70500B9D705001391050008B530B1C0
:10F44000064B074A074923F0C8FF002008BD034ABE
:10F450000349044822F0CAFBF7E700BF62D7050062
:10F460007BD7050013910500F0B58DB01646054613
:10F470000C4630220021684633F0C2F801238DF893
:10F4800000308DF80760BDB12B68ABB15A681B4BDB
:10F490009A4211D1284626F068F987680646284620
:10F4A00026F068F9C30407D537B1BD6925B12388B3
:10F4B000012B03D0022B17D00DB0F0BD8DF8013019
:10F4C0004FF4BC43ADF802306379A2798DF8052082
:10F4D00003F07F03E2798DF806208DF804306A4648
:10F4E00007213046A847E7E733238DF802308DF82F
:10F4F00001302369CDF80330F1E700BFB82A0020BE
:10F500002DE9F84FD1F80890D9F80C3005460C4693
:10F51000002B00F0C580B9F810200D2A40F2C08001
:10F52000D3F80620C1F826205A894A8503200622EE
:10F5300081F8240081F825201E68C4F82E609E887A
:10F54000668684F82C0084F82D209B892E311FFAC2
:10F5500083FA5BBAA38608469EB226F047F994F870
:10F560002E70804607F0010745B3286840B1427C01
:10F57000062A23D1123033F052F8B0FA80F0400955
:10F58000B8F1000F03D117B9002800F0898009F104
:10F590000C000E2125F0D8F8A3684FF000097BB9C4
:10F5A000454B464A464893420ED3284626F0EEF88D
:10F5B000002852D102263046BDE8F88F0020DFE750
:10F5C0001A8A5B689144EAE79989B14207D1596880
:10F5D000814204D1D3F808B0BBF1000F01D1103340
:10F5E000E1E7314622462846D8470646A0B1022820
:10F5F00056D048F688639A450ED094F83730C3F356
:10F600000213012B2FD1A368DB685B885BBA9BB226
:10F610002D2B01D8A26872BB284626F0B7F848B156
:10F62000D0E9023209F10E0913EB090342F100029D
:10F63000C0E90232284626F0A9F810B14369013327
:10F640004361B8F1000F20D0284626F09FF800282B
:10F65000B1D0C3690133C361ADE7D0F8B030013335
:10F66000C0F8B030A6E7022BD6D1A368DB689B8830
:10F670005BBA2833CBE7118A994236BF5B1A1382F3
:10F680009BB2526828BF0023C5E7002F93D02846BD
:10F6900026F07CF800288ED0436A013343628AE763
:10F6A000002D87D0284626F071F8002882D0C36A42
:10F6B0000133C3627EE700BF642F0500942F05006D
:10F6C000B82A002000487047900D06002DE9F04F41
:10F6D00083B000AF814626F048F88A8ED0F808A0A3
:10F6E00092FA92F80E461FFA88F8BAF1000F00F06D
:10F6F0001481DAF82430002B73D091F83730C3F33B
:10F700000213012B7BD1B2F5006F78D18B688D6924
:10F71000DC6803F0C1FD226903689A4228D13446AF
:10F720004FF0080894F82D304BB97D4B1A68C4F897
:10F730002D209A889B79A4F8312084F8333040F644
:10F74000CD4200230E21204605F058F983460028BB
:10F7500057D16FF00B05B8F5C16F4BD1304628F08B
:10F7600069F9A368D9684846103100F009FCC0E087
:10F7700004F11001284601F09DFE0028CFD1B368A6
:10F78000D9681031084625F0E3FF02460028C6D1AB
:10F790003B1D304600F07EF905460028BFD0012809
:10F7A00022D1304628F098F97C68B4F8348098FA71
:10F7B00098F81FFA88F8B8F1000FB3D159480368D8
:10F7C0005A070ED06D4688B06A46574BCDE90534CE
:10F7D000032342F8103F4FF4C2514346EFF736FB84
:10F7E000AD466FF0850505E0022803D1304628F0CC
:10F7F00073F9002528460C37BD46BDE8F08F344626
:10F80000D9E750F80C5F0E2124F076FFB8F5C16FF0
:10F8100042D094F83730C3F30213012B2CD1A368E4
:10F82000DA681032104625F093FFA8B32946104637
:10F8300026F03EF8D4F82630C5F80630638D6B818B
:10F840005946A5F80C80204628F06DF9204628F08E
:10F85000D6F9484625F089FFDAF824302146984742
:10F860000546F8B1484625F091FF00283FF473AFF4
:10F87000836A013383626EE7022B0DD1A368DB68D4
:10F880001B7EFF2B08D1294B1B882B80A368DB68CC
:10F890005B6AC5F80230CDE7D4F82E302B60638E5A
:10F8A000AB80C7E7A368DE681A8A5B681544002B43
:10F8B000FAD1484625F06AFF30B1D0E900325B1931
:10F8C00042F10002C0E90032484625F05FFF10B166
:10F8D000036901330361304625F088FF68B148466B
:10F8E00025F054FF10B1836901338361A3680025BB
:10F8F0007BB9204628F0F0F87CE73378DB07F5D5B4
:10F90000484625F043FF0028F0D0036A0133036224
:10F91000ECE71A8A5B681544EAE76FF0010569E7CE
:10F9200036DD0500DC2400201BDD0500960D0600F9
:10F9300010B5034625F019FF82685AB153B11B6810
:10F9400043B15968044B994204D1136A13B1BDE81D
:10F9500010401847002010BDB82A002038B50546D1
:10F9600025F0FEFE012303760F494561044604306D
:10F970002DF09BFB284625F0FDFE420542BF237E6D
:10F9800043F004032376284625F0F4FEC30404D58F
:10F99000064A0748002101F08DF800F023FB637E42
:10F9A00043F00203637638BD7F58040069F4010018
:10F9B000448E002008B5084B5A683AB11B680021F4
:10F9C00023B19A4204D1044825F089FF104608BDAE
:10F9D00019461B68F4E700BF648E00202DE9F84348
:10F9E00025F0A9FFDFF89C8006464FF0FF3226483D
:10F9F0004FF0FF3325F0CEFFD8F8004024B1256842
:10FA0000224FC6F5FA6924B9BDE8F8431E4825F02F
:10FA1000FBBF636809EB0302002A18DC01212046C2
:10FA200026F000F822460021404625F058FF00232A
:10FA300023607B6833B9C7E9004435B12B682C4695
:10FA40001D46E0E71C607C60F7E72B46F7E79C1B50
:10FA500014F5FA6F13D004F5FA6440F2E730002190
:10FA60004FF400454FF47A720023E4FB0501ECF7F4
:10FA7000E7FC02460B46064818F0A2FFC4E7002246
:10FA80001346F8E76C8E0020508E0020748E002004
:10FA9000985A00202DE9F04F89B002AF0C469146EC
:10FAA000BB60054670B3836863B38ABB806926F088
:10FAB0004EFE68BBA869D0F8E4304BB3D3F884603D
:10FAC00003F1840A2EBB9D4D2B685B071AD002F010
:10FAD00087F921468046012003F0E8FA6C468AB097
:10FAE00002AA974BD061C2E9053840F20133138472
:10FAF000944B42F8103F4FF4115133462846EFF72C
:10FB0000A5F9A5466FF015001C37BD46BDE8F08F7E
:10FB1000A2468D4E8D484FF0FF324FF0FF3325F057
:10FB200039FFD6F80080A96900237B61524607F1AE
:10FB30001403404625F05AFF0446002832D1DFF86E
:10FB400010B20346DBF8000025F050FF06460028FF
:10FB500049D180480468002C41D02246314625F026
:10FB6000BEFEAB69FB60B9F1000F4FD140F6CD424C
:10FB70000023CDE90023F8684B464A461C2105F0D6
:10FB8000DFF80646002842D1002C40F0D1806F48B3
:10FB900025F03AFFBB68002E1E600CBF6FF00B0013
:10FBA0000120B1E7404507D079690246304625F08B
:10FBB00096FE214625F08CFE644825F025FFA068BE
:10FBC00025F0A0FE811C05F1240025F0E5FE05F1DD
:10FBD0002C0004F1100125F0DFFE002094E7FFF770
:10FBE000E9FE0446BDE7284627F024FF0546014606
:10FBF00006F118002DF09BF920B1544825F004FFC0
:10FC0000022081E7284627F067FFAAE72E4640F644
:10FC10000603B38696F83730B068012262F3061304
:10FC200086F837301C210C3024F066FDB368D3F819
:10FC30000C8006F124037B60002C63D0284627F05B
:10FC4000F9FE294604F118002DF05CF9B369A360B0
:10FC5000DAF80030E360A06825F054FE811C06F15C
:10FC6000240025F099FE00232360DBF80430002BEC
:10FC700044D1CBE9004425F05EFE606036482DF0AB
:10FC8000C1FC084305D135484FF48032002318F0F9
:10FC900097FEFFF717FD014606F12C0025F07CFECC
:10FCA000082188F8021006210023012288F8041098
:10FCB000042188F8003088F8033088F8051088F8A7
:10FCC0000630C8F81230A8F8163088F8012088F8F5
:10FCD0000720514608F1180025F011FED6F826300D
:10FCE000C8F80830738DA8F80C30A4B9AB68D9688F
:10FCF0000C3108F10E0025F002FE48E71C60CBF83D
:10FD00000440B8E7F86825F0FDFD811C06F12400E9
:10FD100025F042FEBDE7A3684946D3F8E400524609
:10FD200025F043FE01460028E3D1C8F80E002EE777
:10FD30000848214625F0CCFD29E700BFC02400205B
:10FD40004BDD050004000001648E0020508E002071
:10FD50006C8E0020748E0020A85A0020985A002033
:10FD60002DE9F34705469DF828900F46164698461C
:10FD700025F005FE38B94FF0FF324FF0FF3305F59F
:10FD8000847025F007FE4848DFF820A14FF0FF32CD
:10FD90004FF0FF3325F0FEFD00230193DAF8000059
:10FDA00001AB3A46294625F021FE044620B1024621
:10FDB0000199504625F093FDDAF8003013B93C481C
:10FDC0002DF0C2F9002C44D1B8F1000F0BD0394806
:10FDD00001AB00683A46294625F008FE18B13368A1
:10FDE0000361B3888382B9F1000F0ED0314800233C
:10FDF00001932946006801AB3A4625F0F7FD01461C
:10FE000060B133680361B3888382274825F0FCFD25
:10FE1000284602B0BDE8F04725F0F8BD2648046842
:10FE20009CB9FFF7C7FD04460028EED025F083FDFE
:10FE3000C4E901053B68E36033682361B3881D486A
:10FE4000A382214625F044FDDFE7224625F047FD49
:10FE5000ECE733682361B3881648A382214625F076
:10FE600037FD04F11807A369002BCED04FF0FF3304
:10FE70004FF0FF32384618F013FB83680646D96806
:10FE80002C3025F089FD65B12B6853B15B68314694
:10FE90005B68284698470028E5DA304627F01CFEC4
:10FEA000E1E700235B68FFDE508E00206C8E0020AF
:10FEB000985A0020648E0020748E00202DE9F041B5
:10FEC000DFF8A88005464FF0FF3229484FF0FF3396
:10FED00025F060FDD8F8004014B12668002784B9E9
:10FEE000244F3C681CB126684FF000081CBB3B68DF
:10FEF00013B921482DF028F9BDE8F0411C4825F040
:10FF000083BD45B1A368AB4205D027468EB13368A7
:10FF100034461E46E3E72046002125F083FD39469E
:10FF20004046224625F0DBFC1448214625F0D0FC53
:10FF3000ECE73346ECE745B1A3689D4205D0A04607
:10FF40008EB1336834461E46D0E72046012125F0A5
:10FF500069FD41463846224625F0C1FC0748214646
:10FF600025F0B6FCECE73346ECE700BF648E0020DA
:10FF7000508E00206C8E0020985A0020748E002035
:10FF800008B50A46014607480023006825F02EFD03
:10FF900020B1012125F046FD002008BD6FF00100D1
:10FFA000FBE700BF6C8E0020F8B54FF0FF324FF03A
:10FFB000FF33064609480F4625F0ECFC084B1C6849
:10FFC000002524B9054825F01FFD2846F8BD204628
:10FFD0003946B04701352468F3E700BF508E002052
:10FFE000648E002038B5124D2B7803BB114A124C99
:10FFF000C2E90033114AC4E90033C2E900331048B2
:020000040002F8
:100000002CF040FF0F49204625F062FC01F14C0026
:100010002CF038FF20460C4925F05AFC0B490C48BF
:100020002DF084F80B482CF0AAFE01232B7038BD6C
:100030001BE300206C8E0020748E0020648E002054
:10004000948E00207C8E0020B08E0020DDF901000F
:10005000985A0020508E002038B581698268044685
:100060000023E2B92F4DD5E90220D21840F100005B
:10007000C5E90220D1E90420D21840F10000C1E90D
:100080000420A3687BB92B69A26901332B619369B2
:10009000013393612046BDE8384027F01DBD108A2A
:1000A00052680344DDE794F838305B070AD4A0694E
:1000B000214626F0B5FC012804D00228E3D0002810
:1000C000E8D138BD94F8383043F0040384F8383070
:1000D000204627F094FD94F83730C3F30213032B26
:1000E000D8D8A368DB681B7803F0F003602B03D13A
:1000F000204606F06BFDE2E7402B03D1204605F0D9
:10010000D7FFDCE7AB6AA2690133AB62136B013343
:1001100013636B69A26901336B61D3690133D361E6
:10012000B8E700BF885F00202DE9F043904685B016
:100130001F460446002800F078818368002B00F0F9
:1001400074818369002B00F073810021184625F02B
:10015000A6FD20B96FF0720005B0BDE8F08308215C
:10016000184625F09CFD0028F4D0204627F012FD0B
:10017000204627F044FD94F83730C3F30213022BD6
:1001800040F0D180A28E48F2DD639A4278D1A36814
:10019000DD68EB79002B00F0218103F081F810225B
:1001A000014605F1180032F03AFA88B96FF07C0385
:1001B000A548A169826B013282630A6C01320A642C
:1001C000233340F03881204627F086FC0020C3E727
:1001D000A368DD681835284625F050FD00283AD080
:1001E00094F837301B073CD4A368DA6802F108059D
:1001F0002B466F4602F1180C186859683E4603C634
:10020000083363453746F7D1283253F8041B45F8C5
:10021000041B9342F9D1A368DB686A46183315467C
:1002200003CD596004A98D4218602A4603F10803E2
:10023000F5D148F2DD63A386204625F074FD94F8DD
:10024000383023F0140343F0140384F83830204688
:1002500025F054FDBAE70021284600F09BFD002858
:10026000BED1A368D868037EFF2B04D1437E03F080
:100270000F03012BE3D0083025F000FD002895D1B5
:100280006269A2B394F83730C3F30213012B40F034
:10029000AB80A368DB681B6903F0F003E02B26D179
:1002A00092F8AF301BB300220023204627F043FE14
:1002B0000546E0B1A069A86140B10368002B00F0D9
:1002C000C0801B7C85F8243085F82C30294625F029
:1002D00043FD60B194F83710C1F30211012900F019
:1002E0008A80022900F09080284627F0F5FBA56956
:1002F00094F8376042463B462146284626F099FB53
:100300000228C6F3021600F09980012E00F08580C5
:10031000022E7FF45BAF4C4A136B01331363AB6B5C
:100320000133AB6352E7012BAAD1A38EB3F5006F63
:10033000A6D1A368DD682B7A002B52D002F0A8FF6B
:100340002A6903689A420AD16FF07C033E48A1698A
:10035000826C013282640A6D01320A6530E7A3685B
:10036000DD682B7C7F2B0CD1A368DB68DA68A3687F
:10037000DB681969D960A368DB681A614FF4006310
:1003800059E7A66902F088FF2A6903689A421ED0DD
:1003900005F11001304601F08DF80146B8B9A368A7
:1003A000D3F80C9009F11006304601F001F905462A
:1003B0000028D9D102F070FFD9F8102003689A42C2
:1003C000D2D03146284601F075F80028CCD1A36878
:1003D000DB681B7B7F2B7FF453AFB5E76FF0220305
:1003E000E6E66FF02203B1E7022B80D1A368DB6859
:1003F0001B7EFF2B53E71449A2690B6C01330B647E
:10040000936C013393646FE70F49A2690B6B01335F
:100410000B63936B0133936366E70B4A136C0133F1
:100420001364AB6C0133AB64D0E66FF03C0093E631
:100430006FF0150090E66FF07C008DE66FF0040021
:100440008AE61B78FFDE00BF885F00200068044B4F
:1004500000BA6FF30F00C31A58425841704700BFEB
:100460000000FEA998B503460B480268520700AF8A
:100470000DD06C4688B06A460849CDE905130323C0
:1004800042F8103F4FF4C25125F058FDA5466FF0D9
:100490001500BD4698BD00BF00250020B3DD050056
:1004A00007B58388022B0CD1102300930A49826977
:1004B00000F108034FF4007003F036F803B05DF864
:1004C00004FB012BFAD1102300938269034900F148
:1004D00008032020F0E700BF000040E0000030E00B
:1004E00038B54FF0FF324FF0FF33044616480D4643
:1004F00025F027FD154A92F82230D80708D599072C
:1005000006D59388AB4203D174B193699C4219D04C
:1005100092F8461011F0010312D08B0710D5138DFD
:10052000AB420DD14CB90124644204F024041444BC
:10053000054825F00FFD204638BDD36B9C42F2D014
:100540000024F5E70024EFE7E82600206C91002066
:1005500038B54FF0FF324FF0FF3305461D4825F008
:10056000F0FC1D4B1B687BB11A684FF0FF344FF451
:100570007A705BB9631C1BD118482CF0E5FDBDE80F
:100580003840144825F0E6BC1A46EEE7D9691B8CC2
:10059000491B00FB0313002B09DD9C4228BF1C46AE
:1005A0001AB1116813460A46E3E71146FAE7002438
:1005B0004FF4004540F2E73000214FF47A720023F7
:1005C000E4FB0501EBF73CFF02460B46034818F03D
:1005D000F7F9D4E7E826002064910020885B00202A
:1005E0002DE9F0474FF0FF33814690461B481C4DE4
:1005F0004FF0FF320F4625F0A4FC00242E464FF0AA
:10060000240A0AFB046393F82230DB071CD5AB886D
:10061000BB4219D1AB694B4516D1022F0FD14146D0
:1006200005F1080025F05BFC70B1634203F0240380
:100630001E440A4825F08EFC3046BDE8F087D8F805
:100640000020AB689A42F0D0631C022B05F1240510
:100650004FF00104D5D10026EBE700BFE8260020CB
:100660006C9100202DE9F74FDFF8F4A0BDF8309031
:10067000074615463B481E464FF0FF324FF0FF330A
:10068000884625F05EFC9AF8224014F0010404D05C
:100690009AF84630DB0761D401244FF0240B0BFBA2
:1006A00004AB644204F024040AEB0403CBF8187092
:1006B000ABF8048093F82220760046F0010622F081
:1006C000030206F00306164383F822601E469BF8D9
:1006D00022200BF12003B9F1000F30D022F00402E8
:1006E0009A70ABF8209025F0A2FD3146CBF81C00A3
:1006F0001D4825F061FBDBF81C00FFF729FF0834DB
:10070000B8F1020F0AEB04031FD11C4605F1100CCF
:1007100028686968224603C2083565451446F7D142
:100720001022124900924FF480703A4602F0FCFE0B
:100730000C4825F00FFC304603B0BDE8F08F42F0C6
:1007400004029A70ABF82090D9E72A684AF804208E
:100750000422009206493A461020E7E70026E7E720
:100760006C910020E826002064910020000040E009
:10077000000030E038B505464FF0FF3210484FF02A
:10078000FF3325F0DEFB95F8224014F0010412D06F
:100790002846FFF785FE0B48294625F017FB18B1C0
:1007A00025F045FDFFF7D4FE95F8223023F0010334
:1007B00085F822300124024825F0CCFB204638BDC4
:1007C000E82600206491002008B50548036813F06E
:1007D000060F03D0034A022122F098FB002008BD37
:1007E00000250020D9DD05002DE9F04725F01FFD8B
:1007F000204D80464FF0FF321F484FF0FF3325F069
:10080000A0FB2C682CB1002726684FF47A7AB946F1
:100810003CB94046FFF79CFEBDE8F047164825F07E
:1008200099BBE369228CA3EB08030AFB0233002B7C
:1008300005DD2746E6B1336834461E46E8E7204624
:10084000FFF72EFE22686FB96B682A609C4200D1C8
:100850006A6094F82230C4F8009069F3000384F8C9
:100860002230E7E73A606B689C4208BF6F60F0E7B0
:100870003346E1E764910020E826002000280ADDE5
:10088000431E06484FF4907202FB0300044B98424B
:1008900028BF002070470020704700BF702900204B
:1008A000902A00202DE9FF4125F0C1FC324F0023A2
:1008B000039306464FF0FF3230484FF0FF3325F0E8
:1008C00040FB3C68ECB1234653F82C2902B12C3A8A
:1008D0000024C6F16406A3B15D6B3544002D31DD03
:1008E00040F2E73000214FF400464FF47A720023C3
:1008F000E5FB0601EBF7A4FD02460B46204818F085
:100900005FF81E4825F026FB94B32C3C01274FF0DE
:10091000100894F83C0084F8297025F034FD261D59
:1009200002461849CDF80080054633464FF4805002
:1009300002F0FAFD3146284606F07CFDE46ABCB1BF
:100940002C3CE6E77868029403F12C018142DB6AD3
:100950003B6002A808BF7B6025F02EFA029C2AB1FA
:10096000D16A01B12C3913460A46B4E71146FAE7B9
:1009700004B0BDE8F08100BF4C910020E8260020C3
:10098000F85A0020000040E010B5C36C04460BB1DB
:1009900042689847B4F8B030112B0FD194F9B400E5
:1009A00025F0F1FC0D4AD2F8A8300133C2F8A83086
:1009B000D0F8B0300133C0F8B03010BD062BFCD1F8
:1009C00094F9B40025F0DFFC044AD36F0133D367F8
:1009D000D0F884300133C0F88430EEE7885F00201F
:1009E00010B50C4B0C4C9C4200D310BD84420ED170
:1009F000204625F0A8FA04F10800D822002131F0A1
:100A0000FFFD04F1F400BDE8104025F0A3BA04F5A1
:100A10009074E8E7902A00207029002038B50A4C2D
:100A20000A4DAC4200D338BD204625F08CFAD822BE
:100A3000002104F1080031F0E3FD04F1F40025F099
:100A400089FA04F59074ECE770290020902A0020C0
:100A500008B50849084B02468B4202D300231846CA
:100A600008BD184625F0E3F98242F8D003F59073EB
:100A7000F2E700BF902A002070290020014B186087
:100A8000704700BFB491002008B5074A074B934256
:100A900003D1FFF799FE002008BD054A1068002821
:100AA00008BF1846F8E700BF902A002070290020F0
:100AB000B4910020F8B50E4D04464FF0FF330D48B9
:100AC00016464FF0FF320F4625F03BFA21462846E6
:100AD00025F07CF92B6823606B682C6003B96C608F
:100AE000C4E901760348BDE8F84025F033BA00BFF9
:100AF000F88E0020E8260020F8B54FF0FF330546B9
:100B0000174610484FF0FF320E4625F01AFA0E4BEA
:100B10001B680BB11C6823B9BDE8F840094825F0F3
:100B200019BA5A68AA4200D022B99B683A4631469F
:100B3000284698471CB1226823461446EBE7224614
:100B4000FAE700BFE8260020F88E002038B50446FA
:100B50000D4625F0F8F90721204625F092F930B32B
:100B6000D4F8E03043B105B12B60002504F1F40066
:100B700025F0F0F9284638BD4FF0FF324FF0FF3333
:100B80000C4825F0DEF90C4BD3F8A8214AB9C4F87B
:100B9000E030C3F8A84105B12B60064825F0DAF92A
:100BA000E3E7044825F0D6F96FF00205DEE76FF0C1
:100BB0008505DBE7E8260020988F002070B5044605
:100BC00025F0C1F90B21204625F05BF9034604F11D
:100BD000F4005BBBD4F8E05045B325F0BBF92046E8
:100BE00028F094F830BB25F022FB4FF0FF334FF094
:100BF000FF32C5F8A001104825F0A3F905F5CE7124
:100C00000E4825F0E3F80D4825F0D6F80A4825F0FF
:100C1000A1F90B482CF0F6FC08430BD1BDE870405D
:100C200008484FF40042002317F0CABEBDE87040E8
:100C300025F090B970BD00BFE82600204491002047
:100C4000D85A0020C85A00202DE9F34125F0EFFAC8
:100C50003B4F0023019306464FF0FF3239484FF0D7
:100C6000FF3325F06EF93C684CB12268A4F5CE73D1
:100C70000AB1A2F5CE720024C6F57A78BBB9314824
:100C800025F068F9002C58D02F4DA4F5CE7494F8B7
:100C9000A4312E480133DBB284F8A431A84240D3FA
:100CA000D4F89C41002C48D0A4F5CE74EFE7D3F8DB
:100CB000A05108EB0501002909DDAD1B15F57A7F70
:100CC0001ED100221346224817F07AFED7E7786833
:100CD000009403F5CE718142D3F89C313B606846A5
:100CE00008BF7B6025F068F8009C3AB1D2F89C11EF
:100CF00009B1A1F5CE7113460A46BFE71146FAE7DE
:100D000005F57A7540F2E73000214FF400464FF4C4
:100D10007A720023E5FB0601EBF792FB02460B46D5
:100D2000D1E7D0F8E020A24202D000F59070B5E7FC
:100D3000022BB5D8FFF742FFB2E702B0BDE8F08161
:100D400044910020E8260020902A002070290020ED
:100D5000C85A002038B5044625F0F5F8D4F8E0501C
:100D600075B10A484FF0FF324FF0FF3325F0E9F834
:100D7000074805F5CE7125F029F8044825F0EAF872
:100D800004F1F400BDE8384025F0E4B8E82600207E
:100D9000449100202DE9F84F1D4CDFF878A08146E2
:100DA0000F46544501D3002528E0204625F0CBF816
:100DB000D4F8E05035B904F1F40025F0CBF804F58F
:100DC0009074EEE705F10408002605EB86134FEA60
:100DD000861B93F83D309B0713D538F8043C022B53
:100DE0000FD180224146484625F057F848B107B157
:100DF0003C6004F1F4005D4425F0ACF82846BDE801
:100E0000F88F0136032E08F14008DED1D3E700BF8A
:100E100070290020902A002038B54FF0FF32044698
:100E20004FF0FF330F480D4625F08BF8012384F86F
:100E30002930183421460C4824F0C8FF0A4824F011
:100E4000BBFF25F0F4F929460246204625F0CEFEE8
:100E500000230648002217F0B3FDBDE838400148E2
:100E600025F078B8E82600205C910020585B00202F
:100E70002DE9F34706468A4625F065F8D6F8E08066
:100E8000B8F1000F33D008F1C407002408EB441375
:100E900003F1D80993F8DC30DB0723D551463846F7
:100EA00025F01DF80546E8B1063408EB441025F09E
:100EB0004FFA00281BDC0DD199F804300D4960F37E
:100EC000000389F804301023009332463B46082083
:100ED00002F02AFB06F1F40025F03CF8284602B0A7
:100EE000BDE8F0870134042C07F12007CED100259E
:100EF000F0E700BF000040E02DE9F047224CDFF8AA
:100F00008CA081468846544501D3002533E0B8F1D2
:100F1000000F04D0D8F800300BB1A34209D120460D
:100F200025F011F8D4F8E05035B904F1F40025F0BB
:100F300011F804F59074E6E705F1C407002605EB07
:100F4000461393F8DC30DB0718D537F8043C022B46
:100F500014D180223946484624F09FFF70B1B8F181
:100F6000000F01D0C8F80040063604F1F40005EB8C
:100F7000461524F0EFFF2846BDE8F0870136042E21
:100F800007F12007DBD1D0E770290020902A00204C
:100F9000F0B587B0044603900D4624F0D4FF05A9B0
:100FA0002046FFF7D3FD38B100240398F43024F035
:100FB000D1FF204607B0F0BD2B78FF2BF4D103A959
:100FC0002846FFF799FF044618B1143025F0F0F8D1
:100FD000EBE7059E06EB4412670192F8DC30DB0775
:100FE00003D50134042CF5D1DEE792F8DC3023F090
:100FF000030343F0010306EB441482F8DC300223C0
:10100000A4F8C0300123C2F8D43007F1C40333443C
:1010100028461A4605F1100150F8044B42F8044BDB
:101020008842F9D1102200920349039A0420C03764
:1010300002F07AFAF419B8E7000040E02DE9F8432D
:101040001F4C204F06460D4648F2FE08BC4202D314
:101050004FF0000930E01DB12B680BB1A34222D143
:10106000204624F070FFD4F8E010C1B10B1D00221F
:1010700001EB821090F83D0080070BD593F9250015
:10108000B042994606D133F8040C022802D11888E0
:1010900040450BD10132032A03F14003E8D104F1AA
:1010A000F40024F057FF04F59074CFE705B12C60ED
:1010B00004F1F40024F04EFF4846BDE8F88300BF79
:1010C00070290020902A00202DE9F04F074693B0A8
:1010D0000D469046994624F036FF03A93846FFF79F
:1010E00035FD0646002840F09680D7F8E0403CB336
:1010F00094F865319B0709D504F5A871284624F0BA
:10110000EEFE18B194F8643143450ED094F88D3159
:10111000980715D504F5BC71284624F0E0FE78B197
:1011200094F88C3143450BD1282606F5A07634443B
:1011300007F1F40024F00EFF204613B0BDE8F08F55
:10114000039C002CF4D094F865319907C3F3400652
:1011500004D594F88D319A075DD40126282303FB2A
:101160000643C6F1000A93F8652183F8648142F0D2
:1011700002020AF0280A0DF1200C83F86521C3F859
:1011800060710AF5A07A2B4605F1100B62461868CB
:101190005968E646AEE8030008335B45F446F6D1ED
:1011A00004EB0A0310330DF1300C9646BEE8030041
:1011B000E64518605960724603F10803F5D128230B
:1011C00003FB064609F101035A425A4196F865317C
:1011D00062F3000304AA86F865312C4605F1100677
:1011E000134620686168154603C50834B4422A4690
:1011F000F7D10FCB8CE80F001823009307498DF827
:10120000408063463A461020CDF8449002F08CF9B5
:10121000039C54448CE700248AE700BF000040E0B0
:101220002DE9F74F0026294DDFF8A4B08046894606
:1012300034465D450AD3002C45D0B8F1000F01D0EB
:10124000C8F80040012003B0BDE8F08FB8F1000FEE
:1012500004D0D8F800300BB1AB420AD1284624F0B4
:1012600072FED5F8E07005F1F40A2FB9504624F06B
:1012700071FE05F59075DCE797F865319A070ED594
:1012800097F8642196420AD2494607F5A870019260
:1012900024F003FE019A00281CBF16462C4697F83E
:1012A0008D319B07E2D597F88C21B242DED94946B1
:1012B00007F5BC70019224F0F0FD019A00281CBFD4
:1012C00016462C46D2E72046BDE700BF7029002015
:1012D000902A002038B54B1C04460D461ED04FF016
:1012E000FF334FF0FF320E4824F02BFE21460D480D
:1012F00024F06CFD0B4824F05FFD24F098FF294694
:101300000246204625F072FC00230748002217F011
:1013100057FBBDE83840024824F01CBE38BD00BF72
:10132000E826002054910020285B002010B590F89A
:1013300025309B07044614D54FF0FF324FF0FF33A2
:10134000084824F0FEFD2146074824F03FFD002216
:101350002046114625F04AFCBDE81040014824F023
:10136000F9BD10BDE8260020549100202DE9F0437E
:1013700085B00023044617468DF80F300D4600292E
:101380005AD00A8848F2FE039A4234D00B78FF2BD9
:1013900004D14B7803F00F03022B2CD029462046B2
:1013A00025F0BBF860B190F8248004B300970DF1EC
:1013B0000F0342462946204624F0CEFD044611E0A4
:1013C0004FF08008F1E7304600970DF10F034246D9
:1013D000294624F0C1FD06F59076002818BF044682
:1013E0004E45F0D3CCB1204605B0BDE8F083134E96
:1013F000DFF84C90F4E724B10121204625F060F895
:10140000DCE7FFF741FB012125F05AF804460028EC
:10141000E9D10A4D0A4EB54204D305B0BDE8F04308
:1014200001F03EBF0121284625F04AF80446002875
:10143000D9D105F59075EEE70C46D4E77029002068
:10144000902A002038B504460D4624F07CFD062184
:10145000204624F016FD30B3D4F8E43043B105B192
:101460002B60002504F1F40024F074FD284638BDFB
:101470004FF0FF324FF0FF330C4824F062FD0C4B6D
:10148000D3F88C204AB9C4F8E430C3F88C4005B1D5
:101490002B60064824F05EFDE3E7044824F05AFD83
:1014A0006FF00205DEE76FF08505DBE7E826002038
:1014B000088F002070B50D4670B1BDE8704024F073
:1014C00054BE2946204624F050FE20B904F59074FD
:1014D000B442F6D3002070BD014C024EF8E700BFC5
:1014E00070290020902A00202DE9F34100230546B1
:1014F0008DF807300E46002950D00846FEF7A6FFAB
:10150000034630BB05B30DF10702284624F0CCFD9D
:1015100004460DE0384600230DF10702314624F061
:10152000C3FD07F59077002818BF04464745F1D35F
:10153000ACBB0121284625F031F9044678BB02B046
:10154000BDE8F04101F0A4BE174FDFF860802C46E3
:10155000ECE7F5B10121284625F01DF9D8E7204632
:1015600001230DF10702314624F09EFD04F590742D
:10157000002818BF07464445F1D3FFF785FA012339
:101580000DF10702314624F08FFD044638B93C4680
:10159000CEE7054CDFF814802F46ECE70C462046DA
:1015A00002B0BDE8F08100BF70290020902A002021
:1015B000F8B5144C144F06460D46BC4201D3002525
:1015C0001EE0204624F0BFFCD4F8E43033B904F127
:1015D000F40024F0BFFC04F59074EEE793F83D208E
:1015E0009207F4D51A88012AF1D1326859689142DC
:1015F000EDD105B12C6004F1F4001D4624F0AAFCE5
:101600002846F8BD70290020902A00202DE9FF47C8
:101610000646884691461F4624F095FC03A93046AD
:10162000FFF710FF06F1F40A50BBD6F8E45095F826
:101630003D30990717D5D8F800106A68914212D149
:10164000DA0609D405F1140024F0B2FD95F83D3016
:1016500043F0100385F83D30504624F07BFC2846CB
:1016600004B0BDE8F087039CB9F1020F254603D111
:1016700094F82830042B05D094F83D309B0736D5DC
:101680000025E9E7002CE7D06168D8F800209142F6
:1016900006D000931749231D3246022001F044FF73
:1016A00094F83D30134923F0120343F0120384F8F9
:1016B0003D3001232380D8F800206260B7FA87F715
:1016C00094F83D20636184F829307F096FF07F43EF
:1016D00067F300022364042384F83D2084F82890F3
:1016E000324600930120E31801F01EFFB4E7002CFE
:1016F000D6D1B1E7000030E073B506460C4624F0C1
:1017000022FCD6F8E4503DB9002406F1F40024F0A0
:1017100021FC204602B070BD95F86030DA0704D590
:101720007CB1AA6C23689A420AD095F88030DB0716
:10173000EAD51CB1AA6E23689A42E5D1012400E0E3
:101740000024640104F14400284424F001FE002830
:10175000DADC0FD12B19483493F86020064960F386
:10176000000283F860200423009332462B190820DE
:1017700001F0DAFE0124C8E7000030E0F8B51C4DA6
:101780001C4F04460E46BD4201D3002429E01EB181
:1017900033680BB1AB4228D1284624F0D4FBD5F8EE
:1017A000E43005F1F400F3B193F86020D10704D5DB
:1017B0007CB1996C226891420AD093F88020D207BC
:1017C00011D51CB1996E226891420CD1012400E020
:1017D000002406B1356003EB441303F1440424F004
:1017E000B9FB2046F8BD24F0B5FB05F59075CAE7B6
:1017F00070290020902A0020F0B585B0044603909F
:101800000F4624F0A0FB00212046FFF71BFE38B155
:1018100000250398F43024F09DFB284605B0F0BD68
:101820003B6803F0F003E02BF2D103A93846FFF741
:10183000A5FF054618B1143024F0BAFCE9E7039A75
:10184000D2F8E430002BE3D093F8604014F00104A8
:1018500004D093F88010C907DAD4012464011E195A
:1018600004F1440596F8601021F0030141F00101F4
:1018700086F860100121A6F844103868B165483434
:101880000421B0641D44009123440249042001F066
:101890004BFEBEE7000030E02DE9F04188B09846ED
:1018A0000023039303AB05460F46164624F0CCFCF9
:1018B000044620B96FF0150008B0BDE8F08104F1CE
:1018C0001402BFF35B8F6369BFF35B8F002BF1D012
:1018D000BFF35B8F581E52E8001F994204D142E8C3
:1018E000000CBCF1000FF6D1BFF35B8FE7D1012BE9
:1018F00005DDB8F1000FDFD0C8F80040DCE794F850
:101900003D30022F23F0020384F83D306AD1002ECF
:1019100066D02846039F24F016FBD5F8E030002B54
:101920005AD094F83D30DB0714D4374E37484FF087
:10193000FF334FF0FF3224F004FB04F1180130466E
:1019400024F044FA336813B931482BF0FDFB2F48DB
:1019500024F000FB0B21284624F093FA261D98B9A9
:101960002A484FF0FF324FF0FF3324F0EAFA2948BB
:1019700004F12C0124F02AFA18B13146284605F06A
:1019800059FD224824F0E6FA012F1DD140F2FF2331
:1019900004930023ADF81430ADF81630ADF81830CC
:1019A0004FF48073ADF81A30FF238DF81C30637C40
:1019B000E27C8DF81D30A37C43EA0223ADF81E3093
:1019C00004A92846FFF754FA1023134900932A4626
:1019D0003346022001F0A8FD05F1F40024F0BAFA24
:1019E000002069E7012FFBD1002EF9D0284624F012
:1019F000AAFAD5F8E430002BEED00423009307496F
:101A0000E3182A460220E5E75C910020E826002042
:101A1000585B00204C910020000040E0000030E0C6
:101A2000F0B585B002AF0C46786024F08CFA391D11
:101A30002046FFF7AFF97D6808BB184E33685B0797
:101A400016D02146022001F031FB6C468AB002AA72
:101A5000134BD561C2E905304FF400731384114B69
:101A600042F8103F4FF41151304624F067FAA54672
:101A70007868F43024F06EFA0C37BD46F0BD1023C0
:101A800000930949031D2A464FF4005001F04CFD14
:101A90002146284624F053FFEAE700BF0025002036
:101AA000F5DD050004000001000040E02DE9F041F3
:101AB00007468CB00D46904624F045FAD7F8E04032
:101AC000002C5DD094F86531980709D5294604F5B6
:101AD000A87024F004FA18B194F8643143454CD04E
:101AE00094F88D319907C3F340063ED5294604F595
:101AF000BC7024F0F4F90646B8B394F88C31434531
:101B00003ED10126282000F5A0702044FFF70EFCEE
:101B1000282303FB06462A4696F8653123F0020384
:101B200086F8653121464346384624F02DFF02AA47
:101B30002C4605F11006134620686168154603C55A
:101B40000834B4422A46F7D10FCB06AC84E80F0024
:101B500000230B93182300930A498DF8288023460D
:101B60003A46202001F0E0FC012607F1F40024F0C1
:101B7000F1F930460CB0BDE8F08100263046C2E7EE
:101B80000026F2E7000040E02DE9F04190B024F09B
:101B90004EFB0023059380464FF0FF333F484FF044
:101BA000FF3224F0CEF93E4B1D68BDB12E680024F3
:101BB0004FF0FF37CDB14146284625F04FF878B9B0
:101BC0002946374824F002F904A8049424F0F4F8D4
:101BD000049C2EB3336835461E46EBE72E46E6E7F7
:101BE000874228BF0746B542F3D1791C10D040F296
:101BF000E73000214FF400454FF47A720023E7FBF1
:101C00000501EAF71DFC02460B46264816F0D8FEF1
:101C1000224824F09FF90AAE24B910B0BDE8F08143
:101C20003346D8E7206A24F08EF994F82530206AEC
:101C300023F0020384F8253003A9FEF787FF50BB89
:101C400004F11002154694F824300399206A24F018
:101C50009BFE2A4606AD02F1100C2B461068516817
:101C60002F4603C7083262453D46F7D10FCB86E8C1
:101C70000F0094F824308DF8383000230F93182388
:101C800000932020226A0849334601F04DFC206A67
:101C9000F43024F05FF92468BEE700BFE826002096
:101CA00054910020285B0020000040E02DE9F0471F
:101CB00024F0BDFA4FF0FF3380464FF0FF3230483A
:101CC00024F03FF92F4B1C6825461CB155F81849E4
:101CD00004B1183CDFF8B0904FF0FF37B5B305F111
:101CE000180A4146504624F0B9FF064648BB514603
:101CF000244824F06BF850463246314624F076FFF3
:101D00002248484513D2D0F8E0108D420AD001F1A4
:101D100040039D4205D001F180039D420ED1022671
:101D200000E0012601EB8611043124F008FE2CB3FB
:101D3000A36903B1183B25461C46CFE700F5907018
:101D4000DFE7874228BF0746A542F0D17B1C10D0B1
:101D500040F2E73000214FF400444FF47A72002340
:101D6000E7FB0401EAF76CFB02460B46084816F055
:101D700027FEBDE8F047024824F0ECB82346DAE736
:101D8000E82600205C910020902A00207029002085
:101D9000585B0020F8B54FF0FF33054617460E4854
:101DA0004FF0FF320E4624F0CCF80C4B1B680BB101
:101DB0001C6823B9BDE8F840074824F0CBB85B683D
:101DC0003A463146284698471CB1226823461446B5
:101DD000EFE72246FAE700BFE8260020008F002048
:101DE000074B984208D3074A904205D2C01A064BC7
:101DF00040115843013070474FF0FF30704700BF2B
:101E000070290020902A0020398EE3382DE9F04116
:101E1000012300AF81F8383005460C4626F0C3FE9A
:101E2000D8B1224E33685B0717D0211D022001F084
:101E30003DF9E8468AB06A461D4B0790CDE9053565
:101E400040F20133ADF820301A4B42F8103F4FF406
:101E50001151304624F072F8C54624F0E8F9606369
:101E60002846FFF7BDFF4FF0FF334FF0FF3284F8F5
:101E70003C00114824F065F804F12C010F4823F0D0
:101E8000A5FF0E4823F098FF0B4824F063F80C4898
:101E90002BF0B8FB084305D10A4840F6CD42002399
:101EA00016F08EFDBD46BDE8F08100BF0025002084
:101EB0001CDE050004000001E82600204C910020F3
:101EC000085B0020F85A0020F0B587B0D0F8E03069
:101ED00000AF7860002B3FD040F2FF233B8100230E
:101EE0007B81BB81FB813B827B82BB824FF4807311
:101EF000FB82391D07F10800FEF7FEFF60BB7E681C
:101F000007F10801304606F061FE041E24DA14F1E0
:101F1000730F21D0124D2B685B071DD007F108010C
:101F2000022001F0C3F801463046FFF759FF6E4624
:101F30008AB06A460B4BCDE905314FF40073ADF81A
:101F40002430094BCDE907044FF4315142F8103FDA
:101F5000284623F0F3FFB5461C37BD46F0BD00BF51
:101F60000025002049DE050005000001F0B587B01E
:101F7000D0F8E03000AF05460E46002B54D023F0D9
:101F80005BFFC20704464FD52846FFF79DFF14F0BC
:101F9000020449D1D5F8E0307D60002B44D040F2F6
:101FA000FF23BB60BC81FC813C824FF480737B8249
:101FB000FF233B75737BF27B7B75B37B43EA022384
:101FC000FB82391D07F10800FEF796FF60BB7E68B3
:101FD00007F10801304606F0F9FD041E24DA14F179
:101FE000730F21D0124D2B685B071DD007F108013C
:101FF000022001F05BF801463046FFF7F1FE6E4625
:102000008AB06A460B4BCDE905314FF40073ADF849
:102010002430094BCDE907044FF4315142F8103F09
:10202000284623F08BFFB5461C37BD46F0BD00BFE8
:102030000025002076DE0500050000012DE9F04FA7
:10204000054689B00F469146984623F07CFF03A9C8
:102050002846FEF77BFD0646002840F0B280D5F802
:10206000E04004F1040A04EB861B9BF83D309B071B
:1020700018D55146384623F032FF98B19BF83D30D1
:10208000DE065C4609D40BF1140024F091F89BF8AD
:102090003D3043F010038BF83D3005F1F40023F0A0
:1020A00059FF73E00136032E0AF1400ADBD1039E8B
:1020B00096F83D30C3F340049B0708D596F87D3071
:1020C000980767D596F8BD30990777D402244FEA70
:1020D000841A06EB84140DF1100C94F83D3023F0B3
:1020E0001A0343F0120384F83D30022326F80A3025
:1020F0000123636184F828903B4607F1100E1868AD
:102100005968624603C2083373459446F7D10DF10E
:10211000100C221D634603CB516008A98B4210604E
:102120009C4602F10802F5D106EB0A0292F83D3016
:10213000B8F1000F30D023F0010382F83D30414662
:102140002046FEF769FE284623F076FE020728D5D2
:1021500006EB0A03012283F82920002710220AF146
:1021600004030092184933442A46012001F0DCF9A7
:1021700005F1F40023F0EEFE44B13FB1211D2846E5
:10218000FFF7F4FE2146284624F0C4FC204609B09F
:10219000BDE8F08F01249AE743F0010382F83D3057
:1021A000D1E7384623F02DFE0028D1D10B21284657
:1021B00023F067FE0028CBD10127CFE700273C465C
:1021C000D6E7002469E700BF000040E02DE9F047B2
:1021D0008AB004AF07F108060446002110223046F9
:1021E00030F00EFA204623F0AEFE391D2046FEF7F1
:1021F000ADFC78B1863008D04848036813F0060F6C
:1022000003D0474A022120F081FE04F1F40023F0BC
:10221000A1FE70E0D7F80480B8F1000FF5D0C4B18A
:10222000236803B110330025CDE9016300952B46E7
:102230002A462946204604F035FF031E0BDA3748AC
:10224000026812F0060FE0D0364A022120F067FE45
:10225000DBE72346E7E72B46012231462046FFF71E
:10226000EDFE8246D8B92D4D2B685A07CDD03146A8
:10227000022000F01BFF6E468AB004AA2A4BD461EC
:10228000C2E905304FF400731384284B42F8103F25
:102290004FF41151284623F051FEB546B5E708F139
:1022A00004062946A94608EB891393F83D309B079D
:1022B0000FD536F8043C022B0BD1331F9A4508D0BA
:1022C000304623F09EFD20B906F12C03F562B1B132
:1022D0001D4609F10109B9F1030F06F14006E2D1EB
:1022E00004F1F40023F036FE2DB1294651F830599F
:1022F00005B1303D31B91837BD46BDE8F087194604
:102300001D46E6E7204624F005FC2DB12B6B03B1FA
:10231000303B29461D46EDE72B46FAE70025002015
:10232000A6DE0500CEDE0500EDDE0500040000019E
:102330002DE9F04784B0036802AF002193F81A80BA
:10234000044623F09EFD78B90225236813BBB048EC
:102350000368590704D0AF4A2B46012120F0DFFD66
:102360000837BD46BDE8F087204623F060FD2AF01F
:102370000AFC68B10921204623F083FD0028E3D040
:102380000A21204623F07DFDC0F10605EDB2DCE711
:102390000325DAE726469D76204623F0D4FD56F83D
:1023A000F4AB2BF04FF94FF47A72A0FB020302FB5F
:1023B0000131C00B40EA4140C90BCAE9080130466F
:1023C00023F0C8FD23689B7EAB424FF00009BED1CD
:1023D000062D40F02781B8F1060FC1D00821204614
:1023E00023F085FD22468C49CDF800904B46022013
:1023F00001F09AF8204623F01FFD0207B0D42046D2
:1024000023F0A1FD0721204623F03BFD002877D0D3
:102410000B21204623F035FD002871D1391D2046BF
:10242000FEF794FB054600286AD1D7F8048008EB34
:102430008513A90193F83D309B0704D5043141442D
:102440002046FFF793FD0135032DEED1002108F161
:10245000D8030D460A4608EB421090F8DC0010F055
:10246000010F04D0800702D41D60A1B11D460132C6
:10247000042A03F12003EED1304623F06BFD002D3A
:1024800041D055F81899B9F1000F01D0A9F11809F8
:10249000DFF87C8103E01946E8E74D4699460435AC
:1024A0002946204606F05EFBB0F1000A1FDAD8F894
:1024B00000305B071BD02946022000F0F7FD0146E3
:1024C0002046FFF78DFC6D468AB002AA534BC2E945
:1024D00005314FF400739384514BC2E9070A4FF45E
:1024E000315142F8103F4A4823F028FDAD46B9F17A
:1024F000000F08D0D9F81830002BCED0183BCCE70D
:10250000304623F027FD204623F096FCC50702D570
:102510002046FFF7D9FC204623F015FD0621204672
:1025200023F0AFFC00285AD0391D2046FEF78AFF61
:102530000546002853D17B6893F8602012F0010112
:102540001BD09007C2F3400102D403F15C05D965AA
:1025500093F88020D10704D590075CBFDD6703F1B5
:102560007C05304623F0F6FC002D3BD055F8186969
:1025700006B1183EDFF8988003E00D46E8E73546DF
:102580001E4604352946204603F092FFB0F10009AB
:102590001FDAD8F8003059071BD02946012000F077
:1025A00085FD01462046FFF71BFC6D468AB002AA56
:1025B0001A4BC2E905314FF400739384184BC2E9FA
:1025C00007094FF4315142F8103F114823F0B6FC8F
:1025D000AD463EB1B369002BD1D0183BCFE73046B2
:1025E00023F0B8FC0721204623F04BFC50B10B210F
:1025F000204623F046FC28B92046FFF7E7FD204699
:10260000FEF7DCFA0621204623F03BFCA8E600BFDB
:10261000002500201EDF0500000010D040DF05006F
:1026200005000001B8F1060F7FF49AAE082120469C
:1026300023F070FC22464349CDF800904B46012020
:1026400000F072FF204623F0F7FB02076FD407214A
:102650002046D4F8E09023F014FC20B30B21204650
:1026600023F00FFC0546F0B9B9F1000F1BD020464E
:10267000FEF770FB09F1040809EB851393F83D3070
:102680009B070BD538F8043C022B07D198F824306F
:10269000012B03D14146204624F051F90135032D89
:1026A00008F14008E8D1204623F04DFC07212046E0
:1026B00023F0E7FBA8B1391D2046FEF747FA05468F
:1026C00078B9796801EB45126B0192F8DC20D007EC
:1026D00004D5C0331944204623F0CEFE0135042D25
:1026E000EFD1304623F036FC204623F02CFC0621A7
:1026F000204623F0C6FBB8B1391D2046FEF7A2FEE6
:1027000090B97D6895F86030DA0704D505F1440189
:10271000204623F0B1FE95F88030DB0704D505F1A3
:102720006401204623F0A8FE304623F013FC304617
:1027300023F010FC204609F079FB204623F003FC2F
:102740000EE600BF000010D02DE9F04383B0002357
:1027500000AFC7E900335A4B84691B6806464BB18A
:1027600090F82D20062A00F12E014CD8B81C7A7062
:102770002FF01FFF09212046D6F8148023F081FB9B
:10278000002800F09A800D21204623F07AFB38B90A
:102790004FF0FF324FF0FF3304F5847023F0D1FB8C
:1027A000204623F03FFB31464368204698470D21E1
:1027B0000546204623F065FB18B904F5847023F024
:1027C000C9FB002D23DB3F4AD2E900315B1941EB05
:1027D000E571C2E90031D4E902325B1942EBE572DE
:1027E000C4E90232204628F045F9B8F1000F03D0C1
:1027F00029464046FEF7C8F87B7823B12A46394679
:102800002046FFF7C7FA0C37BD46BDE8F08323F03A
:102810000EFD2D4BBFF35B8F1A68BFF35B8F41F248
:102820008731A0EB020C8C4543D9BFF35B8F53E893
:10283000001F914204D143E8000CBCF1000FF6D117
:10284000BFF35B8F35D1BFF35B8F204A002152E885
:10285000003F42E800100028F9D1BFF35B8FDFF89A
:1028600070904BB1D9F8002012F0060F1DD0194A14
:102870000221484620F053FBD9F8003013F0060F30
:1028800013D02046FFF7ACFAE9468AB06A46124BED
:10289000CDE905300523CDE907650D4842F8103F25
:1028A0004FF4225123F04AFBCD46304625F014F96F
:1028B0009BE7064823F07CFCF7E76FF07205F4E72E
:1028C000008F0020885F0020F48E0020F08E002012
:1028D0000025002069DF05007DDF0500F8B5064C06
:1028E000064F05460E46BC4200D3F8BD2046314691
:1028F000A84704F59074F6E770290020902A00207C
:1029000006289ABF024B53F820000248704700BFC8
:10291000304F0500A4DF050073B5054623F013FB17
:102920000021284623F0ADFA064690BB284623F046
:1029300079FA0446C0B18468B4B1284623F077FA26
:102940002AF021F940B3284623F06CFA012183686C
:1029500028469847041E15DB31462846FEF772FDCF
:1029600010B9284603F048FE0021284623F0BFFA9C
:10297000002308200A4900932A4600F0D5FD284686
:10298000FFF7D6FC05F1F40023F0E4FA204602B08C
:1029900070BD6FF07704F5E76FF00504F2E700BF54
:1029A000000010D0F7B5054623F0CDFA00212846E7
:1029B00023F067FA002850D0D5F8E0709FB107F1F6
:1029C000C4060C4607EB441393F8DC30DA0705D550
:1029D0009B0703D53146284606F034F90134042C10
:1029E00006F12006EED1D5F8E440ACB194F86030A1
:1029F000D80706D5990704D504F14801284603F005
:102A0000C3FD94F88030DA0706D59B0704D504F19E
:102A10006801284603F0B8FD284623F003FA04466F
:102A200030B1846824B100212846A047041E0DDB84
:102A30000021284623F06EFA002304200849009361
:102A40002A4600F071FD2846FFF772FC05F1F400FC
:102A500023F080FA204603B0F0BD6FF07704F5E76D
:102A6000000010D008B5034623F0DCF9084A824282
:102A700008D14BB11B683BB19B68987E431E5842FE
:102A8000584108BD0020FCE700239B7EFFDE00BF0D
:102A9000B82A00202DE9F0410D46064600B3F9B1F1
:102AA0000846E9F7F9FC08281DD8124FDFF84880DE
:102AB000441C474508D32246294606F1E8002FF07A
:102AC00078FD0020BDE8F081B74206D022462946B5
:102AD00007F1E8002FF0A3FD40B107F59077E8E794
:102AE0006FF01500EEE76FF05A00EBE76FF077003C
:102AF000E8E700BF70290020902A002070B5054645
:102B0000C0B10E4C0E4EB44202D36FF0010070BD46
:102B10002846E9F7C1FC2946024604F1E8002FF0F7
:102B2000B2FD20B92046BDE87040FFF759B904F561
:102B30009074E8E76FF01500E9E700BF7029002006
:102B4000902A00202DE9F04786B08548854CDFF8B3
:102B50001882864EDFF818924FF0FF3202AF4FF026
:102B6000FF3323F0EEF902F071F90025444511D34B
:102B7000002D40F091807D4803685B0703D07D4ABB
:102B8000012120F0C3F9764823F0E4F91037BD465F
:102B9000BDE8F0870022C4E93A2284F8F0202046FC
:102BA00023F045F9D0F808A0BAF1000F03D0DAF805
:102BB0000030002B43D133685A070DD0EA4688B065
:102BC00002AA0323C2E905944FF4C25142F8103F10
:102BD000304623F0B3F9D54694F8E8305BBB204685
:102BE000FFF740FF002845D0634A1368591C116065
:102BF000624A0921381D1DF001FB391D2046FFF7EF
:102C000049FF0146B8B1336813F0060F13D02046D0
:102C1000FFF7E6F8EA468AB002AA594BC2E9053046
:102C20000523C2E90741514842F8103F4FF42251B1
:102C300023F084F9D546013504F5907496E72046D3
:102C4000062123F054F90721204623F050F904F11E
:102C5000F4002AF094F804F584702AF090F8DAF879
:102C600000302046984794F81C3123F0030384F881
:102C70001C31B1E7204623F0D5F8424B834205D101
:102C8000414A1368591C1160404AB2E7404A136830
:102C9000591C11603F4AACE73F4940482AF046FAC8
:102CA0003F4B404940480024C3E900442AF03EFA23
:102CB0003E4B3F493F48C3E900442AF037FA3E49BA
:102CC0003E482AF033FA012D14D0284C236813F023
:102CD000060F0FD001233A4A00950221204620F02A
:102CE00028F9236813F0060F04D0364A0221204643
:102CF00020F00CF9344C402384F8A531012647F22A
:102D00003053204684F8A661C4F8903123F0FDFCCE
:102D1000B542C4F8940114D0144C236813F0060F84
:102D20000FD02A4A009533460221204620F001F9AF
:102D3000236813F0060F04D0254A0221204620F014
:102D4000E5F8244B244925484FF4A072A3F88820C5
:102D50002AF0ECF9224B0022C3E9002213E700BF5E
:102D6000E826002070290020902A0020002500205D
:102D7000AEDF050012E00500EC8E0020CCDF050080
:102D8000DFDF0500B82A0020E88E0020D3DF050031
:102D9000E48E0020D9DF0500A5080200F85A0020C3
:102DA0004C910020490C0200C85A00204491002098
:102DB000AD1C0200585B0020891B0200285B00202C
:102DC0003EE005007BE00500988F0020B3E00500A1
:102DD000F0E00500088F0020E9070200885B002072
:102DE0006491002038B5084C084DAC4200D338BD82
:102DF0000321204623F045F810B92046FFF78CFD4B
:102E000004F59074F1E700BF70290020902A00209B
:102E1000431E012B10D8112916D007DC012915D02B
:102E20000C4B0D48062908BF184670470B4B0A4843
:102E30003A2908BF184670470428074808D1084BAC
:102E4000012908BF18467047064870470648704772
:102E5000704700BF65D0050090E1050081E10500E5
:102E600088E105007DE1050076E105002DE9F041EE
:102E700017460546F8B1022902D0082918BF0621D5
:102E8000DCB26E1838464FF03A085CB115F8011BF9
:102E90000123412223F03DFF033CB54200F8018BA2
:102EA000E4B2F2D187424FF0000306D000F8013CB3
:102EB0003846BDE8F0810248FBE71846F9E700BF55
:102EC000B39E05002DE9F04F8FB000240DF1280BC3
:102ED000064603920D461022214658461F46079487
:102EE0002FF08EFB012ECDE9084464D0022E5ED176
:102EF0002D2F5CD92B465C46103518685968224640
:102F000003C20833AB421446F7D1DDE90A3213435A
:102F10000CD1BDF832204FF6FF73D21A5342534101
:102F2000019308AB184600210A4607E00023F7E7A3
:102F3000047801320134082A047003D03BF81240AF
:102F4000002CF5D00131082900F10100ECD14FF03F
:102F5000FF380127002513F8012BBA4288BFA84685
:102F600005F1010588BF1746082DF4D1012F4FF058
:102F70003A092DD0039800210024042D5BD104F1DF
:102F800038036B4413F81C2C034622BB302203F891
:102F9000022B80F8019018460134A542EDDC012E89
:102FA0004FF00003039C0CBF00F8013C0370204667
:102FB0000FB0BDE8F08F0F2FF9D92B6807930425C8
:102FC00001944FF02E094FF0FF383746A346D1E762
:102FD0004FF0FF38CEE74FF0000ECDF808E0DFF8F5
:102FE000C8E04FF0090CB2FBFEFACDE9042A0EFB53
:102FF0001A22DDF808A0E24503DCDDF810A0F24556
:1030000007D3DDF814A0CDF808C00AF1300A03F8A0
:1030100001AB0CF1FF3CBCF1FF3F4FF00A0ABEFBD5
:10302000FAFEE0D14FF000021A701B1A50FA83F03A
:1030300000F8019BB0E7019B5BB1052C09DD0D9BFE
:1030400007933A2300F8013B04254FF02E0901268F
:1030500092E7A0450DD111B9B8F1000F02D13A2382
:1030600000F8013B3A2300F8013B7B1E1C44002181
:1030700092E711B13A2300F8013B3BF814305BBAF8
:1030800013F47F4FC3F307215FFA83FA0AD00023BA
:10309000612223F03EFE01235146612223F039FED6
:1030A000012179E70B46F7E700CA9A3B10B4084BB9
:1030B0001A6801321A60074C032392FBF3F303EB07
:1030C0004303D21A2E2303FB024210BCFFF7FABEC1
:1030D000B89100201CE3002001282DE9F0470C46A0
:1030E000164638D1002313604C1E1A4619461D4659
:1030F00014F8010F18B12E281CD101339BB20129FD
:1031000009D9092A03D9032907D1632A05D86FF001
:103110001500BDE8F0870029F9D0FF2AF7D87255CD
:1031200022781AB10135EDB2042D11D1032B00F034
:103130009880ECE73038C7B2092FE8D80131C9B21E
:103140000429E4D002EB820200EB420082B2CFE716
:1031500000221146CCE70228D9D12E2120462FF09B
:1031600085FA237800280CBF082706273A2B08BFCA
:1031700001342046E9F790F944490022824226DBD7
:10318000062F4FF000050CBF4FF005094FF007095F
:10319000A8462378002BBAD03A2B3DD0102200212C
:1031A00020461DF055F810228246002120461DF0D1
:1031B0004FF8CAF3072A4AEA002A26F815A03A214E
:1031C00020462FF053FA0446A8B1013415E0A35C61
:1031D000462B09D82D2B9AD92E3BDBB221FA03F3CB
:1031E000DB0794D50132C9E7613B052BFAD98EE79D
:1031F000002CCED18BE7A94589DC0135AF42F7DC45
:10320000062F2ED10B369CB981E706EB450306F855
:10321000158083F801800135BD42F6DB3A21204656
:103220002FF073FAA0421ED1062F18D101340B36AD
:1032300000252378002B3FF46AAF00210A222046A4
:103240001DF006F82E2106F8010F20462FF00EFA89
:10325000C8B10135042D00F10104EAD101E0637821
:103260002BB9002055E7062F08BF00F1FF307D1E67
:10327000013010F8013D3A2B02D1013DFFF447AF78
:103280008442F6D1A1E7032D51E700BFFD1FF801ED
:1032900000487047504F0500004870474C4F0500EC
:1032A00000487047544F05002DE9F0434E4E99B049
:1032B00002AD4E4800220023294614F0CBFF10B186
:1032C00019B0BDE8F0834A484A4CDFF82C814FF032
:1032D000FF324FF0FF3315F021F844450DD3474F2F
:1032E0003C6824B1D4F800804FF000092CBB404862
:1032F00023F083FF15F050FFDAE7DDE91401D4E98C
:10330000002381EA0307374215D1C1F313070743AE
:1033100009D0C3F31307174305D00B400240C3F392
:1033200013031A4307D0E3680193129B0093A76825
:10333000169A2B46B8471034CFE7DDE91423D4E9B9
:10334000041083EA000C1CEA060F30D1C3F3130CFF
:1033500052EA0C0C0AD0C0F3130C51EA0C0C05D045
:1033600003400A40C3F313031A4320D0129B33B324
:10337000A560129BE360030161682AD58A6912B1D6
:10338000169B9A4213D1DDE91423C4E90423169B4A
:103390008B612368B9F1000F13D17A683B609442C6
:1033A00000D17B6000236068236015F0ADF8B8F1B0
:1033B000000F16D0D8F800304446984696E7A36030
:1033C000D8E7C9F800307B689C4208BFC7F8049072
:1033D000E8E7169B00932046DDE914238847A146C1
:1033E000E5E74346E8E700BF0000F0378827002004
:1033F000382700201C3005001C300500BC9100203F
:103400000C4B1A68002102B9704782420FD1026842
:1034100039B959681A60884200D15A6000230360A4
:1034200070470A605A68904208BF5960F6E7114633
:103430001268E8E7BC91002070B5184C1848194D87
:10344000002200230021C4E900230B460A46A842BB
:103450000CD391B1C4E900321349096881B10868FD
:10346000002579B90DB1C4E9003270BDD0E9006121
:1034700010300A4333430121E9E70B460A46EBE7E4
:103480000846EDE7D1E904512B430A4320B1056812
:10349000014628460125E4E70546F9E7105C0020CF
:1034A0001C3005001C300500BC91002010B50446FE
:1034B0004FF0FF324FF0FF330D4814F02FFF20463E
:1034C000FFF79EFF0B4B1A6822605A681C6002B916
:1034D0005C60094BD4E90412D3E900402143024364
:1034E000C3E900120248BDE8104023F086BE00BFC9
:1034F00038270020BC910020105C002010B5044645
:103500004FF0FF324FF0FF33064814F007FF20461C
:10351000FFF776FFFFF790FFBDE81040014823F06A
:103520006CBE00BF382700202DE9F0470C469246BC
:10353000C1F301723D499946D1E9003500AF32EA45
:103540001572D7F8208006466DD1C4F3065232EAD0
:10355000155268D124EA050520EA0303C5F31305D3
:103560002B4360D14FF0FF324FF0FF33304814F05F
:10357000D5FE304B5822184600212FF041F8034663
:10358000B9F1000F0CD0B8F1000F09D0B8F1400F1D
:103590002FD8424649462FF00CF80346C0F8408029
:1035A000C3E91264C3F850A0224923484FF4A4721F
:1035B000002329F0D5FBA0B12048036813F0060FC3
:1035C0000FD06D4688B06A461D4B0794CDE905368D
:1035D000042342F8103F00234FF40251EBF736FC6E
:1035E000AD46134823F009FE1649174829F088FD17
:1035F00019E0124803685B0712D06D468AB06A462C
:10360000124BCDE90536402309930623CDE907483F
:1036100042F8103F00234FF44151EBF717FCAD4641
:10362000034823F0EAFDBD46BDE8F087105C0020AA
:103630004C270020B85B00208827002010250020A0
:10364000E1E10500E4150020185C0020B5E105006B
:103650007FB5FFF7F1FE0023CDE904330848094B9D
:10366000039329F05DFD03AB0093074904484FF035
:10367000FF334FF4507215F005F907B05DF804FB05
:10368000185C002069E2050000F9012008B5034636
:1036900006480268520706D05B885BBA9BB2044AB0
:1036A00001211FF03CFC6FF06F0008BDD824002002
:1036B00072E205002DE9F04F9A46384B85B00C4672
:1036C00091464FF000081E46B3F8B220D2071FD52E
:1036D0005A6C90421CD1B82505FB08F505F10C0B7E
:1036E000B3444FF0FF334FF0FF32584623F0C6FD8E
:1036F000A069FEF775FB771987F8B4006761BB6CAA
:10370000DBB9584623F0BEFD022005B0BDE8F08FBE
:1037100008F10108B8F1200F03F1B803D4D14FF03C
:10372000FF324FF0FF330C2023F0A8FDA069FEF715
:1037300057FB002383F8B430FFDEB7F8B030062B18
:1037400014D1A1690391204624F029FB144B9A6EF1
:10375000D96E121841F1000CC3E91A2C0399D1E972
:103760001C321B1842F10002C1E91C3205F1600055
:10377000304414F0C9FE584623F084FDB82303FBFF
:10378000086600250E9B019300953846B66C53469B
:103790004A462146B0472846B7E700BFDC910020E3
:1037A000885F00202DE9F74F0C9C9DF834709DF840
:1037B0003880DFF85491009205460E469A46B9F8D3
:1037C000B220D10708D4514B09F1B8099945F6D177
:1037D000002003B0BDE8F08F0DB14D45F3D0B9F82E
:1037E000B010009B9942EED1B9F822105145EAD1B0
:1037F000130533D42288022A55D1D9F824B0BBF15D
:10380000000FE0D0B9F82020022ADCD1584623F07E
:10381000FEFC024630B9211D0190084623F0F7FC5A
:10382000019A20B3B8F1000F03D099F8AA1000292B
:10383000C9D187B1B9F8B21001F0C000402803D156
:10384000C1F34101032906D0002ABCD0201D23F07A
:10385000DEFC0028B7D06FF01000BAE7002EC9D008
:1038600099F9B40023F00CFD8642ACD1C2E71022D6
:1038700058462EF0D4FE0028A5D1B8F1000F03D091
:1038800099F8AA20002A9ED1002FE4D0B9F8B220DE
:1038900002F0C002402ADED1D9F85C2092F87822EA
:1038A0000B2AD8D18FE7012A8DD1D9F82420002AFC
:1038B00089D099F8AB1019B1B9F82010012982D13B
:1038C000116809B16268DAB9B8F1000F04D099F84B
:1038D000AA20002A7FF477AF002FBCD0B9F8B2201D
:1038E00002F0C000402803D1C2F34102032AB2D043
:1038F00000297FF468AF6268002A7FF464AFAAE70A
:1039000091427FF460AFB8E7DC910020DCA8002092
:103910002DE9F74F022806468A469146009306D8BD
:1039200068B96FF06904204603B0BDE8F08FC61E89
:10393000012E94BF6FF05F046FF06904F3E7022972
:1039400007D0032900F0C780012923D06FF06A0453
:10395000E9E7112A40F0BF80009B002B00F0BE80F9
:103960004FF0FF3360484FF0FF3214F007FE5F4B1B
:103970004FF000081D46B3F8B21011F001010BD052
:1039800008F10108B8F1200F03F1B803F3D16FF08B
:10399000010484E0062ADDE7B82202FB08F7EB19F0
:1039A000184601932EF02CFEFDF76EF8B9F1060FC4
:1039B00064D0B82404FB08544D4AFF23002184F846
:1039C000B430A4F8B2103A444FF0010BBFF35B8F50
:1039D00052E8000F42E800BCBCF1000FF8D1BFF381
:1039E0005B8FF200B4F8B200A4F8B090D2B242EA11
:1039F0008A120243A4F8B22007F12C004FF480721F
:103A0000A4F8AC202844182284F8ABB084F8AFB0F6
:103A10002EF0F6FD07F12002002105EB020A022E2E
:103A2000A950CAE901112FD1AE525146E81923F02D
:103A30002BFCAAF8020080B3402284F8B52084F859
:103A4000B6B084F8AFB007F160004FF0FF3201214B
:103A5000284429F09FFA07F10C00284429F08FF937
:103A6000B82303FB08530024B3F8B22042F001024C
:103A7000A3F8B220DDE900321A6010E0E81906F080
:103A800089F8002895DA82E725F802B05146E8194E
:103A900023F0FAFBAAF80200B8B96FF06F041248DD
:103AA00014F032FD002C3FF43EAF14F1700F18D12A
:103AB000FCF7EAFFB9F1060F7FF435AFB82000211B
:103AC00000FB085006F008FB2DE7402284F8B520E3
:103AD00084F8B6B0B7E76FF07A0424E76FF0150406
:103AE00021E76FF001041EE7C4910020DC91002063
:103AF000E491002070B50446F8B1114B98421CD3F4
:103B000003F5B853984218D200F10C064FF0FF327B
:103B10004FF0FF330025304623F0B0FB2946C4E9BF
:103B200012552565204606F0D7FA304623F0AAFB49
:103B3000204623F0E2FB284670BD6FF01500FBE73E
:103B4000DC9100202DE9F04387B0B0F8B2300D468B
:103B500003F0C001402904AF044603D1416C0029A1
:103B600040F0FF802988022940F097800021172A21
:103B7000796040F2F980180504D594F9B40023F077
:103B80007FFB7860A84618F8043FFF2B14D1B4F8E7
:103B9000B23003F0C003802B05D194F8AE0010B111
:103BA00023F050FB7860391D404622F063FC00286A
:103BB00000F09880061D0DE0404623F028FB7B684E
:103BC00058B323B904F1300022F09CFD7860FFF770
:103BD00067FB0646D7F80490B9F1000F31D1644C69
:103BE0002368590716D041460220FFF75FFA6D4659
:103BF00088B004AA5F4BC2E905304FF40073938389
:103C00005D4B42F8103F4FF4E2514B462046EBF734
:103C10001DF9AD466FF07C0466E0A98848F2FE020B
:103C2000914209D123B10021404622F0F5FBBEE7C5
:103C3000287D23F007FB78607B68002BF3D1391DCA
:103C4000F2E704F10C084FF0FF334FF0FF3240462B
:103C500023F014FB7868FEF7C3F8022384F8B4005D
:103C6000238466626B88002B78D094F8AA1094F8AD
:103C7000B020029194F8A910CDE90051204679684E
:103C8000FFF790FD002865D02846FFF7FFFC6FF096
:103C90006F04404623F0F6FA26E0012964D10021A2
:103CA000072A796060D91A0504D594F9B40023F085
:103CB000E7FA786005F10408404623F0A0FA0146CF
:103CC000B8B1B4F8B23003F0C003802B05D194F83A
:103CD000AE0010B123F0B6FA7860391D4046FDF70A
:103CE0004DFD28BB6FF0010420460C37BD46BDE8F2
:103CF000F0836A687B68AAB923B904F1300022F026
:103D00008BFD7860FFF7C4FA0646D7F80490B9F146
:103D1000000F0FD1164C23685B073FF47BAF414681
:103D2000012062E703B9391D404622F058FDD8E76B
:103D3000061DEAE704F10C084FF0FF334FF0FF32A5
:103D4000404623F09BFA7868FEF74AF8012384F88E
:103D5000B40085E76B88638400249AE7638C6B80EA
:103D6000FAE76FF07E04BFE76FF01504BCE700BF11
:103D7000D824002085E205000300000170B50C4640
:103D800005461E46114602B9416A0B681BB108463A
:103D900023F035FA90B13146A069FDF7A5FB036821
:103DA00001465BB91248036813F0060F03D0114AAD
:103DB00002211FF0ABF86FF0150070BD95F8A83028
:103DC00094F840009B0863F3050084F8400095F8E0
:103DD000A83063F3871084F8400095F8A8305B0999
:103DE00084F8413032462046BDE8704024F077BB6D
:103DF000D824002097E205002DE9F04F87B0044653
:103E00000291B0F8B210109DC8071E4692469DF868
:103E1000543040F1098233B12DB936B9029B9BB9B8
:103E20006FF0780600E1002EFAD00027C1F3C20B34
:103E3000BBF1020F40F0A38046B987B1386830B9B2
:103E40003E688EB17D680AE0029FEFE7304604309D
:103E500023F006FA002840F09680002FF0D1172DAD
:103E600004D86FF01506DFE004F12C06351D284656
:103E700023F0CDF90028D3D101F0C001802956D01C
:103E800004F1300023F0C3F9002870D13FB1BAF13A
:103E9000000F04D1F9685346994240F0B88094F974
:103EA000B40023F0EDF90346002840F0B780119BE1
:103EB000E364149B6360B4F8B030062B40F0C0801C
:103EC00094F9B40023F0DCF90025B4F8B030112BDC
:103ED00040F09381BBF1020FB6F802804FF0000270
:103EE0002946204606F1040340F0558123F0A3FA49
:103EF0000028064618DB204623F032FA064698B919
:103F0000618C4246284625F00CFE064648B9D0464C
:103F1000002F40F0568102995246284624F033F88B
:103F20000646002E80F25081002D7DD0E3E03379EB
:103F3000FF2B04D194F8AE0008B123F083F9B188C7
:103F400048F2FE02914203460ED1B4F8B2201205A7
:103F50000AD4307D40B123F075F9002890D0FDF7E8
:103F60003FFF84F8B40091E7002B8FD188E7B4F8C5
:103F7000B23018058AD4284622F0C4FBEFE7BBF123
:103F8000010F7FF46EAF17B13E6816B37D683388BA
:103F9000022B0CD1301D23F063F940B17388ADF8CA
:103FA00012300123ADF810303369059304AE072DAC
:103FB0007FF657AF7368002B3FF432AFB4F8B230DE
:103FC00003F0C003802B08D0236BA3B14FF0010B8B
:103FD0005CE704F12C060825D9E7301D23F00FF922
:103FE0000028F1D094F8AE000028EDD023F02AF993
:103FF0000028EBD1E8E7B4F8B2301905E6D4301D5B
:1040000022F00AFCFDF7ECFE84F8B400DEE7BA68A3
:1040100002EBC3020133526892443DE7002123F0D2
:1040200013F928B96FF07206304607B0BDE8F08F7B
:104030000821184623F008F900287FF438AFF1E78B
:10404000636D4FF400484FF000097BB39847424638
:104050004B4623F0DAFD054608B394F9B40023F08B
:104060000FF9A86140B10368002B00F0E0801B7CD1
:1040700085F8243085F82C3095F837306C616BF377
:10408000061385F83730CDE90089514694F8B02001
:10409000284600F003FEC8B1284623F01DFD654800
:1040A00003685A072BD16FF06806BDE794F9B40096
:1040B00023F0E6F8CDE900895A4694F8B03051462D
:1040C00000F03EFE05460028E9D0446194F8B010A7
:1040D000284623F045FD504580461DD2B4F8B23045
:1040E000C3F38113023B012B17D8524803685B07C7
:1040F0000AD16FF00B06284623F0EEFC94E74E4AF7
:1041000001211EF003FFCEE74C4ACDF800A0434644
:1041100001211EF00EFFECE7D04677B3396961B399
:104120007A6952B30F2A28D93B6801EB020A03F1DE
:10413000040995F83720C2F30212022A08D10A684E
:10414000142A1CD14A68292A19D18A68342A10E015
:10415000012A14D133B14846039323F081F8039B1D
:104160000028ECD10A68142A09D14A683AB98A6849
:10417000022A04D10B7C85F83930C246A5E60A68CC
:10418000073222F00700103008445045F5D822F0DD
:1041900007021144CDE7FFF7F1FDA9E6BB6803EB89
:1041A000C60253F836105268424528BF4246284698
:1041B000914623F0E8FE002831DBB8EB090803D074
:1041C0000136FB689E42E9D3284623F018FDBBF177
:1041D000020F94F8B01028460CD124F0AAFBDDE9B8
:1041E00012232846FBF7A0FF00280646FFF69CAEE8
:1041F000564619E724F085F9F1E7062B11D102990B
:104200003B465246204625F068FB061EFFF68CAE64
:10421000149A11992046B24625F08DF9E4E7064636
:1042200082E66FF07A067FE66FF00806FCE61B7800
:10423000FFDE00BFD8240020B5E20500D0E2050073
:104240002DE9F047044690B000F10C0990461F4656
:104250004FF0FF324FF0FF334846DDF868A00E46BE
:1042600023F00CF8B4F8B250C5F34102012A00F073
:10427000E380E90740F1E38033887BB905F0C001B2
:1042800080290BD125F48075A4F8B2501822194664
:1042900004F12C002EF0B4F900250EE0C5F3C201A4
:1042A0008B4211D06A480268520704D0694A0091D3
:1042B00001211EF03EFE6FF01505484622F0E2FF98
:1042C000284610B0BDE8F087032A00F0BB80022B1F
:1042D00059D1B8F1170FEED9B4F8B030062B06D18A
:1042E00094F83030FF2B02D16FF07C05E5E704F144
:1042F0003000331D024606F1140153F804CB42F896
:1043000004CB8B42F9D1B6F80280A4F82E800223A8
:10431000A38522F07CFF90BB45F48075A4F8B250D1
:10432000204623F01DF805460028C6D1626A658C38
:10433000ADF82A5002232384ADF8283092B10DF154
:10434000180C02F1100E10685168634603C308325E
:1043500072459C46F7D106AB0FCB0DF12C0C8CE8C7
:104360000F000AAAB4F8B230C3F38113022B53D161
:10437000002F91D0524600212046B8478CE725F403
:104380008075ADB2CAE7012B95D1B8F1070F92D96C
:10439000B4F8B030062B0ED072682263B6F80280F3
:1043A000A4F82E800123A385B4F8B230E2B923F437
:1043B00080739BB21AE004F13008404622F01FFFE0
:1043C000002891D194F9B40022F05AFF0546FEF777
:1043D00063FF226B03689A4286D04146284622F04A
:1043E000D8F90028D8D07FE743F48073A4F8B2301E
:1043F000204622F0B5FF054600287FF45EAF626AD2
:10440000658CADF82A5001232384ADF82830002AAA
:10441000A8D013680B93A4E7012B16D1DDE918018E
:104420000095CDE90201CDE9047A434631462046A4
:1044300005F03CFF054640E76FF077053DE76FF07C
:1044400008053AE76FF05E0537E76FF0850534E75A
:10445000D824002017E305002DE9F0471F46B0F8E7
:10446000B23092B0DB07DDF868A005468946904679
:1044700040F1B38000F10C064FF0FF334FF0FF32F4
:10448000304622F0FBFEB5F8B030112B40F09A8098
:10449000162200210DF132002EF0B2F8B5F8B2303C
:1044A0002846C3F3C203ADF8303022F059FF04466A
:1044B000002856D1B5F8B230C3F3C203022B57D14E
:1044C0006B6A8BB108AC03F1100E2246186859686C
:1044D000A446ACE80300083373456446F6D10FCA1E
:1044E0000DAC84E80F000CAB6C8CADF83240B5F825
:1044F000B220686CC5F84890B5F82EE002F48079D7
:1045000064BA00283FD0B9F1000F01D005F12C09A1
:10451000A4B2CDE901349EFA9EF4A4B230490094CD
:104520004B46524601F008FA0028044619DB58EAC7
:10453000070316D06035284614F046F8304622F0BE
:10454000A1FE42463B46284614F018F84FF0FF32D1
:104550000B304FF0FF33304608BF6FF0730422F08A
:104560008DFE304622F08EFE204612B0BDE8F08768
:10457000012B06D16B6A13B11B680D930CAB6C8CCD
:10458000B5E70346B3E7C2F38111B5F8B0C0C2F393
:10459000C202B9F1000F01D005F12C0005F1440968
:1045A000A4B2CDE905A90294DFF834909EFA9EF4F6
:1045B000A4B2CDE90034CDE903590346604601F0C9
:1045C00033F8B1E7062B05D152464946284624F078
:1045D000B9FFA9E76FF06A04C3E76FF00804C3E707
:1045E000B53602002DE9F041884615461E460446C0
:1045F000002800F0DA806E4B9842C0F0D68003F5B8
:10460000B853984280F0D18000F10C074FF0FF3290
:104610004FF0FF33384622F031FE08F1FF31172901
:1046200013D8DFE801F0B6B6B6B6B6B6B60C3B4660
:1046300051B61D2119195CB68467B6ABABB645B34C
:10464000012E26D82B7884F8A8300024384622F092
:1046500019FE2046BDE8F0812B6884F8B530F4E7F8
:104660002B6884F8B630F0E7042E286811D1421C7C
:104670000DD194F9B40022F0E5FD68B194F9B400CD
:1046800022F0E0FD21F0D8FF84F8B600DDE7FF2836
:10469000FAD96FF01504D9E70120F5E7002DF8D01D
:1046A000042EF6D12B68003B18BF012384F8A930F3
:1046B000CBE7002DEDD0042EEBD12B68003B18BFCB
:1046C000012384F8AA30C0E7002DE2D0042EE0D107
:1046D0002B68003B18BF012384F8AB30B5E7002DF1
:1046E000D7D0042ED5D12B68B3F5803FD1D2A4F812
:1046F000AC30AAE7B4F8B230C3F3C202012A4BD0FF
:10470000022AA2D1042EC4D11B052D680AD594F922
:10471000B40022F0B5FD002897D00368002B94D098
:104720001D8392E704F1300021F0ECFFF3E7B4F8C9
:10473000B2302D68C3F3C20808F1FF32012A2ED827
:10474000042EA6D103F0C003802BA2D115B984F8A2
:10475000AE507AE76B1EFE2B9BD8284622F072FDE6
:1047600000B3B8F1020F07D1072122F06DFD002838
:10477000EDD16FF06A0469E70621F6E7002D88D0D5
:10478000042E86D12B68003B18BF012384F8AF307C
:104790005BE76FF0850459E76FF05E0456E76FF052
:1047A000690453E76FF0010450E76FF0150450E718
:1047B000DC9100202DE9F0410E461746984604464C
:1047C000002800F0B080594B9842C0F0AC8003F54F
:1047D000B853984280F0A78000F10C054FF0FF32EB
:1047E0004FF0FF33284622F049FD711E172917D8D4
:1047F000DFE801F0939393939393930C28303593D0
:1048000025251D1D3A936541938E8E9394F8A8300B
:1048100077B33B70B8F1000F02D00123C8F8003025
:104820000024284622F02EFD2046BDE8F08194F8B1
:10483000B5303B60B8F1000FF2D00423EEE794F8F6
:10484000B630F6E794F8A9004246394622F0EFFC6C
:104850000446E6E794F8AA0042463946F6E794F89B
:10486000AB0042463946F1E7B4F8AC30002FE0D156
:104870006FF01504D5E7B4F8B23013F4006609D030
:1048800094F9B40022F0FCFC10B1006800B1008B78
:104890003860CFE7C3F3C203022B09D104F1300023
:1048A00021F030FF10B1036803B11E8B3046EFE7F3
:1048B000012B35D104F1300021F0AEFFF2E7B4F85E
:1048C000B230C3F3C206721E012A29D894F8AE0092
:1048D0000028DDD11B0513D594F9B40022F0D0FCDB
:1048E000022E034612D10721184622F0ADFC50B12A
:1048F0001846FDF775FA0028CADC6FF0010490E74E
:10490000FCF7C2F8ECE76FF06A048AE70621EBE7F0
:1049100094F8AF004246394698E76FF0850480E787
:104920006FF069047DE76FF015047DE7DC910020EE
:104930002DE9F041074688461248134C4FF0FF32EC
:104940004FF0FF3313F01AFE0026B4F8B230DB0745
:104950000ED504F10C054FF0FF324FF0FF3328461F
:1049600022F08CFC20464146B847284622F08AFCBB
:104970000136202E04F1B804E7D10248BDE8F04129
:1049800013F0C2BDC4910020DC91002002484FF01A
:10499000FF32012128F0FEBAC49100202DE9F04138
:1049A00006460F4615461C4628F01DFC08B100259A
:1049B0002C46802F0AD9094803685B0703D0084AB0
:1049C00001211EF0A3FA0020BDE8F0812A4623460B
:1049D0003046BDE8F0411FF026BE00BF182500207C
:1049E00079E3050001460148FFF7D8BFE028002021
:1049F00001460148FFF7D2BF1029002070B51D46BF
:104A000043690C4616464BB19B6D3BB19847324605
:104A10002B462146BDE87040FFF7C0BF4268074BF8
:104A20009A42204632462B4603D1BDE87040FFF73C
:104A3000D9BFBDE87040FFF7DBBF00BFC425002031
:104A400010B508B1054C046009B1054808600AB109
:104A5000044911600BB1044A1A6010BDC42500203E
:104A600024260020E02800201029002073B50446E9
:104A700016461D4628F0B7FB08B1002635462B46E2
:104A8000324601A9204613F04BFB0546D0B944221B
:104A9000014601982DF0B4FD0198FF2280F83F20D7
:104AA000094A446001239442036205D180F84130F1
:104AB00023F0A5F802B070BD044B9C4208BF80F8FB
:104AC0004150F5E70020F5E724260020C42500200A
:104AD00002460B460148FFF7C9BF00BF242600204D
:104AE0002DE9F34106460F46002936D090461D4673
:104AF00028F079FB10B14FF0000845467369E3B91F
:104B00007268174B174C18489A4218BF2046CDE9D7
:104B100000850022394622F097FE0446A0B91348CA
:104B200003685B0704D0124A3B4601211EF0F7F9E7
:104B30006FF00B0002B0BDE8F0819B6D002BDFD061
:104B400098470028E3D1DBE70146304623F061F8BF
:104B500020461FF073FD802343820020EAE700BF58
:104B600024260020E02800201029002018250020FD
:104B7000BAE305002DE9F743DDE90A6705469046EB
:104B800099460C4629B923B990F8373013F0700FC5
:104B900075D028F028FB08B100260027284622F00F
:104BA000CCFF95F837300246C3F30213002838D102
:104BB000002B38D04946184622F030FE2118A8694B
:104BC000002832D0046804B1248B022B2FD1B4F515
:104BD000A06F38BF4FF4A064A41A6B698C4228BF41
:104BE0000C46002B36D16A68264B274827499A4243
:104BF00008BF08462146CDE90067424622F024FE60
:104C0000014670BB224803685B0705D0214A08EBC8
:104C1000040301211EF083F96FF00B0003B0BDE81F
:104C2000F0830020CAE71846C8E70446CDE7012B09
:104C300005D1B4F5107F38BF4FF41074CCE738B10C
:104C400003682BB15868144B984201D10E34C3E766
:104C50000C46C1E79B6D002BC5D098470028C9D1F1
:104C6000C1E7284622F0D5FFB8F1000F07D0A868A9
:104C700041460C301FF03CFD284622F0C0FF0020CA
:104C8000CCE700BF24260020E028002010290020C7
:104C900018250020DFE30500B82A00202DE9F3479E
:104CA000DDE90A67044690460D4639B932B990F8F5
:104CB000373013F0700FC3F302103BD028F093FA93
:104CC00008B100260027D4F81890B9F1000F0AD1D6
:104CD0004346002229462046CDE90A6702B0BDE8D6
:104CE000F047FFF747BF636983B15B6D73B19847C6
:104CF00060B16369D4F804A0586D00B18047504595
:104D0000E6D1D9F800302BB91B69FFDE62680B4B86
:104D10009A42F5E75B68D3F810A0BAF1000FD7D03C
:104D2000CDE9006743462A4621464846D04710F160
:104D3000860FCDD002B0BDE8F08700BF242600204A
:104D400030B585B0DDE908450093CDE9024513464D
:104D50000A460146024822F06DFF05B030BD00BF93
:104D60002426002030B585B0DDE908450093CDE963
:104D7000024513460A460146024822F05BFF05B091
:104D800030BD00BFC4250020F8B504464E680D466E
:104D900023F0D4F8864203D823692B6028680EE0FC
:104DA00094F83730DA07F9D5296849B90A48036811
:104DB0005B0703D0094A01211EF0A8F80020F8BDC6
:104DC0006A682046D4E9037622F082FFC4E90376BC
:104DD0000028E3D0F2E700BF1825002004E4050016
:104DE00010B54422044600212DF00AFC064A6260F8
:104DF0000123FF22236284F83F2084F841302046BB
:104E0000BDE8104022F0FBBE2426002008B5044B6C
:104E1000F82202FB003028F075F8002008BD00BF22
:104E2000005E002008B5044BF82202FB003028F099
:104E300069F8002008BD00BF085D00200828024B6B
:104E400028BF0020185C70479C0D060030B51F4835
:104E50008BB00021FDF742FD1D4C204628F012F8D2
:104E60004FF0FF324FF0FF33CDE9062300254FF01E
:104E7000FF33CDE90335009404F12000CDE901555D
:104E8000144B15494FF4986213F008FF044658B9C3
:104E9000124803685B0717D0114A234601210BB063
:104EA000BDE830401EF03BB80E4A2B46082108A84A
:104EB0001BF0A4F908A9204613F018FE20460BB0F9
:104EC000BDE8304028F0DBBA0BB030BDC77F04002E
:104ED000005E0020E77F0400C0020220342500208D
:104EE0002BE405004EE4050030B51F488BB00021CF
:104EF000FDF7F4FC1D4C204627F0C4FF4FF0FF32B5
:104F00004FF0FF33CDE9062300254FF0FF33CDE905
:104F10000335009404F12000CDE90155144B1549E7
:104F20004FF4C06213F0BAFE044658B91248036841
:104F30005B0717D0114A234601210BB0BDE8304072
:104F40001DF0EDBF0E4A2B46082108A81BF056F9AC
:104F500008A9204613F0CAFD20460BB0BDE830403A
:104F600028F08DBA0BB030BDE57F0400085D00204D
:104F7000C97F040080FC0120342500202BE40500BB
:104F800057E405002DE9F3410746884616464FF0E1
:104F9000FF3318484FF0FF3213F0C0F9164B1C686E
:104FA000022534B9134813F02BFA284602B0BDE8A5
:104FB000F081B8F80420237C9A4218D1627C3378BF
:104FC0009A4214D1A37C72789A4200D07BB9A3682C
:104FD00013B1BA6993420AD1E36800936568334616
:104FE000424639462046A84701280546DAD12468BA
:104FF000D7E700BFFC260020F0A800202DE9F04FE5
:1050000087B0DDE912890D4616461C460746002882
:1050100000F09281002A00F08F8141B91388012BA2
:1050200041D1101D21F0F8FB054600283DD0318804
:10503000012940F0CE803CB9C14C022104A81FF0E8
:1050400048FCBDF81030238004230020CDE9040380
:10505000D5F8E4300436002B00F06881314628464C
:10506000FCF742FA21690123CDE9008983461A46FB
:1050700004312846FFF764FE8046002800F059817D
:10508000A368072B1BDDAF480268520705D0072233
:1050900000920121AC4A1DF04CFF6FF0150640460E
:1050A00022F01AFD03E0022B05D06FF00106304616
:1050B00007B0BDE8F08F101D21F024FBB4E7002BF2
:1050C00016DA227990F84030920862F3050380F8EE
:1050D0004030227962F3871380F8403032465946D7
:1050E000404623F0FCF9024628B16FF06806D6E787
:1050F00080F84130F2E70821404623F027F90646C0
:105100000028F2D104A94046FFF73EFE0028ECD06B
:1051100023885BBA038063885BBA438004A9404656
:1051200022F04CFFD4E90312E9B112B1404622F05B
:105130002AFF404622F063FD0121404623F0E1F9B9
:10514000109B0022C7E9025340460023FAF7ECFF08
:1051500000287E4BC0F2E1801A6D01321A65AB6DFA
:105160000133AB65A3E7002AE3D0032A22D926F056
:105170005BFB824626F058FB834626F055FB8146B2
:1051800026F052FB4FEA1B2B030643EA1A630BF48B
:105190007F4B4FEA092943EA0B0309F47F0943EAED
:1051A0000903042203A94046039322F0ECFE23697D
:1051B000043B23614FF0000923699945B9D20122CC
:1051C00003A940468DF80C9022F0DDFE09F101099B
:1051D000F2E702297FF469AF34B9594C04A81FF0F3
:1051E00078FBBDF81030238004230021CDE904139F
:1051F000D5F8E0300436002B00F098803146284680
:1052000021F05DFA21698346CDE900893A23022223
:1052100004312846FFF794FD8046002800F089807D
:10522000A368072B3FF72FAF002B3DDA227990F8C8
:105230004030920862F3050380F84030227962F32F
:10524000871380F8403032465946404623F00CFB25
:10525000024600287FF449AF8021404623F0AAFA95
:10526000064600287FF441AF04A94046FFF78CFDB5
:1052700000283FF43AAF23885BBA038063885BBAA7
:10528000438004A9404622F099FED4E9031271B18B
:1052900012B1404622F077FE404622F0B0FC3A219F
:1052A000404623F046FB4BE780F84130CBE7002A2D
:1052B000F2D0032A22D926F0B7FA824626F0B4FAB1
:1052C000834626F0B1FA814626F0AEFA4FEA1B2B50
:1052D000030643EA1A630BF47F4B4FEA092943EABA
:1052E0000B0309F47F0943EA0903042203A940469A
:1052F000039322F048FE2369043B23614FF0000929
:1053000023699945C8D2012203A940468DF80C9023
:1053100022F039FE09F10109F2E75A6D01325A65AE
:10532000EB6D0133EB656FF00406B8E66FF07106C4
:10533000BDE66FF00B06BAE66FF01506B7E600BFE4
:10534000DCA80020F424002067E40500885F00202A
:105350002DE9F041DDF818800D4617461E4604463B
:1053600068B1B8F1000F0AD04B1E012B0BD91448BD
:1053700003685B0703D0134A01211DF0C7FD6FF0DE
:105380001500BDE8F081142200212DF039F9C4F890
:10539000048025746774A6744FF0FF324FF0FF331A
:1053A000094812F0BBFF094B1A6822605A681C605A
:1053B00002B95C60044813F023F80020E1E700BF65
:1053C000F424002097E40500FC260020F0A800202B
:1053D00010B5044640B34FF0FF324FF0FF3314488E
:1053E00012F09CFF134B1A68002152B1944218D15D
:1053F000226881B959681A608C4200D15A60002332
:1054000023600B4812F0FCFF1422002120462DF0EF
:10541000F7F8002010BD0A605A68944208BF59602E
:10542000EDE711461268E0E76FF01500F2E700BF04
:10543000FC260020F0A8002011290BD10B4AD2F83D
:10544000A4300133C2F8A430D0F8AC300133C0F836
:10545000AC307047062908D1044A936F0133936733
:10546000D0F880300133C0F880307047885F00206A
:1054700011290BD10A4AD2F8A0300133C2F8A0306A
:10548000D0F8A8300133C0F8A8307047062906D1FB
:10549000034A536F01335367C36F0133C3677047C8
:1054A000885F002002460B46014812F037BF00BF5C
:1054B000AC260020014812F0A3BF00BFAC2600209C
:1054C00070B504461546002939D00B88022B15D13A
:1054D00000F11C020B4601F1180053F8046B42F86E
:1054E000046B8342F9D1081D22F0AFFD78B994F81E
:1054F000443043F0400384F8443008E0012B13D1DA
:105500000B68C3614B6803624B68002BEFD194F8C2
:10551000443043F00403BDB143F010036DBA84F886
:105520004430E583002070BD0A4803685B0703D060
:10553000094A01211DF0EAFC6FF01500F3E790F82D
:10554000443003F0BB03E6E723F0100384F8443053
:10555000E8E700BFD0240020B5E4050070B504469C
:105560001546002938D00B88022B14D1021D0B469A
:1055700001F1180053F8046B42F8046B8342F9D12F
:10558000081D22F062FD78B994F8443043F02003FE
:1055900084F8443008E0012B13D10B6843604B685A
:1055A00083604B68002BEFD194F8443043F0020342
:1055B000BDB143F008036DBA84F84430E5800020A3
:1055C00070BD0A4803685B0703D0094A01211DF03A
:1055D0009DFC6FF01500F3E790F8443003F0DD0315
:1055E000E6E723F0080384F84430E8E7D0240020FD
:1055F000D2E4050010B54822002104462DF000F841
:105600004FF0FF304FF0FF31FFF74CFF054B1A68AA
:1056100022605A681C6002B95C60BDE81040FFF768
:1056200049BF00BF00A900202DE9F04F89B000AFAD
:105630001D467E6DB7F84C307B61B7F85030D7F817
:105640004880B861F96093463B6196B396F9B4001F
:10565000FBF714F98146304621F03AFEF8614FF02D
:10566000FF304FF0FF31FFF71DFF8F4B1C6834B147
:105670003B69D4F800A05BBA9BB2BB60E4B9FFF70A
:1056800019FF4FF0FF304FF0FF31FFF70BFF874B53
:105690001C68002C40F0A980FFF70CFF84480368C9
:1056A0005A0703D0834A01211DF030FC6FF0010539
:1056B0006EE0B146FE61D2E7B4F84030BA69934279
:1056C0001CD194F843305B4518D194F8443003F072
:1056D0000402B8F1000F60D082B1B8F80020022AAD
:1056E00014D1A28B022A09D1102204F1200108F161
:1056F00004007B602CF093FF7B6888B1BAF1000F47
:1057000071D0DAF8003054469A46B7E7012AF5D14D
:10571000A28B012AF2D1D8F80410226A9142EDD16D
:10572000E28BB9688A42E9D103F00203002D41D02F
:10573000002BE3D02B88022B32D1A388022BDDD1A2
:10574000102204F10801281D2CF069FF0028D5D192
:105750007B69E2885BBA9BB29A42CFD1A36B002BE4
:1057600033D1FFF7A7FE524803685D070ED06D46A0
:1057700088B06A46504BCDE90534032342F8103F08
:1057800000234FF4C251E9F761FBAD466FF06F059E
:1057900028462437BD46BDE8F08F002AC0D0ADE7CB
:1057A000012BABD1A388012BA8D16A68A3689A42C8
:1057B000CED0A3E7002BA1D1FB69002BC8D0A06BF2
:1057C0000028C5D021F084FDC0E7B9F1000FC8D092
:1057D000B3F8B2201105C4D593F9B400FBF74EF825
:1057E00081458BD1BDE753468DE7596822681A6021
:1057F0008C4208BF5A6000232360FFF75BFE002D38
:105800003CD1BB6D6363FB6DE363BB69A4F84030BF
:10581000FB683A6984F8423084F843B0A663414695
:105820002046FFF74DFE002838D129467A692046E8
:10583000FFF794FE054688BB3B6E03B11C6094F8ED
:10584000443043F0010384F844304FF0FF304FF010
:10585000FF31FFF727FE144B1A6822605A681C605C
:1058600002B95C60FFF726FE304621F034FD94F863
:10587000453060F3000384F8453089E7B8F1000F44
:10588000BFD02A88B8F800309A42BAD008480368D6
:105890005B0703D0094A01211DF038FB2046FFF7C2
:1058A000A9FE6FF0150573E7F8A8002000A90020F5
:1058B000D02400201FE50500F0E4050068E50500A0
:1058C0001B4B984210B504462CD303F51063984245
:1058D00028D890F84430DB0727D54FF0FF314FF040
:1058E000FF30FFF7DFFD134B1A68002152B19442DD
:1058F00015D1226869B959681A608C4200D15A6082
:1059000000232360FFF7D6FD2046FFF773FE00203B
:1059100010BD0A605A68944208BF5960F0E711460A
:105920001268E3E76FF01500F2E76FF00100EFE7B0
:1059300008A90020F8A800202DE9F041144DBDF879
:105940001880A8428C4617460799BDF820200446C7
:105950001E4603D26FF01500BDE8F08105F5106515
:10596000A842F7D890F84430DB070DD5C0F834C012
:10597000C763FFF7A5FD0028ECD14246314620461B
:10598000BDE8F041FFF7EABD6FF00100E4E700BFBA
:1059900008A900202DE9F04F8BB00546079390F839
:1059A0003730C3F3021909F1FF33012B0E4690463D
:1059B00064D8112A5CD1079B1B681A8805925B8802
:1059C0000693AB69D6F800A00293B9F1010F68D134
:1059D0000AF10C0400212046FBF7EAFD07460028E7
:1059E00052D001243368D8681B69C71A78427841BD
:1059F00000B91CB1DDE9053293423FD0B9F1010F86
:105A0000316863D10B6903F0F003E02B67D0029893
:105A10001031FBF74FFD0023049003934FF0FF304C
:105A20004FF0FF31FFF73EFD944B00201C684FF014
:105A3000FF33CDE908304FF0000A002C53D1BAF102
:105A4000000F00F0DC80DAF83440DAF83C70FFF741
:105A500031FD039B002B00F0F780099B002B00F029
:105A6000E480284622F038F800200BB0BDE8F08F23
:105A7000062A05D1079B1B68002B9ED10220F4E764
:105A80000023CDE905339CE7FDF706FCDAF80C208E
:105A900003689A42A5D021463846FBF70BFD044621
:105AA000A0E700210AF10800FBF774F9041E306832
:105AB0004FF0100200F1180100F1080018BF012496
:105AC0002CF0ADFDB0FA80F0400991E70B7EA3F118
:105AD000FF04634263410393002304939EE7002382
:105AE000CDE903939AE7A36B002B43D194F843B01D
:105AF000BBF1000F4BD1B4F84030434545D194F889
:105B000044703B0703D5E388059A93423DD1F806DC
:105B100003D5E38B069A934237D1B90706D5012303
:105B2000221D3146284622F0A0FA70B37A0716D516
:105B3000002304F11C023146284622F096FA70B97F
:105B4000BBF1020F21D1B9F1010F1ED194F84530FC
:105B5000DB071AD404F1200022F077FAA8B1089BE1
:105B600007F07807BB4210DA039B0BBB3BB20893EC
:105B7000A2460AE0B3F8B2201105B7D5AF6993F990
:105B8000B400FAF77BFE8742B0D0246855E7CB45D6
:105B9000B1D0BBF1020FF8D1B9F1010FF5D194F8F2
:105BA0004530DA07F1D494F84230032BA3D1ECE767
:105BB00040F6CD420023284622F0BDF9074630B911
:105BC000FFF778FC02984146FFF752FC56E7E36B7B
:105BD00000930146079BD4F834C032462046E04784
:105BE00002284146029807D1FFF742FC384621F0CF
:105BF00073FF039B0993C8E7FFF71EFCF9E75746BD
:105C0000544624E795F83730C3F30213022B06D12C
:105C1000049B04220121284600F0BEFDD2E70322A6
:105C20001146284600F022F9CCE7002CCAD0079B89
:105C30000097324629465046A0470228C2D0029813
:105C40004146FFF7F9FB0FE7002CF0D1049B002B36
:105C5000B8D1B8F1060FD5D1284623F0ADFB084ADC
:105C6000D2F89C300133C2F89C30029B029AD3F8E0
:105C7000A4300133C2F8A430A4E700BFF8A8002084
:105C8000885F002070B505460E464FF0FF304FF09C
:105C9000FF31FFF707FC064B1C681CB9BDE87040DC
:105CA000FFF708BC20463146A8472468F5E700BF47
:105CB000F8A800200B4A002310B5C2E900330A4AB5
:105CC0001846114614460133202B086002F14802A1
:105CD00002D008461146F6E7044B054AC3E9002402
:105CE00010BD00BFF8A8002008A9002000A90020CE
:105CF000C0B100202DE9F04F13688E69DA6887B0D3
:105D0000D1E903870D4602921B690393029B63B39B
:105D10008B68002293BB95F83A1095F836300B4407
:105D2000C3F57F43FC3313441FFA83F91BB2032BE3
:105D30001BDD4FF400420023CDE9002301231A4666
:105D400049443046FEF7FCFF044670B1039B03F064
:105D5000F003E02B16D102A93046FBF7C5FB036820
:105D60008246EBB9204621F0B7FE3E4A536D01331F
:105D70005365F36D0133F365022070E0198A5B68A7
:105D80000A44C7E7FDF788FA039A03689A42E2D00B
:105D900003A9304620F0FDFC0028DCD10DF10C0AEF
:105DA00095F8402094F8403062F3050384F84030C1
:105DB00095F8403094F840209B0963F3871284F8EB
:105DC0004020514602AA204622F089FB0028C9D172
:105DD00095F83A30EBB1244904AA2846CDE9044AA3
:105DE00022F0E8FB0028BDD194F83AB01BF0030A7A
:105DF0000DD0CAF1040A5FFA8AFA52460121204600
:105E000021F05BFF0028ADD1DA445FFA8AFB84F809
:105E10003AB000221146204622F098FA0028A1D17B
:105E20004A462946204621F068FF00289AD120469C
:105E300021F0E5FE0121204622F063FB0022002331
:105E40002046FAF771F900288CDB064A136D0133FE
:105E50001365B36D0133B365C5E90387012007B04E
:105E6000BDE8F08F885F0020118104002DE9F04724
:105E7000142388B005460026CDE904638769DFF85E
:105E800028818946924621F0BAFE04A92846FEF7E9
:105E90007BFF0446002800F08180437A012B15D156
:105EA000042306A9284606960793FEF76DFF10B156
:105EB0004378072B0AD86FF01506D8F85430013311
:105EC000C8F85430FB6D0133FB655EE0E368039373
:105ED00023690693FDF7E0F9069A03689A425DD0BC
:105EE00006A9384620F055FC002857D1637A112BBB
:105EF0004FD0062B14BF002628264FF40042002363
:105F0000CDE9002301231A46311D3846FEF718FF5C
:105F10000446002845D003AA06A922F0E0FAD0BB27
:105F200049465246204622F011FA014698BB042207
:105F3000204621F0C2FE70BB32462946204621F0A1
:105F4000DCFE064638BB204621F059FE01212046E2
:105F500022F0D7FA95F82520062A05F1260105D862
:105F600084F82D2004F12E002CF023FB00220023C6
:105F70002046FAF7D9F800280DDBD8F85030013365
:105F8000C8F85030BB6D0133BB65304608B0BDE882
:105F9000F0871C26B1E7204621F09EFD6FF0040635
:105FA0008BE76FF00B0688E7885F00202DE9FF4143
:105FB000002304220E4602A9CDE902320446ADF8C0
:105FC0000630FEF7E1FE8046002839D00DF10602CA
:105FD0000121204620F0E7FF00281A4F29DBBDF8F9
:105FE000063033BBA569FDF757F9326903689A4259
:105FF0001FD0284606F11001FBF75CFA0546C0B930
:106000000399204621F04EFEFB6CA2690133FB642C
:10601000536D0133536531464246204621F0FFFF60
:10602000022806D0204621F057FD284604B0BDE8DE
:10603000F0817B6DA26901337B65D36D0133D3653C
:106040000220F3E7885F002090B583B0124B13481D
:106050000822009302AF00230121FFF779F9031E04
:1060600017DA0F480268520713D06C468AB002AAAA
:106070000C4951610C49C2E906134FF400731384B3
:106080000A4B42F8103F00234FF41151E8F7DEFEAF
:10609000A5460437BD4690BDF55C020008B200205D
:1060A000F82400208CE5050026E605000400000128
:1060B0002DE9F041142390B00DEB03010791082165
:1060C000002208910BA9CDE90323CDE909138368C8
:1060D00004469046002B45D1774FA269FB6B0133F4
:1060E000FB63536C0133536403A92046FEF74CFE57
:1060F000054670B3067806F00F06B600132E28D9B1
:10610000142384F83630427894F84030920862F3D1
:10611000050384F84030427862F3871384F84030F6
:10612000037A143EF6B2A3B184F83A60418849BAC2
:1061300089B241450DDC02DA204621F041FE94F897
:106140003830DA0612D505F10C01084622F048F97C
:10615000C8B1BB6CA2690133BB64136D0133136515
:10616000022096E01A8A5B689044B3E72B7C7F2B71
:10617000EFD02B7B7F2BECD005F10C0022F049F9FE
:106180000028E0D0E5E7A06922F032F90028E0D14C
:10619000EB68002B3DD0002302A92046ADF8083063
:1061A00020F0AEFF0028D4DBBDF80830002BD0D1A2
:1061B0002B7A84F8393094F83730012262F30613D1
:1061C00005F1100884F83730404622F022F958B320
:1061D0006B7A062B05D1A069414622F009F9002807
:1061E000B7D1404622F0FCF868BB0499204621F064
:1061F00059FD002E3FD102956B7A062B4CD032D838
:10620000012B3FD0022BA4D12946204600F0B0F844
:106210003CE0A06905F1100122F0EAF80028BAD1AB
:106220006B7A022BB7D094E7404622F0D9F80028C9
:10623000CED16B7A112B8CD1FDF72EF82A69036829
:106240009A42C5D085E7A36901932B69029301A9FE
:1062500002A8FBF793FA00283FF47BAF037F9B076C
:106260007FF577AFC1E7112B7FF473AF07A9204605
:1062700005F00AFE14E03146204621F013FD002807
:10628000B9D066E729462046FFF790FE02283FF482
:1062900060AF10B0BDE8F08109A9204603F0AAFD67
:1062A000019000283FF455AF6A7A01AB02A920465D
:1062B000FFF770FBEAE700BF885F002070B5044677
:1062C000856921F09CFC0221204622F01AF926F073
:1062D0008AFF0026421E46F1FF332046F9F724FFCD
:1062E00000280C4B0ADAD3F8D0200132C3F8D020B2
:1062F000D5F8D8300133C5F8D83070BDD3F8CC20EC
:106300000132C3F8CC20D5F8D4300133C5F8D430ED
:106310003046F2E7885F002073B50023164640F24E
:106320006762CDE900230C46022301220C21FEF70F
:1063300007FD0546B0B196B12146162322462846F0
:1063400022F0AAF9044620B92846FFF7B7FF044611
:1063500010B1284621F0C0FB204602B070BD0349B1
:106360001723EBE76FF00B04F6E700BF8C4F050037
:106370002DE9F04387B00023ADF80E3004930823D5
:106380000593836890F8362090F83A501B8A2A4487
:106390009B1A072B04461DDD0E69434B9E4219D103
:1063A00004A9FEF7F1FCA8B10DF10E01204620F082
:1063B000BEFE00283D4D02DBBDF80E3073B1D5F8AE
:1063C000D030A2690133C5F8D030D2F8D8300133CB
:1063D000C2F8D830022007B0BDE8F0830599204606
:1063E00021F060FCD5F8C830A2690133C5F8C83087
:1063F000D2F8D0300133C2F8D030A769D7F8E450D2
:1064000085B395F8602012F0010307D0C2F3400372
:10641000920703D5AB6C9B1B18BF012395F8802016
:10642000D00705D5910703D5A96E1F4A914200D127
:10643000C3B105F148084FF0000905EB491393F883
:106440006030DA0706D59B0704D5D8F80020164B34
:106450009A420CD109F10103022B08F120084FF0F8
:106460000109EAD1204621F037FB0020B3E740F2D2
:1064700067620023CDE900230C2102230122384664
:10648000FEF75EFC06460028ECD016234246414645
:1064900022F002F920B93046FFF710FF0028D9D0CA
:1064A000304621F019FBDDE7E0000001885F0020A5
:1064B00030B585B00D46039003A92846FBF75EF979
:1064C000044600B3039820F04BFBA0B1039821468B
:1064D00020F0E6F9039801222146FAF70DFB042388
:1064E00000934FF40070039A0849E318FDF71CF875
:1064F000002005B030BD039801222946FFF70CFFAC
:106500000028E3D0F5E76FF00100F2E7000030E08B
:10651000F7B504460F46FBF76FF9054678B3037FDE
:106520009B072AD40146204620F0BAF9204620F0E5
:1065300017FBA0B9012239462046FFF7EDFE0646BB
:1065400068B12946204620F0A9F916F1730F03D04F
:1065500039462046FBF7D0F8304603B0F0BD0122A3
:1065600029462046FAF7C8FA042300930549EB1898
:1065700022464FF40070FCF7D7FF0026ECE76FF0DF
:106580000B06E9E7000030E070B58CB00E460390D2
:1065900003A93046FBF7F2F8044640B30FCC04AD34
:1065A0000FC594E80F0085E80F0003983146FBF70C
:1065B000A3F890B1039820F0D3FA024680B1039873
:1065C000002204A9FAF798FA04230093039A0949D0
:1065D00005AB4FF48060FCF7A7FF00200CB070BD46
:1065E00003983146FFF798FE0028E8D0F6E76FF0F1
:1065F0000100F3E7000030E013B5019001A90D4858
:10660000FBF7BCF8044620B1037F9B0708D502B016
:1066100010BD08490198FBF7EFF804460028F6D0B2
:106620000198214620F03CF9019801222146FAF711
:1066300063FAECE7904F05002DE9F04FD1E903B381
:10664000D2F800808F698DB00D46039304AA08F13B
:10665000080308F1180618685968144603C408337B
:10666000B3422246F7D108AA08F1280C164618684A
:106670005968144603C4083363452246F7D1B8F875
:1066800004306A8FDFF80C915BBA9B1A043B1FFA47
:1066900083FA1BB2032B73DD4FF400420023CDE9D4
:1066A000002351463A2302223846FEF749FB0446AE
:1066B000002865D098F81830FF2B5CD104A9384623
:1066C0001FF0FDFF0368014633B9436823B98368AF
:1066D00013B9C368002B50D00023C4F82E30638652
:1066E00084F82C3084F82D30C4F82630638584F883
:1066F000243084F8253095F8402094F8403062F337
:10670000050384F8403095F8403094F840209B0908
:1067100063F3871284F84020204604AA22F0A4F8EC
:10672000024650BB8121204622F044F828BB524645
:106730002946204621F0E1FAF8B9204621F05FFA17
:106740003A21204622F0F5F8002200232046F9F7EE
:10675000EBFC002811DBD9F850300133C9F8503078
:10676000BB6D0133BB65039BC5F80CB02B610120E9
:106770000DB0BDE8F08F3146AEE7204621F0ACF910
:10678000D9F854300133C9F85430FB6D0133FB653F
:106790000220EDE7885F00202DE9F04F05468FB01D
:1067A0009A4600242823CDE90443D0F8189088465F
:1067B000934621F024FA04A92846FEF7E5FA074695
:1067C000002800F0058183793A2B15D105990A94A8
:1067D000042328460B9321F065FA0AA92846FEF700
:1067E000D3FA68B390F900200378A24228DA892B03
:1067F00026D0284621F003FA07F1080306AA07F17C
:10680000180618685968144603C40833B342224670
:10681000F7D10AAA07F1280618685968144603C474
:106820000833B3422246F7D1DDE906321343089A12
:106830001343099A134303D09DF81830FF2B0BD153
:106840006FF01505654A536D01335365D9F85C3017
:106850000133C9F85C30B2E09DF82830FF2B08D135
:10686000B8F1020F05D0B8F1040FE9D1BBF1020F66
:10687000E6D1BB79112B66D0062B66D0AB68002120
:10688000002B5CD195F82530022203FB02114FF456
:1068900000420023CDE9002304313A230222484676
:1068A000FEF74EFA0446002800F0958095F8252062
:1068B00005F1260121F067FB061E3BDBA36895F876
:1068C0002D20D96804F12E002BF073FE95F82D20B1
:1068D00005F12E01204621F056FB061E2ADBA0689A
:1068E00095F82D100C301DF037FFA66895F825207F
:1068F00056F80C1F04F126002BF05BFE95F82510CE
:1069000030461DF029FF95F82D3084F8253095F894
:10691000253084F82D303B7EFF2B0AA903D1484651
:106920001FF0CDFE014606AA204621F09DFF70B162
:106930006FF00406204621F0CFF8354682E71A8A28
:106940005B6811449CE730219CE73C219AE7414673
:106950005A46204621F02EFF01460028E8D1B8F122
:10696000040F30D19AFA8AF3424603A920460393D2
:1069700021F009FB0646204621F0DFF80246002EF2
:10698000D8D12946204621F0B8F905460028D1D1B2
:10699000204621F034F93A21204621F0CAFF002296
:1069A00000232046F9F7C0FB0028C3DB0B4A136D18
:1069B00001331365D9F858300133C9F858302846E7
:1069C0000FB0BDE8F08F0422204621F076F9D1E720
:1069D0006FF0040536E76FF00B0533E7885F0020A2
:1069E0002DE9FF4104238846002502A9CDE9025381
:1069F0000446FEF7C9F9074668B30DF106023A21CD
:106A00002046ADF8065020F0CEFAA842134E1BDB0C
:106A1000BDF80650C5B90399204621F043F9F36C3F
:106A2000A2690133F364536D0133536541463A461D
:106A3000204621F0FFFA022806D0204621F04CF82B
:106A4000284604B0BDE8F081736DA2690133736517
:106A5000D36D0133D3650220F3E700BF885F0020C8
:106A600090B583B0124B13488022009302AF0023ED
:106A70000221FEF76DFC031E17DA0F480268520769
:106A800013D06C468AB002AA0C4951610C49C2E984
:106A900006134FF4007313840A4B42F8103F00238F
:106AA0004FF41151E8F7D2F9A5460437BD4690BD21
:106AB000396602001CB20020FC2400208CE5050091
:106AC000C0E50500040000012DE9F74F4378FF2BD6
:106AD00007468A46144649D1DFF89C904FF0FF35AF
:106AE0000026C84602F1020B6A1C99F8083016D13C
:106AF000002B39D06278019309F1020158462BF03E
:106B00008EFD019B68B906EBC60242440133137245
:106B10007E70C7F804A0002003B0BDE8F08F002B02
:106B2000E8D10136082E09F10909DDD16B1C20D00E
:106B300005EBC50008EB0003EE001A7A01321A7269
:106B40007D706278062A04F1020104D802304044C4
:106B50005A702BF02EFD731908EB03026178517007
:106B6000227808F80320D4E73546DAE76FF077009B
:106B7000D2E76FF00100CFE7A6E3002010B543781D
:106B8000FF2B024615D00C4903EBC3030B44187AC4
:106B900001381872537803EBC303C818007A18B988
:106BA00002335C18C850A080FF230020537050604F
:106BB00010BD6FF07700FBE7A6E30020024B00EB6F
:106BC000C0001844704700BFA6E300202DE9F04F35
:106BD00028239BB00026CDE909630BAB0D93082356
:106BE0000E9315AB0F93142382691093836805925B
:106BF0000446002B40F0A780DFF894A2DAF82C308E
:106C00000133CAF82C30536B0133536309A9204672
:106C1000FEF7BAF80546002800F0D08083885BBAFA
:106C20009BB228339E420193C0F2C88003DD19460F
:106C3000204621F0C5F8AB68CBB9EB68BBB92B692E
:106C4000ABB96B699BB9AA6940F2FF239A4240F045
:106C5000B580EB69002B40F0B1802B6AB3F1807FE7
:106C600040F0AC806B6ADBB2FF2B40F0A7802B7A40
:106C7000FF2B00F0A38005F118060021304621F01B
:106C8000E7FD002840F09A8094F83830DB065ED5A6
:106C90002B786A781B0143EA1213DAB2C3F3850337
:106CA00043EA821384F84030AB7984F83F30002304
:106CB0006387282384F83630A368DB68DB7984F89F
:106CC000393094F83730022262F3061384F83730F3
:106CD0002B7EFF2B7CD0059831461FF09FFB0028B0
:106CE00040F0A08011AB2835306871681A4603C2A5
:106CF0000836AE421346F7D1A06907AB06AA11A920
:106D000022F00FF9002800F08180069B5BB1DB6860
:106D1000A36143B11B68002B00F0B4811B7C84F895
:106D2000243084F82C3094F83730079923F0080386
:106D300084F83730204602F0F7FA00283EDB0020C6
:106D40001BB0BDE8F08F198A5B680E4451E73046EE
:106D500021F06DFD90BB05F10807384621F067FD75
:106D600060BB0121304621F073FD38BBFCF798FA77
:106D70006A8B43889A4215D1EA6943689A4211D1D5
:106D80002A6A83689A420DD16A6AC3689A4209D115
:106D90000521304621F05CFD80B90821304621F004
:106DA00057FD58B900213846F9F7F4FF00283FF4A1
:106DB0006FAF90F92930002B3FF46AAFDAF8383022
:106DC000059A0133CAF83830136C0133136453E069
:106DD0000121304621F03CFD38BB0221304621F034
:106DE00037FD48B16B8B3BB9EB692BB92B6A1BB9EB
:106DF0006B6AB3F1807F18D005A93046FAF77CF8AA
:106E00000028DBD0037F98070FD4D7E7089011A99B
:106E100008A8FAF705FA0028D0D00899204622F0F1
:106E2000AFF88AE72B7EFF2BD2D00A99204620F0BC
:106E300039FF95F80680B8F12C0F25D01ED8B8F18F
:106E4000000F23D0A8F12B0CDCF1000747EB0C0757
:106E5000BF0006234FF0000BB8F13A0FA38700F0F4
:106E6000EC80B8F1110F00F0E880B8F1060F00F0E7
:106E7000E480B8F13B0F0DD1022061E7A8F13C0698
:106E8000774277417F00E4E70827E2E70127E0E760
:106E9000885F0020204620F0D7FF0122029007A93A
:106EA000204620F015FF0646002887D19DF81C30AB
:106EB0002C2B29D007D84BB32B2B29D0112B00F02A
:106EC000EB8000260BE03C2B40F0DE80B90721D59B
:106ED0004026374205D12C2B1DD01CD80BB1062BD8
:106EE00019D0204620F0B0FF0122431E0421204685
:106EF000FFF752FCDAF82830059A0133CAF8283037
:106F0000136B01331363B7E70826E2E70126E0E7D6
:106F10000426DEE70226B8F1000F02D0B8F13C0FDC
:106F2000DFD10023012211A92046BDF804908DF87D
:106F3000443020F0CDFE00287FF440AF20469DF87D
:106F4000448020F081FF023808F1010880B24FEA46
:106F5000C808A9EB0009C8453FF730AF4FF0020958
:106F6000204620F071FF0122039008A9204620F05E
:106F7000AFFE00287FF422AF9DF8203013BB9DF8B0
:106F800020303BB3012B9DF84410A8EB090230D010
:106F9000023A91423FF612AF03F0C003802B45D076
:106FA000C02B3FD0002B7FF409AF204620F07AFEA3
:106FB00000287FF403AF9DF8443002334B441FFA9E
:106FC00083F90BE0012211A9204620F081FE002860
:106FD000D5D0F3E609F101091FFA89F9C845BFD8F0
:106FE000D8441FFA88FB9DF808309DF81C80374371
:106FF00032E7023A914203933FF6E0AE8A1C4A44DC
:1070000020461FFA82F920F04DFE039B0028E5D0B0
:107010002248026852073FF4D1AE214A19461BF0BC
:1070200075FFCBE62B7EFF2B3FF4C8AE039B0222FD
:1070300004212046FFF7B0FBC0E6B8F1110FA4F819
:107040003AB0119519D0B8F13A0F07D12946204628
:10705000FFF7C6FC02287FF473AEAFE60FA9204607
:1070600002F0C8FE089000283FF4A8AE08AB4246E4
:1070700011A92046FEF78EFCECE70DA9204604F08E
:1070800003FFEFE71B78FFDEA3F13B02012A7FF647
:1070900042AF3A2B7FF425AF00263CE708250020BD
:1070A000D7E5050030B585B00D460A9C08B9F9F75B
:1070B000EBFCFAF795FE4DBB48F2FE0300930195F9
:1070C0006378062B27D0082B42D0022B10D12378CF
:1070D000012B0DD100230293FF238DF80B30FE23EB
:1070E000ADF80C30A3788DF80E30E3788DF80F30C2
:1070F000099A6C46234603CB516004A98B42106069
:107100001C4602F10802F5D100202CE02B68009308
:107110006B680193D4E723798DF80A30FF238DF84B
:107120000B30FE238DF80C30B4F80530ADF80D307F
:10713000E3798DF80F3023786288ADF80820032BAF
:10714000D6D19DF8083083F002038DF80830CFE7E0
:10715000064803685B0704D0054A062301211BF09B
:10716000DEFE6FF0150005B030BD00BF0825002021
:10717000F5E50500054AD2F8B0300133C2F8B03069
:10718000D0F8B8300133C0F8B8307047885F0020BD
:107190002DE9F04114461D46064630B1876821F0BE
:1071A00058FCC7E90C01B3689C63174826F02AFA1B
:1071B0004FF47A72A0FB020302FB013147F6FF7322
:1071C000C01841F10001C00B50EA414003D0844295
:1071D00075F1000315DAE90341EA544140F2E7335F
:1071E000E403E0184FF47A724FF0000341F100011C
:1071F000E5F726F9BDE8F04102460B46034811F0D9
:10720000DFBBBDE8F08100BF385F0020285F0020B1
:10721000F0B5836893F848208A420FD0052A0DD034
:1072200083F84810816891F84830022B06D1114A42
:1072300013689C1C03D0581C10600B65F0BD002324
:107240000D4F136019461C46682606FB04F57D5D4C
:107250004DB185683DB195F848C0BCF1020F02BF41
:107260002965012301310134082CEED1002BE5D032
:107270001160E3E76CB20020001600202DE9FF4109
:10728000064628480D461746984621F0B9FA0446A6
:10729000002842D0FF234660866843706A4605F1A5
:1072A000100E6B46286869689446ACE80300083500
:1072B00075456246F6D106F11C051E4603CE04AAAA
:1072C000964228606960334605F10805F5D14146CC
:1072D0002046FFF79DFFA36893F84D2067F3000257
:1072E00083F84D20A36800200021C3E91001A068A5
:1072F00090F84D309B0708D425F0C4FDA26892F8A1
:107300004D3043F0020382F84D30A3680020002185
:10731000C3E90C01A36800229A63204604B0BDE8CB
:10732000F08100BFF41500202DE9F0410E4C074616
:10733000884600262546237853B117B163689F42DB
:1073400006D1A068102241461C302BF068F938B1F4
:107350000136082E04F16804EDD10020BDE8F0816B
:10736000682303FB0650F9E7001600207FB5074AA3
:10737000417818230230FBF779FD054A03461821AE
:10738000684618F03BFF07B05DF804FBEEE3002011
:10739000656E0500044803685B0703D0034A0121BA
:1073A0001BF0B4BD704700BF0C25002031E605007E
:1073B00003484FF0FF324FF0FF3310F0AFBF00BF74
:1073C00024270020014811F01BB800BF242700200B
:1073D000F8B507460D46FFF7EBFF094C0826237862
:1073E00033B16368BB4203D1D5E9003120469847E9
:1073F000013E04F16804F2D1BDE8F840FFF7E2BFB6
:107400000016002005289ABF024B53F820000248BE
:10741000704700BF944F0500FB8F050007B5CDE90D
:10742000000103486946FBF759FA03B05DF804FB15
:10743000D1730200F0B506468DB00C46FFF7B8FFD9
:1074400021463046FFF770FF054620B9FFF7BAFF27
:1074500028460DB0F0BD2146304601F0E3FD284638
:1074600021F072FB4FF0FF330B93234603AC03F183
:107470001007224618685968254603C50833BB42E1
:107480002C46F7D10FCA07AC84E80F0014234FF441
:1074900000400549009332462346FCF745F8FFF7C4
:1074A00091FF0120D5E700BF000040E02DE9F04149
:1074B00004460D4616461F46FFF736FF002840D10A
:1074C0003B46324629462046FFF7D8FEC8BB1E4A37
:1074D0004FF0FF3C6346114692F800E0BEF1000F0A
:1074E00018D0D2F808E0BEF1000F13D09EF84D80FE
:1074F00018F0010F0ED19EF84880B8F1020F09D1A3
:10750000B3F1FF3FDEF850E002D1F446034601E05C
:10751000E645FAD30130082802F16802DCD15A1C92
:1075200007D0682202FB0313996858681C31FFF7E3
:1075300081FF3B46324629462046BDE8F041FFF731
:107540009DBEBDE8F08100BF001600202DE9F0438C
:10755000904685B0002299461423CDE902230546C2
:1075600021F04FFA4778093740F6CD42002307F063
:10757000F807CDE900230E463A23022207F1140151
:107580002846FDF7DDFB0446002861D0FF23424674
:1075900080F83930314621F067F90246002854D18D
:1075A0008821204621F006F9804600284DD102A905
:1075B0002046FDF7E9FB0646002846D01322414647
:1075C00001302BF01DF830469DF8303000F8043BB8
:1075D000494621F029FA02A9204620F0EFFC064690
:1075E00098BB284621F00DFA022301463A46204670
:1075F00021F03DFA48B3204620F001FB3A21204615
:1076000021F097F9204621F055FA002808DA28469B
:10761000FFF7B0FD6FF01506204620F05DFA10E090
:107620000D4B1A6D01321A65AA6D0132AA65D3F8A5
:10763000B8200132C3F8B820D5F8C0300133C5F8FE
:10764000C030304605B0BDE8F0836FF06806E3E770
:107650006FF00B06F5E700BF885F00202DE9F04FC3
:107660001E4695B014230025CDE9045303AB0693C1
:1076700002230793D2F800B08B680C46DBB9A069EF
:107680000B2121F0DAF9804680B9D4E903A304A9DB
:1076900020460193FDF778FB074680B9AB480368A5
:1076A0005A0703D0AA4A01211BF030FCA069FFF75A
:1076B00061FD0220EAE01A8A5B681544DEE7A5490D
:1076C000A269D1F8B4300133C1F8B430D2F8BC307B
:1076D0000133011DC2F8BC300CA821F0A5F9ADB2F0
:1076E0000BF1180110A821F09FF9412DDED99BF86C
:1076F0000730FF2BDAD19DF83030FF2BD6D03B7806
:107700005B0603D59DF84030FF2BCFD07678002E56
:10771000CCD10599204620F0C5FA2C3D142384F8DD
:107720003E30ADB206A92046FDF72EFB28B14378C6
:107730001BB194F83E10A94213D3A0690CA91EF006
:1077400097FE0346A06963B393F92930002BADD1AE
:10775000BDF8302048F2FE039A421ED1FFF71AFE10
:10776000A4E70278022A06D1628F94F836600632C6
:107770000A441644B6B201EBC303DBB28B4284F871
:107780003E3005D8714803685D078FD0724A8AE79A
:107790000799204620F086FAC4E70CA9FAF740F9C9
:1077A00084E70121CDE9083321F047F98346FFF74B
:1077B000FFFDA0690CA9FFF7B7FD054600287DD0A5
:1077C000002E66D16B78FF2B7ED06878FFF7F6F934
:1077D0008146002872D056B14278811C0DF12200FA
:1077E0002AF01DFFB0F1000818BF4FF00108AA6889
:1077F00092F84820002A7ED116B9BBF1000F5DD067
:10780000B8F1000F09D04846FFF7B0FD99F8012004
:107810000DF12201484621F07BF93B78580640F1F2
:10782000A18001212846FFF7F3FCAA68002382F813
:107830004C30AA6800200021C2E90C01AA689363B9
:10784000A069294621F0A4F9AA683B7892F84D1066
:10785000DB0963F3000182F84D10AB681B6873B15C
:10786000A8684FF0FF324FF0FF3310F019FE0646C4
:1078700021F020F900287ADAA86821F052F9FFF700
:10788000A1FD019BC4F80CA02361012015B0BDE847
:10789000F08F94F825308DF82130204620F0AFF994
:1078A0003146204620F0FEF940B99DF821200DF127
:1078B0002201204620F00CFA002883D0FFF782FD39
:1078C000A069FFF757FCDCE716B9BBF1000FF5D054
:1078D0009DF821200DF122010AA821F019F9A169D2
:1078E0000AAA2846FFF7F0F800283FF46EAF2846B2
:1078F00021F02AF9E2E73978890609D4B8F1000FB6
:1079000013D0012ADAD102212846FFF781FCD5E7FE
:10791000B8F1000F09D04846FFF728FD99F801207B
:107920000DF12201484621F0F3F83B785B0615D5AE
:1079300001212846FFF76CFCAB6800200021C3E959
:107940000C01AB6800229A637AE700BF0C25002087
:1079500051E60500885F002066E60500B8F1000FDB
:107960003FF472AF02212846FFF752FC6CE7304625
:1079700020F0B2F871E700BF2DE9F04F89B00D4655
:10798000174600211422CDE90212DDF848909DF837
:107990004CA006469B46EBB940F2FF230493ADF89A
:1079A00014B0ADF816B0ADF818B04FF48073ADF860
:1079B0001A30FF238DF81C3099F80D3099F80F20FC
:1079C0008DF81D3099F80E3043EA0223ADF81E30D1
:1079D0000DF1100BBAF1000F50D0FBF761FC4FF026
:1079E0000008074640F6CD420023CDE9002308F108
:1079F00014013A2302223046FDF7A2F9044600287A
:107A000000F0C080FF235A4680F83930394620F014
:107A10002BFF0246002851D18721204620F0CAFEC4
:107A2000074600284AD102A92046FDF7ADF90028F3
:107A300044D0077047708770C7704946043020F003
:107A4000F3FF02A9204620F0B9FA0746B0BBBAF10D
:107A5000000F28D0204620F0D2F83A21204620F00E
:107A600068FFFFF7A5FC00231A4649463046FFF79A
:107A70001DFD804668BBFFF7A5FC1FE0304620F0E7
:107A8000C0FF90F8018027B9494630461EF017FE26
:107A90000746384620F0A5FF00286DD108F10908F7
:107AA00008F0F8089EE7304620F0ABFF01230146BE
:107AB0004246204620F0DBFF0028CBD175B36FF0A3
:107AC0006807284620F008F854BB3046FFF752FB01
:107AD00035E0DDB183681B688068294623BB25F04B
:107AE00011FA28461FF0A6FFD8F80890054620F0A6
:107AF000B0FFC9E91001254825F084FD084305D1F0
:107B000023484FF40042002310F05AFF204620F093
:107B1000D1FF00281CDAB5B9FFF754FC6FF06807F5
:107B200020461FF0D9FFD0E725F001FA10B1284612
:107B30001FF080FFFFF746FC20461FF0CDFF3846C0
:107B400009B0BDE8F08FD8F8080020F0EAFFE3E7BD
:107B5000FFF738FC0F4B1A6D01321A65B26D013216
:107B6000B265D3F8B8200132C3F8B820D6F8C030D7
:107B70000133C6F8C030E2E76FF01507002DA4D03E
:107B800000249EE76FF00B07F8E700BF085F0020B6
:107B9000F85E0020885F00202DE9F0478CB002AF2E
:107BA0001D4680460C461646FFF702FC2A4697F80B
:107BB000483021464046FFF779FC054658BB3F4B0D
:107BC0001B685B071ED021460220FBF76FFA0446B4
:107BD000FEB13B4A71781823B01CFBF747F96E469B
:107BE0008AB002AA374BD061C2E90534364B136222
:107BF000364B42F8103F314800234FF42151E7F74C
:107C000025F9B546FFF7DEFB28462837BD46BDE817
:107C1000F0872F48E3E716B332464146FEF754FF9C
:107C200078301CD1AB6893F84830052B28D06878A1
:107C3000FEF7C4FF06F1020A81467278514602300F
:107C40002AF0EDFCB8B14846FFF790FB7278514638
:107C5000484620F05DFF02212846FFF7D9FAAB68BD
:107C600093F8483063B9CDE900431A4619464046B7
:107C7000FFF782FE04E0AB6893F84830002BEAD0AF
:107C80006B787B6223463C1D03F1100C224618687A
:107C90005968264603C6083363453446F7D10FCAF0
:107CA00007F1140484E80F001423009309492346C4
:107CB00042464FF48040FBF737FCA3E70C25002039
:107CC000EEE3002089E60500000201030400000243
:107CD00081E60500000040E02DE9F04FA9B00C4618
:107CE00004AF0C2199460023C7E90A3107F12001AE
:107CF0003963D2F800A0A568022179639846E5B9F6
:107D0000A0690B2120F099FE90B9E3687B6107F12F
:107D1000280123693B612046FDF736F8064680B905
:107D20009D480368590703D09C4A01211BF0EEF8D7
:107D3000A069FFF71FFA022096E02B8A6D6898442D
:107D4000DDE79749A269D1F8B4300133C1F8B43006
:107D5000D2F8BC300133C2F8BC300AF1080107F197
:107D600040001FFA88F820F05FFEB8F1390FDFD924
:107D70009AF80730FF2BDBD1B7F8402048F2FE031A
:107D80009A42D5D199F80130002BD1D1F96A204619
:107D90001FF088FF7388D6F80490BB6131783B8B65
:107DA000D6F80880FB6199FA89F911B1A0691EF033
:107DB00071FC7C4B09F1FF329A4215D2A36943B1A1
:107DC000D3F8E0302BB1D3F8902191450CD0C3F813
:107DD0009091A369D3F8E090B9F1000F04D0484620
:107DE0001EF093FCC9F89401B8F1000F07D0A36905
:107DF0002BB1D3F8E03013B1B268C3F898210C234B
:107E000084F83E3007F130012046FCF7BDFF804684
:107E100070BB45B900952A46A069012307F14001CE
:107E2000FFF7BAFE05463B8BA06907F140015EBA39
:107E30001EF0E4FBB6B20346002800F01882FA698F
:107E4000002A40F007821EF0F5FBFFF7B1FA002D83
:107E500040F02682FFF7B6FAA069F8F77BFF7B694E
:107E6000E3603B69236101209437BD46BDE8F08F94
:107E7000796B20461FF016FF98F80060052E37D06A
:107E800098F801100BD8012E1CD0032E6AD0C9001F
:107E9000023920461FF006FF0028B3D048E7182E0D
:107EA000F5D14E1EF6B2022E40F283813A480368A5
:107EB0005D073FF43DAF6D468AB004AA3A4B53616B
:107EC0003A4B5CE007F17002204620F0FFFD0028ED
:107ED0003FF42EAF02230093A069334607F17002EE
:107EE00007F14001FFF758FE054600288AD11FE739
:107EF000022120461FF0D6FE00287FF419AF07F1BB
:107F0000240120461FF0EDFE034600287FF410AF49
:107F1000796AA1F5A062B2F57B4F19D31E480268B9
:107F200052073FF405AF6D468AB004AADFF880C05F
:107F3000C2E905C14FF4A06C4FF6FF71C2E907C159
:107F400042F8106F4FF42151E6F780FFAD46EFE69F
:107F5000A369002B3FF456AF1B68002B3FF452AFD0
:107F600019834FE7042929D00B4803685D073FF4C4
:107F7000DFAE6D468AB004AA0B4B53610D4BC2E9CC
:107F800006314FF4007313840B4B42F8103F00236B
:107F90004FF41151D8E700BF0C250020AFE60500D3
:107FA000885F002080EE3600F3E605004AE7050012
:107FB000C4E6050010E705000400000107F17003A6
:107FC000BB6307F138011E232046FB63FCF7DCFE90
:107FD000064600283FF4ACAEF96B20461FF062FE67
:107FE000D6F80290D6F8063099FA89F21BBA9A426E
:107FF000FFF408AFF28948F2FE039A423FF402AF61
:1080000096F90130002B48DA06F10E0B594607F1BC
:10801000600020F009FD3278A06907F160011EF0D0
:10802000B9FA8046002840F08280D6F80230002B52
:1080300033D03278A0695946F9F746F880460028CF
:1080400075D1DFF86CA2DAF800305A0725D059460E
:108050000220FBF72BF8A169F860084696F800B0FB
:108060007960F9F7BDFEC7F808D08CB004AA914B2F
:108070005361FB687968C2E9063B4FF400731385CE
:108080008D4BC2E9081042F8103F4FF4515143465E
:108090005046E6F7DBFED7F808D073785B067FF52D
:1080A000B1AEB9F1000F3FF4ADAE3378402B7FF4A1
:1080B000A9AE07F16008D4F81890102200214046BC
:1080C0002AF09EFA06F10E0107F1500020F0ACFCF8
:1080D000484620F096FC0023CDE9018000931A4623
:1080E00007F150014846FEF7DDFF031E08DA70482D
:1080F000026812F0060F03D0704A02211AF00FFF37
:10810000002140461EF088F9D6F802B082460028C9
:1081100044D090F82830012B40D1BBF1FF3F24D14F
:1081200090F83D3043F001038AF83D306AE6D6F816
:1081300002306BB1013398F8253011D023F00103E0
:1081400088F82530D6F802104046F9F7C3F8A4E7BE
:1081500098F82420A06908F11001F9F7A7FC9CE722
:1081600043F0010388F8253097E7BBF5E15F09D9B3
:10817000D6F802105046F8F74FFE9AF83D3023F03B
:108180000103D1E720F065FC01460AF118001EF05A
:108190004CFD5845ECD34FF4E151EBE7BBF1FF3F09
:1081A0000CBF00235B46012241464846F9F746FFD3
:1081B00028E607F150033B6610220623002107F151
:1081C00070007B662AF01CFA07F160012046FCF77C
:1081D000DBFD824600283FF4ABAD796E20461FF0F0
:1081E00061FD0028FFF6A4ADF20002F0F80207F1ED
:1081F000700120469AF80090DAF802809AF801A0FF
:108200001FF066FD031ECAF3C10A09DA2848026896
:1082100052073FF48DAD2A4A01211AF080FE87E50E
:10822000A069B8F1000F09D107F1700100F0C2FD9B
:1082300000283FF4E7AD00F07FFEE3E598FA88F30D
:10824000CDE9003A4A4607F1400307F1700100F01A
:1082500065FFD7E535B1A96891F84D2042F00102DC
:1082600081F84D20314618461EF0CFF9EDE5FA6948
:10827000A069003A334618BF012207F140011EF001
:10828000CFF9E2E54FF0FF324FF0FF3310F008F97D
:10829000064620F00FFC002802DA30461FF01CFCD6
:1082A000AB681B68A868002BECD120F03AFCD1E544
:1082B0000C2500201BE7050006000001CEDE0500AE
:1082C00059E705002DE9F0471E469AB01423002512
:1082D000CDE9045303AB069302230793D2F800A021
:1082E0008B680C46E3B9A0698DF821300B21D4E9E5
:1082F000039820F0A2FB60B904A92046FCF744FDD6
:1083000090B98E480368590703D08D4A01211AF0AD
:10831000FDFDA069FEF72EFF02201AB0BDE8F08730
:108320001A8A5B681544DDE7011D0AF108070AA8EF
:1083300020F07AFB39460EA820F076FB0AF11801EE
:1083400012A820F071FB7F49A269D1F8B430013343
:10835000C1F8B430D2F8BC30ADB201333F2DC2F811
:10836000BC30D6D99AF80730FF2BD2D19DF82830EF
:10837000FF2BCED07378002BCBD1059920461FF070
:1083800091FC2C3D142384F83E30ADB206A9204662
:10839000FCF7FAFC064628B143781BB194F83E304E
:1083A000AB422BD3A0690AA91EF062F8064608B3B7
:1083B000051D0EA820F015FB0146002800F0938053
:1083C000129A40F2FF239A4214D1139B93B9149945
:1083D000B1F1807F0ED19DF85410FF290AD196F992
:1083E000291000293CD1B28848F2FE039A4232D1CA
:1083F000FEF7D0FFA069FEF7BDFE70E007992046AA
:108400001FF050FC96F800A0BAF1010F12D10EA88F
:1084100020F0E7FA00287FF47CAF717808AA2046A4
:1084200020F054FB30B9454803685A073FF471AF58
:10843000454A6BE794F83E20737802EBC303DBB246
:10844000934284F83E30A1D83C4803685B073FF470
:1084500060AF3E4A5AE7A0692946F9F7E1FAC9E751
:10846000ADF84820ADF84A30ADF84C30ADF84E309C
:10847000ADF85030ADF85230ADF854304FF4807351
:10848000ADF85630A06912A91EF019F916AE0346D0
:1084900000F1100C18685968324603C2083363456E
:1084A0001646F7D116AA134603CB79601AA98B4258
:1084B00038601A4607F10807F5D14FF0200A12AFCD
:1084C0000EAE9DF821307BBBCDF800A0A0692B46F5
:1084D0003A463146FFF73AF800287FF41DAFC4E969
:1084E0000398012019E70EA81DF096FF002881D1FE
:1084F000129A40F2FF239A4209D1139B3BB9149B75
:10850000B3F1807F03D19DF85430FF2B07D0A069D1
:1085100012A91DF0ADFF00283FF46CAF051D0EAF92
:108520000AAE4FF0600ACCE700230093A06908AAC6
:108530000EA9FFF731FB0028C6D1EAE60C25002082
:1085400072E70500885F002087E70500A1E70500C6
:108550002DE9F84F20F07DFA05468946FEF728FF01
:10856000374C4FF0080800260027237873B3A26821
:1085700062B3D2E9103153EA010027D013F57A73C0
:1085800041F10001B3EB050A61EB090BBAF1010FF0
:108590007BF1000323DB2B4825F034F8084315D189
:1085A0004FEACA3340F2E7324FEACB31981841EA3A
:1085B0005A414FF47A724FF0000341F10001E3F7A2
:1085C0003FFF02460B46204810F0FAF9B8F10108C7
:1085D00004F16804C9D1BDE8F84FFEF7F3BEC2E963
:1085E0001067A3681B68002BF0D0A3681B68002BE2
:1085F000ECD0A0684FF0FF324FF0FF330FF050FF88
:1086000082461FF069FA50461FF066FAA3681B689D
:108610001BB9204620F0E7F8D8E7A0684FF0FF32FA
:108620004FF0FF330FF03CFF824620F0C9FA0228DA
:10863000CCD150461FF050FA50461FF04DFAD4E707
:1086400000160020085F0020F85E00202DE9F347A7
:1086500020F0FFF980468A46FEF7AAFE374D4FF01C
:108660000009002600272B78002B36D0AC68A4B375
:10867000D4E90C2352EA03012FD0A16B8A1843EBF3
:10868000E173B2EB080263EB0A03012A73F1000104
:1086900003DB0020FEF77CFD1FE094F84830C4E9BE
:1086A0000C67042B19D8DFE803F00324282B3100D2
:1086B00094F84C30022B04F11C0103D96868FEF7D2
:1086C000B9FE0AE0013384F84C300023CDE90013F1
:1086D0001A4668681946FFF74FF909F10109B9F11F
:1086E000080F05F16805BED102B0BDE8F047FEF7FE
:1086F00069BE022384F84830EFE704F11C01DDE78E
:10870000042384F84830002384F84C3094F84C203B
:10871000022A04F11C0301D91946CFE7013284F87B
:108720004C200022CDE9003211466868FFF724F999
:108730004FF47A7200232846ACE700BF00160020F1
:10874000F0B587B040F2FF230646ADF808300025AB
:10875000ADF80A50ADF80C50ADF80E50ADF8105011
:10876000ADF81250ADF814504FF40073ADF8163058
:1087700002A91DF0A4FF074620F033F930B93046B6
:1087800020F03FF94478093404F0F80540F6CD4272
:108790000023291DCDE9002301F0FC013A23022228
:1087A0003046FCF7CDFA044600284CD0FF2302AA3D
:1087B00080F83930394620F057F8024660BB8521F1
:1087C00020461FF0F7FF014630BB042220461FF071
:1087D00074FA074600BBA5B920461FF010FA3A21EB
:1087E000204620F0A6F8204620F064F9002816DA8A
:1087F0003046FEF7BFFC6FF0150720461FF06CF9FE
:108800001EE0304620F0FDF8012301462A462046AE
:1088100020F02DF90028DFD16FF06807EDE70B4B52
:108820001A6D01321A65B26D0132B265D3F8B82003
:108830000132C3F8B820D6F8C0300133C6F8C030D2
:10884000384607B0F0BD6FF00B07F9E7885F0020EE
:1088500090B583B0384B39488722009302AF00238C
:108860000221FCF775FD031E17DA3548026854072C
:1088700013D06C468AB002AA324951613249C2E92A
:1088800006134FF400731384304B42F8103F00235B
:108890004FF41151E6F7DAFAA5462D4B00932D4817
:1088A000002388220221FCF753FD031E17DA244817
:1088B0000268510713D06C468AB002AA214951615F
:1088C0002549C2E906134FF4007313841F4B42F885
:1088D000103F00234FF41151E6F7B8FAA5461F499F
:1088E0001F4824F023FC1F4B00931F4800238622BF
:1088F0000221FCF72DFD031E17DA1148026852070A
:1089000013D06C468AB002AA0E4951611749C2E9D8
:1089100006134FF4007313840C4B42F8103F0023EE
:108920004FF41151E6F792FAA5461149114824F087
:10893000FDFB0437BD4690BDC582020058B2002041
:108940000C2500208CE50500BCE7050004000001B3
:108950005D76020044B20020C0E7050051850200A8
:10896000F85E0020D97C020030B20020C4E7050088
:108970004D860200285F0020F8B5054684691FF087
:108980003EF93A2128461FF0D4FF24F02CFC0027A2
:10899000421E47F1FF332846F7F7C6FB061E144B6D
:1089A00014DA5A6D01325A65E26D0132E265D3F88C
:1089B000C4200132C3F8C420D4F8CC300133C4F849
:1089C000CC3028461FF088F83046F8BD1A6D0132C9
:1089D0001A65A26D0132A265D3F8C0200132C3F836
:1089E000C020D4F8C8300133C4F8C8303E46EBE7A5
:1089F000885F00202DE9F04F9A4687B000261823A3
:108A0000CDE90463D2F800B08C680D46FCB9D5E915
:108A10000393284603931FF0C2F91728504F07D934
:108A200004A92846FCF7B0F98046A0B96FF0040409
:108A3000D7F8C430AA690133C7F8C430D2F8CC30B3
:108A40000133C2F8CC30002C77D0022076E0238AA4
:108A500064681E44DAE7059928461FF023F9D7F821
:108A6000BC20A9690132C7F8BC20D1F8C42001326A
:108A7000C1F8C420B8F8161049BAA8F816106A8FC1
:108A8000443202EB011292B2B6B2B242CED8B2F583
:108A9000A06FCBD89BF80720012AC7D19AF80120F4
:108AA000002AC3D1FAF7FCFB1022014608F10400AA
:108AB00029F0B5FD83460028B8D1A869D0F8E0A018
:108AC0000AEB4413013493F8DC30D90744BFC3F3F5
:108AD00040039B44042CF3D1142140F2676200232D
:108AE00001FB0BF1CDE900230C313A230222FCF704
:108AF00027F9064610B96FF0680499E71FFA8BF161
:108B000020F044F9044628B16FF0680430461EF0A6
:108B1000E3FF8DE70AF1C40B0AEB441393F8DC3052
:108B2000DA0712D40134042C0BF1200BF4D13046B7
:108B3000FFF722FF04460028E8D10120039BC5F877
:108B40000C902B6107B0BDE8F08F9B07EAD502229D
:108B50005946304620F0E8F80028E3D0D4E700BFBB
:108B6000885F002030B585B00D46039003A92846E4
:108B70001DF080FC044618B3039820F0FCF8A0B95F
:108B800003981DF0EDFF98B1039821461DF086FC77
:108B9000039801222146F7F7AFFF10230093039AB1
:108BA0000949231D4020FAF7BFFC002005B030BD65
:108BB00003980422294620F053F90028E4D0F5E771
:108BC0006FF00100F2E700BF000040E0F7B5044697
:108BD0000F46F8F7DDF9064670B3037F9B0729D4EB
:108BE000204620F0C8F828BB20461DF0B9FF80B908
:108BF00004223946204620F033F9054648B110F1E9
:108C0000730F03D039462046F8F732F9284603B0EF
:108C1000F0BD314620461DF041FC01223146204680
:108C2000F7F76AFF102300930549331D22464020C1
:108C3000FAF77AFC0025E9E76FF00B05E6E700BFDD
:108C4000000040E070B58AB00E46039003A930469C
:108C50001DF010FC044648B30FCC05AD0FC50398BA
:108C600023682B603146F8F703F9A0B1039820F090
:108C700082F880B903981DF073FF78B10398002241
:108C800005A9F7F739FF10230093039A094906ABAA
:108C90008020FAF749FC00200AB070BD0398032237
:108CA000314620F0DDF80028E8D0F5E76FF001004C
:108CB000F2E700BF000040E090B583B0124B1348CC
:108CC0008222009302AF00230221FCF741FB031E26
:108CD00017DA0F480268520713D06C468AB002AA0E
:108CE0000C4951610C49C2E906134FF40073138417
:108CF0000A4B42F8103F00234FF41151E6F7A6F853
:108D0000A5460437BD4690BDF589020070B200202B
:108D1000082500208CE50500FBE7050004000001A4
:108D20002DE9FF41064614480C4690461FF068FDA9
:108D30000546E8B12346466086686C4603F1100C90
:108D40006F4618685968224603C2083363451446C3
:108D5000F7D106F120033C4603CC04AA94421860E4
:108D60005960274603F10803F5D1AB6883F83080DA
:108D7000284604B0BDE8F0814019002038B505460A
:108D8000FEF716FB0A4B00221C46197811B19968B0
:108D9000A94209D00132082A03F14403F5D1002485
:108DA000FEF710FB204638BD442303FB0244F7E7DF
:108DB0004C1900202DE9F74F81468A46FEF7F8FA54
:108DC0004FF00008274F464644463B786BB3B9F155
:108DD000000F02D07B684B4527D1D7F808B09BF82D
:108DE0003050B54221D3802D1FD80BF12001EA0865
:108DF0005046CDE9001229F012FCB0B9684210F0DB
:108E000007002CD0019A00991AF802C08B5CC0F1BF
:108E100008018CEA0302FF238B40DB43DBB2834073
:108E20001A40002A04BF2E465C4608F10108B8F13A
:108E3000080F03D0330607F14407C6D54CB10A48E2
:108E4000214620F053F8036823604368046003B9A7
:108E50004460FEF7B7FA204603B0BDE8F08F2E4617
:108E60005C46E2E74C1900208CB2002070B50D463C
:108E70000446002839D0FEF79BFA6B1C04F110065B
:108E800094F831300BD143F00403184884F83130A2
:108E9000314620F02BF8BDE87040FEF793BA23F07E
:108EA000040384F8313024F0CDFB4FF47A73A0FB37
:108EB000030203FB0122C00B40EA4242294630462E
:108EC0001DF094FE0948314620F010F8002323617C
:108ED00043683BB9C0E900660022002304480FF054
:108EE0006FFDD8E71E604660F6E770BD84B20020D3
:108EF000585F002070B5044630B1FEF759FA0C4EA9
:108F000065681DB9FEF75EFA002405E06B689C6891
:108F100024B11C34FEF756FA204670BD33685B0757
:108F200004D0044A0121304619F0F0FF2D68E8E72B
:108F30001C250020FFE70500F0B5044695B0002889
:108F400064D003ADFEF734FA04F1300704F12003D6
:108F50002A46186859682E4603C60833BB42354670
:108F6000F7D10FCA0FAD85E80F0094F830308DF8B7
:108F70004C302046FFF7BEFF07AD034600F1100757
:108F80002A46186859682E4603C60833BB42354640
:108F9000F7D10FCA0BAD85E80F0024230093E268D8
:108FA0001C492B464FF40060FAF7BEFA94F83130B2
:108FB0005B0709D4184804F110011FF097FF0368FC
:108FC00013B9164824F0C0F8154821461FF08EFF4B
:108FD0002046FFF7D3FE054628B9FEF7F3F96FF0F8
:108FE000010015B0F0BD646834B928461FF0FBFBE2
:108FF000FEF7E8F92046F4E7606828B11FF0F3FBBC
:10900000A4F110001FF0EFFB2468EDE76FF01500EE
:10901000E7E700BF000040E084B20020585F002076
:109020008CB200202DE9F04104460D46FEF7C0F950
:10903000294620461FF09EFD0F4C0026074604F5EA
:1090400008783546A06840B1436833B15A68BA42DF
:109050000ED1FFF771FF68B9013544344445F1D1B1
:10906000FEF7B0F9002D14BF28463046BDE8F08168
:109070001B68EAE70646F0E74C1900202DE9F041AD
:1090800024F0E0FA4FF47A72A0FB020302FB0133F2
:10909000C00B40EA4346FEF78BF91E4B1C68254681
:1090A0001CB155F8104904B1103C4FF0FF37B5B969
:1090B0007B1C10D040F2E73029464FF400444FF4B7
:1090C0007A720023E7FB0401E3F7BAF902460B4684
:1090D00011480FF075FCBDE8F041FEF773B905F1DA
:1090E0001008314640461DF0B9FD68B909484146AF
:1090F0001FF0FCFE2846FFF71FFF4CB1236903B1A8
:10910000103B25461C46D2E7874228BF0746F4E7B6
:109110002346F6E784B20020585F00202DE9F04F87
:1091200095B00D4690461E46DDF878A09DF87C90DF
:109130000746FAF7B5F810220146284629F06FFADB
:10914000044638B3FEF734F9314638461FF012FDB5
:10915000002854D04078FF2801D0FDF72FFD294684
:109160003846FFF727FE044660B3FFF7C3FE01460B
:10917000A0B11022304629F052FA78B95146204663
:10918000FFF774FE94F8313069F3010384F831304D
:10919000FEF718F9204615B0BDE8F08FB9F1020FBF
:1091A0002DD0B9F1030F2AD894F8312009F1010329
:1091B000013202F0030203F003039A421FD8204653
:1091C000FFF7BAFE424629463846FFF7A9FD044696
:1091D000B8B9414841681FF089FE0846FFF7ACFE68
:1091E000424629463846FFF79BFD044648B93B48AE
:1091F00003685A0703D03A4A012119F087FE002478
:10920000C6E73848428808231032017869B900F16E
:1092100010038360FF2343701FF0EEFA48B92F4814
:1092200003685B07EBD0304AE6E7013B1044ECD122
:10923000F5E7A468D0F808B094F83130E76069F336
:10924000010384F8313051462046FFF70FFE224BD0
:109250001A6822605A681C6002B95C603146384660
:109260001FF088FC814608B11FF0C6FA0023CBF836
:109270000030CBF80490C4E901BB03AA05F1100E3D
:109280001346286869689446ACE8030008357545BC
:109290006246F6D10FCB0FAD85E80F0007AD334620
:1092A00006F1100C2A46186859682E4603C6083382
:1092B00063453546F7D10FCA0BAD85E80F0024236F
:1092C00000930A498DF84C802B463A464FF4806053
:1092D000FAF72AF95CE700BF8CB200201C250020B9
:1092E00029E805006C1B002046E80500000040E06E
:1092F0002DE9F0410B4C06460F46FEF759F804F5F0
:1093000008780025237823B1A06810B13946B0470A
:10931000013544344445F5D1FEF754F82846BDE8FC
:10932000F08100BF4C19002070B50D460446FEF7D1
:109330003FF8294600201FF01DFC0646002855D0A6
:109340004078FDF73BFC0546002852D094F82530C4
:1093500073B14278811C04F1260029F060F968B9E4
:10936000284803685A0703D0274A012119F0CEFD87
:109370006FF01504FEF726F8204670BDA36923B3ED
:1093800094F8373023F0080384F83730A16904F1EA
:10939000240011B1096801B110311FF09AFD29466E
:1093A00004F12C001FF095FD7368A36133B11B68B5
:1093B0002BB31B7C84F8243084F82C30FEF702F8A1
:1093C0002046BDE870401FF078BD94F837301B0789
:1093D000DCD5A368DA68D379012B0DD9013BD371B1
:1093E000A368DB68DB7984F83930CFE76FF00104DC
:1093F000C0E76FF00204BDE76FF07304BAE71B78B3
:10940000FFDE00BF1C25002062E80500014902487C
:1094100023F08CBE7D900200585F002038B50546D1
:10942000013DC1F3130141F1FF310D2D71F1000137
:1094300014461846049A10D20C2D0ED8DFE805F019
:1094400007100D151A1F23270D0D2C313500ACB355
:1094500004F10801D824A2422CD06FF015002CE0B2
:1094600074B304F118010424F5E75CB304F10801B6
:109470001024F0E744B304F11C011824EBE72CB3EB
:1094800004F14401F4E71CB304F13401F0E70CB338
:1094900004F1B8010C24DEE7F4B104F15401142402
:1094A000D9E7DCB104F1A801E2E7CCB104F168012D
:1094B0004024D0E729F07DF8002038BD0949C9E7EC
:1094C0000949D0E70749D3E70849D6E70849CFE774
:1094D0000849CDE70849DDE70849E0E70849C7E75B
:1094E0000849E5E7885F0020985F00209C5F002026
:1094F000C45F0020B45F002038600020D45F0020EB
:1095000028600020E85F002010B5044618B1BDE8CF
:109510001040F7F765BAF7F781FA21460248BDE82F
:109520001040D82229F06CB8885F0020054AD2F894
:1095300080300133C2F88030D0F888300133C0F871
:1095400088307047885F002038B504461EF072FAF4
:109550000F4B1D689DB12046A84700280ADA0D4828
:1095600003685B0703D00C4A01211FF055FD20461C
:109570001EF0B2FA2046BDE838401EF0ADBA23F026
:1095800032FE421E65F100032046F6F7CDFDE4E70A
:1095900098B200203825002087E8050070B500212A
:1095A000B0F8965280F89E1204464FF4004C40F2F8
:1095B000E7304FF47A720023E5FB0C01E2F740FF3D
:1095C00002460B46034804F59C71BDE870400FF05D
:1095D000C9B900BF6060002070B500F50274204674
:1095E0000D4923F0A3FD0D4B1D684FF4004C25EAF7
:1095F000E57540F2E73000214FF47A720023E5FB75
:109600000C01E2F71DFF02460B4605482146BDE866
:1096100070400FF0A7B900BFD9920400A4B2002097
:109620006060002010B5044600F5027023F08CFD48
:1096300004F5B4710348BDE81040002200230FF088
:1096400091B900BF606000202DE9F04F90F836809E
:10965000438F4FF0140B984485B0044608EB0B0A77
:1096600020461EF0CCFA94F8373043F0010384F81A
:109670003730414620461EF015FBC8B9142120465C
:109680001EF078FC00285BD1A068D4F80C901FF085
:10969000ACFC8245D9F8047003460DD9294802680C
:1096A000520705D0284ACDF800A0012119F041FC4D
:1096B000002005B0BDE8F08F40F6CD420023142114
:1096C0002046FBF79BF905460028F1D0C6684369A0
:1096D000418AF31AC91A89B2132902D8E9F740FC62
:1096E000E6E7CDF800B0A268434630461AF0D5FF51
:1096F000142105F10C001AF0FFFFD4E90323D2680E
:10970000B9F810609B1AF61AC6F11406A9F81030C1
:109710001EB96F60C9F80450A2E7398AB14228BF68
:10972000314607F10C00761A1BF00EF83A8A7B6876
:1097300022B938460393E9F713FC039B1F46E7E77A
:109740002069B6E73825002097E805002DE9F843A1
:109750000546A0F5FC74A0F5A6760022002330464D
:109760000EF09EFE0746002840F0B3806368B3F811
:10977000B230C3F34103032B0ED14FF0FF336948DE
:109780004FF0FF321FF079FC674B1E68002E40F04F
:10979000A38064481FF081FCA5F5C8774FF0FF3324
:1097A0004FF0FF3238461FF068FC6368B3F8B23000
:1097B000C3F34103032B07D0206E28B100F51D70C1
:1097C0001FF083FC002323666368586C20B1FCF70C
:1097D00077F8636800225A64206D50B194F8A13282
:1097E0001B0706D5B4F83812002305F14402F8F738
:1097F00053F862680023A5F59079D365484684F84C
:10980000783223F0A1FCA5F5D0784FF0FF324FF06D
:10981000FF3338461FF031FCD8F800604EB1D8F85D
:1098200004203368C8F80030964208BFC8F80430F6
:109830001C3E38461FF031FC002E66D1A5F1C00059
:1098400023F082FC206908B11EF010F9E06C18B119
:10985000E9F786FB0023E364A5F1900023F074FC94
:1098600005F1100023F070FCA5F1600023F06CFC02
:10987000A5F1300023F068FC484623F065FCA5F113
:10988000F00023F061FC38461FF007FC4FF0FF3278
:109890004FF0FF3323481FF0F0FB60681DF02DFDF3
:1098A00000236360204B1A6852B1944237D122687A
:1098B0007EBB59681A608C4200D15A600023236035
:1098C00018481FF0EAFB21461848BDE8F84323F08A
:1098D000F7B91EF001F940E706F168084FF0FF33D1
:1098E0004FF0FF3240461FF0C8FB7368B3F8B23048
:1098F000C3F34103032B03D0336E9C4208BF37668A
:1099000040461FF0CAFB366840E730461EF0E4F8D8
:109910007BE732605A68944208BF5E60CEE7164625
:109920001268C1E7742700209CB20020E4250020C3
:10993000F8B591F83730C3F30213012B05461746EB
:10994000084608D0022B22D02448026852073FD193
:109950006FF0150007E08B68DC68FFF775FE0646C0
:1099600010B96FF06800F8BD18220021284628F0D1
:1099700047FE012F0CBF338873886B800CBF0C34FB
:10998000103423686B6001232B800020EBE78B6889
:10999000DC68FFF759FE06460028E2D000211822B5
:1099A000284628F02DFE012F0CBF31887188698070
:1099B0000CBF04F1080304F118032A1D03F1100180
:1099C00053F8040B42F8040B8B42F9D10223DBE776
:1099D000034A012119F0A3FABAE700BF3825002095
:1099E000C1E8050013B5D0E99A3199420CD9114864
:1099F0000268520704D0104A0091012119F099FA27
:109A00006FF0210002B010BDB0F8942291420EDA3E
:109A1000B0F89842A1420ADA501A641AA042A3EBA5
:109A20000103A8BF20469842A8BF1846EAE70020D5
:109A3000E8E700BF38250020DDE805002DE9F04308
:109A40000688022E95B004460D4646D1B0F8028035
:109A50004F8810220021043407A828F0D1FD94E893
:109A60000F000BAE043586E80F0095E80F000FAC31
:109A700084E80F00344CADF84C802378ADF84E707C
:109A80002BB9324810211AF027FF012323702F4BE6
:109A900007AC03F1100518685968224603C2083361
:109AA000AB421446F7D102AB01931023009334224A
:109AB00003AB07A9264824F07CFF039C23F0C2FDDA
:109AC000244DA0FB053205FB0122DB0B43EA424398
:109AD00004EB931015B0BDE8F083012E2DD14C6836
:109AE000D0F80490B0F802804F881022002107A817
:109AF00028F086FDCDE90B94174CADF8348023781F
:109B0000ADF8367023B9114810211AF0E5FE267021
:109B10000E4B07AC03F1100518685968224603C2C2
:109B20000833AB421446F7D102AB01931C22102339
:109B300000930DEB020103ABBCE7042107A81AF068
:109B4000C8FE0798C6E700BF07E4002008E400202D
:109B50000900000200CA9A3B06E4002000F51C73CD
:109B6000BFF35B8FD0F87022BFF35B8FBFF35B8FC7
:109B700053E8002F013A43E800210029F8D1BFF350
:109B80005B8F22B900F5FC71014823F0B9BA704728
:109B90006060002037B50023019305460022554838
:109BA000002301A90EF0BCFA044680B152480368B4
:109BB0005B0703D0514A01211FF02EFA019B002BB5
:109BC00000F094805D600020EB6503B030BD01467D
:109BD0004FF42A72019828F013FD01980830FBF722
:109BE000FFF8019BBFF35B8F03F51D7353E8002F54
:109BF00043E800410029F9D1BFF35B8F0198683039
:109C000023F0BDF80198AC3023F03CF901987C308A
:109C10004FF0FF32214623F0BDF901989430012224
:109C2000114623F0B7F90198354980F89F42022286
:109C300080F87822334AC0F87C42C0E9A32241F27E
:109C40005552A0F8942290F8A12222F00D0280F83B
:109C5000A1224FF6FF72A0F89822C0E91644D8302E
:109C600023F064FA0198284900F5B47023F05EFAF5
:109C70000198264900F5027023F058FA019824490A
:109C800000F59C7023F052FA0198224900F5847087
:109C900023F04CFA0198204900F5CC7023F046FAE5
:109CA00001981E4900F5E47023F040FA01981C4920
:109CB00000F5FC7023F0F9F9019800F51C701FF015
:109CC00004FA4FF0FF324FF0FF3316481FF0D5F97A
:109CD000019B154A1C60516829B9C2E9003311483B
:109CE0001FF0DBF96AE70B605360F8E76FF00B00D9
:109CF0006BE700BFE425002038250020F7E80500C9
:109D0000E390040055155515E5920400F192040006
:109D10007DA702009F900400E9A1020009960400BB
:109D20004D970200742700209CB200202DE9F041DD
:109D300092B0C56D0CAF04460E4690460021182225
:109D4000384628F05DFC75B195F87832022B0AD1BF
:109D50002E66B4F8B230C3F3C203012BADF8303035
:109D600006D0022B30D06FF0150012B0BDE8F081A4
:109D7000636A0BB11B680D93658CADF83250E68DAC
:109D8000606CC4F80480FBF79BFDB4F8B230B4F803
:109D9000B0009DF83020009704F1440CCDE9054C4B
:109DA0006DBADFF84CC076BAADB2B6B2C3F381116A
:109DB00013F48073CDE9034CCDE9016518BF04F1BC
:109DC0002C03FBF731FCD0E7636A002BD4D008AD3D
:109DD00003F1100C2A46186859682E4603C608334A
:109DE00063453546F7D10FCA0DAD85E80F00C3E7CF
:109DF000CDAA020073B500230E460DF1060206211E
:109E00000546ADF806301DF0CEF800280DDBBDF894
:109E1000063053B931462846FAF7B6FF044620B15A
:109E2000314628461EF0CAF860B10849AA69D1F83F
:109E300084300133C1F88430D2F88C300133C2F859
:109E40008C300024204602B070BD00BF885F002027
:109E500070B54FF0FF3305464FF0FF320F480E4606
:109E60001FF00BF90E4B186808B1046820B9BDE863
:109E700070400A481FF011B9BFF35B8FD0F8703201
:109E8000BFF35B8F002B01DD3146A8471CB123686F
:109E900020461C46EAE72346FAE700BF7427002065
:109EA0009CB200202DE9F04F9A4690F8D23013F082
:109EB000010F43688BB004460F4640F6CD404FF08B
:109EC00000011546B3F8B220CDE900014FF00603BA
:109ED000206DC2F3C20214BF18211421FAF730FF1B
:109EE0000646002800F0F18025B1A9681DF091FE1A
:109EF0000023AB6096F83730C3F30213012B11D166
:109F0000606804F5157304F50F723146F9F736FFF2
:109F10000028054614DA30461DF0DEFD28460BB059
:109F2000BDE8F08F022B08D1606804F5157304F5C5
:109F30000F7231461DF07FFAEAE76FF01505EAE788
:109F40000DF10C090DF114084FF0140B4946304681
:109F5000CDF80C80CDF810B0FAF716FF054610B911
:109F60006FF06805D7E75A46002128F049FBB4F89E
:109F70003A322B80B4F852326B802B7B052262F38D
:109F800007132B7394F8D2306F7303F0010313445B
:109F90002A7B63F307122A73B4F890325BBAEB8121
:109FA0009AFA8AFAC5F804A017F0100703D0D4F87B
:109FB00088321BBAAB60494630461DF0FFFF051ED4
:109FC000A9DB94F8D230DB071AD50423414630468A
:109FD000CDF814900693FAF7D7FE05460028BFD0B7
:109FE00020461FF0E0FA83B21BBA43F4806343F0CB
:109FF00002032B60414630461DF0E0FF051E8ADB60
:10A0000030461FF01FF8051E85DB314B1B6823B15E
:10A0100030460BB0BDE8F04F18471FB1B4F890328E
:10A02000A4F88C3296F83730C3F30213012B1BD0FF
:10A0300096F83730C3F30213022B11D1B368DB68F3
:10A040009A6903F118003AB9DA692AB91A6A1AB991
:10A050005B6AB3F1807F0ED00021F6F79BFE50B90A
:10A060003046FFF771FA59E7B368D3F80C8098F8D7
:10A0700010307F2B0FD10022F261E26D06F11C033C
:10A0800002BBC4E916330022002304F1D8011148B1
:10A090000EF038FC42E708F11009002148461CF098
:10A0A0009EFB07460028E6D1F9F7F6F8D8F810200D
:10A0B00003689A42DFD0494638461CF06AFB002804
:10A0C000B6D0D8E71360E365DDE76FF0680525E7F4
:10A0D00098B2002060600020F8B5C46D0D46002CD9
:10A0E0007BD004F168064FF0FF324FF0FF3330466B
:10A0F0001EF0C3FF6DB104F59C7023F025F83046C7
:10A100001EF0CBFF6FF07D0120461FF0A7F8002066
:10A11000F8BD94F87822131F012B4AD8D4F868129E
:10A1200009B394F8A132B4F8967243F002032946B9
:10A1300040F2E7304FF4004584F8A1324FF47A72D0
:10A140000023E7FB0501E2F77BF902460B462448B2
:10A1500004F59C710EF006FC30461EF09EFF204672
:10A16000FFF7FCFCD3E71F4B1D6840F2E73025EA00
:10A17000E5754FF400474FF47A720023E5FB0701C1
:10A18000E2F75EF902460B46154804F502710EF03F
:10A19000E9FB112120461FF02DFAD4F87C3201335F
:10A1A000C4F87C322046FFF7F9F9062384F87832A8
:10A1B000D2E794F8A132D907CED5012ACCD965F3DC
:10A1C000000384F8A13204F17C000EF0FDF96FF079
:10A1D000700120461FF042F8BEE76FF0010097E7DC
:10A1E00060600020A4B20020F7B50546A0F598767F
:10A1F000A0F5CC774FF0FF324FF0FF3330461EF022
:10A200003CFFD5F8E430D5F8D420013B13441021AD
:10A2100000223846FFF746FE38461EF0FFFEB5F82E
:10A22000FC30B3BB95F80821B5F8FE403E2A9CBF30
:10A230000132D2B2A2F1200004FA00F0C2F12001F2
:10A2400003FA02F324FA01F143EA000304FA02F4E8
:10A25000134898BF85F808210B43611E43F1FF3373
:10A260000022884272EB0303019238BF0D4C019922
:10A2700040F2E7304FF400474FF47A720023E4FBDA
:10A280000701E2F7DDF802460B46074829460EF0C3
:10A2900069FB304603B0BDE8F0401EF0FEBE00BFD3
:10A2A000BFD40100C0D40100606000202DE9F04F50
:10A2B00097B0C46DBDF880B0054690F9B4009946DA
:10A2C0008A461646DDE922871EF0E5FE2065204617
:10A2D0001EF0A4FEB5F8B230C3F3C203012B6BD05D
:10A2E000022B00F0888004F5147104F50E70FFF75E
:10A2F000A5FBC4F87C02B5F8B21021F0060141F0CC
:10A30000020189B205F14403A5F8B210CDE9055365
:10A31000A34B9BFA9BFBCDE9035399FA99F91FFADA
:10A320008BF302931FFA89F3CDE90063C1F3C202F4
:10A33000B5F8B0005346C1F38111FBF775F9061E5D
:10A3400036DBB4F83812206D04F50F721CF0D8FA21
:10A3500094F8A13243F0080384F8A132249B636689
:10A36000259B6B6094F8A13243F0010384F8A1327D
:10A3700004F16805D4F87C32C4F880324FF0FF3223
:10A380004FF0FF3328461EF078FE94F8D23043F0A9
:10A39000010384F8D2300022D4F87C320221204616
:10A3A000FFF780FD061E80F2A68028461EF075FE8F
:10A3B000304617B0BDE8F08F0022C4F83C22C4F844
:10A3C0005422A4F83832A4F85032A4F85292A4F8D7
:10A3D0003AB2736843B995F9B4001EF05CFE0AF115
:10A3E0000401F7F781F80368C4F83C32DAF8043066
:10A3F000C4F8543277E71422002104F50F70099352
:10A4000028F0FEF81422002104F5157028F0F8F861
:10A41000099BA4F83832A4F85032A4F85292A4F858
:10A420003AB27368002B49D1B368002B46D1F36868
:10A43000002B43D13369002B40D195F9B4001EF0B5
:10A440002AFE0AF104011CF03AF90DF1280C03462A
:10A4500000F1100E18685968624603C2083373454C
:10A460009446F7D10DF1280C04F50F720DF1380E5A
:10A47000634603CB7345106051609C4602F10802AD
:10A48000F6D10AF104030DF1480C0AF1140E186814
:10A490005968624603C2083373459446F7D10DF1FB
:10A4A000480C04F51572634603CB516016A98B4224
:10A4B00010609C4602F10802F5D19BE7331D0DF1B7
:10A4C000380C06F1140E18685968624603C2083346
:10A4D00073459446F7D10DF1380C04F50F720DF168
:10A4E000480E634603CB7345106051609C4602F1F1
:10A4F0000802F6D1C5E72046FFF750F894F8D230AD
:10A5000023F0010384F8D230D4F87C320133C4F84C
:10A510007C32032384F8783204F51C701EF0D5FDDC
:10A5200028461EF0BAFD94F87832012B06D894F82C
:10A53000A132D9062ED56FF06E0639E758EA070228
:10A5400001D1052B29D142463B4604F17C001EF087
:10A5500077FDB8B194F87832052B13D094F8A13276
:10A56000DA0708D523F0010384F8A1326FF07301F4
:10A5700020461EF073FE94F8A132DB06DBD46FF0A8
:10A58000730615E794F8A13223F0010384F8A13291
:10A5900000260DE76FF07F060AE76FF0760607E703
:10A5A000CDAA02002DE9F04383B0044602AFFFF7C5
:10A5B00019FA94F8CC300546DE0720464CBFB4F8B3
:10A5C000C8604FF406761EF0EEFFB0421ADD94F834
:10A5D000CC30D80740F1BC80B4F8C8309D42C0F2FE
:10A5E000BB80B4F8C85020461EF0DDFFA84216DD3F
:10A5F00094F8CC30DA0717D5B4F8C850B5B96FF075
:10A600003C05AFE020461EF0CEFF8542C0F2A4809C
:10A6100094F8CC30D907E4D44FF40675E3E720462C
:10A620001EF0C1FF0546E9E74FF406756368206D2B
:10A63000B3F8B22040F6CD484FF00009CDE90089CB
:10A640000623C2F3C2022946FAF77AFB0646B0B9DE
:10A65000474803685B070FD0E84688B002AA454B1D
:10A66000D561C2E90534042342F8103F4FF401518B
:10A670003346E4F7EBFBC5466FF0680572E0D4F8AB
:10A680006C9204F108081DF0BAFA40461DF0B7FAC2
:10A69000B9F1000F0AD12A46414630461DF02DFB84
:10A6A000002810DA30461DF017FAE5E794F83F303D
:10A6B00043F0010384F83F30494640461DF0F2FA6A
:10A6C0000028E8DAEEE7D4F87C22D4F86C321821BE
:10A6D000134420463246FFF7E5FB8046D8B9D4F84C
:10A6E0006C3294F8792224492B44012AC4F86C3244
:10A6F000236D15D10A6F2A440A679A6F2A449A6714
:10A70000D1F89430226D0133C1F89430D2F89C30E6
:10A710000133C2F89C3030461DF0DEF9454621E099
:10A72000D1E91820521940EBE570C1E918209A6E62
:10A73000D86E521940EBE575C3E91A25CB6F226D2F
:10A740000133CB67D2F884300133C2F88430E2E7BA
:10A75000B5F5067FBFF660AF2046FFF743F9051E4B
:10A76000BFF64CAF28460437BD46BDE8F08300BFB6
:10A77000382500200CE90500885F0020F8B5A0F519
:10A780009C74A0F1D0064FF0FF3205464FF0FF3326
:10A7900030461EF072FC94F89E22082A00F2E580F2
:10A7A00094F87832033B072B00F28180DFE803F056
:10A7B000040D13CF7F13CFCFD4F87C320022013B9E
:10A7C00002212046FFF76EFBA2E0D4F87C32002283
:10A7D000013B1221F5E7002A52D194F8CC302046F3
:10A7E000D9074CBFB4F8C8704FF406771EF0DBFEF3
:10A7F000B8426DDD94F8CC30DA076DD5B4F8C800F6
:10A800004000D4F86C2202EBD272B0EB620F4FEA38
:10A81000620313DD94F8CC302046DB074CBFB4F85C
:10A82000C8704FF406771EF0BEFEB84257DD94F8AC
:10A83000CC30DF0758D5B4F8C8305B009BB2A4F821
:10A840009A3294F8CC30D80720464CBFB4F8C87080
:10A850004FF406771EF0A7FEB84248DD94F8CC30DE
:10A86000D90748D5B4F8C800A4F8980220461EF0CD
:10A87000C4FB28B100220023A5F1A4001EF0E0FBD8
:10A880000023012784F87972C4F86C322046FFF760
:10A8900089FE10F13D0F31D1354803685A0703D0C6
:10A8A000344A39461EF0B8FB002384F8793200257B
:10A8B00030461EF0F2FB002D59D094F87832012B6F
:10A8C00055D920466FF07301BDE8F8401EF0C6BCB4
:10A8D00020461EF068FE93E74FF4866091E720461D
:10A8E0001EF061FE4300A9E74FF48663A7E7204608
:10A8F0001EF059FEB8E74FF40670B5E7693007D18E
:10A900001B4803685B0703D01B4A39461EF084FBD3
:10A9100094F89E22B4F896320132D2B2082A84F812
:10A920009E2220DD23EAE3774FF4004C40F2E7302B
:10A9300000214FF47A720023E7FB0C01E1F780FD60
:10A9400002460B460D4829460EF00CF8AFE7D4F846
:10A950007C320022013B112133E703EB6303013119
:10A960009142FADBDEE70021FAE70125A0E7F8BD16
:10A970003825002032E9050060E90500606000200C
:10A980002DE9F74F3D4BD3F8009004460D4617468E
:10A99000B9F1000F04D0C847022003B0BDE8F08F22
:10A9A00043689B6C002BF7D0C36C002B62D0084629
:10A9B000D2F800A0FEF748FEE16C43688E691BBA2E
:10A9C0000AEB030BABEB06020846019300921EF064
:10A9D0000CFB009A019B824280463DD232B1114667
:10A9E00028461DF0F1F84644A6EB0B08E16CA86878
:10A9F00019F035FE0023E36404F5847022F0A4FB13
:10AA00003B6843443B6028461DF0F9F895F8373021
:10AA1000A86843F0010385F837301EF0E6FA39687C
:10AA2000411A28461DF03EF90028B5DB396820465A
:10AA300049421EF0A1FEB4F88C323A689A429ABF9D
:10AA40009B1A9BB2002304F1AC00A4F88C32294677
:10AA500022F058FA0020A0E7A6EB0A06F61A002E0C
:10AA600008DC0846E8F77CFAC4F84C9004F58470DA
:10AA700022F06AFB4FF00008C2E700BF94B200204A
:10AA800070B5C46D05460E4654B90E4803685B07A1
:10AA900003D00D4A01211EF0BFFA6FF06A0070BDAD
:10AAA00068344FF0FF324FF0FF3320461EF0E5FAD6
:10AAB000E86D31461EF060FE20461EF0EEFA0020E2
:10AAC000EDE700BF3825002090E905002DE9F04FA3
:10AAD0009FB04FF0FF33B04808AF4FF0FF320D4644
:10AAE0001EF0CBFAAD4B1C6854B326680CB9A046D7
:10AAF00014E00022294604F50E701EF098FB20B9E0
:10AB0000E6B9334634461E46F0E70122294604F5ED
:10AB100014701EF08CFB80460028F1D09E481EF079
:10AB2000BCFAB8F1000F02D0002C40F0108128468A
:10AB3000FEF78AFD30B94FF0020A75E33368E1E7AA
:10AB40002646D3E7037B4F2BF5D9467BB30742D587
:10AB500016F010063FD1D7F88030D3F85CA0BAF1D8
:10AB6000000FE8D0BFF35B8FDAF87432BFF35B8F6E
:10AB7000002BE0DD95F83780FE6107F130091822DF
:10AB80003146C8F30218484627F03AFD07F11C0386
:10AB9000062201214046F8F7BBFE031E1FDA80485B
:10ABA0000268560703D07F4A012118F0B8F97E49A0
:10ABB000AA69D1F898307A480133C1F89830D2F8B0
:10ABC000A0300133C2F8A0300368590703D0774A98
:10ABD00001211EF021FA28461EF0EEFBABE7FB69CF
:10ABE000DC6DAB69236520461EF018FA95F8373006
:10ABF0006268C3F30213042B98BFDE00B2F8B230D0
:10AC00001E43A2F8B26004F51476012229463046AC
:10AC1000FEF78EFE024608B1F86907E0294604F502
:10AC20000E70FEF785FEFA6918B11046F8F762FF5C
:10AC3000BDE7334602F12C0104F51A7053F8046B9A
:10AC400041F8046B8342F9D1B2F8B230A2F8208007
:10AC500043F48073A2F8B230C3F3C203022B3B86E5
:10AC60001ED107F1200604F50F7304F5137E32465A
:10AC700018685968B446ACE8030008337345664663
:10AC8000F6D10FCA07F1340686E80F004946F86985
:10AC90001822F8F757FF0028F96907DA0846C5E7D0
:10ACA000012BF3D1D4F83C327B63EFE7B1F8B2303B
:10ACB000C3F3C203022B03D1B4F83A324B8401E050
:10ACC000012BF9D02C314846FEF7B8FEC4E99F00AD
:10ACD000FB6903F14402CDE90532354ACDE903327F
:10ACE000B4F83A2252BA92B20292B4F8522252BA4C
:10ACF00092B2CDE900922C33424601210620FAF7A8
:10AD000093FC031E08DA26480268540784D0294AB7
:10AD1000012118F004F97FE7B4F85012206D04F512
:10AD20000F721BF0EDFD94F8A132C4F860A043F05F
:10AD3000080384F8A1322846FEF786FC814690B9C4
:10AD4000174803685B073FF4F6AE1B4A07E0002D87
:10AD5000F1D1134803685A073FF4EDAE174A0121B9
:10AD60001EF05AF9E7E604F16803067B90F80D80BF
:10AD70007B614FF0FF324FF0FF3304F168001EF0AB
:10AD80007CF994F8783208F03F0A3609D346BBB90B
:10AD900078691EF082F9CEE6742700209CB200206C
:10ADA00038250020A5E90500885F0020D3E90500CB
:10ADB000CDAA0200BBE905000BEA0500F8E9050091
:10ADC00028461EF003FAF86194F87832023B012B12
:10ADD00013D9B4F8901200296BD0D9F804C0D4F874
:10ADE00088329CFA8CFCACEB0302D8BB002A69DBEE
:10ADF0000B44ACEB0303002B64DABAF1000F6BD009
:10AE000018F0040F68D09C4BA969D3F89020013248
:10AE1000C3F89020D1F898200132C1F8982094F816
:10AE2000A12242F0100284F8A12212F0010200F0E7
:10AE3000908799F80D20142A40F09287D9F80820BD
:10AE4000D4F87C1212BA8A4200F08D87D3F88C2095
:10AE5000A9690132C3F88C20D1F894300133C1F8CC
:10AE6000943095E7002A04DBCA18ACEB0202002AF2
:10AE7000C3DB421E6244A2EB030CBCF1000F03DBF8
:10AE80001944521A002AB8DBBAF1000F00F0B38758
:10AE900018F0040F00F0AA877749AA69D1F88C301E
:10AEA0000133C1F88C30D2F894300133C2F89430B9
:10AEB0006EE70028E8D1D9F80430D4F888221BBA0C
:10AEC00093429AD0BAF1000FE2D161E718F0100F67
:10AED0003FF45EAF00F08FBF052E30D0EB683B61D2
:10AEE00028462B69FB601CF08AFE95F836106B8FA4
:10AEF0001944143128461CF0D5FE053E00284FEABF
:10AF000086062DDB282E324607F1300128BF282285
:10AF100028461CF0DDFE07F130010028ACBF0A46D0
:10AF200000223B69EB60FB682B6194F8CC3023F086
:10AF3000030384F8CC30002A5BD1002E2EDD94F878
:10AF40007832023B012B40F29F80BAF1000F00F0F3
:10AF5000828018F0020F4ED0206DFEF7E7FA26E04F
:10AF60000022DEE75078012818D9814216DB022B37
:10AF700027D0032B32D00244091A0029DDDD1378D3
:10AF8000002BDAD0012B32D00129EBD13B480268EB
:10AF9000560703D03A4A009117F0CBFF37480368B1
:10AFA00013F0060F03D0374A02211EF035F8284669
:10AFB0001EF002FA6FF067064FF001084FF0020A28
:10AFC00012E10428EAD153885BBAA4F8C83094F897
:10AFD000CC3043F0010384F8CC30CCE70328DDD13A
:10AFE00094F8CC30A4F8CA0043F00203F3E7184603
:10AFF000C1E73146C1E718F0100F2CD0D4F87C22FD
:10B0000008F02F0B94F878120A2905D84FF4CA6378
:10B01000CB4003F00103D21AD9F808301BBA9A1AB0
:10B02000002A07DBD4F87C22D4F868120A449B1A61
:10B03000002B29DD1049AA69D1F888300133C1F805
:10B040008830D2F890300133C2F89030A869FEF70A
:10B050006DFA00F0D0BE0849AA69D1F888300133F2
:10B06000C1F88830D2F890300133C2F89030A86926
:10B07000FEF75CFA8CE600BF885F002038250020D0
:10B0800024EA050046EA0500B9F80E30B4F8922229
:10B090005BBA9BB2934228BF134604F5CC76A4F862
:10B0A00094323046ABBB22F04DF80146A0B9B4F85B
:10B0B00096C284F8A0024FF4004E40F2E7304FF4FD
:10B0C0007A720023ECFB0E01E1F7BAF902460B4657
:10B0D000C94831460DF046FC20461DF08EFF04F1B4
:10B0E000940AC8B10022002350461DF0A9FF94F82D
:10B0F0007832023B092B00F2CD80DFE813F011001B
:10B1000034019A00810149059305CB00CC052A053D
:10B11000FA0522F019F8DFE750460DF0F5F9E6E7F9
:10B120005FFA8BF3022B7FF433AE236E63B1BFF370
:10B130005B8F03F51D7353E8001F013943E80012CC
:10B14000002AF8D1BFF35B8F94F8D23043F00103AB
:10B1500084F8D230D9F804301BBAC4F88432D9F854
:10B160000420D4F8883212BA013313441221C4F8EF
:10B17000883220461EF03EFA94F8D23023F00103C4
:10B1800084F8D230D4F87C320133C4F87C322046C3
:10B19000FEF704FA994B1E684FF4004C26EAE67657
:10B1A00040F2E7300021E6FB0C014FF47A720023F5
:10B1B000E1F746F9002602460B468F4804F5027176
:10B1C0000DF0D0FBB146B046042228463A611CF08F
:10B1D00083FC3A694FF0000A2AB184F87822B8F16A
:10B1E000000F40F0CE85C846656805B16D6C786982
:10B1F000D4F854901DF051FF95B104F1AC0BBFF39E
:10B200005B8FD4F87032BFF35B8F002B08DD002218
:10B21000002358460DF044F90146002840F0C5854A
:10B22000B8F1000F40F0D28550465C37BD46BDE80E
:10B23000F08FD9F80830D4F87C221BBA934229D178
:10B24000D9F80430D4F888221BBA934222D1D4F81A
:10B250006080B8F1000F20D0D8F86060D8F8048082
:10B2600004F5027021F070FF04F59C7021F06CFF72
:10B2700004F51C701DF029FF6268B2F8B23023F0AB
:10B28000060343F00403A2F8B23060683EB93146C9
:10B29000FEF722FF0026B04690E64646E0E704F5BA
:10B2A00014732C3004F51A7253F8041B40F8041B75
:10B2B0009342F9D16368B3F8B230C3F3C203012BF0
:10B2C0001BD1B8F8B290C9F3C209B9F1020F14D179
:10B2D00040461CF000F880B96368198E5A8E636886
:10B2E000188658869886D88618874FF6FF70588734
:10B2F0009987DA876368A3F82C90B8F8B230606851
:10B30000C3F3C203022BD8F80430009300F12C01E0
:10B310004FF0000314BF08221822B04720461EF049
:10B3200066FBFE69002E00F02185294607F11C020C
:10B330002046FFF725FBD4F88832FA691344B0F1B0
:10B34000000AC4F888324FF01001204608BF0025DB
:10B350001EF050F94FF000080522002D40F0F08457
:10B360002E46A94639E71BF0FF0200F0E284D9F827
:10B370000830D4F87C121BBA8B4240F0DA8412F009
:10B38000120F00F0D68404F59C7021F0DDFED9F890
:10B3900004301BBAC4F88432D9F80420D4F88832B7
:10B3A00012BA01331344C4F88832FB6913B307F1AE
:10B3B0001C0229462046FFF7E3FAD4F88832FA69DE
:10B3C000B0F1000A134408BF0025C4F8883262684F
:10B3D000B2F8B23023F0060343F00403A2F8B2300F
:10B3E00020461EF004FB102120461EF003F94FF00A
:10B3F0000108B1E79A46EAE760600020A4B20020A5
:10B400001BF0FF0300F0E680D9F80420D4F888127E
:10B4100012BA8A4240F0DE8013F0010803D003F034
:10B42000FE0B4FF00108D9F80830D4F87C221BBA83
:10B43000934240F0A380D4F86832002B00F0D4800F
:10B44000FB6943BB94F89F32B4F89862032B28BF82
:10B450000323013384F89F3294F8CC30D9074CBFD2
:10B46000B4F8C8304FF4067320463B611EF09BF8D9
:10B470003B69984240F3B18094F8CC30DA0740F150
:10B48000B080B4F8C80006444FF6FF739E42A8BFD0
:10B490001E46A4F8986294F87932002B6ED194F885
:10B4A0009F22032A6AD1D4F86C62C4F86C32204619
:10B4B000FFF778F8B4F89C32C4F86C62002B54D1D2
:10B4C00094F8CC302046DB074CBFB4F8C8604FF48A
:10B4D00006761EF068F8B04240F3898094F8CC30CC
:10B4E000DE0740F18980B4F8C8305B00D4F86C22E4
:10B4F00002EBD272B3EB620F4FEA620013DD94F8F5
:10B50000CC30D80720464CBFB4F8C8604FF406765C
:10B510001EF049F8B04272DD94F8CC30D90772D5EC
:10B52000B4F8C800400080B294F8CC30A4F89A0275
:10B53000DA0720464CBFB4F8C8604FF406761EF018
:10B5400032F8B04262DD94F8CC30DB0762D5B4F853
:10B55000C80000EB400080B2B4F89A321844D4F826
:10B560006C32A4F89802A4F89C3220461DF045FDE8
:10B5700020B10022002350461DF062FDD9F80830AA
:10B580001BBA3B61D4F87C32FB60D7E90323A3EB01
:10B59000020ABAF1000F40F35F81D4F868229245A5
:10B5A0003BD9A34803685E073FF4D6AC6E468AB029
:10B5B000D4F8683208AA9F49C2E907A30523C2E963
:10B5C000051442F8103F00234FF42151E3F73EFCED
:10B5D000B546C1E44FF0000825E720461DF0E3FF23
:10B5E00051E74FF406704EE784F89F3253E7204648
:10B5F0001DF0D9FF430079E74FF4866376E72046D4
:10B600001DF0D1FF8EE74FF486608DE720461DF0D8
:10B61000CAFF9EE74FF4C9609EE7514604F1080057
:10B62000C7F808A01DF0E6FDBB6806460028B8D1A3
:10B63000B4F89822BA6094F8CC2084F89F02D1071D
:10B640004CBFB4F8C8204FF406722046C7E9002367
:10B650001DF0A9FF3A687B68904233DD94F8CC2056
:10B66000D20740F1BE83B4F8C82092450ED3B4F897
:10B67000C8307B6020461DF096FF7B6898422FDD26
:10B6800094F8CC30D80730D5B4F8C830B4F89C2240
:10B6900072BBB4F89822B4F89A12914297BF03FB98
:10B6A0000323BA6803F1FF3393FBF2F393BFBA6845
:10B6B000D21813469B184FF6FF729342A8BF134649
:10B6C0009BB21CE020467B601DF06DFF82457B68CD
:10B6D000DCD394F8CC30DB07C9D44FF40673C8E749
:10B6E00020461DF060FF0346D0E74FF40673CDE718
:10B6F000924566D30023A4F89C32B4F89A32A4F899
:10B700009832D7E903329B1AD4F868221A44C4F855
:10B710006822D4F86C22924594BF9B180023C4F889
:10B720006C3220461DF069FC18B904F194000CF04D
:10B73000EBFED4F87C324049226D5344C4F87C328D
:10B740008B6F01338B67D2F880300133C2F88030C1
:10B7500094F87932012B05D10023C4F86C322046CD
:10B760001DF05CFC002384F87932D4F8683213B100
:10B770002046FDF713FF94F8A132990743D5D4F87A
:10B780006832002B3FD1B8F1000F23D0D4F88832B3
:10B790000133C4F888322046FDF71EFF0A2211212A
:10B7A00020463A611DF026FFD4F87C320133C4F8FC
:10B7B0007C322046FDF7F2FE4FF00009C8463A6998
:10B7C00003E51FFA8AF1B4F89832521AA4F89C22C1
:10B7D0005B1A75E7194B1B684FF4004E23EAE37CB4
:10B7E00040F2E73041464FF47A720023ECFB0E0141
:10B7F000E0F726FE02460B46114804F502710DF0F3
:10B80000B1F80622CBE794F87932012B1AD0204602
:10B810001EF01FF8061E15DA16F1690F12D0284621
:10B820001DF0CAFD4FF000084FF001094246CCE47C
:10B83000382500205AEA0500885F0020A4B20020C5
:10B840006060002020461DF0D8FB28B100220023B4
:10B8500004F194001DF0F4FBD9F804A0D4F8883268
:10B86000FE699AFA8AFA9A4570D1002E00F02F816B
:10B870001BF0FF0603D016F0080600D00126FB6976
:10B8800053B307F11C0229462046FFF779F8BC495B
:10B89000226D8B6F01338B67D2F880300133C2F891
:10B8A0008030D4F88832FA6913448246C4F888326A
:10B8B000B8F1000F0CD120461DF019FF04F5E4711A
:10B8C00000B9DEBBAF4840F6CD4200230DF01AF8B8
:10B8D000BAF1000F00F038814FF0020AD4F8683254
:10B8E0001BB904F59C7021F02FFC20461DF085FB50
:10B8F000034604F19400002B00F02881002200236D
:10B900001DF09EFBB8F1000F00F07B82D4F8883266
:10B9100001331121C4F8883220461DF06BFED4F8A3
:10B920007C320133C4F87C322046FDF737FE2046D6
:10B93000FDF752FE4FF000080A220EE5084621F0FE
:10B9400003FC102120461DF055FEC1E7A3EB0A03BE
:10B95000002B5DDD00234946324620461DF08FFB5B
:10B96000321A3861A868FA602CBF194601211DF00F
:10B970003CFBB0428246C0F0A680002940F0A38084
:10B980006368B3F8B21040F6CD420023A0EB06097D
:10B99000206DCDE90023C1F3C20206230421F9F78B
:10B9A000CFF90646002800F08E8028461CF027F9C3
:10B9B0004A46294630461CF0A0F9B0F100091BDBCD
:10B9C0003B692846AAEB03011DF014FC8146E0B94F
:10B9D000A96830461CF01DF9B268AA602846C6F86E
:10B9E00008901CF00CF92846FDF72EFE4268FB6813
:10B9F00012BA13441ABA426030461CF06DF8B9F11D
:10BA0000000F60D13B69FB6132E76FF01509F3E786
:10BA1000002E00F09380A8681DF0E7FA811B2846ED
:10BA20001DF0E8FB00284ED1AB68198AD3F80490CA
:10BA3000C3F818A05144B9F1000F4BD1D4F84CB061
:10BA4000BBF1000F78D0DBF818205846891A1DF09A
:10BA5000CCFA814246D2B14235D211B128461CF00F
:10BA6000B3F8E16CA86818F0FAFDAB68E364E26C27
:10BA700001230021002A51D1B3B94348026852077B
:10BA80000DD06E46324688B04049C6E90514032100
:10BA900042F8101F4FF4C251E3F7D8F9B546E06CF5
:10BAA000E7F75EFA0023E364002304F58476AB60D5
:10BAB000304621F047FB30B932484FF48032002342
:10BAC00031460CF04FFF102120461DF093FD4FF042
:10BAD000000A03E7B9F81030C9F81810D9F8049033
:10BAE0001944A8E7584618F0A9FD8369018AA3EB19
:10BAF0000A03B342194405D2B142E4D8E06CE7F737
:10BB00002FFAB2E7B142DED219B1E06C0C3018F076
:10BB100014FEA968E06C18F0A2FDA8E79069B9F1DD
:10BB2000000F04D0884214BF002303F00103118AE0
:10BB30009146014452689DE7AB68B4E71BF0FF03F0
:10BB4000C5D0DE07C3D5BEE75546C7E60CF0DCFC22
:10BB5000D8E6D9F80830D4F87C221BBA93427FF497
:10BB600099AB04F59C7021F0EFFA002604F5027001
:10BB700021F0EAFA4FF00109B0463246FFF725BB43
:10BB8000885F0020606000203825002080EA0500E2
:10BB9000FE6900233246494620461DF070FA98425D
:10BBA00007DD206DFDF7C2FC04F59C7021F0CCFA96
:10BBB00044E0D9F80820D4F87C1212BA8A422BD17A
:10BBC00004F59C7021F0C0FA4FF0000A012307220F
:10BBD0001BF0FF0800F0B480D9F8041009BA0E4435
:10BBE000D4F888128E4240F0A98018F0010800F0C5
:10BBF000A780D4F888220132C4F8882283B1204675
:10BC0000FDF710FD0B220026102120463A61B146B7
:10BC10001DF0F0FCB046D2E54FF0020A1A46D7E715
:10BC20000922F0E7FE6900233246494620461DF00E
:10BC300026FA98420DDD206DFDF778FC2046FDF7D1
:10BC4000F1FC28461DF0B8FB0B2384F87832FFF78F
:10BC500021BB1BF0FF023FF41DABD9F804301BBA27
:10BC60001E44D4F888329E427FF414ABD0077FF58F
:10BC700011ABD4F8883201332046C4F88832FDF77E
:10BC8000D1FC102120461DF0B5FC0026B146B0467F
:10BC90000B22FFF79ABA0123FA69494620461DF0A4
:10BCA000EEF9031E15DD5948026851073FF479AFDC
:10BCB0006E46324688B05649F3610423C6E905143E
:10BCC00042F8103F00234FF40151E3F7BFF8B546A7
:10BCD00067E7D9F80830D4F87C221BBA93427FF486
:10BCE000D9AA04F59C7021F02FFA2046FDF79AFCA2
:10BCF000CBE70123FA69494620461DF0C0F9031E2F
:10BD00007FF7C8AA4148026852070FD06E463246F4
:10BD100088B04049F3610423C6E9051442F8103F96
:10BD200000234FF40151E3F791F8B546206DFDF77C
:10BD3000FDFB28461DF040FBFFF7ACBA4FF00008B2
:10BD4000BAF1000F17D15646D146FFF73EBA424628
:10BD5000F6E76FF067064FF001099046FFF735BA36
:10BD60006FF067065EE56FF06E065BE5B146B046C4
:10BD70000522FFF72ABA0026B1464FF0020AFFF764
:10BD80002BBA94F8A13223F0010384F8A132636E38
:10BD90002BB160680021426898470023636604F174
:10BDA0007C000CF0B1FBFFF71EBA0023CDF8009029
:10BDB0001A4679612846F7F77DFC022879697FF4F5
:10BDC0001EAA08461BF088FEFFF719BA94F87832CD
:10BDD000012B7FF629AA314620461DF03FFAFFF7D6
:10BDE00023BABAF5067FBFF478AC4FE418B918F05F
:10BDF000010F3FF46BA8102120461DF0FBFBFEF75E
:10BE0000C7BF002DA3D14646FFF7EEB93825002065
:10BE1000B5EA0500EAEA05000B289ABF024B53F881
:10BE20002000002004307047AC4F05000146014857
:10BE3000FEF70EB83396040013B500240E490F48E0
:10BE400000946FF00D034FF480620CF01BFD09218C
:10BE50002346C8220139134402EB6202FAD1084A90
:10BE6000C83303EB630313600649044802B0BDE81E
:10BE700010400CF03BBE00BFC007022060600020F5
:10BE8000A4B2002021EB050073B5002304460E4642
:10BE9000ADF80630F8F778FF054678B91E49A26973
:10BEA000D1F8AC300133C1F8AC30D2F8B430013342
:10BEB000C2F8B4300025284602B070BD3146204695
:10BEC0001CF07CF803460028E8D1AA88A16852BA81
:10BED00092B279B994F83610608F01445B1A9A4295
:10BEE000DCD1EB8853B994F83730C3F30213012B3C
:10BEF000E1D0D3E7088A49680344EAE70DF1060276
:10BF0000112120461BF04FF80028C7DBBDF8063092
:10BF1000002BD0D0C2E700BF885F0020F8B5114DDC
:10BF20002B6803F00703022B00AF044611D9F5F785
:10BF300057FF6E4688B06A460B4B0794CDE9053033
:10BF4000042342F8103F4FF4035128461DF05AFED7
:10BF5000B54606480CF038FB05480CF0D5FABD464E
:10BF6000F8BD00BFCC240020DDEB05000828002030
:10BF700080280020044900988B4208BF022A01D182
:10BF8000FFF7CCBF704700BF000010D0074BBFF3D6
:10BF90005B8F53E8001F014343E80012002AF8D1E9
:10BFA000BFF35B8F02480CF0AFBA00BFB8B20020FD
:10BFB00080280020F0B591B000AFB96DD1F8E01045
:10BFC00001B35548834208BF012A22D191F8BD3000
:10BFD0009C071AD491F87D209007C2F3400316D431
:10BFE00091F83D2092070DD501EB83114B4D0A1DB1
:10BFF00001F11403106851682C4603C408329A42B8
:10C000002546F7D14437BD46F0BD0223ECE70123B6
:10C01000EAE7834208BFB2F5805F75D13F4807F178
:10C0200058011AF0F9F904460028EBD03B491022D8
:10C03000043026F0F4FA0028E4D194F92930012BD9
:10C04000E0D1374D2B6803F00703022B19D9334990
:10C0500007F110022E230220F6F734FF6E4688B057
:10C060006A46304BCDE905304FF40073ADF81C3013
:10C070002D4B42F8103F4FF4E65128461DF0C2FD0B
:10C08000B54694F82830022B3AD1284A10685168F6
:10C09000127A3B1D03C31A7021F0D4FA4FF47A725E
:10C0A000A0FB020302FB0131C00B40EA414104F155
:10C0B00018001AF0BAFD94F83D2012F0010F034663
:10C0C00007F1040404D11A4A0921204614F096F815
:10C0D0002B6803F00703022B12D96D4688B06A461D
:10C0E000144B0F48CDE905344FF40073ADF81C3004
:10C0F0000D4B42F8103F4FF4E6511DF083FDAD4665
:10C100000220FFF743FF7DE7834208BFB2F5807F3F
:10C110007FF478AF0120F4E7000040E0A8B20020EF
:10C12000CC240020F9EB050003000001C0A20500AB
:10C13000DAFF05000AEC05002DE9F04F89B04FF059
:10C140000A0900AF04469246984693FBF9F9B9B143
:10C15000AC48036803F00703022B11D96D4688B081
:10C160006A46A94BCDE905314FF40073ADF81C3098
:10C17000A64B42F8103F4FF4E6511DF043FDAD468B
:10C180002CB9F4F781FC0446002800F0FC8103215F
:10C1900020461DF020FD002840F0E781B8F1000F97
:10C1A000C0F2E28040F0E38045469949994B4B60EC
:10C1B000994B944E08460222C1E90423F7F776F919
:10C1C000002120461DF007FD002800F0D280082144
:10C1D00020461DF000FD002800F0CB808C48F7F7CA
:10C1E0008DF98E480CF0F0F98D480CF08DF98D49E1
:10C1F00007F108020120F6F76FFF0346002800F060
:10C2000029813368590713D0EB4688B06A46864BBC
:10C2100005934FF40073ADF81C3082497B4B0691B7
:10C22000784842F8103F4FF4E2511DF0EBFCDD4638
:10C230007E487F4B7F4941601AF0010F14BF41F2E5
:10C24000011241F20102C0E90423F7F72FF9DFF8E8
:10C25000E8B17A4A59460220F6F73EFFB8B1336892
:10C26000580714D0C7F804D088B06A466E4B6548AA
:10C27000CDE9053B4FF40073ADF81C30634B42F839
:10C28000103F4FF4E2511DF0BDFCD7F804D06B49CC
:10C29000002303222046F5F7D1FEB8B933685907C9
:10C2A00014D0C7F804D088B06A46654B5548CDE92C
:10C2B000053B4FF40073ADF81C30544B42F8103F6F
:10C2C0004FF4E2511DF09EFCD7F804D00B2120461C
:10C2D0001DF081FC10B10220FFF758FEB8F1000FED
:10C2E00002DD002DC0F22A8129EAE9794FF40044E9
:10C2F00040F2E7300021E9FB04014FF47A72002399
:10C30000E0F79EF84F4C02468946BFF35B8F2368E7
:10C31000BFF35B8F3AEA030305D0002D05F1FF3B25
:10C3200000F329815D46013540F03081B8F1000FFE
:10C3300040F32C8133685B0713D06C4688B06A46A3
:10C34000414B0593414B06934FF40073ADF81C30FD
:10C350002E4B42F8103F2B484FF4E2511DF052FC97
:10C36000A5466FF0730002E14FF0FF351DE70A2587
:10C370001BE7336803F00703022B12D92046F5F7B9
:10C380002FFDEB4688B06A46314B0794CDE9053066
:10C39000042342F8103F1B484FF403511DF032FCB8
:10C3A000DD464FF0FF3201211C4820F0F3FD29EA61
:10C3B000E97C4FF4004E40F2E73000214FF47A72EE
:10C3C0000023ECFB0E01E0F73BF80B461349024655
:10C3D000002D05F1FF3B01DD886820B90C48F7F717
:10C3E0008DF85D4603E70E48C7E900230CF0C6F858
:10C3F000D7E90023094908B95D46E9E788680028BC
:10C40000FAD1EBE7CC240020656E050003000001A3
:10C410006861002075BF0200000010D008280020CD
:10C420008028002045EC05004FEC050050610020FD
:10C43000000040E0B5BF0200A0EC0500A8B200205B
:10C44000ACEC0500B8B20020C7EC0500078305007E
:10C450001FEC0500032207F108012046F5F7D6F886
:10C46000336803F00703022B19D91023FA1807F1D8
:10C4700008010120F6F726FDEB4688B06A46444BDA
:10C48000CDE905304FF40073ADF81C30414B42F854
:10C49000103F41484FF4E6511DF0B4FBDD463F49E3
:10C4A00007F10C020120F6F717FE002838D0336898
:10C4B0005A0713D0EB4688B06A46394B05934FF4C0
:10C4C0000073ADF81C303549324B0691324842F8C2
:10C4D000103F4FF4E2511DF095FBDD46314907F165
:10C4E00008020120F6F7F8FD10B333685B0713D09C
:10C4F000EB4688B06A462C4B05934FF40073ADF8B9
:10C500001C302849234B0691234842F8103F4FF432
:10C51000E2511DF077FBDD460420FFF737FD87E68B
:10C5200007F10C0207F1080120461AF078F9D5E767
:10C5300007F1080120461AF09BF9EDE733685A0726
:10C5400013D06C4688B06A46184B0593184B069377
:10C550004FF40073ADF81C300E4B42F8103F0E48FC
:10C560004FF4E2511DF04EFBA5466FF072002437E8
:10C57000BD46BDE8F08F0F487A604B460BF0FEFFDA
:10C580005D467A68C1E66FF00100F0E70020EEE753
:10C5900063EC050003000001CC24002074EC0500CE
:10C5A000A4B4050082EC05008CEC0500C7EC050086
:10C5B0003EC3050080280020F0B583B000AF002303
:10C5C0000D467B60044600283BD0F4F741FA7860C2
:10C5D000A0B91E48036813F0060F32D06E4688B02B
:10C5E0006A461B4BCDE90534032342F8103F4FF454
:10C5F000C4511DF007FB7B68B54613B3786868B972
:10C600001248036813F0060F03D0124A022116F0F5
:10C610007DFC002420460C37BD46F0BD47F2305368
:10C6200000222946FFF788FD04460028F1D007487C
:10C6300003685B07EED0084A2346012116F06FFC21
:10C64000E8E70648391DF6F749F9D7E7CC2400207A
:10C65000E8EC050012ED050060ED0500EF9B04001D
:10C660002DE9F04F9B46C37891B0DB090693036830
:10C670001746C3F3862213468DF823200022CDE906
:10C680000A22CDE90C220E92099290F837208846B2
:10C69000510604461FD1BBF1000F20D1122B0DD83B
:10C6A00023B1BE4A22FA03F3DA0714D494F83730E0
:10C6B0000B2262F3060384F837300CE03D2BF5D1F2
:10C6C00009AB0093CDF804B0D8F81C2007230DF176
:10C6D00023011DF09AFA099811B0BDE8F08F2B2BB9
:10C6E00004D10A973E4607EB0B0A99E1302B01D1A2
:10C6F0000B97F7E7102B06D06B3303F07F030A2B61
:10C70000F0D80C97EEE70E97ECE79DF823303578DC
:10C71000382B5CD863680133B3F5A03F636056D90A
:10C7200094F837300C2224E09D48314651450E469E
:10C7300008D011F8015B202D00F01284435D002B1E
:10C7400040F00F84059B6268F31A1344B3F5A03FD1
:10C750006360E5D8B24540F002850AF1FF365EE13C
:10C760000D2D00F05C810A2D00F0598194F83730CE
:10C770000D2262F3060384F8373001F0C9B90D2D9C
:10C7800000F04D810A2D00F04A81238823F47F7345
:10C790004FF0FF3223804FF0FF33C4E90223482DCE
:10C7A0004FF000024FF00003C4E90623C4E9082358
:10C7B000C4E90A23227403D103238DF82330BBE09C
:10C7C000237862F30103237012238DF823309DF840
:10C7D00023000596431E3D2B01F28A8101A252F8E7
:10C7E00023F000BF61C702007FC70200DDC802005E
:10C7F00019C90200EBC8020059C902005DC9020054
:10C8000061C9020065C902007BC9020085C9020036
:10C8100093C90200A5C90200C1C90200FDCA0200F5
:10C820002FCB020005CA02006FCB02005BCC0200D6
:10C830008DCD0200B5CD0200B5CD0200B5CD020010
:10C84000B5CD0200D1CD0200D1CD0200D1CD020084
:10C85000D1CD0200D1CD0200D1CD0200D1CD020058
:10C8600019CE020029CE02002DCE020031CE0200E8
:10C8700035CE020039CE02004BCE020077CE020048
:10C8800087CE0200B1CE0200BFCE020029C702004F
:10C890008DD10200D3D60200D9D602009FD102006A
:10C8A000A9D202008DD6020081D60200D3D902009F
:10C8B000F1D9020037DA02003FDA02004FD7020056
:10C8C00007D8020071DA0200ABDA0200D3DA020004
:10C8D0001FD9020077D9020087D90200542D06D152
:10C8E0002378012262F301032370062311E0452D12
:10C8F00003D094F837301E223BE7022384F8363009
:10C90000236823F0FE4323F0030343F00073236006
:10C9100013238DF8233082E0238823F47F73238050
:10C920004FF0FF324FF0FF330D2DC4E9022303D047
:10C93000482D0FD00A2DDCD1F31B0133019309AB35
:10C940000093D8F8002001230DF1230120461DF0AB
:10C950005CF903E1052330E70723DAE70823D8E78A
:10C960000923D6E7303DEBB2092B03D994F83730D1
:10C970000E22FEE625860A23CBE72E2D40F06982A3
:10C980000B23C6E7303DEBB2092BEFD865860C23AD
:10C99000BFE7202D40F07E820D23BAE71600040089
:10C9A000A40E0600A5F13003DAB2092A05D9202D1C
:10C9B00035D094F837300F22DBE6A3860E23A8E7A4
:10C9C000A5F13003092B1FD90D2D02D00A2D41F0FE
:10C9D0009480AE4B0F93002303930FAB0293F31B92
:10C9E0000133019309AB0093D8F808100DF123032C
:10C9F000082220461DF02EF900287FF46CAE0D2D84
:10CA000000F086802A2384E7A38E03EB830305EBE3
:10CA10004303303B9BB2B3F57A7FA386C9D201367C
:10CA2000B2457FF472AE0A9BAAEB03030393AAEB11
:10CA300007070AABCDE9017309AD0095D8F80C10D2
:10CA40000DF12303032220461DF004F900287FF492
:10CA500042AE0B9B0095AAEB030303930BABCDE90E
:10CA600001730422D8F810100DF1230320461DF0A5
:10CA7000F1F800287FF42FAE0C9B0095AAEB03037E
:10CA800003930CABCDE901730222D8F804100DF129
:10CA9000230320461DF0DEF800287FF41CAE0D9B1A
:10CAA0000095AAEB030303930DABCDE901730622B6
:10CAB000D8F818100DF1230320461DF0CBF80028FC
:10CAC0007FF409AE0E9B0095AAEB030303930EAB14
:10CAD000CDE901730822D8F808100DF12303204690
:10CAE0001DF0B8F800287FF4F6AD23689DF82320E8
:10CAF00062F390232360CDF824B0ECE50E9B4BB994
:10CB00000D2D3FF466AF0A2D3FF463AF0E9606E09D
:10CB10001123FEE60D2DFBD00A2D3FF473AF102339
:10CB20008DF82330E37823F07F03E37077E70D2D52
:10CB300018D111238DF823300E9BF31A03930EABFB
:10CB40000293F31B0133019309AB0093D8F808104B
:10CB50000DF12303082220461DF07CF800283FF445
:10CB60005EAFB8E50A2D7FF45AAF2A23E2E70D2D18
:10CB70003FF455AF0A2D3FF452AF238823F47F735F
:10CB80004FF0FF3223804FF0FF33C4E9022300222D
:10CB90000023C4E90623C4E90823C4E90A2345F0B5
:10CBA0002003613B192B227403D994F837301022EB
:10CBB000DFE584F83620E278012363F30602413D85
:10CBC000E270142DF1D801A252F825F021CC020018
:10CBD0002BCC02002FCC020027CC0200ABCB0200F2
:10CBE000ABCB020023CC020033CC0200ABCB020063
:10CBF000ABCB0200ABCB020037CC02003BCC020037
:10CC00003FCC020043CC020047CC0200ABCB020079
:10CC10004BCC02004FCC020053CC020057CC020098
:10CC2000132384F836301323C7E51023F9E70523CF
:10CC3000F7E70223F5E70923F3E70A23F1E71923CE
:10CC4000EFE70623EDE70323EBE71423E9E71A23D5
:10CC5000E7E70723E5E70F23E3E7002DA5D094F8E6
:10CC600036C0E2780A4B02F07F0053F82C30202DBA
:10CC7000195C0FD1002940F0588714238DF8233018
:10CC8000E378013060F306034FE700BFE5090600D3
:10CC9000DC4F05008D42F3D045F02003613B192B9A
:10CCA00066D803029E4A43EA0C432B4393424FD07B
:10CCB00022DC9C4A934249D012DC9B4A93423FD0EB
:10CCC00008DC143A93423FD0113293427FF46DAFA7
:10CCD0000C2336E0954A93427FF467AF1D2330E082
:10CCE000934A934240D0934A934233D0924A93421C
:10CCF0007FF45BAF082324E0904A934236D013DCE4
:10CD00008F4A93422ED009DC8E4A934224D002F5FA
:10CD1000807293427FF449AF1E2312E08A4A934205
:10CD20007FF443AF12230CE0884A934218D0884A1C
:10CD3000934213D0874A93427FF437AF202300E019
:10CD4000042384F836309BE71C23FAE71623F8E720
:10CD50000B23F6E71723F4E71523F2E70E23F0E79A
:10CD60001123EEE70D23ECE71F23EAE71B23E8E797
:10CD70002D2D7FF41AAF02F07F02012A7FF415AF48
:10CD8000BCF10A0F7FF411AF1823DAE7202D3FF42E
:10CD900046AE0C9B03B90C9694F83630052B294609
:10CDA00008BF182000F0D4FE01288DF823007FF47E
:10CDB00036AE09E0A5F10A03DBB2162B2AD8664A83
:10CDC00022FA03F3DB0725D594F837301122D0E49B
:10CDD0000D2D03D0202D0BD00A2D1BD14FF4102385
:10CDE0000D2D236314BF2A2329238DF8233001E05E
:10CDF0008DF823500C9BF31A03930CAB0293F31B97
:10CE00000133019309AB0093D8F804100DF123030B
:10CE10000222A0E62946C5E7202D3FF400AE482DAA
:10CE20007FF467AD212374E5222372E5232370E5A7
:10CE300024236EE525236CE5A5F13103082B3FF68D
:10CE400095AD303D2586262363E52E2D01D1272380
:10CE50005FE5A5F13003092B3FF688AD238E03EB88
:10CE6000830305EB4303303B9BB22386B3F57A7F04
:10CE7000FFF4D5AD7AE5303DEBB2092B3FF676AD48
:10CE80006586282345E50D2D01D1292341E50A2D8D
:10CE90003FF4B8ADA5F13003092B3FF667AD638EC3
:10CEA00003EB830305EB4303303B9BB26386DDE773
:10CEB0000A2D3FF4A7AD94F83730172259E40D2D11
:10CEC00001D1372325E50A2D01D137237DE4202D1B
:10CED00006D0224B5D5D1DB994F83730182248E426
:10CEE0000A9B03B90A96742D15D00FD8632D14D060
:10CEF000702D14BF002205222B238DF82330638868
:10CF00006FF34E0343EA4203638088E5752D14BF37
:10CF100000220B22F0E70A22EEE70122ECE700BF35
:10CF20004F010A00480105005501030052020400A8
:10CF30004901090045010A005002050053020F0093
:10CF400050040C0041020A0042020F004202140089
:10CF500045011A0049030F0009004000A40E060015
:10CF60002B46A2785208013A112A3FF6DFABDFE8E0
:10CF700012F01200250032004800600072008B00A1
:10CF80009B00AD00C300D900F100F100F100F100F9
:10CF9000F100F100F100E278A3F16F06734202F1B3
:10CFA0000102734102F07F029B0043EA0223628880
:10CFB0006FF34E0213436380FFF7B8BBE278561C51
:10CFC00066F306026E2BA378E27014BF00220322E0
:10CFD00062F347030CE0E278561C66F306026E2B00
:10CFE000E270A27807D0742B08D0134623F0FE031A
:10CFF000A370FFF79BBB13460422E9E71346062202
:10D00000E6E7E278561C06F07F0666F306020A2E73
:10D01000E27003D89D4A925D9A4201D0A378E5E779
:10D02000E37803F07F03092B7FF480ABA3780C2215
:10D03000CEE7E278561C06F07F0666F30602102E55
:10D04000E270EBD8924A925D9A42E7D1E37803F01E
:10D050007F030F2BE8E7E278561C06F07F0666F3A5
:10D060000602082EE270D9D88A4A925D9A42D5D13A
:10D07000E37803F07F03072B7FF458ABA27863F3C8
:10D080004702A270FFF752BBE278561C66F3060215
:10D090006C2BE270A27802D11346082298E7722B1B
:10D0A000BCD11346092293E7E278561C06F07F06AE
:10D0B00066F306020E2EE270B0D8774A925D9A426D
:10D0C000ACD1E37803F07F030D2BD5E7E278561C53
:10D0D00006F07F0666F306020D2EE2709ED86F4AB8
:10D0E000925D9A429AD1E37803F07F030C2B7FF490
:10D0F0001DABA3780E226BE7E278561C06F07F0684
:10D1000066F30602112EE27088D8654A925D9A4253
:10D1100084D1E37803F07F03102B7FF407ABA3786F
:10D12000112255E7E278561C06F07F0666F30602E8
:10D13000072EE2703FF672AF5A4A925D9A427FF430
:10D140006DAFE37803F07F03062B7FF4EFAAA3789B
:10D1500012223DE7202D7FF461AFFFF7E7BA3A2DA9
:10D16000A6EB07037FF4B8AE2C228DF823200A9A91
:10D170000133B21A039201930AAA09AB02920093F7
:10D18000D8F80C100DF123030322E4E40D2D30D068
:10D190002CD8092D3FF443AC0A2D00F09A820B9B4A
:10D1A00003B90B9630238DF82330E37823F07F0307
:10D1B000E370A3785B080C3B45F02002082B1FD8D6
:10D1C00001A151F823F000BF71D2020019D2020070
:10D1D00053D2020001D2020001D2020009D20200A1
:10D1E000F9D1020001D202001FCA0200202DD6D1BF
:10D1F00015E42D23FFF78DBB238843F080032380A4
:10D20000A37823F0FE0305E0632AA378F9D1132263
:10D2100062F34703A37002E4303DEBB2092B04D95B
:10D2200094F837301922FFF7A4BA23889905C3F37D
:10D23000870204D594F837301A22FFF79ABA62F0C1
:10D240007F0262F389032380A560EB17E360FFF799
:10D25000E6BB237C23B194F837301D22FFF789BA4F
:10D260000123237400220023C4E90623FFF7D7BB60
:10D270006B2AA37801D11522CAE7632A01D11622AD
:10D28000C6E7752A0CBF17221822C1E73CDA050051
:10D290008EED05009FED0500A8ED0500B7ED05003A
:10D2A000C5ED0500D7ED050094F802904FEA590945
:10D2B000B2451ED035780D2D2DD132238DF8233077
:10D2C000A37869F34703A3700B9BF31A03930BAB8B
:10D2D0000293F31B0133019309AB0093D8F81010AC
:10D2E0000DF12303042220461CF0B4FC00287FF437
:10D2F000F2A9A378626869F34703A370059BF31A48
:10D300001344B3F5A03F63603FF60AAAB2457FF429
:10D3100086ABFFF722BA0A2D22D132238DF82330B3
:10D32000059B6268F31A1344B3F5A03F6360A6EB54
:10D3300007023FF6F5A9A37869F34703A3700B9B97
:10D34000F31A03930BABCDE9012309AB0093D8F893
:10D3500010100DF12303042220461CF07BFC0BE28D
:10D36000069B3BB9092D05D01F2D7FF6B5AD7F2D4E
:10D370003FF4B2AD45F02003B9F11C0F00F2738108
:10D38000DFE819F01D007101710171017101710176
:10D3900071017101710171017101710135003C0070
:10D3A00063008E00B70035007101E100F600050151
:10D3B0001D01320147015001530153015301AAEBF2
:10D3C0000602B2F5A03F28BF4FF4A0320D2130462F
:10D3D0000792DEF795FF079A05460A213046DEF7E9
:10D3E0008FFF35B110B1854228BF05466E1E01364C
:10D3F0005EE7002814BF05465546F7E7202DF6D016
:10D40000303DEBB2092B0CD994F83730192262F376
:10D41000060384F83730A3780D2262F34703A37024
:10D4200076E3D4E902214FF00A0CA2FB0C030CFBBB
:10D430000133281843EBE575AB4BB2F1993F71EB23
:10D440000303E1D2C4E90205D1E7613B192BCED930
:10D45000202DCCD02D2D25D02A2D23D0303DEBB240
:10D46000092B09D994F837301C2262F3060384F89B
:10D4700037300E22A378D0E7D4E906214FF00A0C0A
:10D48000A2FB0C030CFB0133281843EBE575964B0C
:10D49000B2F1993F71EB0303E4D2C4E90605A6E7B4
:10D4A000202D02D14FF00F09A1E72F2D26D0303DBE
:10D4B000EBB2092B09D994F837301C2262F306032A
:10D4C00084F837300F22A378A7E7D4E908214FF07A
:10D4D0000A0CA2FB0C030CFB0133281843EBE57587
:10D4E000814BB2F1993F71EB0303E4D2C4E9080523
:10D4F000D8E7202D3FF47BAF2A2D02D14FF0100941
:10D5000075E7303DEBB2092B09D994F837301C226E
:10D5100062F3060384F837301022A3787DE7D4E95C
:10D520000A214FF00A0CA2FB0C030CFB0133281854
:10D5300043EBE5756C4BB2F1993F71EB0303E4D219
:10D54000C4E90A05DAE7E1784A1C02F07F0262F3D7
:10D550000601072AE17017D864498A5C9A4213D100
:10D56000E37803F07F03062B08BF4FF019093EE76D
:10D570006B2B7CD0632B7DD0752B7ED05C4AD35C2B
:10D5800093B915F0DF0F4AD04FF000092FE7E1788B
:10D590004A1C02F07F0262F306010A2AE17003D8F6
:10D5A00054498A5C9A4202D04FF018091FE7E37889
:10D5B00003F07F03092B08BF4FF01A0917E7E17842
:10D5C0004A1C02F07F0262F30601052AE170EBD8E3
:10D5D00049498A5C9A42E7D1E37803F07F03042B40
:10D5E00008BF4FF01B0902E7E1784A1C02F07F02F6
:10D5F00062F30601072AE170D6D840498A5C9A4254
:10D60000D2D1E37803F07F03062B08BF4FF01C094B
:10D61000EDE62C2DC8D1E37823F07F03E3704FF0C3
:10D620001409E4E6202DAFD1E1E62C2D18D1238892
:10D63000B9F11A0FC3F387030AD143F0020322683A
:10D6400022F0FE4222F47F7242EA83022260E6E781
:10D65000B9F11B0F0CBF43F0040343F00803EEE7DE
:10D66000202DA1D1C3E630238DF823308CE74FF075
:10D670001509BCE64FF01609B9E64FF01709B6E6F2
:10D680000A2D7FF418AC3123FFF743B9202D01D0C8
:10D69000092D02D12F23FFF798B8A3785B08193B17
:10D6A000032B07D8DFE803F00D020911238843F0AC
:10D6B000080323802A23FFF788B8238843F0100348
:10D6C000F7E7238843F00403F3E7238843F02003BC
:10D6D000EFE72E23FFF71DB9202D01D0092D0FD123
:10D6E0002C23FFF716B900BF99999919DFED0500B2
:10D6F000A40E0600E7ED050035D00500D7ED0500C6
:10D70000A3785B08193B032B07D8DFE803F01C0262
:10D710001418238843F0080323800B9B0BB90B9646
:10D720003346F31A03930BAB2A220293F31B8DF8B3
:10D730002320019309E6238843F01003ECE72388B4
:10D7400043F02003E8E7238843F00403E4E7238859
:10D75000C3F387015B060A4613D53E238DF82330B9
:10D76000F31B019309AB0093D8F824200A230DF191
:10D77000230120461CF049FA00283FF428A8FEF7B0
:10D78000AABF11F0010F94F8373002D008063FF518
:10D7900053AD02F028023821282A8DF8231020D01A
:10D7A00094F83620511F4A424A4162F3C71384F865
:10D7B0003730D8F8143003B320469847012818D0E2
:10D7C000022810D0C8B194F83730052262F306035E
:10D7D00084F837302368382262F390232360F61BE5
:10D7E0004FE00122E1E794F8373043F0800384F8FA
:10D7F0003730238843F48073238094F837305A06F7
:10D800003EF4E5AFE6E7002363602388C3F38701B6
:10D81000C3F380005B0737D4D4E90232013B42F105
:10D82000FF329D1C72F1FF3234BF0123002394F9B3
:10D830003720002A2ADA94F83620052A03D04A062F
:10D8400001D4002B36D1237813F0030F14BF042327
:10D850001223F61B8DF82330013609AB0093019695
:10D86000D8F81C2007230DF1230120461CF0CDF928
:10D8700000287EF430AF23689DF8232062F39023C4
:10D8800023600996FEF727BF0123D0E74D0611D587
:10D89000237813F0030F14BF042312238DF82330D1
:10D8A000F31B0133019309AB0093D8F81C20072325
:10D8B000FFF74AB810B13323FFF72BB8D4E902239E
:10D8C00052EA03011AD1237813F0030F14BF042383
:10D8D00012238DF83C30F31B0133019309AB009305
:10D8E000D8F81C2007230FA920461CF08EF9002829
:10D8F0007EF4F1AE9DF83C30FFF70BB8B3F1FF3F7B
:10D9000008BFB2F1FF3F03D03C238DF83C30F1E774
:10D9100020461CF0CEF90028D5D03D23F5E7D4E908
:10D9200002E1AAEB0602D01796450D9B71EB000CA5
:10D930003CBF7246084603B90D96BEEB020361EB8D
:10D940000001C4E90231013A0B4316447FF467A891
:10D950003E238DF823300D9BF31A013303930DAB57
:10D960000293F31B019309AB0093D8F818100DF143
:10D9700023030622F0E40D9B03B90D960BF1FF364D
:10D980003E44FFF74CB8237813F0030F14BF042371
:10D990001223F51B8DF82330013509AB0093019557
:10D9A000D8F81C2007230DF1230120461CF02DF987
:10D9B00000287EF490AE94F93730002BBFF62FA8E4
:10D9C00023689DF8232062F3902323600995FEF7D6
:10D9D00082BE584B5B57581C04D194F837301B2239
:10D9E000FEF7C7BEDA17C4E902323423FEF791BF4F
:10D9F0000D2D02D13623FEF78CBF4E4B5A57511CCA
:10DA000006D13B2D01D0202DE7D13523FEF781BF74
:10DA1000D4E9025003012901511843EA157343EB7D
:10DA2000E2736FF00102AA426FF070428241FFF48C
:10DA3000F7ABA1600AE40D2D7EF4F1AFDAE7002325
:10DA40006360D4E90232134303BF238843F04003E9
:10DA50002380392308BF2A238DF82330F31B013399
:10DA6000019309AB0093D8F820200923FEF76CBF7F
:10DA7000D4E90221AAEB0603DD179A4271EB0500F7
:10DA80000D983CBF13460D4600B90D96D21A61EBB6
:10DA90000501C4E902210A4303D0013B1E44FEF7FD
:10DAA000BEBF3A228DF82320F7E73B238DF82330C1
:10DAB0000D9BF31A03930DAB0293F31B01330193F8
:10DAC00009AB0093D8F818100DF123030622FFF7D5
:10DAD00042B80023636033238DF82330F31B0133F6
:10DAE000019309AB0093D8F824200A23FEF72CBF3A
:10DAF00094F837301F22FEF73CBE202D4FF00F0365
:10DB00003EF407AF94F8372063F3060284F8372019
:10DB100094F837305A0602BF222262F3060384F8D3
:10DB200037309DF82320236856E620293FF4A8A823
:10DB3000FFF73BB8A40D060020289ABF024B53F80C
:10DB400020000248704700BFDC4F0500B39E05006F
:10DB5000A1F10A03DBB2162B0FD85B4A22FA03F3BA
:10DB6000DB074BD414380B2848D8DFE800F0171F28
:10DB700047473636345A6C6C7E9014380B283DD8A3
:10DB8000DFE800F006141F232929274F6161738500
:10DB90002F2900F093802A2900F0908041F0200185
:10DBA0006139192994BF15200120704741F02003E5
:10DBB000613B192B7AD93A2908BF162018BF0120DA
:10DBC00070472F2908BF1720F8E72F2908BF182012
:10DBD000F4E7402912D02F2970D03F2968D040297E
:10DBE00068D041F02003613B192B65D95F2913D818
:10DBF0005A2905D82139C9B21C290BD901207047EF
:10DC00005B39C9B21523CB4013F0010F0CBF0120C3
:10DC1000192070472D4BF6E77E2914BF01201920EB
:10DC20007047CB082A4A01F00700D25C01238340E9
:10DC30001A4243D10A0641D4232943D03F2914BFB5
:10DC400001201C207047CB08214A01F00700D25C5C
:10DC5000012383401A4233D10B0631D4232931D01A
:10DC60003F2914BF01201D207047CB08184A01F03E
:10DC70000700D25C012383401A4215D10A0613D44F
:10DC800023291FD03F2914BF01201F207047CB0834
:10DC90000F4A01F00700D25C012383401A4203D1EE
:10DCA0000B0601D42329EDD11F20704715207047A2
:10DCB0001C2070471A207047192070471B2070479E
:10DCC0001D2070471E20704709004000F9BFFF1754
:10DCD000A40F06002DE9F04F242206468BB0002148
:10DCE000083024F08DFC40F6D872002106F1300097
:10DCF00024F086FC4FF0FF3300217360F360736102
:10DD0000F36173620846E5F71DFC002812DAE4F7B8
:10DD10005BFB974B1C58974803685D07C4F10004F0
:10DD200004D0954A234601211CF003F820460BB08D
:10DD3000BDE8F08F4FF00108904DDFF838A2706019
:10DD4000A6F8088000278E4B9D4216D38B4A9B1A5B
:10DD50003422B3FBF2F3BB4200F30681854803682B
:10DD60005B0704D0874A3B4601211BF0E2FF706845
:10DD70001BF0E7FF6FF00204D8E7182400212246C9
:10DD800004A824F03DFC296889B1022005AA17F0F7
:10DD9000B7F901280BD102940223ADF810306B685B
:10DDA0001B885BBA9BB2ADF81230022010E02968E4
:10DDB00071B3012005AA17F0A3F9012828D16B68D7
:10DDC000ADF81000082202921B885BBAADF8123041
:10DDD000EB6A002BAB6A0CBF06224FF48172D3B101
:10DDE0001B68C3B10146284698470028044616DA46
:10DDF000DAF80030590708D0E4F7E6FA5C4B1B5814
:10DE0000614A012150461BF094FF013734359AE7EF
:10DE100018230293C0E70121E8F7BEF9E5E70023E4
:10DE20000393042300931A2203AB2921E8F7B6FBDE
:10DE3000EB6A002B33D02A6B4FF48D710092204691
:10DE40000122E8F7ABFB002810DADAF800305B07B4
:10DE500008D0E4F7B9FA464B1B584C4A4548012113
:10DE60001BF067FF20461BF06CFFCFE70A230093EF
:10DE70000222474B4FF48D712046E8F78FFB0028B4
:10DE80000DDADFF8F090D9F800305A07EAD0E4F75D
:10DE90009BFA374B1B583D4A01214846E0E74FF0BB
:10DEA0000109CDF80C9004230093022203AB4946EC
:10DEB0002046E8F773FB0028C7DB029A04A9204636
:10DEC000E8F7CAF9002810DADFF8A8B0DBF800306C
:10DED000580708D0E4F778FA254B1B582D4A4946D5
:10DEE00058461BF026FF0137BCE76B681B88DBB97F
:10DEF0001823029302AA04A92046E8F7AFFB0028E2
:10DF00000DDADFF870B0DBF800305907AAD0E4F77B
:10DF10005BFA174B1B58204A49465846A0E7BDF804
:10DF200012306A685BBA1380AB6900221A606969B3
:10DF30002046E8F7E9F900280DDADFF83890D9F83B
:10DF400000305A07CFD0E4F73FFA094B1B58134A69
:10DF500001214846C5E7AB681C6006EBC8030122F7
:10DF60005C601A81904451E7C6F800800024DDE629
:10DF70000C000000EC24002067F50500B42F05001C
:10DF80001C300500C3F505007BF5050086F505008E
:10DF900095F505009FF50500A8F50500B8F5050005
:10DFA0002DE9F04399B004460EA900F59E601FF0DC
:10DFB000DEF82F4DDFF8BC9000264D4531D3636865
:10DFC0002D499A6913680846013B136050F8043BD9
:10DFD000002293420BDD666850F83270B6683668EE
:10DFE000B7424FEAC2053FD14A19012010812348A8
:10DFF000042B0AD850F833602568AE424FEAC302BA
:10E0000034D18B184FF0FF325A604FF4A9620021CF
:10E01000204624F0F5FA4FF0FF33236019B0BDE835
:10E02000F083EF692B6A9F4201D33435C5E77B68E3
:10E030001A79022A16D199698C4213D1D3F8148027
:10E040009E61B8F1000F0DD0DB698DF81C200093A4
:10E05000CDE90366CDE9056608AB03AA4FF0FF31B1
:10E060002046C0470837DDE70132B2E70133BFE79A
:10E07000B42F05001C3005005062002054620020BF
:10E080002DE9F04FB84C8FB0B8484FF0FF324FF049
:10E09000FF330AF073FAB64B1B78002BF4D02046FE
:10E0A000FFF718FE051E18DAB24803685E0703D0B2
:10E0B000B14A012114F02AFFAE48036803F00703B8
:10E0C000022B04D9AD4A2B4603211BF032FE00215E
:10E0D0004FF400401FF0BAF9DDE704230493002257
:10E0E0000023CDE90623A6484FF0FF32052116F0A4
:10E0F000CAFB00282FDAE4F767F9A24B1D586D42DE
:10E100006068DFF864924FF0FF361BF01AFE4FF0A4
:10E11000010866604FF4A967D9F80C00002807DBF6
:10E120002368984580F2BD811BF00BFEC9F80C6096
:10E1300008F10108B8F1050F09F10809ECD1924B7B
:10E14000924A4FF0FF319342C0F0B381884B1B7865
:10E15000002BB1D19FE7C6D0012808D1B4F90A300D
:10E160002BB1606806A9E5F745FA0025C8E7DFF896
:10E17000F8910127D9F80C50002D72DBB9F9122063
:10E18000D0060BD52068B8426BDC381A4FF4A9636F
:10E1900003FB004030301BF0D6FD62E012F00803B4
:10E1A00023D004AB0093042203AB01212846E8F7F7
:10E1B000C1F92068B842E8DD6E48039D0368732DFD
:10E1C00003F0070308D1022B03D9714A032114F08D
:10E1D0009DFE6FF0720593E76D42002B90D06D4A63
:10E1E0002B4601211BF0A5FD8AE7D10739D522680E
:10E1F000BA4228DCA7EB02084FF4A96B0BFB08F628
:10E2000004EB060A06F130053836DAF83000DAF8A1
:10E210003C1125442644C1F58072CDE900333144D8
:10E22000E8F72AF9002800F3B9802846B3E7D8F8C0
:10E230000820126895420AD008F134089845F6D3B0
:10E2400000239B69FFDEDFF84081504BF6E7D8F8EA
:10E2500018301A68D8F810309A4208D30023A9F869
:10E2600010300137052F09F1080983D13BE7182643
:10E270003246002108A824F0C3F9059605AA08A98A
:10E280002846E8F76BF8B0F1000B0EDAE4F79CF8DB
:10E290003C4B1B58002BE4DCC3F1000B2668042E1A
:10E2A00009D958461BF04DFDDBE7BDF8200009A950
:10E2B000F4F7FCFEF2E7324A52F8362001324FEA18
:10E2C000C60301D00136EAE7234401229A60D8F858
:10E2D0001810C3F804B00B6813440B6023684FF4A4
:10E2E000A96AF61A0AFB06FA04EB0A05C5E90CB896
:10E2F00095F8703585F844214FF0000823F00503A8
:10E300000AF1380085F870354FF480724FF480338D
:10E3100041462044C5F84031C5F83C8124F070F9ED
:10E320000AF56D704FF480724146204424F068F97C
:10E330000AF5A460184920441EF0F8FE0AF13000E6
:10E3400020441BF00CFD0A23013B85F87482C5F8BC
:10E35000708205F11405F7D14FF4A96202FB06465D
:10E36000C6F858317DE700BF5062002050280020D9
:10E3700018E40020EC240020DCF5050095F60500EB
:10E38000546200200C000000B42F05001C30050072
:10E39000FEF505000EF60500379D0400DAF83C3165
:10E3A00003442846CAF83C311BF0D9FCCAF838614E
:10E3B0000BFB084393F844310D2B51D8DFE803F0F1
:10E3C0002C1328073038483C345040444C502846E1
:10E3D0001BF0F9FF002870DB0BFB0843D3F83C313E
:10E3E000002BE5D13FE00BFB0843D3F83C21172A73
:10E3F00039D93B49D3F83801182224F044F918B12F
:10E40000284600F0CBFBE5E728461BF0BCFFE1E720
:10E41000284600F007FCDDE7284601F0FDF9D9E7C2
:10E42000284601F0B7FAD5E728461CF0BDF8D1E739
:10E4300028461CF06CF8CDE728461CF09FF8C9E789
:10E4400028461CF03EF8C5E728461CF081F8C1E7D5
:10E4500028461CF01BF8BDE728461CF0AAF8B9E7CF
:10E4600028461BF070FC4FF4A96303FB0848D8F85A
:10E470003C21002A3FF4F5AED8F83811304624F09C
:10E48000A6F8D8F83C31B3F5807F7FF4EAAE1548A2
:10E4900003685B073FF4C9AE134A012114F036FD4F
:10E4A000C3E6A8EB030007FB004030301BF04BFC39
:10E4B0003CE698683433016045E610F10B0FD2D08A
:10E4C00010F1800F3FF4B1AE064E33685A073FF4A7
:10E4D000ACAE064A0346012130461BF02AFCA4E6F6
:10E4E00035F60500EC2400206FF605004EF6050019
:10E4F0002DE9F8433B49814624F0F6F80746B0B1D0
:10E50000DDF7CAFF80464B464D462E780EB1BD4220
:10E510000FD1B8F1000F06D018464246394624F014
:10E5200056F80346434400221A70BDE8F88380463B
:10E53000E9E72E2E28D16A782F2A02D1AC1C254675
:10E54000E3E72E2A04D1A9782F2902D1EC1CF6E7A3
:10E5500012B1691C8F4201D16C1CF0E72E2A05D143
:10E56000AA78AC1C002AEAD0BC42E8D003F8016BC0
:10E570006C1C2278002AE2D0BC42E0D02F2ADED0E8
:10E5800003F8012B0134F4E72F2EEFD16A782E2AFD
:10E59000ECD12C4614F8022F2F2AD0D00AB1A74272
:10E5A00003D12F2203F8012BC9E72E2ADED12C46F6
:10E5B00014F8032F2F2A0BD11A464A451346BED909
:10E5C00013F8013C2F2B02F1FF32F6D11346B6E7C8
:10E5D0000AB1A742CAD14B45E3D913F8012D2F2A1E
:10E5E000F9D1DEE7ADF605002DE9F84306460F4602
:10E5F0009046DDF751FF0D4CDFF8349005464C4551
:10E6000001D3BDE8F8836268AA420CD2A81A216837
:10E61000304424F038F830B9A16842463846BDE8A5
:10E62000F84324F042B80C34E9E700BFA4430600E5
:10E63000EC430600F7B506460D46144600270CB914
:10E6400020460EE030680023CDE9007722462946B7
:10E65000E7F7B0FE031E06DAE3F7B6FE054B1858DF
:10E66000404203B0F0BD30461D44E41A1BF077FB76
:10E67000E5E700BF0C00000010B5064B1C7834B96C
:10E6800001221A70044809F03FFF204610BD6FF0C8
:10E690007700FBE718E40020502800202DE9F8431C
:10E6A00000F5CA7605468946A0F54C74202130460F
:10E6B000904624F00DF808EB00071F2F08D900231F
:10E6C00084F8C434022384F8E9340020BDE8F883D8
:10E6D000424649463044274423F06BFF002387F825
:10E6E000C4342B6803F4FE33B3F5304FEAD10B4941
:10E6F000304623F0A4FF30B994F8403543F00403CA
:10E7000084F84035DBE70649304623F098FF0028BF
:10E71000D5D194F8403543F02003F1E704F7050024
:10E720000CF705002DE9F84300F5CA78074689463D
:10E73000A0F54C7420214046154623F0C9FF2E1841
:10E740001F2E05D9002384F8C4340020BDE8F883C7
:10E750002A464946404423F02CFFA319002283F89F
:10E76000C4243B6803F4FE33B3F5484FEDD194F86D
:10E7700040556A070ED51649404623F060FFF0B9B0
:10E7800045F0080584F8405594F8403523F004031B
:10E7900084F8403594F840359B06D3D5324641463F
:10E7A00007F5F870264423F004FF002286F82025A0
:10E7B00094F8403562F3451384F84035C2E70549C3
:10E7C000404623F03CFF0028DED145F01005D9E794
:10E7D0001EF7050002FD05002DE9F04F90F84035C9
:10E7E00017469A0793B004460D460CD58B680BB9B3
:10E7F0000B8843B16648036813F0060F03D0654ADF
:10E80000022114F083FB94F84035C3F340089B07C2
:10E8100000F190802B880BB9C8232B80A3F16402F0
:10E82000B2F5CE7FD5E9019A04D36FF0150013B08D
:10E83000BDE8F08FB9F1000F02D1BAF1000FF4D1A9
:10E840005549D4F860235548CDE900115449012AAF
:10E8500008BF08460246322102A811F0CFFC312140
:10E8600002A823F035FF02A902462046FFF7E2FE88
:10E870000028DCDB002636E059F836B04949584616
:10E8800023F0DDFE00287FD04749584623F0D7FE0D
:10E89000464A5B46002808BF48F00108322102A81A
:10E8A00011F0ACFC312102A823F012FF02A90246AC
:10E8B0002046FFF7BFFE0028B9DB09F1040353F837
:10E8C00036B05846DDF7E8FD594602462046FFF7C8
:10E8D000B1FE0028ABDB364902222046FFF7AAFE34
:10E8E0000028A4DB0136B245C6D1B8F1000F14D11F
:10E8F0003B69304A3221002B08BF134602A82E4A3A
:10E9000011F07CFC312102A823F0E2FE02A90246AC
:10E910002046FFF78FFE002889DB2549022220468A
:10E92000FFF788FE002882DB94F8403543F00203AD
:10E9300084F84035EB680BB9002078E72B69002B91
:10E94000FAD0D4F86023012A11D1D5E90312204668
:10E95000FFF770FE0028FFF66AAFD4F86033012B92
:10E96000EAD0134902222046FFF764FEE4E7134A87
:10E97000402102A811F042FC02A902462046FFF7FE
:10E9800059FE0028E1DA52E76FF00C004FE700BFB4
:10E99000EC24002062F70500E509060034F70500C5
:10E9A00022F70500A2F70500B4F705001968050075
:10E9B0001410060011620500C1F70500D4F7050028
:10E9C0002DE9F047684AADF5AC6D04AF0D4604463D
:10E9D00051681068128907F110094B4603C30021E2
:10E9E0001A8007F11A00362223F00AFE95F8E8345F
:10E9F000012B0BD05D49492228461BF044FA0446FE
:10EA0000204607F5AA67BD46BDE8F08705F56176A3
:10EA10003046DDF741FD012807F150082BD163692D
:10EA2000534A4FF48071404611F0E8FB002633460C
:10EA300000963A464FF4807140461BF0DBF9031E06
:10EA400027DA4C480268510712D06C468AB004AAF3
:10EA50004949D3614FF400731384484BC2E9051848
:10EA600042F8103F4FF411513346E0F7EFF9A54655
:10EA700043493622C0E7494630464022FFF7B4FDFD
:10EA8000009663693F4A4FF48071404611F0B6FB2F
:10EA9000CCE701224146381DC7E901663E73E4F721
:10EAA0007FFF041E17DA334803685A07A8D06D4663
:10EAB0008AB004AA344BD461C2E905384FF400731C
:10EAC00013842E4B42F8103F4FF411513346E0F7B8
:10EAD000BDF9AD4694E72D4BCDF80090CDE901335B
:10EAE0002B4A3B684FF4806107F5A87011F086FB54
:10EAF00007F5A87102462846FFF79CFD041E23DB9C
:10EB000095F84035D7F8008043F0020385F840358A
:10EB1000B8F1000F06DC1F4904222846FFF78AFDE2
:10EB2000044611E04FF4806207F5A871381DE4F740
:10EB3000F3FF061E0CDA0F4803685B0704D0164A81
:10EB40003346012114F0EBF9381DE4F7C7FF57E70E
:10EB5000324607F5A8712846FFF76CFD041EF3DB6B
:10EB6000A8EB0608D4E700BF1162050031100600CB
:10EB7000DAF70500EC240020E8F7050004000001A6
:10EB80007B100600D6730500F7F70500E5090600BF
:10EB900006F8050049F6050045F8050038B50223DA
:10EBA000044680F81431002100F54C701BF0A3F8E6
:10EBB00004F542701BF0B9F8144BC4F81433144B2D
:10EBC000C4F81833134BC4F81C33134BC4F80C337C
:10EBD000124BC4F82033124BC4F8243394F8403558
:10EBE000002565F3410384F84035294684F8E9544B
:10EBF000202204F2C44023F003FD4FF48072294622
:10EC000004F5617023F0FCFC284638BD9DE6020047
:10EC100025E70200E59E0400A39E0400699E04000F
:10EC20007D9E04002DE9F04FB7B00023C0F8EC340E
:10EC300090F8E95404930446D0E9422300F5427168
:10EC400000F54C70FDF70CFDD4F80C21824206460D
:10EC50001FD2AB4803685B0703D0AA4A012114F016
:10EC600055F96FF04C0794F840359B072DD4A64B0F
:10EC7000A64ACDE90033942117230AA811F0BEFA61
:10EC80000AA8DDF709FC0AA902462046FFF7D2FCD4
:10EC90001BE094F867335F060AD09948026855076D
:10ECA000DFD003F07F039A4A012114F038F9D8E746
:10ECB00094F8E91402290CD8D4F80831121A034444
:10ECC000C4F80831C4F80C210027384637B0BDE835
:10ECD000F08F94F8661384F8E81494F84015DB0973
:10ECE00063F38201032D84F840150ED8D4F8EC3478
:10ECF0008342B6D8D4F80811C01A1A44921B0144B2
:10ED0000C4F80811C4F80C211E4694F84035590780
:10ED100017D46068002304AA04F561711BF030F871
:10ED20000546002848D17B49362220461BF0ABF827
:10ED30000746D0B994F8403543F0020384F84035D3
:10ED40004BE0DA0616D56068012304AA04F5617168
:10ED50001BF016F80028E6D0049B8360C4F8240159
:10ED6000204601F059FA071EAEDA17F10B0F7FF4B7
:10ED70007AAFAAE71B0703D5204600F095FCF2E71F
:10ED8000654928222046FFF755FC071EEDDB94F865
:10ED90004035624943F0020384F84035052220469D
:10EDA000FFF748FC071EE0DB5D4923222046FFF702
:10EDB00041FC071EADDAD8E7037904998160002B86
:10EDC0005CD194F8E834012B1FD0564949222046E3
:10EDD0001BF059F80746002FC7D1D4F80831334447
:10EDE000C4F80831D4F80C319B1BC4F80C3194F8EA
:10EDF000E934052B7FF468AFD4F86033012B40F081
:10EE0000808120461AF0B2FF5EE7D0E90313D0E913
:10EE1000059831B30A7822B3434A002B18BF1A462B
:10EE2000CDE901810092414B414AAE210AA811F07F
:10EE3000E5F90AA8DDF730FB0AA902462046FFF7EC
:10EE4000F9FB071E91DB94F8403543F0020384F888
:10EE50004035424649462046FFF7ECFB00EAE077A2
:10EE6000B9E7314A002B18BF1A46CDE900282F4BCD
:10EE7000304AAE210AA811F0C1F9DAE7012B05D119
:10EE80002146FFF79DFD071EA7DA6EE7022BA4D1EE
:10EE90004369002B00F03E81036894F8E82423FACC
:10EEA00002F2D70707D41F49492220461AF0EBFF88
:10EEB00007460028E8E7826972B194420CD01E49E7
:10EEC000192220461AF0DFFF074600287FF44DAFD5
:10EED00020461AF04BFFEBE7AC6194F8E824062AD1
:10EEE00007D8062A08D8DFE802F04C4C299393078C
:10EEF0004C001C2A00F08C806FF08507B3E600BF41
:10EF0000EC24002060F80500E509060046F905003C
:10EF10008CF805007B100600E80F0600A5F8050038
:10EF2000C40F06003110060011620500ABF80500A1
:10EF3000BAF80500FEF8050017100600580720D59E
:10EF40002B69764A002B08BF13460093744A754B11
:10EF500073210AA811F052F972210AA823F0B8FB14
:10EF60000AA902462046FFF765FB071EFFF6FDAE25
:10EF700094F8403543F0020384F840350023AB6138
:10EF80002BE7D340DA07B7D501F56178A0444046B6
:10EF9000DDF782FA0746182200210AA823F030FB89
:10EFA0003A4604F55C73414605A81AF04CFFEB693C
:10EFB00000936F690AAB05AA01212046B847071ED6
:10EFC000FFF6D3AE2A460AA92046FFF705FC0746FE
:10EFD00000287FF4CAAE01210AA81AF019FF002800
:10EFE000D9D0D4F86033012B07D04F4905222046F1
:10EFF000FFF720FB071EFFF6B8AEEB6900936F69C1
:10F000000AAB05AA02212046B847071EB6DAACE6CD
:10F01000D340DB077FF570AFD4F80881B8F1000F5B
:10F0200002D16FF001071EE694F8E994A9F10507F3
:10F03000D7F1000A4FF018024FF000010AA804F5BA
:10F040005C7B4AEB070A23F0DBFAD4F80C215B4621
:10F05000414605A81AF0F7FEEB6900936F690AAB09
:10F0600005AA51462046B847071EFFF67EAE02238A
:10F0700084F870330AA81AF0DBFE40B12A460AA9C8
:10F080002046FFF7A9FB074600287FF46EAE5146E5
:10F090000AA81AF0BDFE074610B9B9F1050F1AD03B
:10F0A00094F8E934052B7FF498AE94F8403598072E
:10F0B000C3F3400195D418220AA823F0A1FA012332
:10F0C0002A460AA920468DF83C30FFF785FB074603
:10F0D000002886D049E6394618220AA823F090FA7B
:10F0E0003A465B46414605A81AF0ADFEEB6900932F
:10F0F0006F690AAB05AA01212046B847071EBDDA91
:10F1000033E6B4F83033DA063FF57BAE012384F8FA
:10F110001431D9E56FF00207A5E500BF11620500C3
:10F120002CF90500ABF80500111006002DE9F04F91
:10F1300097B01F460DF12103049303AC37230593C9
:10F1400005460B46164604214B4A204611F056F858
:10F15000032800F38E800094484B05AA04A9284692
:10F160001AF01CFF044600287FD180468146824663
:10F17000229B43452FD1BAF1000F5ED1002F4DD114
:10F18000059A8DF82060C2F13703190C8DF818101C
:10F190008DF81A30C3F3072101238DF81B309DF839
:10F1A00080308DF8191043F004038DF81C30310EB7
:10F1B000330C8DF81D108DF81E30C2F14002C6F3DD
:10F1C000072306A928468DF81F30FFF733FA0028D9
:10F1D00045DA044649E0219B294953F838B058469E
:10F1E00023F02DFA2749002808BF4AF0010A5846A3
:10F1F00023F025FA219B0433002808BF49F00109B8
:10F2000053F83830009305AA5B4604A928461AF043
:10F21000C5FE0028DDD108F10108A9E7FB6843B16C
:10F22000009305AA164B04A928461AF0B7FE002839
:10F23000CFD1B9F1000F05D0A2E7B9F1000F9FD1EE
:10F24000002F9DD03B69002B9AD0009305AA0D4B4F
:10F2500004A928461AF0A2FE002891D0B9E7D5F8F3
:10F260002821137C43F001031374204617B0BDE836
:10F27000F08F6FF01504F8E7A2F80500B6F9050065
:10F28000BEF90500CFF9050030B5002385B0CDE902
:10F29000013300934A680C464FF4CA710546FFF7E4
:10F2A00045FF38B9012300930246636802492846A6
:10F2B0001AF095FE05B030BDFA1006002DE9FF41A9
:10F2C000054688461046194614461AF0A1FDD5F8A1
:10F2D00028311B7CDA0707460CD5A3680BB92388B5
:10F2E00043B12948036813F0060F03D0274A0221CF
:10F2F00013F00CFED5F828311B7CDB0742D42388A1
:10F30000002B34D1C823238063680BB9A36893BB57
:10F31000002F35D023699BBBD5F82821137C43F0FF
:10F32000020313740126A36802936368CDE90063A6
:10F3300028460A9BD8F804202188FFF7F7FEE0B999
:10F34000E068D0B12069C0B137B1D5F82821137C6D
:10F3500043F00203137401260096D4E90312D8F88F
:10F36000043028461AF03BFE00EAE07005E0643BFA
:10F37000B3F5CE7FC8D36FF0150004B0BDE8F081BF
:10F380000026D0E70026DBE7EC24002062F705002A
:10F3900030B5002395B0CDE9013300934A680C469F
:10F3A0004FF4FA710546FFF7C1FE88B9094B0A4AC6
:10F3B00000933B2105A810F021FF05A8DDF76CF8AC
:10F3C000012300930246636805A928461AF007FE48
:10F3D00015B030BDE5090600DCF905002DE9F04F58
:10F3E0001546EDB0724A04AF044607F120061068D6
:10F3F000884651681289334603C300211A8007F1F9
:10F400002A00362223F0FCF807F10C0A00233B61A6
:10F41000BB612368CAF8003023798AF80430A368F6
:10F42000CAF8083095F8E834CAF81060012B0BD000
:10F43000D8F8041028461AF0BCFE0446204607F50A
:10F44000D277BD46BDE8F08FD5F82831002B00F00B
:10F45000AC8005F5617B5846DDF71EF8012807F101
:10F46000A00935D16369534A4FF48071484610F0C2
:10F47000C5FE00263346009605F586724FF480716E
:10F4800048461AF0B7FC031E31DA4B4802685107B0
:10F4900012D06C468AB004AA4849D3614FF4007375
:10F4A0001384474BC2E9051942F8103F4FF411513C
:10F4B0003346DFF7CBFCA5460023CDE901330093AB
:10F4C000D8F804204FF4CA712846FFF72FFEB4E79E
:10F4D000314658464022FFF787F8CDF800B06369FF
:10F4E000384A4FF48071484610F088FEC1E7012287
:10F4F00049463846C7E900663E72E4F751FA041EF1
:10F5000017DA2D4803685A0798D06D468AB004AAC6
:10F510002D4BD461C2E905394FF400731384284B95
:10F5200042F8103F4FF411513346DFF78FFCAD46E0
:10F5300084E7CDE901660096D8F804205346C82137
:10F540002846FFF7F3FD0446D8B9D5F80C61002E24
:10F5500006DCD5F82821137C43F00203137410E075
:10F56000402207F160013846E4F7D6FA021E0CDAB1
:10F57000114803685B0704D001211346134A13F0B6
:10F58000CEFC3846E4F7AAFA58E7B61A002ECCBFEC
:10F59000002301230093D8F8043007F160012846C6
:10F5A0001AF01DFD041ED2DAEBE76FF0010445E707
:10F5B00011620500DAF70500EC240020E8F70500E9
:10F5C00004000001D6730500F7F7050045F80500B3
:10F5D0007FB581B14FF080620123CDE90023002384
:10F5E0008DF8083009226946FFF724F800EAE07038
:10F5F00007B05DF804FB104BADF80810CDE9003101
:10F6000001238DF80A308DF80B108DF80C108DF851
:10F610000D108DF80E1003238DF80F108DF810309B
:10F620000A238DF811108DF812108DF813108DF833
:10F6300014301522D7E700BF00000C041FB54FF4AB
:10F64000803241B38B688A600968D31A154A0092E8
:10F6500000228DF804200A0C8DF80620C1F3072241
:10F660008DF807201A0C0C0E8DF808108DF80A2062
:10F67000190EC3F307228DF809108DF80B20694687
:10F680000D228DF805408DF80C30FEF7D3FF00EA0F
:10F69000E07004B010BDD0F81031C0F81021C3F5EF
:10F6A0008033D3E700000408F7B5002380F8203149
:10F6B000D0F8EC34C0F8183190F8E9345A1F5342AE
:10F6C00053410121C0F81C1180F82131044600F596
:10F6D0008C761AF012FCD8B9142204F5117102FBD1
:10F6E00000F3CD5C002D4DD1E2180121C2F840128B
:10F6F000032182F844124FF48031C2F8481292F884
:10F70000501203F5107321F0030182F85012E01833
:10F7100094F84015C4F8280111F0010719D13D49AA
:10F7200047222046FEF786FF051E30DB94F8403561
:10F7300043F0020384F8403539462046FFF748FF7E
:10F740000546002857D194F8403543F0010384F86A
:10F7500040356068002301AA04F561711AF010FBBE
:10F76000074690B3019B836003799BB922463146DB
:10F770001AF0D5FD051E3EDB94F8E934052B29D09F
:10F78000002504E001300A28A9D16FF00B052846B6
:10F7900003B0F0BD012B04D122463146FFF71EFE17
:10F7A000E8E7022BE8D1224631461AF010FD051E8B
:10F7B00021DB94F8E834DA1E012A01D91C2BDBD1B5
:10F7C000214638461AF03AFCD4E731462046FFF786
:10F7D0005BFDCFE7D4F81C1120461AF0A1FB0123F2
:10F7E00084F81431D4E9423100220B44C4E9423296
:10F7F000C4F82421C4E715F10B0FC8D0D4F8283180
:10F80000002BC4D01B7CDB07C1D431462046FFF758
:10F81000BFFDBCE7B2100600F8B5D0E9421632468B
:10F8200004461AF0E4FE0546002840F0AC8094F847
:10F83000402594F820310931093E5206C4F80811D8
:10F84000C4F80C611DD5092B0BD0504803685B0729
:10F8500003D04F4A012113F059FB6FF04C052846A5
:10F86000F8BDC4F8280194F8213194F84025C3F379
:10F87000800383F0010363F3861284F84025082394
:10F8800069E0C4F82801092B78D801A252F823F0C6
:10F89000B9F80200F9F8020079F9020071F90200E2
:10F8A00069F902007DF902007DF9020075F9020094
:10F8B0006DF9020067F80200D4F81C110029CCD0C1
:10F8C00020461AF01AFB0028C7D00379032B01D079
:10F8D000052BC2D18368D4F818219B1A8360D4F811
:10F8E0001031D4F81821C4F828019B1AC4F810313B
:10F8F000032384F81431B2E7D4F81C1120461AF01F
:10F90000FCFAC8B9142204F5117602FB00F3F75C87
:10F9100027BBE21803F51073C2F84012032182F8E6
:10F9200044124FF48031C2F8481292F8501221F07C
:10F93000030182F85012E01894F8213194F8402520
:10F94000C4F82801C3F3800383F0010363F3861234
:10F9500084F84025042384F8143180E701300A2814
:10F96000D3D16FF00B057AE70523F4E70723F2E71D
:10F970000A23F0E70B23EEE70623ECE72046BDE879
:10F98000F8401AF0F3B96FF00A0568E7EC2400209C
:10F99000F6F905002DE9F04790F821311D0790B0E8
:10F9A000044600F58C770DD494F82131990623D5BF
:10F9B000D4F80C21042A0ED86FF00A05284610B09E
:10F9C000BDE8F0871AF0C3FA05460028ECD015F11F
:10F9D0000B0F71D1F0E7053AD4F80811C4F80C21E7
:10F9E000D4F818210531053A23F02003C4F8081192
:10F9F000C4F8182184F82131A74EADE0D4F80C11D9
:10FA0000D4F80801994228BF194604F5967200F00F
:10FA100007FA051E5EDC15F10B0F4AD1D4F80C6114
:10FA2000D4F81851AE42C7D394F840355A0608D4DA
:10FA30009A4803685B073DD0994A012113F066FAA2
:10FA400038E0D4F80891A6EB050A09EB0508524600
:10FA5000414620461AF0CBFD0028ADD194F8203164
:10FA6000092B05D08D4803685E0723D08D4AE4E753
:10FA7000D4F81831093E2B4405F10901C4F81831B6
:10FA8000AAF10902C4F80C614944404622F09FFDE6
:10FA900094F8213194F84025C3F3800383F00103E7
:10FAA00063F3861284F84025082384F81431002576
:10FAB00084E70DB96FF04C05D4F82831002B3FF4E2
:10FAC0007DAF1B7CDB073FF579AF39462046FFF75A
:10FAD0005FFC73E7D4F81831AB4205D26F48036876
:10FAE0005D07E7D0704AA8E75B1BC4F81831D4F86B
:10FAF0000831D4F834212B44C4F80831D4F80C313F
:10FB0000072AA3EB0503C4F80C3135D16749D4F8B3
:10FB10002C0122F084FD0546F0B91C230A968DF8CD
:10FB20002C300DF1280919F8018BD4F838A1404682
:10FB3000FEF702F8DCF7B0FC824519D14046D4F854
:10FB400030A1FDF7F9FFD4F838210146504622F0E4
:10FB500066FD68B984F8E884D4F81831002B7FF486
:10FB60004DAF94F8403513F0400365D000239CE777
:10FB70000135052DD7D19DE7052A1AD14C49D4F876
:10FB80002C0122F04CFD80460028E5D1D4F83851F4
:10FB9000FF2D00F2048104F561732A462544D4F850
:10FBA0003011184622F005FD85F88483FEF7A0FC8D
:10FBB000D2E70C2A17D13F49D4F82C0122F02FFDAF
:10FBC00080460028C8D1D4F838513F2D00F2E78094
:10FBD0002A462544D4F8301104F2844022F0E9FC8E
:10FBE00085F88484B8E70E2AB6D13349D4F82C01BD
:10FBF00022F015FD05460028AED1014610220AA8C4
:10FC000022F0FEFCD4F83821D4F83011102A28BF95
:10FC100010220AA822F0CDFC0A2205A90AA88DF814
:10FC2000375010F019FC059B1B7813B16FF01505C8
:10FC300042E7C4F8E4048FE7606804AA04F5617140
:10FC40001AF09EF810B30379049A826083B92246B1
:10FC500039461AF064FB051EFFF6B9AE94F821315F
:10FC6000D80752D5D4F8283143BB6FF0010523E7FC
:10FC7000012B04D122463946FFF7B0FBEBE7022BFC
:10FC8000ECD1224639461AF0A2FAE4E7394620467A
:10FC9000FFF7FAFADFE700BF01000304EC240020BD
:10FCA00012FA0500F6F905002AFA050050FA0500D7
:10FCB00058FA0500CFF90500A8ED0500DE68002E12
:10FCC0006BD096F80480B8F1020F56D118220021AB
:10FCD0000AA822F095FC00231A46194605A81AF036
:10FCE000B2F8F369009375690AAB05AA01212046B1
:10FCF000A847051E10DA0023B361D4F81C11204672
:10FD00001AF00EF9002DFFF662AE94F82231002BA6
:10FD10003FF42CAF0C23C8E6012300960AAA39460B
:10FD200020468DF83C30FFF7C9FA05460028E2D19D
:10FD3000F369009375690AAB05AA41462046A847B6
:10FD40000023051EB361D8DBD4F82821137C13F0FF
:10FD5000010114D1CDE9011101230093D368D4F836
:10FD60001C21C8212046FFF7E1F905460028C4D12F
:10FD7000D4F828310022DA60BFE70025E4E79907CC
:10FD8000C3F34002F4D401230093D4F81C3111468C
:10FD900020461AF024F90546EAE73546ADE76FF04C
:10FDA000680589E62DE9F34117461A460023C7F88E
:10FDB000103101AB05460E461AF039FC041E17DB64
:10FDC000019A2544361BBAB93B46314628461AF0FB
:10FDD0007DFC00281DDB04EB00080544361A3B4679
:10FDE0000122314628461AF071FC041E00DB44440F
:10FDF000204602B0BDE8F081531E3C2B0BD8074BC8
:10FE000053F8320038B13860DCF746FBA046B860E2
:10FE1000E5E70446ECE76FF04C04E9E760500500C5
:10FE2000F7B50E4615460446002844D0002A42D0B5
:10FE3000002943D090F900700378002F20DA01AB3D
:10FE400007221AF0F4FB041E14DB019A531E3C2B0C
:10FE500013D81C4B53F8320078B103EBC2035E6831
:10FE60005EB12860DCF718FBC5E901603046DCF7BD
:10FE700013FBE860204603B0F0BD6FF04C04F9E7D7
:10FE800003F0C007402F05D1062303B0BDE8F040C2
:10FE9000FFF788BF0F2B03D903F0F003102B04D119
:10FEA00004232A4631462046EFE701AB05221AF02B
:10FEB000BEFB0446DEE76FF01504DBE76FF00A04D3
:10FEC000D8E700BF605005002DE9F04F0D4687B020
:10FED00016460446002800F08A80002A00F0878039
:10FEE00013680393002B00F08280D2F808A0BAF1C7
:10FEF000000F7CD053680493002B78D0D2F80CB05C
:10FF0000BBF1000F73D021B96FF0680007B0BDE8F6
:10FF1000F08FDFF8E4904FF0FF380127D9F8083070
:10FF20000BB318460593DCF7B7FA8245059B1AD147
:10FF300003995246184622F072FBA0B9D9F80C304A
:10FF40006BB118460593DCF7A7FA8345059B06D1EC
:10FF500004995A46184622F062FB00283ED0B8F1B8
:10FF6000FF3F08BFB84601373E2F09F10809D5D138
:10FF70000423B8F1000F00934FF010031EDC0022A1
:10FF8000294620461AF07DFB071EBDDB3C44ED1BD5
:10FF900033460022294620461AF0DAFBB0F1000869
:10FFA00028DB33460122A5EB080104EB08001AF018
:10FFB000CFFB0028AADB47443844A7E7424629463E
:10FFC00020461AF05EFB071E9EDB33460122E91B2A
:10FFD000E0191AF0BDFB0028EEDA97E7072300933B
:10FFE0003A468023294620461AF04BFB8EE76FF0F5
:10FFF00015008BE7404689E7605005002DE9F74F73
:020000040003F7
:1000000096460193CA000646002800F08880BEF19B
:10001000000F00F08480002900F081800024204639
:10002000082520234FF0FF394FF0060B8AB94FE027
:1000300000293ED09D4237780ED809FA05FCAC4025
:1000400027EA0C0C5D1BEBB24CEA040401360139C3
:100050000825002BECD108E0ED1A9C402F4109FA4D
:1000600003F327EA03073C43EDB2DFF8B88000272B
:1000700018F8023CD8F800A0C3F1200C09FA0CFCD7
:100080009AFA8AFA0CEA040CD44526D00137B7F55F
:10009000807F08F10608EBD124F0030404340FD06C
:1000A000214803685C0711D0204A012112F02EFF7D
:1000B0000CE001279C4007FA03F3013B1C43D4E703
:1000C000072A05D918480368590704D16FF04C0076
:1000D00003B0BDE8F08F164AE7E7934205D912480E
:1000E00003685A07F2D0134ADFE7DDF804C0604521
:1000F000A2EB03020AD10C4803685B0703D00E4A47
:10010000012112F003FF6FF06800E1E7DFF82CC077
:100110000BFB07C77F780EF80070013086E76FF0A1
:100120001500D5E7FC100600EC24002052FC050069
:1001300062FC05007AFC05009AFC0500FA10060036
:100140002DE9F74FDB00054620B96FF0150003B02D
:10015000BDE8F08F002AF8D00029F6D04118002021
:10016000019104464FF006094FF0FF3A294E15F869
:1001700001CB0021374696F801E0E6450AD109FB9C
:1001800001F107EB010C7E5C9E42B04609D96FF08D
:100190006800DCE70131B1F5807F06F10606EAD19F
:1001A000D3E7DCF802703FBA86B90199A942A3EB04
:1001B0000803DBD1002CCAD0C4F108040123117854
:1001C000A340013B0B4313700130C0E7C4F1080E9C
:1001D000B645A8BFB646CEF120010AFA01F1394072
:1001E00004F1180B21FA0BF15FFA8EFCC9B21CB1B5
:1001F00092F800B041EA0B01A6EB0C06A4441CF0F7
:100200000704117007FA0EF7F6B204BF013201308D
:10021000CAE700BFFA1006002DE9F041B0B00DF1B9
:10022000780800F5A46120220446404622F03DFAF9
:100230004046DCF731F9C0F14406242E28BF2426BD
:100240004049039605463246404422F0B2F914274D
:1002500002AB01933C48009704AB721941461EF073
:10026000A8FB002868D1009704AB03AA3F210EA881
:10027000DDF74CFC054600285AD13449612220465E
:10028000FEF7D8F900285ADB94F8403543F0020312
:1002900084F840350EA8DCF7FFF80EA90246204688
:1002A000FEF7C8F900284ADB294B2A4A40210EA84C
:1002B0000FF0A4FF0EA8DCF7EFF80EA902462046C7
:1002C000FEF7B8F900283ADB94F8E934052B2FD172
:1002D000D4F824812068D8E9071200F08BFC061EB0
:1002E00025DB3A46294609A822F08AF9D4F82431B8
:1002F0009F6807F5617727443846DCF7CDF8394623
:10030000024604F55C7309A819F09DFDD8F8183071
:10031000D8F8242009A93046984707462046FDF71B
:100320003FFE002F04DA304600F09EFC3E46354684
:10033000284630B0BDE8F0816FF00405F8E70546C7
:10034000F6E700BFBDFC050005000002FA16060036
:10035000E2FC0500E9FC05002DE9F043B1F5827FE0
:10036000A5B00D46144612D040F2051399424ED066
:10037000C06A002204A9E2F7BFFE002841D1E2F7DB
:1003800023F8244B09221A504FF0FF3019E0D2E92C
:10039000005604AFD2F80880B9460024A64213DC08
:1003A00003A928680022E2F7A7FE0146D0B9E2F7C8
:1003B0000BF8184B16221A504FF0FF3000239E42C4
:1003C00019DC25B0BDE8F08355F8340049F8040B7A
:1003D00011490022E2F73AFE10B1C36A45F8343001
:1003E0000134DBE7CDE9006803982B464FF48272B5
:1003F0001AF0E5F9E2E757F8042B45F8332001330A
:10040000DDE7049B2246DB6829469847D9E70020B0
:10041000D7E700BF0C0000005052050038B5054674
:100420004FF0FF324FF0FF33094808F0A7F8094BAF
:10043000BFF35B8F1C68BFF35B8F24B11C1F9B6AEB
:10044000AB4218BF0024024808F05EF8204638BDD1
:10045000BCB200205C72002010B54FF0FF324FF0AC
:10046000FF330E480E4C08F089F8BFF35B8F23680A
:10047000BFF35B8F83B9BFF35B8F54E8003F013359
:1004800044E80032002AF8D1BFF35B8F043C0348F4
:1004900008F03AF8204610BD0024F8E7BCB200206E
:1004A0005C7200202DE9F04F1D4699B003F0F70370
:1004B000022B9DF88860DDF890900F46144600F2FC
:1004C0003C8100221146E2F7C1FD8046002800F081
:1004D0003781A04B9842C0F036815833984280F063
:1004E00032810D2200210DF1250022F089F89DF8BE
:1004F0008C307D2C45EAC3154FEAC6138DF8245085
:10050000DBB2E2B200F2D78013438DF8253002252A
:10051000002E00F0EA80042111A814F0DAF905F1A8
:1005200060030DEB0302119912F83C3CC8F830103F
:1005300043EA116302F83C3C6B1C18AA52FA83F39D
:1005400018A813F83C2C42EA114203F83C2CAA1CD0
:1005500050FA82F2EB1C12F83C0C40EA112002F82F
:100560003C0C18AA52FA83F3043513F83C2C0A43C6
:10057000EDB203F83C2C002F00F0B780002C00F007
:10058000B480204609F000FC0646002800F0DE801A
:100590002246394622F00DF806EB040C324612F8DA
:1005A000011BD8F83000B31A03F00303DB00D84076
:1005B00081EA0003624502F8013CF0D109AB1C223C
:1005C000002111A8CDE90D35CDE90F6422F018F80E
:1005D0000DAB29EAE9744FF4004C139340F2E73075
:1005E00002230021E4FB0C0114934FF47A720023E0
:1005F000DBF726FFB9F1FF3F02460B4618BF8146E5
:1006000004A814BF0C464C461DF01EF8DDE9042377
:1006100059EA0404CDE90223139AD8F82CA01499BE
:100620000CBF012300239B010024019304322346C5
:1006300099425CD1DFF820B14FF000084FF47A798D
:1006400044452CD9019A11A95046E5F7E9FE002846
:1006500006D056DAE1F7B8FE5BF800300B2B4ED12E
:10066000DDE9022304A81DF014F8049A0599CDF8D9
:100670001CA0A2FB092309FB0133D20B42EA43422F
:100680000423ADF82030012107A814F0FCF800285D
:1006900032D0D5DCE1F798FE2F4B1C586442B742AC
:1006A00002D030461DF0E3F9002C00DD641B20462B
:1006B00019B0BDE8F08FB4F5803F62BA07D243F0BD
:1006C0007E038DF82530ADF82620042520E743F081
:1006D0007F038DF82530230E8DF82A30230C8DF8FA
:1006E0002B30ADF82C200A2512E73E4666E752F87B
:1006F0003300013304449BE76FF07304CFE75C429F
:10070000CDE780444445CAD900239C4603E0401A03
:10071000C2F804C00133149A934291D2139A02EBA7
:10072000C30251688142F2D9091A5160139951F8F4
:100730003320024441F8332082E76FF01504B6E716
:100740006FF00804B3E76FF00104B0E76FF00B043B
:10075000ADE700BF587200200C0000001FB5C3F3C6
:100760008013013B02930123019390F85140C4F39D
:1007700000140094C069FFF795FE031E06DAE1F746
:1007800023FE044A5B4213504FF0FF33184604B077
:1007900010BD00BF0C00000008B51AF02CF8031EB5
:1007A00009DA13F1800F08D0E1F70EFE044A5B422C
:1007B00013504FF0FF33184608BD0023FBE700BF7E
:1007C0000C00000030B5012385B04FF0FF35CDE9B6
:1007D000013590F85140C4F300140094C069FFF74C
:1007E00061FE031E05DAE1F7EFFD034A5B42135099
:1007F0002B46184605B030BD0C0000002DE9F04F27
:100800008BB0DDE914A4671C05460E469046994658
:1008100029D024EAE47440F2E73000214FF4004785
:100820004FF47A720023E4FB0701DBF709FE02466E
:100830000B46002E00F09781B8F1000F00F0938175
:1008400006A81CF001FFDDE9063400221146284607
:10085000CDE90234E2F7FAFB044640B96FF0080034
:100860000BB0BDE8F08F4FF0FF321346E1E7AF4B1E
:100870009842C0F07B815833984280F077810027FE
:10088000A56A002D4ED1DDE9022306A81CF001FF68
:10089000DDE9062050EA020CE16A21D0B0F1FF3F09
:1008A00008BFB2F1FF3F1DD04FF47A75A2FB0532AD
:1008B00005FB0022DB0B43EA42420891012109912A
:1008C00008A813F0E0FF002821DB23D0BDF9263073
:1008D0009D06C3D413F0080307D06FF00400BFE7F0
:1008E0002A46EAE74FF0FF32E7E7D4E90812E06A68
:1008F000CDE900334023E5F7BFFD00280EDAE1F72C
:1009000063FD8B4B1B58002BC3F1000006DD10F17B
:100910000B0FA5D167BB6FF00A00A1E7002800F01C
:100920002881A0620025AB46A36AAB422FD8002DD8
:10093000284695DB94F8503013B1B84500F2F180A9
:10094000BAF1000F03D0D4E91223CAE90023B9F1A8
:10095000000F02D0236CC9F80030A26AB2EB050880
:1009600004D0206A4246411921F031FEC4F82880A3
:1009700094F85130DB0700F1DF80236C082B40F046
:10098000F08020460BB0BDE8F04F19F034BF94F86A
:100990005020042A00F09D80236A691C585D032AB8
:1009A00000F2BC80DFE802F002154A7400F00F0389
:1009B000013BDBB2092B9ABF5E4AD35C00230006E1
:1009C00048BF43F001032364012384F850300D46EF
:1009D000AAE794F85130C20900F07F0062F30003E7
:1009E0007D2884F851304FF000021AD8DBB213F0A2
:1009F0000103C4E90E0206D0226300230422C4E9E5
:100A000012230323E1E7C4E91203003818BF0120D1
:100A1000800084F850000D4694F85030002B83D1AC
:100A200085E700237F28C4E90E234FF0000314BF9D
:100A300002220822C4E912230223C6E7D4E91232B3
:100A4000013B4FEAC305A5F1200CC5F1200E20FAA9
:100A50000EFE00FA0CFC4CEA0E0C00FA05FED4E97E
:100A60000E5042F1FF32C4E912324EEA05054CEA5B
:100A700000001A43C4E90E50A9D194F85130DA07A6
:100A800002D500232363B8E7C4E9125004239CE78E
:100A9000D4E91232013B4FEAC30500FA05F0256B99
:100AA00042F1FF32C4E9123205431A4325638ED165
:100AB000D4E90E2352EA030008D100230022C4E93E
:100AC0001223002384F850300D4630E7C4E9122386
:100AD000DCE7D4E912205B1B93427BEB0000A8EB20
:100AE000070138BF1A468A4228BF0A4600293FF448
:100AF0001EAF216A05922944F01921F05AFDD4E96C
:100B00001231059A9B1A61F10001C4E912310B43BD
:100B10001544174480D184F850B008E76FF00D00F9
:100B20009EE6A36A5B1BA362AAE600BF5872002080
:100B30000C0000005C170600A26BA36C9B1A3B44E0
:100B400004F13005F019334486423FF416AF16F82D
:100B5000012B991B01F00301695C4A4006F8012C46
:100B6000F2E738467CE66FF0150079E66FF0010099
:100B700076E66FF07F0073E610B586B004AB4FF0F9
:100B8000FF340093019403ABC069FFF737FE031EE7
:100B900008DA13F1800F08D0E1F716FC044A5B4233
:100BA00013502346184606B010BD0023FAE700BFD5
:100BB0000C0000007FB5C3F38013013B019304AB2D
:100BC0000093C06903ABFFF719FE031E09DA13F1A6
:100BD000800F0AD0E1F7F8FB054A5B4213504FF053
:100BE000FF33184607B05DF804FB0023F9E700BFA8
:100BF0000C0000002DE9F041051E8846174627DB52
:100C0000FFF70CFC064630BBFFF726FC044628B372
:100C100090F85130C56266F30413C0E9088780F884
:100C20005130E2F783FA051E07DA204619F0D6FDA7
:100C30006FF01B052846BDE8F0810A4AE5614FF4D4
:100C400040432146E2F7B8FAA66284F85060F1E723
:100C50006FF01505EEE76FF01005EBE76FF001059B
:100C6000E8E700BF5052050038B5051E25DB4FF000
:100C7000FF324FF0FF33154807F080FC144BBFF3F1
:100C80005B8F1C68BFF35B8F24B11C1F9B699D4267
:100C900018BF00240D4807F037FC8CB1E36A002B25
:100CA00011DB284614F02AFAE06A14F027FA4FF014
:100CB000FF33E362E361002038BD6FF01500FBE70E
:100CC0006FF00100F8E76FF07700F5E7BCB20020A5
:100CD0005C72002070B505460E464FF0FF324FF0B3
:100CE000FF330E480E4C07F049FCBFF35B8F2368BF
:100CF000BFF35B8F63B14FF0FF324FF0FF33201D26
:100D000007F00CFB3146201FA847201D07F078FB99
:100D10000248BDE8704007F0F7BB00BFBCB200203E
:100D20005C72002002484FF0FF3201211CF032B902
:100D3000BCB2002010B588B000220023CDE9062304
:100D400000244FF0FF33CDE90334CDE90144074BD4
:100D5000074900944FF40072064807F09FFF0649C8
:100D6000044807F0C3FE204608B010BD110E030072
:100D7000401C0220B07200200CFD050002460B460C
:100D8000014807F0CBBA00BFC0260020014807F099
:100D900037BB00BFC026002013B50190F1F720F843
:100DA0004FF0FF31441E4FF0FF30FFF7E7FF019B8C
:100DB00083B10021184619F043FD58B108211846A7
:100DC00019F03EFD30B1114A32F8143043F00103FE
:100DD00022F8143001A90120F0F730F930B10B4AA4
:100DE00032F8143043F0020322F814300198012144
:100DF00015F0D4FC30B1054A32F8143043F0040346
:100E000022F81430FFF7C2FF02B010BD72DA0020E2
:100E10002DE9F74F4FF0FF304FF0FF31FFF7AEFFF6
:100E200000F0BCFB00F020FA5B48DFF87081002185
:100E3000F1F754FDFFF7AAFF4FF0FF334FF0FF32F9
:100E4000574807F09BFB4FF0FF304FF0FF31FFF7A3
:100E500095FFB8F80030002B00F08780C3F3803294
:100E600013F00105C3F340304FEAD336019270D03E
:100E700083F0800113F00602C1F3C011C3F34005F3
:100E8000C3F3800308BF934601EA030A1ABF0C4666
:100E90008B465C460D40D146584500955ED00120FA
:100EA000EFF7ECFC0746AE425AD00120EFF7E6FC24
:100EB0000646019B534555D00120EFF7DFFC8246E3
:100EC000B8F80030C3F30C0343EA4B33A8F8003002
:100ED000B9F1000F03D043F48043A8F800303DB1CE
:100EE000B8F800306FEA43436FEA5343A8F8003084
:100EF0002C4D2B889C4209D0002C3DD13A46022033
:100F0000294919F095FC294B2C801F60284C238817
:100F100099450CD0B9F1000F33D15246082022492F
:100F200019F086FC234BA4F80090C3F800A0224CD3
:100F3000009A23889A4209D042BB324620201A499F
:100F400019F076FC009B23801C4B1E60FFF71EFFF0
:100F500072E7AA46AB462C46A9469DE70027A2E7C2
:100F60000026A6E74FF0000AAAE71C469946009320
:100F70001F469A461E46BBE7002BC4D13A460120C5
:100F8000BEE7002BCED152460420C8E7002BD9D1B2
:100F900032461020D3E700BF990D030072DA00201B
:100FA000F027002070DA0020000050F0DCB20020B2
:100FB0006EDA0020D8B200206CDA0020D4B2002013
:100FC0000048704772DA002010B5F0F709FF4FF0C3
:100FD000FF31441E4FF0FF30FFF7D0FE074A32F8D2
:100FE0001430190606D443F0800322F81430044864
:100FF00007F08AFABDE81040FFF7C8BE72DA002099
:10100000F027002010B5F0F7EBFE4FF0FF31441E43
:101010004FF0FF30FFF7B2FE074A32F814301906DE
:1010200006D523F0800322F81430044807F06CFA48
:10103000BDE81040FFF7AABE72DA0020F0270020BA
:1010400010B5F0F7CDFE4FF0FF3104464FF0FF3002
:10105000FFF794FE013C044B13F81440E409FFF73A
:1010600095FE204610BD00BF72DA002010B5F0F7E3
:10107000B7FE441E002C0CDC4FF0FF304FF0FF3168
:10108000FFF77CFE044B33F81440FFF77FFE204649
:1010900010BD4FF6FF74FAE772DA0020F8B5144677
:1010A0001D46FFF78DFF24F4405325F0604223F0E6
:1010B000030322F48002134306461FD10698F0F77B
:1010C0008FFE471E4FF0FF324FF0FF331A4807F0F4
:1010D00025F9C5F31303A4F580521A4312D041F247
:1010E0000102944273F1000209D2621E1A4309D030
:1010F000023C1C4315D0104807F082F9F8BDA4F556
:101100000054F6E706A90120EFF798FF28B136F85A
:10111000173043F0020326F81730084807F0F4F9B7
:10112000E9E706A90120EFF789FF0028F5D136F895
:10113000173023F00203EEE7C0260020F02700203E
:101140002DE9F04114461D46DDF81880FFF738FF01
:1011500024F4C05325F0604223F0030322F440122C
:10116000134306463ED14046F0F73AFE471E4FF085
:10117000FF324FF0FF331C4807F0D0F8C5F31303DC
:10118000A4F500621A4313D040F60102944273F1B1
:1011900000020AD2621E1A430AD0023C1C4316D037
:1011A0001148BDE8F04107F02BB9A4F58054F5E7EC
:1011B0000121404615F0F2FA28B136F8173043F015
:1011C000040326F81730094807F09EF9E8E70121E3
:1011D000404615F0E3FA0028F5D136F8173023F031
:1011E0000403EEE7BDE8F081C0260020F0270020D0
:1011F000F8B51D461446069FFFF7E2FE25F0504362
:1012000024F0030223F480131A43064626D13846FD
:10121000F0F7E6FD471E4FF0FF3311484FF0FF3265
:1012200007F07CF8C5F31305631E2B4307D0023C7F
:101230002C430ED00A48BDE8F84007F0E1B836F874
:10124000173023F0010326F81730064807F05CF941
:10125000F0E736F8173043F00103F4E7F8BD00BFBC
:10126000C0260020F0270020114908B5114B4B6023
:10127000114B03220846C1E90423F2F717F90F497D
:101280000F4B4B600F4B43F203020846C1E90423A6
:10129000F2F70CF90C490D4B4B600D4B41F6030274
:1012A000C1E904230846BDE80840F2F7FFB800BFD3
:1012B000B0730020F1110300000010D098730020DB
:1012C0009D100300000040E08073002041110300E6
:1012D000000030E00346084A0848904201D300204D
:1012E00070470168994205D143681B68002B08BF0D
:1012F000002070475030F0E7CC2A0020CC2A002094
:1013000007B50023009350F8182C03490420F2F786
:101310000BF903B05DF804FB000020D010B519F004
:10132000FDFA031E09DA05480268520705D0044A8F
:10133000BDE81040012111F0F2BD10BDA424002031
:1013400026FD05002DE9F0410B7800AF05460E465D
:1013500033B97378032B07D8DFE803F0094049520B
:10136000FFF76EFE0028F4D0BD46BDE8F0812846A8
:1013700019F072FA0028F7D12846F1F7CDFA0446A1
:101380000028F1D0736803B97060244B1B685B07B9
:10139000EAD07378002B3CD0013BDBB2022B3AD869
:1013A0001F4A52F823602846F0F71AFDE8468CB031
:1013B0006A461C4B0994CDE905364FF40073ADF82D
:1013C0002830194BCDE9070542F8103F1348002398
:1013D0004FF45151DDF73AFDC546C5E7284619F0EF
:1013E0003BFA0028C0D02846F1F7DCFAC7E72846C8
:1013F00019F06CFA0028B7D0284619F08FFABEE72A
:10140000284619F063FA0028AED0284619F0E9FA08
:10141000B5E7064EC7E7064EC5E700BFA424002087
:101420009452050056FD0500060000014CFD050024
:1014300044FD05002DE9F041C3F3130300AF911EF5
:101440001943BC69064608D0111F19433DD0013A23
:101450001A4323D0BD46BDE8F0811E4DD0F8088068
:101460002A6802F00702B8F1000F1BD0B2B1204683
:10147000F0F7B6FCB3686E468AB01B686A46164938
:10148000CDE907430523CDE9051042F8103F0023BD
:101490004FF421512846DDF7D9FCB546204619F016
:1014A00002FAD7E7002AF9D02046F0F799FC6E46F9
:1014B00088B06A46094B0794CDE90530042342F809
:1014C000103F4FF401514346E4E70121204619F053
:1014D0005EFABFE7A42400207DFD0500B4FD0500F1
:1014E00023F0504122F00B0021F4801170B5084325
:1014F000049C0CD128498B4208BF022A08D08B4299
:1015000008BF082A42D08B4208BF012A23D070BDF1
:101510002046FFF7DFFE05460028F8D0204619F0E8
:1015200099FA0028F3D04FF47A7303FB00F44FF4D8
:10153000004C40F2E73000214FF47A720023E4FBC4
:101540000C01DAF77DFF02460B4605F11800BDE8F5
:10155000704007F035BA204619F0B8F90028D6D007
:101560000021204619F08BF948B9204600220321BA
:1015700019F0B3F92046BDE8704019F094B9032181
:10158000204619F07CF90028EFD1C0E72046BDE8DD
:10159000704019F0ECB900BF000010D038B5264CEF
:1015A000264DAC4217D32649264B4B60264B224C86
:1015B0000B220846C1E90423F1F778FF2349244BA5
:1015C0004B60244B07220846C1E90423F1F76EFF64
:1015D000AC4224D338BD63681B684BB91E4803680E
:1015E0005B0703D01D4A012111F090FC5034D8E76D
:1015F0009B68002BFAD0A06C19F039F9184904F156
:1016000018001BF093FD0023C4E9043363681B68D2
:1016100020469B689847A06C19F02FF9E6E76368AD
:101620001B6833B1206819F017F910B1206819F060
:101630009EF95034CCE700BFCC2A0020CC2A0020F1
:10164000E0730020E1140300000010D0C8730020F4
:10165000E9A90400000020D0A4240020E7FD050033
:101660000113030007B500238DF800006946054803
:101670008DF801300193F1F731F9019803B05DF86D
:1016800004FB00BF4513030007B501238DF80000DC
:101690008DF801300448002369460193F1F71EF9E3
:1016A000019803B05DF804FB4513030007B5002360
:1016B0008DF80000694608488DF801300193F1F774
:1016C0000DF9022304488DF801306946F1F706F957
:1016D000019803B05DF804FB4513030007B503232D
:1016E0008DF800008DF8013004480023694601930D
:1016F000F1F7F4F8019803B05DF804FB451303001B
:10170000F8B5036900AF0C4603F1A005BFF35B8F8A
:10171000D3F8A030BFF35B8FC3F3800399421CD191
:101720001A48036813F0060F17D0194A194B6E4672
:1017300088B0002918BF13466A461749CDE905133A
:101740004FF40073ADF81C30144B42F8103F0023E7
:101750004FF4E451DDF77AFBB546BFF35B8F5CB124
:1017600055E8003F43F0040345E80032002AF7D172
:10177000BFF35B8FBD46F8BD55E8003F23F004037F
:1017800045E80032002AF3D0F6E700BF8C250020A0
:10179000D56C0500386D05007BFE050003000001D7
:1017A0002DE9F0470546D0F808A0894690461F4627
:1017B00019F0DDF9044608B390F82060F1070DD563
:1017C0001D4803685A0705D094F824301B4A0121AC
:1017D00011F0A5FB6FF07700BDE8F0873B4642466D
:1017E000494619F07EF960B9134803685B0705D0D4
:1017F00094F82430124A012111F091FB6FF012008D
:10180000EAE79DF8203084F8258026F00606E78474
:1018100084F8283084F82060DAF818302146284609
:10182000984794F82020B0FA80F35B0963F3000234
:1018300084F82020D0E700BF8C2500208DFE050015
:10184000A7FE050070B50546866819F090F90446B4
:1018500010B390F82030DA070CD4114803685B0706
:1018600005D094F824300F4A012111F058FB6FF095
:10187000770070BD0146F3692846984750B194F847
:10188000203003F0010394F8202063F3000284F871
:101890002020EEE70346F6E76FF01200E9E700BF0D
:1018A0008C250020C9FE05002DE9F341D0F8088001
:1018B0001746D8F83C3005460E4698470D4800229A
:1018C00000233946E1F7CCFA044688B90A48036890
:1018D0005B0705D0094A00963B46012111F029FB20
:1018E0002846D8F840309847204602B0BDE8F0813D
:1018F0000676F5E7402900208C250020E4FE05004F
:1019000010F0080F0B4B42B20CD100F00F00002A70
:101910004FF0140202FB0033B4BFD3F80806D3F82B
:1019200008077047002AB4BFD3F8A806D3F8A80761
:10193000704700BF00700240F8B50246EFF3118116
:10194000202383F31288BFF36F8F00F0080519F08E
:1019500056FC0124844057066FEA04061BD0D5B913
:10196000174F3B6823FA00F0C00714D533403B60A3
:1019700053B2DB4322F08000DB0F00F2DA301B01B0
:1019800003EB40030F48C0F80038D0F8043843F0A8
:101990000203C0F804380C4803683340036035B9CB
:1019A0000A480368120654BF334023430360054BC3
:1019B000C3F86C4481F31188BFF36F8FF8BD00BF8B
:1019C00038B30020007002403CB3002040B3002038
:1019D000EFF31180202383F31288BFF36F8F0A4B3C
:1019E000D3F8001C032261B949F27531C3F8001C19
:1019F000C3F8142DC3F8001C80F31188BFF36F8F58
:101A00007047C3F8142DF7E700E00640EFF31180AC
:101A1000202383F31288BFF36F8F0A4BD3F8001C87
:101A200061B949F27532C3F8002CC3F8141DC3F82C
:101A3000002C80F31188BFF36F8F70470022C3F82A
:101A4000142DF6E700E0064070B5024619F0D7FB0A
:101A5000EFF31185202383F31288BFF36F8F531E9A
:101A60000124062B04FA00F40FD80E4E0E4B3168F9
:101A70001B680B43C34013F0010306D10B4802F56A
:101A80009472214340F822303160094A136823439D
:101A90001360084B8022C3F8042185F31188BFF33B
:101AA0006F8F70BD38B3002040B30020007002403B
:101AB0003CB3002000E100E0F8B50306044623D45F
:101AC00010F0080720D100F00F02920002F18042CE
:101AD00002F51C32D2F84434B3B1EFF3118620235F
:101AE00083F31288BFF36F8F19F089FB084DC2F89A
:101AF000A074012303FA00F12B6823EA01032B6091
:101B000086F31188BFF36F8F024BC3F81845F8BDF9
:101B100040B300200070024010B591F92400174B2B
:101B200091F824200028B4BFD3F81045D3F8144509
:101B300002F00F020123934023420DD10F4A0028E7
:101B4000B5BFD2F81005D2F8140503430343B4BF60
:101B5000C2F81035C2F8143591F824301A070AD4A7
:101B6000064AC2F80C3543F48073C2F80C3591F87C
:101B70002400FFF7A1FF002010BD00BF007002404D
:101B800091F82430054A13F07F0F0BBF012343F473
:101B900080735365C2F8183500207047007002400A
:101BA00070B506460D4618F0E2FF044618F0E8FF4F
:101BB00028BB204619F00BF808B3802D16D1437EC0
:101BC0009A0744BF0E4A15705B070FD50D4B1B7863
:101BD00013B90D4B01221A65204618F0F4FF0022BC
:101BE00001463046BDE8704019F00AB82846FFF7B4
:101BF0002BFF20460121BDE8704018F0C6BF70BD24
:101C00001BE4002020E400200070024070B506466E
:101C10000C4618F0ACFF054618F0B2FF20BB284672
:101C200018F0D5FF0146F8B1ACB9437ED8071BD4F4
:101C30009A0704D50D4B1C700D4B0122DA644B7EC4
:101C40005B0708D50B4B1B7873B130460022BDE80B
:101C5000704018F0D5BF2046FFF7F6FE2846012158
:101C6000BDE8704018F091BF70BD00BF1BE40020BC
:101C70000070024021E4002010B54468206801F0A3
:101C8000BFF80D4B18600D4B1B782BB10C4B00228D
:101C90001868114618F0A8FF002201212720E0F75C
:101CA0007BFA201D02F0DAFD04F1080002F014FEB8
:101CB0001AF02DF9002010BDF0B200201DE4002024
:101CC00044B30020012810B503461AD002280AD0D8
:101CD00000BB154B02460146186818F085FF134BF0
:101CE00001221A700CE0124B124C00221A70124B97
:101CF000C4F800332720E0F71FFA0123C4F80435A5
:101D000010BD094B00220146186818F06DFF074B03
:101D10000022E6E7094802685207F1D0084ABDE808
:101D20001040012111F0FBB844B300201DE4002055
:101D30001CE4002000700240FDFFDF019025002020
:101D400012FF0500014601481BF05FBE98280020E5
:101D500008B5054B1970054B1B7813B10420FFF72C
:101D6000F1FF002008BD00BF1EE400201FE400209A
:101D700010B5046991F824000D4A19F040FA0123C6
:101D800003FA00F013680343136007F0BFF9402023
:101D9000FFF7D8FF4FF0FF324FF0FF3304F184011B
:101DA000044806F073FE07F0C5F9002010BD00BF1F
:101DB00034B30020A828002010B50C462046114658
:101DC00018F007FF94F8240019F019FA01460448A6
:101DD00019F024FA0120FFF7B5FF002010BD00BF65
:101DE00064B6002008B5074A91F82430C2F80C35D3
:101DF00043F48073C2F80C3591F82400FFF75CFEC1
:101E0000002008BD0070024010B591F824404FF04A
:101E1000FF324FF0FF33124806F0B0FB2046FFF7C9
:101E20008BFD04F00F02012393400E4A14F0800F43
:101E300014BFD2F81015D2F814156FEA030315BFBA
:101E40000B400B40C2F81035C2F81435044806F0B8
:101E50005BFB054B8022C3F80421002010BD00BFAE
:101E6000202800200070024000E100E02DE9F0474A
:101E70004F4B076988B00646186007F184001AF0D6
:101E80007EFF00220023CDE9062300246FF0070324
:101E9000CDE90334CDE90144464B474900964FF460
:101EA0000072464806F0FAFEDFF8148145494348BF
:101EB00006F01CFED8F81C20434B134043F4820369
:101EC00043F04003C8F81C30C1464FF02C0A88F894
:101ED00024404146304618F05FFE3C4B3C4A0546E4
:101EE00090B13C4803685B0703D03B4A012111F0E5
:101EF0000DF8284608B0BDE8F087C16919401143C4
:101F0000C16108F12C08E2E70134092C10D00AFB6A
:101F10000490082C817F41F040018177EDD1D9F800
:101F20007C112E4808402E490143C9F87C11E8E78E
:101F30002C4C2D4BE269134043F4041343F040034F
:101F4000E3618046A1464FF02C0A68F07F0184F8D7
:101F500024103046214618F01FFE1C4B1C4A054633
:101F60000028BED108F10108B8F1090F17D00AFB0B
:101F70000890B8F1080F817F41F02001817708D1E6
:101F8000D9F87C111548084015490143C9F87C115E
:101F900003E0C16919401143C1612C34D5E797F8BA
:101FA000803023F0720343F0720387F88030A0E79B
:101FB00044B30020ED1F0300801E0220F8730020B0
:101FC000D4B4002029FF05000000BEFF0000F9FF87
:101FD000400006009025002032FF05000000F7FFBA
:101FE000FF01080048B300200000DEFF2DE9F04F9C
:101FF000BD4E85B004464FF0FF384FF0FF39002248
:10200000CDE900894FF0FF31B8481BF005FDB74816
:102010004FF0FF311BF0FCFC050707462FD5B448F5
:1020200042464B4606F0AAFAEFF31181202383F3D0
:102030001288BFF36F8FAF4B1B7883B1AE4BD3F8D1
:10204000002412F400720AD10120C3F82C05D3F841
:102050002C05D3F80004800548BFC3F82C2581F374
:102060001188BFF36F8FA24806F04EFA0121204677
:10207000FFF746FB00220321204618F0B5FDFB06C2
:1020800008D500212046FFF73BFB00220221204615
:1020900018F0AAFDBD0608D500212046FFF730FB49
:1020A00000220221204618F09FFDB80764D4F907EA
:1020B00010D5BFF35B8F914B002253E8008F43E8AC
:1020C00000210029F9D1BFF35B8F0125B8F1000F82
:1020D00040F0CA80790737D5894B4FF0000E83F85E
:1020E00000E0854BD3F880245FFA82FC8DF808C0AD
:1020F000D3F88404C0B28DF80900D3F88824D3F84B
:102100008C1442EA012292B2ADF80A20D3F890145E
:10211000D3F8945441EA0521ADF80C10D3F8981483
:10212000D3F89C5441EA052189B2764DADF80E10E2
:10213000BCF1000F40F0B180052840F0AE800123D3
:102140002B70002900F0B5807B067FF554AF206925
:1021500084304FF0FF324FF0FF3306F0DFF86A4D66
:102160002968002940F0DE80684806F055FC2069A7
:10217000843006F045F93EE7654BBFF35B8F0022E4
:1021800053E8008F43E800210029F9D1BFF35B8FAA
:102190004FF0010AB8F1000F89D098FAA8F3B3FA0A
:1021A00083F30F2B1D46C6BFA3F11005EDB245F01A
:1021B00080050AFA03F32A0628EA0308294620467E
:1021C00033D518F0D4FC834618F0FDFC814668B97D
:1021D00033685B0705D04F4A2B460121304610F08B
:1021E0009EFE29462046FFF7DBFCD3E70021584638
:1021F00018F0CBFC00224946204618F001FD802D46
:10220000EFD13F4B83F800A03B4B0021C3F850A017
:10221000204618F0ACFC18F0D6FC01460028E0D0AF
:102220000022204618F0ECFCDBE718F0A0FC834607
:1022300018F0C9FC814668B93368580705D0364A9A
:102240002B460121304610F06AFE29462046FFF752
:10225000DDFC9FE75846002118F097FC0022494614
:10226000204618F0CDFCF0E798FAA8F3B3FA83F310
:102270000F2B1946C6BFA3F11001C9B241F080016E
:1022800005FA03F30A0628EA0308204602D5FFF7F9
:1022900087FC1BE7FFF7BAFC18E7204985F800E048
:1022A000D3F87024097891420AD11D4B00221A708C
:1022B00014E002F07F02ADF80A20ADF80C10F4E74C
:1022C000174901220A702A704FF4A062ADF8082065
:1022D000D3F87034ADF80A30CDF80CE002A92046EE
:1022E00018F0B5FC30E700BF9025002098280020AA
:1022F000202800201CE400200070024064B600206A
:1023000021E4002020E4002034B30020A82800208D
:1023100060B600204EFF050067FF05001EE40020A8
:102320001FE4002091FAA1F7B7FA87F70F2F39467B
:10233000C6BFA7F11001C9B241F08001204618F0D4
:1023400016FC804690F824904FF0FF324FF0FF3398
:10235000134806F013F94846FFF7EEFA104806F066
:10236000D3F8104B8022C3F804214146204618F0D0
:102370005FFC0021404618F008FCBFF35B8F01238F
:10238000BB40094ADB4352E8000F184042E8000115
:102390000029F8D1BFF35B8F2A6813402B60DFE67A
:1023A0002028002000E100E060B600204FF08053BC
:1023B000D3F83031082B02BF024B0022C3F81C2C8B
:1023C000704700BF007002402DE9F04105464FF014
:1023D000FF324FF0FF33444806F0D0F8434B8022E1
:1023E000C3F884212720DFF7C9FEA8B1404F414B35
:1023F0003C681B686FF30F041C434FF00108002C6E
:102400003AD13D4E40F2FF133B602720C6F8044509
:10241000DFF7A0FEC6F80043384A13788BB1364B7D
:102420000021C3F808110121C3F80026C3F80416DF
:102430005960D3F808110029FBD00021C3F8081116
:1024400011702D4B0024C3F80045FFF7AFFF26485D
:1024500006F05AF821462846FFF7F4F908B3284851
:1024600003685A0703D0274A012110F04FFD6FF08F
:1024700004052846BDE8F08194FAA4F6B6FA86F67B
:102480000F2E3346C6BFA6F11003D8B243F080002A
:10249000010701D4FFF750FA08FA06F624EA060409
:1024A000ADE728468021FFF7CDF905460028D6D1B3
:1024B000154B16491E68304610F0D2F810F1780F0F
:1024C000044603D1304610F0A7F80446002CD0DAB9
:1024D0000B4803685B0704D00D4A2346012110F026
:1024E0001EFD2546C5E700BF2028002000E100E0D2
:1024F00040B300203CB300200070024019E40020EB
:102500009025002084FF0500F0B20020E0B20020FA
:10251000A7FF05002DE9F04FB24BDFF8CCA2D3F8AE
:102520005421B24F87B00AB30022C3F85421D3F824
:10253000042391021AD5D3F8C034002B14BF4FF0F6
:1025400001224FF48072AA4B9B683BB99AF80000B5
:1025500018F055FE0123834022EA03023B6813432F
:10256000A44A3B60136823F0012313609D4BD3F80A
:10257000604134B10022C3F86021D3F86C44C3F841
:102580006C44D3F828214AB10022C3F828219A4B81
:10259000187818F034FE012383401C439AF8005049
:1025A0009AF900802A0700F10581B8F1000FB4BF45
:1025B000924B934B05F00F02920013441A684AB3F2
:1025C00000221A602846FFF79BF98E4B1A7800F01C
:1025D000010050401870FFF7E9FE8B4B28461A683F
:1025E00018F00DFEC240D307064600F11B81B8F17A
:1025F000000F80F2E680882D00F0E3807D4A012301
:102600001168B3400B43136081238AF80030784887
:1026100005F07AFF8CB13B68764ADFF8F09124F040
:1026200001210B433B60136823EA01031360A4B24A
:102630004FF00108002C40F0FB806A4BD3F80021DA
:102640004AB10022C3F80021714B1A706F4B04216C
:10265000186818F0C9FA634BD3F858212AB300223E
:10266000C3F85821D3F80044C3F80044E50505D564
:10267000674B012208201A70FFF764FBA00505D5FF
:10268000634B002210201A70FFF75CFB61050CD52C
:102690005F4B1A784AB100221A70524B0122C3F8DC
:1026A000082520209A65FFF74DFB4E4BDFF858B107
:1026B000D3F85C31F3B14E4B9B681BB99AF80030EC
:1026C0005A0617D0474B0022C3F85C21DBF80030D4
:1026D000484A23F00113CBF800303B6823F48033E1
:1026E00043F001033B601368042023F001131360DF
:1026F000FFF728FBDBF800403B681C4000F034810A
:10270000384BD3F82C95B9F1000F40F02D813848A3
:102710000022002305F032FF002840F0258114F04C
:1027200001230CBF94FAA4F393FAA3F3B3FA83F34F
:102730000293029B9DF808400F2BC8BF103C334BFF
:10274000CCBFE4B244F080041868214618F00FFAB8
:10275000039018F03CFA63B2049304F00803059365
:1027600063B2002B064680F29A80039B058ADB8CBD
:10277000D0F80C80C3F30A039D4240F28A801D46C4
:10278000002608F06043B3F1005F06D041462148BF
:10279000DFF880802A461FF00CFF002E00F0B48086
:1027A000029B01229A40DBF8003023EA0203CBF8B7
:1027B0000030A9E0184B194A33EA280328BF134612
:1027C000FCE61748314618F029FD0220FFF7BAFA57
:1027D000B8F1000FFFF612AF013D062D7FF60EAFE8
:1027E00012E700BF007002401AE4002040B300204E
:1027F0002028002038B300201BE40020087102408C
:102800003071024019E400203CB3002044B30020A2
:102810001CE40020F4B20020507102402C710240F0
:1028200060B60020002DD3D15C4B0122DA64EBE6C8
:1028300094FAA4F5B5FA85F508FA05F345F0800594
:102840002946D9F8000024EA030418F090F918F09A
:10285000BEF906462846FFF753F8014606F10C007C
:1028600011F072FF338A002B7FF4E4AE304618F08B
:10287000B2F918B1304618F0B2F9DBE6284618F084
:10288000BEFC0146464818F0C9FC0220FFF75AFA80
:10289000D0E618F0A0F980F00106F6B271E704F076
:1028A00008023E4B002A62D0D3F8C03413F4803FB4
:1028B00008BF9946328AF368758A03EB0208AD1A9D
:1028C00072699B1AED1A4D4556D2364803685B076C
:1028D00005D0354A00954B46012110F02AFB2946C8
:1028E00006F10C0011F008FF039BDB8CC3F30A0315
:1028F0004B457FF455AFF2687169738A521A9B1A7F
:10290000328A93423FF44CAF4FF080530121D3F809
:102910003031082B02BF214B8222C3F81C2C029BB2
:102920003A688AF8004001FA03F322EA03023A60A7
:1029300004F00802194B0ABB049A04F00F04002AA1
:102940004FF0140202FB0432A9BF0A3403EB8403E4
:10295000C2F80087C2F80457AFBF43F82410C2F88A
:102960000086C2F80456596007B0BDE8F08F04F540
:10297000947253F822909DE74D46B0E7049A002ADE
:10298000B5BFC3F8A086C3F8A087C3F8A456C3F8A0
:10299000A457B4BF59629964E6E700BF00700240D3
:1029A00060B6002090250020BEFF050010B5EFF3B3
:1029B0001184202383F31288BFF36F8F164B1B788B
:1029C00003F0FF02CBB11549D1F82C3513B3002326
:1029D000C1F82C354FF08053D3F83031082B0CD18F
:1029E0000F4BD3F8000CC02188B949F27530C3F8F9
:1029F000000CC3F8141CC3F8000C84F31188BFF357
:102A00006F8F002A0CBF6FF00A00002010BDC3F8C2
:102A1000141CF2E71A46F0E71CE4002000700240A4
:102A200000E0064073B500220092114640230446A0
:102A3000FEF7B6FE024660B1634803685C0703D048
:102A4000624A012110F062FA6FF00404204602B0DD
:102A500070BD0090402320468021FEF7A1FE044671
:102A60000028E9D15A495B4B4860C86001261868C4
:102A70008E600FF086FD051E0ADA53480368590779
:102A800004D0554A2B46314610F049FA2C46DDE772
:102A9000EFF31185202383F31288BFF36F8F4F4B21
:102AA0004FF40062C3F8002418F09BFB08B1FEF756
:102AB0008FFF4FF08053D3F83031082B18D1EFF34C
:102AC0001180202383F31288BFF36F8F444BD3F818
:102AD000001CC022002970D149F27531C3F8001CD6
:102AE000C3F8142CC3F8001C80F31188BFF36F8F58
:102AF0003A4B0122C3F80025D3F800241205FBD578
:102B00004FF40062C3F800244FF08053D3F8303103
:102B1000082B17D1EFF31180202383F31288BFF322
:102B20006F8F2F4BD3F8001C002949D149F2753221
:102B3000C3F8002CC3F8141CC3F8002C80F31188D0
:102B4000BFF36F8F18F04DFB30B1FEF75FFF18F049
:102B500048FB08B1FEF73CFF4FF08053D3F830310B
:102B6000082B1E4B0AD140F2E372C3F80028402222
:102B7000C3F80428BFF36F8FBFF34F8F8022C3F8D1
:102B80001C250122C3F83025164B40F2FF121A60B3
:102B9000154B00211960154B1960154B1970FFF783
:102BA00005FC144B197018F01CFB08B1FEF72EFF42
:102BB00085F31188BFF36F8F48E7C3F8142C93E7B0
:102BC0000022C3F8142CB9E790250020DDFF050092
:102BD000E0B20020F0B20020FFFF050000700240CC
:102BE00000E0064040B300203CB3002038B3002092
:102BF00019E400201BE4002070B50D460649411A77
:102C0000044649110548402218F04EFB2B46014668
:102C10002046BDE8704018477CB60020A82B050070
:102C200037B50C460A490B4A411A40230093491113
:102C300005462346084818F063FB014628B128469C
:102C4000234603B0BDE83040184703B030BD00BF95
:102C50007CB600206DB30400A82B05000022F8B557
:102C6000012105461046DFF797FA104801F046FBB0
:102C70000446B8B901F062FB2F690D4938460FF0E0
:102C80006DFC031E09DB0126BE642D69084905F1B0
:102C900020000FF063FC031E02DA1C462046F8BD3C
:102CA0006E65FBE76FF00404F8E700BFE52D030055
:102CB0001C53050010B5002286B00123CDE9022384
:102CC00004ABCDE904336C46074A6B46CDE90044BA
:102CD00018F045FB28B94FF480420023684605F000
:102CE0004DFC06B010BD00BF79B3040010B5EFF382
:102CF0001184202383F31288BFF36F8F074A136870
:102D000023F00201DB07116002D4012018F0F9FD65
:102D100084F31188BFF36F8F10BD00BFD4B60020BD
:102D200030B4104B0C2202FB003301460020D3E9E3
:102D300010521864EFF31180202484F31288BFF33B
:102D40006F8F9C6C04F0C00444F002049C6480F318
:102D50001188BFF36F8F1DB12B46034830BC184755
:102D600030BC70477CB60020A82B050010B4EFF3F0
:102D70001180202282F31288BFF36F8F17490B68EE
:102D800043F0020413F001030C601AD04FF08043AB
:102D9000D3F80C14D3F80C3413F0010311D0EFF373
:102DA000118182F31288BFF36F8F0D4A936C03F089
:102DB000C00343F00203936481F31188BFF36F8F64
:102DC000012380F31188BFF36F8F1BB110BC00206B
:102DD000FFF7A6BF10BC012018F08BBDD4B60020B1
:102DE0007CB6002010B1012804D07047034B9B6CC7
:102DF0005B0701D1FFF794BF704700BF7CB600208E
:102E0000024BC0B203EB4010704700BF7CB60020FD
:102E10002DE9F0413849BFF35B8F8046012251E82C
:102E2000003F41E800200028F9D1BFF35B8F33B9A0
:102E3000324933484B60CB608A600FF0A2FB08F147
:102E4000FF33012B4BD8B8F1010F07D14FF080436E
:102E5000D3F81C3403F00303012B40D01AF0C3F95C
:102E6000054658B1EFF31186202383F31288BFF390
:102E70006F8F0125234F4FF080441EE0224B1B78BB
:102E8000002BEFD04FF080430222C3F80823064600
:102E9000F0E735B3304611F064FBD4F8183563B968
:102EA000D4F804214AB1C4F80431D4F80431012320
:102EB000C4F81835C7F88031A360D4F81824D4F8C2
:102EC0001834D203E5D503F00303012B02D0B8F187
:102ED000010FDED155B186F31188BFF36F8FBDE8C6
:102EE000F081002121201AF0B1FAD6E74FF080439B
:102EF0000222C3F80423F2E778B6002068B6002067
:102F00009CB6002000E100E0A6CE012008B50748ED
:102F100019F039FE38B10648DFF710FC0448DAF73B
:102F2000D5FD002008BD6FF01200FBE7282C05003E
:102F3000352F03000A2838B5074D044604D1AB6885
:102F40000D215B6828469847AB6803485B68E1B28F
:102F50009847204638BD00BF282C0500EFF31182AA
:102F6000202383F31288BFF36F8F0A4BD3F800112D
:102F700061B10021D3F80805C3F80011D3F800317E
:102F8000C0B282F31188BFF36F8F70476FF00A00F1
:102F9000F7E700BF00D00040F0B503468478C6785C
:102FA000EFF3118E202080F31288BFF36F8F1D780E
:102FB00093F801C0641B3440A24288BFA2B2AF188C
:102FC000374028461F708EF31188BFF36F8F8F181C
:102FD0008F4218D165450CD1EFF31181202080F389
:102FE0001288BFF36F8F1878587081F31188BFF380
:102FF0006F8F1B79A41AA34228BF074B90B224BF3E
:1030000001221A60F0BD03EB000E01309EF805E0CE
:1030100001F801EB3040DBE700D00040DB432DE955
:10302000F04713F001050F46144604D02448FFF77B
:10303000B3FFBDE8F087B2B3EFF31186202383F32B
:103040001288BFF36F8F0D20DFF798F880460D20B0
:10305000DFF780F886F31188BFF36F8FDFF864A085
:10306000194ECAF80051DAF800314FF40059012323
:10307000CAF800302546C6F88091DAF80031A3B1CD
:10308000FFF76CFF031EA4BF05F1FF35ADB2C6F814
:103090008091A8BF7B55002DEFD1B8F1000F02D071
:1030A0000D20DFF749F82046C3E7EFF31180202316
:1030B00083F31288BFF36F8F11F053FADDE700BF7F
:1030C00008B7002000D0004000E100E070B50D46D8
:1030D00014460CB9204670BD4FF0FF334FF0FF325D
:1030E0000C4805F04BFA224629460B48FFF754FFDF
:1030F0000646084805F008FA3EB94FF0FF324FF097
:10310000FF33064805F03AFAE6E7A41BA4B23544BB
:10311000DFE700BFD8B600201DB70020F0B60020C2
:1031200038B501221146184819F034FF164D012216
:10313000002105F1180019F02DFF40F20743A5F812
:1031400048304FF070632B630C2385F83430002433
:103150000E4B85F84540A5F84640D3F8042522F0EB
:103160000102C3F804250121C3F80041D3F800216E
:10317000C3F80413224619600D20DFF70DF80D2067
:10318000DEF7DAFF204638BDD8B6002000D0004078
:1031900010B5FFF7E3FE002820DB174B93F8322031
:1031A00093F8314093F83310141B31EA0404C0B291
:1031B0000DD193F8472093F8464093F84810141B1C
:1031C00031EA04040BD10D4B01225A600EE09C1829
:1031D0000132114084F8350083F8321010BD9C187C
:1031E0000132114084F84A0083F847100448BDE8D2
:1031F000104005F089B900BFD8B6002000D00040CB
:10320000F0B600202DE9F043476840F20636D006BC
:103210003B7C87B002EA060654BFC2F3401C4FF065
:10322000030C01F01F05B6F5837F144645EA4315EC
:103230008DF803C044D00DD8062E16D005D8A6B1FF
:10324000022E3FD06FF0150037E0B6F5807FF9D140
:1032500001260AE040F20222964235D0B6F5407FC0
:1032600034D0B6F5007FEDD10226220330D57A683E
:1032700001238B40C2F80835B868A0BB05F01F03D6
:103280006D092DD0012D77D13E4A02EB8302C4F3A4
:103290000043D2F8001783F00103C4F3404444EA2A
:1032A000430421F4E16144EA8C0421F0070144EA7B
:1032B00006230B43C2F80037002007B0BDE8F083B7
:1032C0000726D2E70426D0E70526CEE70326CCE77B
:1032D000630341BF01237A688B40C2F80C35CBE70A
:1032E0004FF0A042D1E70DF10202294618F079FD16
:1032F00014F4403F80460CD1B868294618F0A6FD6A
:10330000B8F1000FD8D19DF80210B86801F0AEF9FD
:10331000D2E74FF0000901ABCDE90199CDE90439BD
:10332000CDF80C90B86803AA294618F02FFC484540
:10333000C2DB14F4003314D0C4F300449DF803300E
:103340008DF80E3084F001048DF80C608DF80D407E
:10335000B8684B4603AA294618F0CBFC0028CFDA00
:10336000AAE7CDE904330DF103030393B86803AA78
:10337000294618F00BFCF1E703F5E07350F8233011
:10338000FFDE00BF00030050420970B5034602D0C3
:10339000012A17D070BD0D4E326951680029F9D04D
:1033A00003F01F0301250C689D400029F2D08A68B4
:1033B0002A4002D04B68304698472CB123682146FA
:1033C0001C46F2E7024EE7E72346F8E7E82B050044
:1033D000C82B050038B54568A86890B118F030FDD5
:1033E000014670B9A86818F00FFD044658B90246A6
:1033F0000649A86818F0F2FC224605210620DEF7EF
:10340000CBFE002038BD6FF00400FBE789330300DA
:10341000F0B545681646A8682A7C01F01F0487B0FD
:1034200044EA4214002869D0B6F5001F04D12146B1
:1034300018F05FFD002052E001AA0020B6F5800FD1
:103440000190506037D1B3F1007F14BF05230423EE
:103450008DF804300023CDE904230393EB6823FAAD
:1034600001F111F001010DF103073AD1B6F1A07F8E
:1034700037D104F01F03620903F5E07326D0012A57
:103480003FD1214A52F82330DB072AD4A8683A46B4
:10349000214618F0A6FC16301BD00297A86803AA94
:1034A000214618F073FB002819DBA8680122214689
:1034B00018F0CEFCBEE7B3F1C06F05D0B3F1007FCA
:1034C00014BF01230223C3E70323C1E74FF0A04247
:1034D000D8E7A868394601F0CFF80028DDDA07B050
:1034E000F0BDA8683A46214618F07BFC0028D5D1EB
:1034F0009DF80310A86801F0B9F8CFE76FF08500D8
:10350000EDE751F82330FFDE000300502DE9F84FBE
:10351000D0F80480D8F8003000AF054633BB3F48F0
:103520000268510712D06C4688B029686A463C4E42
:10353000CDE905614FF40071ADF81C10394942F82E
:10354000101F4FF4E251DBF781FCA5466FF0120B20
:10355000DFF8C8900024D8F800309C4202D2BBF1BA
:10356000000F06D05846BD46BDE8F88F4FF0000B5F
:10357000EEE7D8F804A05AF834000AEBC40619F0B4
:1035800002FB70B35AF834003179F388D0F810E0B8
:10359000D0F808B0DEF80060DA0754BF43F4B01387
:1035A00083F4D0134FF0010C23F480120CFA01FCC9
:1035B000DB074CBF46EA0C0626EA0C06CEF8006094
:1035C000DBF800309847834648B1D9F800305A07F5
:1035D00005D0154A0346012110480FF0A0FC013424
:1035E000B9E7D9F800305B0702D16FF0120BF6E7AC
:1035F0006E4688B02B686A460C49CDE905134FF436
:103600000073ADF81C30074B42F8103F4FF4E25105
:103610005B464846DBF71AFCB546E6E7AC240020DB
:10362000AE00060003000001D9000600F800060005
:103630002DE9F04145682B6800AF0246002B35D1DB
:103640001B480168490711D06C4688B011686A466A
:10365000184DC2E905514FF400719183164942F8A3
:10366000101F4FF4E251DBF7F1FBA5466FF012009B
:10367000BD46BDE8F081D5F80480260158F8060063
:1036800019F081FA034658B9094802685207EDD08B
:1036900058F806206C4688B011686A46074DD8E78E
:1036A00001342B689C42E6DB0020E1E70024F8E7C8
:1036B000B0240020AE000600030000011B0106003C
:1036C000036803F01F025B09026004D0012B03486A
:1036D00018BF002070474FF0A04070470003005013
:1036E0002DE9F04F00EB8109654985B01546834609
:1036F00040F2FF1AD94503D1002005B0BDE8F08F94
:10370000DBF80020C2F3C72818F00808C2F3C32072
:10371000C2F3080440F0B1805A4B544508BF4FF043
:10372000FF34B2F10C5F1E5C4FEA126015D2222802
:1037300015D8DFE800F017272B382E34381414146E
:10374000143E481414141414141414144B86898C45
:103750001414148F9396999C9F004E2826D06FF0D6
:103760008500CAE7C5F80C45621C67D003A803941E
:10377000FFF7A6FF039A012707FA02F2C0F808250F
:10378000384639E0C5F81445002718E0C5F8084563
:10379000EAE7C5F808450027601C22D14EE0C5F8CD
:1037A0000C450127F8E7C5F81045EDE7C5F81445C5
:1037B000DAE7C5F80845002EE6D100270626631C87
:1037C0003CD0002018E0C5F80C45F4E7C5F860458A
:1037D000BBF80220671C02F001022FD0002AC5D1DD
:1037E000012703A80394FFF76BFF039A8446012087
:1037F00000FA02F2CCF80C25DBF80020019202F46A
:10380000004CBCF1000F08BF804603A818BF012779
:103810000394FFF755FF039C019A00EB8400C2F369
:10382000412CD0F80047320242EA8C0242EA0802F8
:103830000C40224342EA4702C0F800270BF1040B78
:1038400058E7C5F86445C3E7C5F86845C0E7C5F85B
:103850006C45BDE7C5F824450127B0E7C5F8284504
:1038600082E7C5F83045F7E7C5F83445F4E7C5F811
:103870003845F1E7C5F83C4576E76FF015003CE7C1
:10388000F0F8FCFF66170600036803F01F025B09EF
:10389000026004D0012B034818BF002070474FF08E
:1038A000A040704700030050F0B5044683B00022EA
:1038B00000AF01211C20DEF76FFC23692F4A6168ED
:1038C000184618F0A8FB051E1BDA2D4803685B0795
:1038D00013D023686C4688B06A462A49CDE905139F
:1038E0004FF40073ADF81C30274B42F8103F002313
:1038F0004FF4E251DBF7AAFAA54628460C37BD463D
:10390000F0BD636825691E6B3A1D0021304617F033
:103910000CFE002805DB7B68326819791868FFF710
:10392000DFFE00210E462B6806F5AC7253F82230FC
:10393000002B0EDB381D7B60FFF7A6FF7A68D0F8FE
:103940000435D34013F001031CBF0123B3400B43E4
:10395000D9B20136042EE6D1002201256368186A27
:1039600005FA02F30B40B3FA83F35B09DB0320F89B
:1039700012300132042AF1D10025BEE751B504000E
:103980007025002044010600030000012DE9F341E9
:10399000064647680469BDF8200003290D4600F07B
:1039A000010009D952480368590723D0514A2B46D0
:1039B00001210FF0B4FA1DE0B97D012908BF5B08B1
:1039C0004FF0010108BF520801FA05FC002B6BD033
:1039D0009A426CD9D4F818E0724520D094F81CE0D3
:1039E0003EEA0C0E0BD0424803685A0702D0424A06
:1039F0000FF08CFA6FF0150002B0BDE8F0811146AF
:103A0000B1F5004F42D2A26184F81DE0226897F818
:103A10001680C2F80CE5C2F80485C2F80815627F6A
:103A200023FA02F292B20121D6F804E080F00108F4
:103A3000DEF820E042EAC8322EF815205FFA8CF852
:103A4000002940D1226805F5AC7552F82520002ADE
:103A50000DDB003B18BF01238342019201A82AD14C
:103A6000FFF712FF019A01239340C0F80C35217F24
:103A700021EA0801217761B3A37F8BBB10230122C8
:103A800007F12001204618F0D8FA27E00EF1010EC8
:103A9000BEF1080F4FEA5101B2D1154803685B0728
:103AA000A8D01346154A83E719461A46BCE70021F9
:103AB00047F6FF72B8E7FFF7E7FE019A012393404C
:103AC000C0F80835D3E7237F48EA030C84F81CC00C
:103AD000D2E7306918F0EAFA0123A37700208BE7D8
:103AE0000023A377204618F0FBFA0028FAD0C5E798
:103AF0007025002064010600790106008E01060091
:103B00002DE9F041044647680D4619F06CFB88B179
:103B10004FF02008EFF31186314688F31288BFF387
:103B20006F8F606817F0C8FD50BB86F31188BFF334
:103B30006F8FEFE71F4B1B78002BE9D04FF0200869
:103B40006426606817F0B8FD70B9012017F080FE98
:103B5000013EF6D10021212019F078FCF0E786F330
:103B60001188BFF36F8FF5E7EFF31186314688F3C5
:103B70001288BFF36F8F606817F09EFD0028EED0AB
:103B8000BB691D706368BA691B680020C3F84425CF
:103B90000122C3F84825C3F82001D3F82041C3F817
:103BA0005801D3F858019A6081F31188BFF36F8FE1
:103BB000BDE8F081A6CE01202DE9F04100220546A6
:103BC00001210220DEF7E8FA0220DEF7B5FA6C6880
:103BD0000121E06817F0C4FD6B681A682369C2F818
:103BE0002435617D237D0B43A17D0B43C2F86C35E9
:103BF0006F68D7E9004313F001031BD0D5F810809C
:103C000004F10C0108F10C0204F5907017F05DFE50
:103C1000061E0ADA234803685B0703D0224A012103
:103C20000FF074F93046BDE8F08198F80C0000F010
:103C300051FB01230822C4F80025BA69C4F84425C1
:103C400001210022C4F84825A1606BB9D4F82031C5
:103C5000002BFBD0C4F82021D4F820310123E360ED
:103C60004FF48073C4F80433D4F85831002BFBD0E0
:103C70000021C4F800156D682C68E86817F070FD25
:103C80000823C4F800352A7A52B9EB69C4F83435F0
:103C90000123C4F83835C4F81021D4F8102123606A
:103CA0000026BFE788250020D301060070B5012358
:103CB00083400F4ABFF35B8FDC4352E8001F01EAE9
:103CC000040542E80056002EF7D1BFF35B8F4FF496
:103CD000803282400748C0F80823BFF35F8FBFF3EC
:103CE0006F8F03EA0100003818BF012070BD00BFCC
:103CF00048B700200010014070B41249D1E90034E7
:103D0000D01AC31844F1000422F07F46C1E9003400
:103D1000A6F50013B3F5400F09D20B4B1B681A0A26
:103D20001B069C19094B42F10005C3E90045EFF35E
:103D30001181202383F31288BFF36F8F70BC05F0CD
:103D40001BBD00BFD87400204CB70020E0740020D9
:103D500011B3BFF35B8F0123104A834052E800CFB9
:103D60004CEA030C42E800C10029F7D1BFF35B8F96
:103D70000B4A4FF480338340C2F80433094BBFF33E
:103D80005B8F1B68BFF35B8FC340DB0742BF064BF3
:103D90004FF40032C3F80021704700BF48B700203D
:103DA0000010014044B7002000E100E00D4B18680E
:103DB000010A0006BFF35F8F0B4BD3F804351818C8
:103DC00041F10001B3F5801F0AD2084BD3E900236B
:103DD000904271EB030303D210F1807041F10001B6
:103DE000704700BF4CB7002000100140E074002075
:103DF0002DE9F04F85B016461F469DF840A00446B9
:103E0000FFF754FF0190FFF7D1FFB04271EB0703BA
:103E10005ED23E4B301A67EB0101984271F100010E
:103E200009D36FF0150520460199FFF791FF284649
:103E300005B0BDE8F08F364B03EB0413D3E9022342
:103E40009F4208BF964254D032494FF4803804F163
:103E5000500508FA04F8AD00C1F848832046ADB219
:103E600017F0D6FC26F07F4B05F1804504F5A873CA
:103E700005F58835DC464FF003090293029A2CF0D1
:103E80007F4341F82230C1F84483D1F80435224AF7
:103E90006FF00200C01A604420F07F40904228D9A1
:103EA000286868B1D1F804350393A3EB0B0020F028
:103EB0007F40B0F5000F1CD9204617F0A9FC039BEA
:103EC000BAF1000FADD109EB030C09F10109D5E7F7
:103ED000BAF1000FA5D10123104ABFF35B8FA340B5
:103EE00052E8000F184342E800010029F8D1BFF35F
:103EF0005B8F07490E98230101EB0412C8500F9BFA
:103F00005360C2E9026700258DE700BF0100800011
:103F1000C874002000100140FDFF7F0044B700205E
:103F20007FB51C4C1C4BC4F80833C4F848331B4BFA
:103F300000254FF0FF304FF0FF31C4F80855C3E9BA
:103F400002014FF48033C4F80433154B02264FF4BA
:103F500000320121C4F804631120C3F880212A46ED
:103F6000DEF71AF91120DEF7E7F80E4A0123A36005
:103F7000236013600C4B0D4A0093CDE901550023DB
:103F80002846FFF735FF3046FEF742FF284604B0CB
:103F900070BD00BF0010014003000F00C874002076
:103FA00000E100E048B70020F93C0300FFFF7F007C
:103FB0002DE9F7432E4CD4F8043399070BD5D4F8E8
:103FC000043143B12B4A0023C4F80431D4F804313E
:103FD000136801331360D4F80433DA0343D5BFF315
:103FE0005B8F254B53E8002F22F0010143E80010BE
:103FF0000028F7D1BFF35B8FD30702D4D4F8403148
:104000008BB30025C4F84051D4F84031FFF7CEFE01
:10401000EFF31182202383F31288BFF36F8F174BC6
:10402000D3E90267B042B94120D34FF0FF304FF0DF
:10403000FF31C3E90201D3E900981D604FF48033DA
:10404000C4F84833C4F84051D4F8403182F31188A1
:10405000BFF36F8FB9F1000F05D0CDF80080324665
:104060003B460020C84703B0BDE8F083A946EDE712
:10407000001001404CB7002044B70020C874002055
:1040800030B5431C124C85B005D08442A8BF04460D
:10409000012CB8BF0124FFF789FE0E4B0C4DD3E96C
:1040A0000013401AB0F5000F10D22218AA4228BF00
:1040B0002A4652184FF0000007490091CDE901004F
:1040C00043F10003FFF794FE05B030BD2A46F0E748
:1040D000FFFF7F00D8740020F93C030008B5FFF70C
:1040E00065FE024B1B68C01A08BD00BFD8740020D3
:1040F000024AD2F80034002BFBD0704700E00140A8
:1041000010B54FF08053D3F83021082A4ED14FF02C
:1041100080420021C2F80C11C2F81011C2F8381503
:1041200002F54042D3F80414C2F82015D3F808145D
:10413000C2F82415D3F80C14C2F82815D3F81014BB
:10414000C2F82C15D3F81414C2F83015D3F818148B
:10415000C2F83415D3F81C14C2F84015D3F8201453
:10416000C2F84415D3F82414C2F84815D3F828141B
:10417000C2F84C15D3F82C14C2F85015D3F83014EB
:10418000C2F85415D3F83414C2F86015D3F83814B3
:10419000C2F86415D3F83C14C2F86815D3F840147B
:1041A000C2F86C15D3F84434C2F8703517F040FBF0
:1041B00018B1374B374AC3F88C2617F039FB18B1C2
:1041C000354BFB22C3F8182517F032FB58B14FF0DE
:1041D00080424FF08051D2F8E43ED1F8581261F39A
:1041E0000303C2F8E43E17F023FB20B12B4B4FF43E
:1041F0000072C3F840264FF08053D3F83031082BBB
:1042000017D14FF08043D3F80024D20744BF6FF09A
:104210000102C3F800244FF08053D3F83431042B4B
:1042200081BF4FF01023D3F808224FF08043C3F82A
:1042300058254FF01023D3F80022002A03DBD3F8CF
:104240000432002B22DA164901234FF01020C1F866
:1042500004351224FFF74CFFC0F80042FFF748FF77
:10426000C0F80442FFF744FF0023C1F80435FFF70C
:104270003FFFBFF34F8F0B490B4BCA6802F4E0625C
:104280001343CB60BFF34F8F00BFFDE710BD00BFEE
:10429000005000404881030000F0004000900240C0
:1042A00000E0014000ED00E00400FA05014B186059
:1042B000704700BF50B7002010B5054B1868144672
:1042C00017F0C8FA0028A4BF2070002010BD00BF5E
:1042D00050B70020024A01238340C2F804357047DA
:1042E00000F00140014B00201B68184754B7002024
:1042F000014B1B68184700BF54B7002010B50C4C89
:10430000237993B9012323710A4B2060002818BF39
:10431000184600F04BF850B923680748002BBDE859
:10432000104008BF184600F091B86FF0770010BD3C
:1043300054B70020E5420300F142030008B5064BE4
:104340001B682BB10020DDF719FF08B9DDF7F4FE7B
:10435000024B01221A7008BD54B7002044E400202B
:1043600038B54FF080440123C4F80833636000235C
:10437000C4F80031D4F8003142F21075D4F80C249E
:10438000D4F80C34D20307D5DB0705D5012017F08C
:104390005FFA013DF2D138BD17F0C2FA0028FAD019
:1043A000014B00225A71F6E75CB7002010B50849AE
:1043B0000C794CB9012308600B7117F0B1FA08B9F8
:1043C000002010BD4C71FBE76FF07700F9E700BFEC
:1043D0005CB700204FF080430022C3F80021D3F8DF
:1043E0000021094901221A60096811B1C3F80423A8
:1043F0007047D3F80021002AFBD00022C3F8002127
:10440000D3F80031704700BF5CB7002010B54FF003
:104410008043D3F80423D20715D5D3F8002192B1F5
:104420000022C3F800210121D3F80021C3F80813AA
:1044300017F076FA044B10B15A7922B95971BDE8D8
:1044400010401B68184710BD5CB70020074A13795D
:1044500043B90121106011714FF080421846C2F833
:10446000183570476FF07700704700BF64B70020C1
:1044700010B54FF080431D4CD3F81814D3F818240E
:1044800011F4803F1AD002F00302012A01D092B940
:1044900000224FF08043C3F818250022C3F80421FE
:1044A000D3F8042101229A6022688AB9D3F8042142
:1044B000002AFBD014E017F044FAE9E7D3F81424FB
:1044C000D107E5D5D3F81C249207F4D422681AB199
:1044D0000222C3F8042310BDD3F80421002AFBD024
:1044E0000022C3F80421D3F80431F4E764B70020B4
:1044F000F8B54FF08043194FD3F80443012504F079
:104500001A04002604B9F8BDB4FA84F0C0F11F0003
:10451000830003F580739BB203F1804305FA00F238
:10452000196892B224EA02040029EBD01E601B68CD
:104530004FF08043022AC3F808230BD1D3F8181494
:10454000D3F81814890705D1C3F81855C3F8042304
:104550009D60D7E73B68C0B29847D3E764B70020B7
:10456000036803F01F025B09026004D0012B0348BB
:1045700018BF002070474FF0A04070470003005064
:10458000034A430900F01F00D35C1844C0B27047CF
:104590006E170600024611F0010030B515D18B07E9
:1045A000C1F3400022D51249D1F8200550604FF0E8
:1045B0008052C1F82005D2F83021082A08BFD1F86E
:1045C0002025003818BF012010E04FF0A0444FF024
:1045D0008055D4F820351360C4F82035D5F8305113
:1045E000082D08BFD4F82045002BD8D030BD00BF1F
:1045F00000030050F7B504460846FFF7C1FF04EB7F
:1046000040060D46B38ADB072AD5204617F09CFAF0
:104610002946204617F008FA50B1204617F01AFA3A
:10462000276807EB80000023C0F81035C0F810356C
:104630002946204617F037FA0021B18201A80195DA
:10464000FFF78EFF019B00EB8300074BD0F800279C
:10465000134043F00203C0F80037084603B0F0BD32
:104660006FF01500FAE700BFF0F8FCFF014817F003
:104670000FB900BF281D002010B504480C4617F0E4
:10468000E9F80028A4BF2070002010BD281D0020DC
:104690002DE9F04F074689B057F8049BD9F8041369
:1046A000C9B28346082241F00041484617F024FA77
:1046B000051E2FDA0023032106A8CDE90633FFF7F4
:1046C00069FF634B01930DF118084FF0000A019A3E
:1046D000604912F8013B0192DA0803F007038A5C93
:1046E00022FA03F3DB071CD40AF10103022B08F1C1
:1046F00004084FF0010AEAD14FF000410022484679
:1047000017F0FAF9032106A8FFF744FF0028D8D1D3
:1047100025F000450124002D40F0848009B0BDE85B
:10472000F08F4D4B53440293D8F80060002EDBD03D
:10473000029B96FAA6F61C78B6FA86F646EA441468
:104740002046FFF71DFF0BEB4000F208818A18F8A6
:1047500002000594C1F382030393009306F0070659
:10476000012303FA06F620EA060008F8020005A86D
:10477000FFF7F6FE059A039B02F5E07211F0100FA9
:1047800050F82260C6F3014633D0009A38462146DD
:1047900017F06AF905A80594FFF7E2FE059B03F5FB
:1047A000E073F6B250F82330C3F301439E4207D1C1
:1047B0000021204617F029F93146204617F025F947
:1047C00005A80594FFF7CCFE059B012202FA03F32E
:1047D000C0F820354FF08053D3F83031082B01BF9B
:1047E000D0F82035D0F82035D0F82035D0F8203555
:1047F0009AE7022E14BF022103212046039317F0EB
:1048000004F9039B032B03D0022E07D1012BD7D130
:10481000009A2146384617F027F9D1E7032ECFD169
:10482000022BF4E795FAA5F3B3FA83F304FA03F243
:1048300025EA020503F5A2720BEB430359F8222087
:10484000B3F87C10C2F30142384617F00DF962E765
:104850007E170600985405007E17060010B5174C09
:1048600023783BBB0278C2F3400392070FD54FF089
:104870008053D3F83021082A08D1D3F83431022BE1
:1048800002BF4FF080430122C3F8382601234FF0C6
:104890008042C2F88035037803F00103C2F878350E
:1048A0000020DDF76BFC08B9DDF746FC012323701F
:1048B000002010BD6FF07700FBE700BF45E400204B
:1048C0004FF080434FF46072C3F80823014B00227D
:1048D0001A6070476CB7002008B5FFF7F1FF036856
:1048E0000BB1014A136008BD6CB7002010B54FF042
:1048F0008043D3F80443620707D54FF4847017F060
:10490000FAFA10B11E4B1B689847A30608D54FF45E
:104910008A7017F0F0FA18B11A4B00201B689847FC
:10492000600608D54FF48C7017F0E5FA18B1154BF6
:1049300001201B689847210608D54FF48E7017F0A8
:10494000DAFA18B1104B00201B689847E20508D529
:104950004FF4907017F0CFFA18B10B4B01201B6881
:104960009847A3050AD54FF4927017F0C4FA28B1FE
:10497000054BBDE810401B680220184710BD00BF62
:1049800074B7002070B700206CB70020036803F0F4
:104990001F025B09026004D0012B034818BF0020EE
:1049A00070474FF0A0407047000300502DE9F347D7
:1049B0000B7F044663BB354D0E1F01F1100701F15B
:1049C0000C094FF0010856F804AFBAF1FF3F1BD0B5
:1049D0003B78CDF804A001A8002B4FD0FFF7D6FFFD
:1049E000019B08FA03F3C0F8083501A8CDF804A02C
:1049F000FFF7CCFF019B00EB8300D0F800372B4082
:104A000043F00303C0F80037B14507F10107DAD1DD
:104A100091F81DC00D8B4F7D8E7D8A7EC87E2368E8
:104A2000BCF1000F0BD1D1E9008ED1E902C1C3F86E
:104A30006085C3F864E5C3F868C5C3F86C1542EA3D
:104A40000022C3F80C75C3F80465C3F80855C3F811
:104A5000102520680023C0F81031D0F81021C0F8CC
:104A60000831D0F80821C0F80C31D0F80C3140F3EF
:104A7000073002B0BDE8F047DDF75EBBFFF786FF09
:104A8000019B08FA03F3C0F80C35AEE7F0F8FCFF21
:104A900038B5054668B1084C236813B91C46204652
:104AA00038BD60682946D7F7E5FC0028F7D01034F8
:104AB000F2E70446F3E700BF9C54050002460448B1
:104AC00003680BB9184670479342FCD01030F7E7E3
:104AD0009C540500F8B50C4D2B684BB90B490C4E96
:104AE0000F1D56F8044B2CB900230B6001232B60DB
:104AF0000648F8BDB942F7D22046FFF7DFFF00288D
:104B0000EFD041F8044BECE778B700207CB70020E9
:104B1000BC54050008B5FFF7D1FF08B1406808BDD7
:104B20000048FCE781E605002DE9F04F856B8BB06E
:104B30000446002D00F05F81C26B1378002B39D042
:104B4000AB8883819380E06B202100F5EE701AF032
:104B500005F9002840F00081A28940F203339A420F
:104B600007D1EB68A3F11002102A26D8E36B1B785B
:104B70002BB308AB07AA0121204617F032FB00280F
:104B800040F0EA80D4F83C80DDE90776B8F80430DC
:104B9000B3F5417F07EB060514D2A28940F2023338
:104BA0009A4294BF002301230293AF420CD96FF0C5
:104BB0008900D1E003685B88C4E7002BD9D00023CB
:104BC000EB60D6E70290F0E7012EF0DD236840F2BB
:104BD00003325979384617F0D8FBBB1C9D42E6D307
:104BE000B21E1F2AE3D908F5EE7208F5FE7852F8D6
:104BF000041B43F8041B4245F9D107F122039D42EF
:104C0000D5D3A36BDB68223E5A1CB242CFD887F8BB
:104C10002230A16B07F1230BCA68584610311DF0F2
:104C2000C8FCA36BDB6804930BEB030A55454FF0FC
:104C300000030993BBD3A5EB0A02012AB7DD226862
:104C4000D268043A0AF1020603929846039B53F88D
:104C5000049F0393B9F1000F40F08180B542A6D3C1
:104C6000AB1B012BA3DD33464FF47F4223F8022B0D
:104C70000499A6EB0A0252BA2BF801209D42A3EB3D
:104C80000A02099293D3EB1A012B90DD06F1040A74
:104C900001235545B37086F8039088D3A5EB0A032A
:104CA000012B84DD029B06F1060B002B43D0B8F1EB
:104CB000000F2AD02368CDF824905D451A6CFFF4CC
:104CC00076AFA5EB0B03052B7FF771AF06F10C094F
:104CD000002A7CD0023A4B4632F8020F00285ED1FF
:104CE000B3EB090900F087804FF420621FFA89F9BD
:104CF000F28009F1020252BA328199FA99F9A3EBD2
:104D00000B02A6F80A9009929B460DF124094B4626
:104D10002A465946204601F027FBE8B9099BCDF801
:104D200000909B442A4643465946204617F0C2FE4F
:104D300090B9099B9B44ABEB0A03023B1CBFDA46CC
:104D40005BBAAAEB070A18BFB3805246012120467E
:104D500017F099FB00283CD00BB0BDE8F08F484617
:104D6000FFF7ACFEE26B05900146A38992882046CE
:104D700017F087FE00287FF469AF0599084617F001
:104D80000FFAB542FFF413AFAB1B012B7FF70FAF48
:104D900099FA99F926F8029B48EA000856E7A0F12B
:104DA0001601082998D8CDE9022317F0F4FDDDE9B2
:104DB0000223002890D09D42FFF4F9AEE91A0129A0
:104DC0007FF7F5AE118849BA23F8021B84E70B4838
:104DD000C2E7E36B0799DB685246204698470028F4
:104DE000BAD108995246204617F02BFA0028B3D1C1
:104DF00002236360B0E70248AEE700BF80A1FFFF77
:104E00000094FFFF2DE9F04F144691B00D4621B9F3
:104E10003C4B184611B0BDE8F08F002AF8D0D3689B
:104E2000002BF5D0D2E904329342F1D39B1AA26948
:104E30009342EDD3084617F0B8FBA769D4E904AB59
:104E4000B7F5006F0BEB070359D80328AAEB030350
:104E5000DED12A699A424FD8D5E90198002342460B
:104E600005F1140109A8CDE90933E6680B931DF09B
:104E7000A0FB20680A9B616843400A930B9B0CAA25
:104E80004B400B93134603C3237A8DF83830B4F8A4
:104E90000930ADF839307BBAADF83B3004F1180376
:104EA00006935E44AAEB0B03CDE904630D23CDE921
:104EB0000023CDE902674B46296CA86B09AA07F0CD
:104EC000D9FB034630B1104B1049072218F0EBFF15
:104ED00003469EE7C1459CD06269072A0CD9226827
:104EE00046F8082C626846F8042C6269083A626148
:104EF000A2690832A2618CE76FF0890389E76FF03D
:104F0000860386E70094FFFF7DDE0400066005004F
:104F10002DE9F0410D4690B0144622B93A4B18469F
:104F200010B0BDE8F081D668002EF7D0D2E9043287
:104F30009342F3D3A1699B1A8B42EFD328461644C0
:104F400017F033FB0328E9D1D5E901239A4250D069
:104F5000A369072B56D96269083B0832B0466261E3
:104F6000A3610836A7692B699F424BD3FF1AA7613B
:104F70000023AA680B9305F1240109A8CDE90933A0
:104F80001DF017FBD8F800200A9B20686168534089
:104F90000A93D8F804200B9B53400CAA0B9313469A
:104FA00003C3237A8DF83830B4F80930ADF83930BE
:104FB0007BBAADF83B3008AB0693E368F11A23697E
:104FC0005B1ACDE904632B691F440D23CDE900234F
:104FD000CDE9026709AA6B68D5E90F0107F0A4FBC8
:104FE000034640B1094B0A49072218F05CFF03460B
:104FF00095E7A046B6E7A0690899034A884218BF1A
:1050000013468CE7034B8AE70094FFFF7DDE040024
:1050100006600500808EFFFFF8B5036A04460D4662
:105020000BB9436A3BB1636EE26D9B1AC3F5026331
:105030000D33AB421CD26FF086001EE0204617F005
:10504000C3F8F8B9D4E90970616ED4F88030AE1BAA
:1050500019449FB1236832465B6CB847002813D0CF
:105060000BDB864212D3D4F880300344C4F880307E
:10507000D4F88060B542E1D80020F8BD236A3246FA
:105080009847EBE70248F8E70248F6E70248F4E7FA
:105090000098FFFF808DFFFF0094FFFF10B5C369EC
:1050A0000446F3B1D0F8BC20CAB1D4F8A410E36927
:1050B000A06A891A9847002812DDD4F8BC208242E1
:1050C00012D3121AC4F8BC20002AEED1D4F89C30B6
:1050D000616C0833C4F8A430204617F0A2F8002011
:1050E00010BD6FF08600FBE70048F9E70094FFFF72
:1050F000F0B58689D0F8A430D0F8B82076BA89B057
:10510000A3F801600D46D0F8A010D0F8C0300B60B5
:10511000D0F8C4304B60D0F8A83051BA1980476C31
:1051200004467FB3D0F8AC20D0F89C300492D31A58
:10513000C3F502630D330593D0F8B8300793D0F868
:10514000B0309B1AD0F8A02006931068516801ABCC
:1051500003C301AAD4F8B430ADF80D603946204637
:105160008DF80C30FFF74EFE90BB069B7BBB9DF885
:105170000C30079AC4F8B430D4F8A830C4F8B8207A
:1051800051BA1980D4F8A410D4F8AC305B1A134487
:10519000D4F8B4200A70D4F8BC20616C1A44C4F866
:1051A000BC20D4F8A4201A44C4F8A420204617F048
:1051B00038F804F1C801082211F8013D0133DBB2CF
:1051C000013A0B7063B9002AF6D1074800E007489E
:1051D00009B0F0BD204609B0BDE8F040FFF75EBF62
:1051E000012DF7D00020F3E78094FFFF0094FFFF2C
:1051F000F8B504461546D4F8B420D0F8B830D0F845
:10520000B000162A067803D0142A02D0164829E0E6
:105210006EB1E76B002FF9D0B3F5006FF6D8162A00
:1052200008D029462046BDE8F840FFF761BFB3F536
:10523000006FEBD8043B1A0C4270D4F8B020180A67
:105240009070D4F8B020D370002EEAD00029E8D0B6
:10525000E36BD4F8B820DB68D4F8B0102046984748
:105260000028DED0F8BD00BF0094FFFF70B5D0F875
:105270008830C26F044663B9032A3FD9006F817832
:105280004578C078090241EA054101430431C4F878
:105290008410E16D0D330B4401F10806981801F6F6
:1052A0002D01884202D96FF0960070BD216F18461B
:1052B0001DF08DF9D4F88810E26F0346D4F884000D
:1052C00011448142C4F888104FF0000507D21344FE
:1052D00020466366E56716F0E6FF0948E5E7E16703
:1052E000C4F888506666204616F0DDFFB1F5803FB1
:1052F000D9D2A36E49BA19802846D6E70148D4E727
:10530000809AFFFF008EFFFF10B50268836F52790D
:10531000044632B9D0F888201AB1162B10D01B4899
:1053200013E0162B0CD0A36F142B0FD1E36F012BBE
:1053300026D1236F16481B78012B08BF002004E0FC
:105340002046FFF793FF0028EDD010BD152B15D197
:10535000E36F022B14D1236F1A78022A07D101229E
:1053600084F894205B780B4884F89530EDE7012AA7
:1053700008D15B7843B10848642BDEE70020E4E7FE
:105380000348E2E70448E0E70448DEE70089FFFF5E
:10539000008EFFFF8088FFFF8099FFFF8087FFFF5F
:1053A000F0B5D0F8906089B004460D46002E40F06C
:1053B000B3800527D4F88410636F81B3002B40F0CD
:1053C000B080D4F8883073B9E26F914225D2206F53
:1053D000521AE26701441DF0FAF8E36FA26E5BBA5D
:1053E0001380C4F88460E36FE3B12046FFF78CFFBD
:1053F00010F5CD4FDED010F5CB4FDBD000284DD1CE
:10540000A36F162B40F08B80012D40F08880204642
:1054100009B0BDE8F04016F0F4BEE367E1E7002B09
:10542000E1D1E36705212046FFF7F6FD00286FD1A3
:10543000D4F88030626E042B2FD913788DF80C309D
:10544000143B032B29D853788DF80D3093788DF8C1
:105450000E30B2F8013021685BBA09889BB29942DC
:105460001BD3216E08684968069701AB03C3B2F8E5
:10547000033004925BBA9BB2591D0793059163B147
:105480002046FFF7C9FD002842D1216CC4F88000F6
:1054900031B90799B1F5006F2BD9234809B0F0BD98
:1054A00001AA2046FFF734FD002831D1079B8BB9B4
:1054B000A28940F203339A4203D19DF80C30172B96
:1054C000EBD1D4F88C300133032BC4F88C3003DDDE
:1054D0001648E3E7C4F88C000822216E013A8B5C81
:1054E0000133DBB28B54002BD3D1002AF5D1104805
:1054F000D4E7204616F0D7FEA36E069AE167023382
:10550000E3669DF80C30A367049B134423676CE7A4
:1055100010F5CB4FC2D14DE70023C0F890300020EA
:10552000BCE70448BAE700BF008EFFFF808EFFFF94
:105530008094FFFF0094FFFF10B501210446FFF7A0
:105540002FFF014640B9A36F142B07D002210A2276
:10555000204616F08BFE0949084610BDE36C236413
:10556000A36BE362236E18605860204616F09BFE22
:1055700063680133DBB26360EEE700BF0089FFFFC1
:10558000F8B50E4615460746002874D00368002B70
:1055900071D043681B2B05D017F0DAF810F5D64F01
:1055A00000D068BB796FB9B1FC6FAC4228BF2C4604
:1055B00035B1224630461CF0FCFFFB6F1B1BFB671E
:1055C000786F214606F048FCFB6F002B4FD17B67BC
:1055D000C7F89030204613E0BB6D43B1386D984753
:1055E000013004D13B683846596C16F0E6FD0121C4
:1055F0003846FFF7D5FE20B110F5E54F00D1002069
:10560000F8BDFB6F43B9BB6F172B05D1012138469D
:10561000FFF7C6FE0028EFD1BB6F162B19D1BB894F
:10562000B3F5417F2AD23B681B7963B93B6F1B7886
:1056300043BBD7F88430042B24D16422012138469F
:1056400016F014FEADE7012BF7D13B6F1B78012B51
:10565000F2E7152B14D0172B14D13B6F7B677B68B7
:105660001A2B9FDD0021384616F0A7FD9AE77B6FC5
:1056700023447B67AEE76FF08600C1E70248BFE7CF
:105680000248BDE70248BBE70094FFFF0097FFFF19
:105690000089FFFF013803289ABF034B33F810003D
:1056A0004FF40060704700BFEA5F0500024B0349FA
:1056B000072218F0F8BB00BF7DDE0400066005007D
:1056C0002DE9F0430546ABB0C46B884691460021F6
:1056D00070220EA81CF094FFAE6B04F5A07406B9FE
:1056E0006E6B174B174F20460EA9B9F1000F08BF7C
:1056F0001F4619F06EF90446C0B905AB202206A971
:105700000EA819F03FF9044680B90C22EB6BCDE9E5
:105710000182202530210095D3F81880701806AB3F
:105720003A46C047294606A806F096FB0EA819F08F
:10573000E2F8204605F0AEFC2BB0BDE8F08300BFD8
:105740003E0206004E0206002DE9F0478146A2B057
:1057500010460D4614469846D6F79EFE4FF0000AB6
:1057600006466822514608A82C9FCDF800A01CF0E0
:1057700047FFCDB11822514602A81CF041FF4FF45B
:10578000804301A8019316F02DFE019B04932E4B3C
:1057900005934FF49053ADF808302A466B464946BE
:1057A00002A819F03BF858B92749009D08A807F04E
:1057B000A1F950B108A807F011F8009818F093FF6C
:1057C000224C204622B0BDE8F0872A9B42464FF487
:1057D000017108A819F031FA0028EBD1002D2CD165
:1057E0002B462A4640F2011108A819F026FA002893
:1057F000E0D13346224640F2012108A819F01DFAF3
:105800000028D7D1394608A819F003FA0028D1D1C9
:105810002B993A4608A807F089F80028CAD108A8A9
:1058200006F0DCFF04460098002CC7D10028C8D041
:1058300018F059FF0028C4D0C2E72A4640F20111EF
:1058400008A819F003FAD2E7090200088080FFFFD8
:105850004B7A0A2B1EBFC36B014ADA60704700BF48
:10586000FDC3040010B50446C06B00F5A07019F02C
:1058700042F818B1BDE8104005F00CBCE06B0449DB
:1058800000F5A07019F046F80028F3D110BD00BF54
:10589000090000020F2800991AD006D801281ED04E
:1058A0000E280CD06FF0850070471028FAD10F48F1
:1058B00010604FF410521A804FF4807305E00B48CB
:1058C00010604FF410521A8080230B600020704744
:1058D000064810604FF410521A80C023F5E74FF0CD
:1058E0008060106000221A800A60EFE70002500515
:1058F0002DE9F04117469846044600286ED0042A48
:1059000008D9384B1A681B790A600B71082F8388F5
:1059100002D80531002609E04B7183788B718368CA
:105920005BBAA1F80730A7F109060931A28840F255
:1059300003339A4254D1542E1CD90B46E26803F823
:10594000012B04F1100004F1300250F8045B43F81D
:10595000045B9042F9D101F1210304F1600250F897
:10596000045B43F8045B9042F9D1E36E1BBAC1F8C3
:1059700051305531226E32B3656E5735AE420DD37C
:105980000B4694F8682003F8022B626E4A70D4E943
:10599000181218461CF00DFE616E01446B1C9E42ED
:1059A00024BF237801F8013BAB1C9E4201D3236F37
:1059B0000B700B35AF42C8F8005034BF6FF0890050
:1059C0000020BDE8F081562E06D90B46572503F876
:1059D000022B4A701946E1E75725EAE70248F0E74B
:1059E0000248EEE7603705000094FFFF808FFFFF5D
:1059F00010B5044680B179B1806B68B123681B791A
:105A000053B9E36B1B78012B09D016F0E3FE40B9C4
:105A1000E36B01221A7010BD6FF08600FBE70248AD
:105A2000F9E76FF08C00F6E7808FFFFF10B50446B2
:105A300008467CB171B1616B61B123681B794BB9C8
:105A40004B78012B09D016F0C5FE40B9636B0122DB
:105A50005A7010BD6FF08600FBE70248F9E76FF05F
:105A60008C00F6E7808FFFFF38B50446C06C08B1A4
:105A700016F07BFCA06B08B116F098FEE36B13B137
:105A8000204616F076FEE36C23B94421012006F08F
:105A9000CDF9E064A36B23B97821012006F0C6F9A3
:105AA000A063E06B30B94FF41071012006F0BEF92D
:105AB000E063F8B1E36CEBB1A36BDBB1184616F011
:105AC000F8FCE56B4FF41072002128461CF098FD9D
:105AD00005F5A07016F07EFC0E4BEB6005F1A00002
:105AE00018F01EFAE06C16F0E0FC2046BDE83840E5
:105AF000FFF7B8BE002506F09FF9E06CE56306F0FD
:105B00009BF9A06BE56406F097F9A5636FF08C0034
:105B100038BD00BF11C4040038B501600B68B3F193
:105B2000033F04463CD10B8883810023C0F89C309E
:105B300040F62D01012006F079F9E065C8B96FF053
:105B40008C05E06D06F078F9D4F89C0006F074F945
:105B50000023C4E91833C4E91A33C4E92833C4E97B
:105B60002A332360E365C4F89C302367C4F8B0305F
:105B700014E040F62D01012006F058F9C4F89C000D
:105B80000028DCD0204616F097FB204616F099FB43
:105B90002046FFF769FF05460028D2D1284638BDC8
:105BA000004DFBE780A1FFFF2DE9F8430D461646A7
:105BB00001EB02090446002879D0042A05D86FF0C9
:105BC0008608204616F0F2FD6EE03D490522284683
:105BD0001CF025FD804600286CD1731F032BEED9E5
:105BE0006A7942F44072A280AB79A370B5F80730AD
:105BF00040F203315BBA9BB28A42A360A6F109036B
:105C0000DDD1542BDBD96B7AE36004F1100205F18E
:105C10000A0305F12A0153F8040B42F8040B8B42E6
:105C2000F9D104F1300205F15A0153F8040B42F89E
:105C3000040B8B42F9D1D5F85A301BBAE366002326
:105C40002366A6F15E03012BB9D995F85E0084F8AE
:105C5000680095F85F30636605F16007BBB105F039
:105C60000BFA0028ABD0656E18F057F98542A6D123
:105C7000616E603EB142A2D8012006F0D7F82066DE
:105C8000D8B13946626E1CF094FC636E1F44B9456E
:105C900095D03B4613F8012B227099458FD07B7825
:105CA00023670237B9458AD14046BDE8F883DFF85B
:105CB000148086E7DFF8108083E76FF08C0880E7B8
:105CC000801706000094FFFF00A1FFFF10B50446F7
:105CD0000171427109B902228271012262726281EC
:105CE000022B4FF00332226009D10C4BE3600C4BC6
:105CF000E3620C4A0C4BC4E90F32002010BDFEF7E2
:105D0000E9FE0A4B0A4A2168E3620A4BE060B1F1FE
:105D1000033F08BF1346084AEDE700BFDC55050006
:105D200060560500F25F0500F65F0500705605003D
:105D3000FA5F0500FE5F0500026005009142F8B5BC
:105D400005460C4617460CD8531A012B09DDC06BCB
:105D500034F8026B282200211C301CF051FCA742B1
:105D600006D22846254A322116F02CFB2348F8BDDE
:105D700073BA9BB23A1B9A42F3D3234400219C424C
:105D800009D3BC42EDD189BB28461D4A282116F013
:105D900019FB1B48EBE71A1B012AE2D034F8022B4F
:105DA000B5F80CE040F2033056BA86451FFA86FC7F
:105DB00013D1D2B2022A01D0042AE0D15FFA8CF2C8
:105DC000032ADCD12A68D26B002AD8D0023A32F8F2
:105DD000020F0028D3D08445F9D1481C13289FBF57
:105DE000EA6B02EB410201469683C8E7EB6B0C318C
:105DF00003EB410300209880B9E700BF008DFFFF4F
:105E00000092FFFF2DE9F04FC36BA74AD5B09A610E
:105E1000A64A1A61A64A5A61C16B0B780546BBB9FE
:105E200030230293836BA34A3033019340230093C2
:105E300001F507768C6901F5EE733046D1F83C1216
:105E4000A047044600284DD12021304606F004F832
:105E5000EC6B04F5EE7214AF04F50774134610688A
:105E600051683E4603C60832A2423746F7D11CAC01
:105E700024AF2646224603CABA4218605960144627
:105E800003F10803F6D1EB6B14AC03F5FE73224665
:105E900003CAB24218605960144603F10803F6D1F0
:105EA000402114A805F0D8FFAB6BEE6C9C68AF895D
:105EB00030330693EB6B05939B690793059B03F5C2
:105EC000EE7308932B68182200210EA893F804A003
:105ED0001CF096FB2046B786FEF7F0FD044628B975
:105EE0006FF08604204655B0BDE8F08F16F066FBD3
:105EF0000328814606D1E37A13F0020F0CBF10236A
:105F0000082333610CAF207A00970DF12A0B316919
:105F10005B460BAAFFF7BEFC28B16FF08500FFF7C8
:105F2000C5FB044698E04FF4807302930DF15008CE
:105F30004023DDE9060400935F4A089BCDF8048006
:105F40003021A04704460028CCD13F68B9F1030FA7
:105F500007F107074FEAD70702D0A0F5D844C1E7F9
:105F60000C237360BBF80030099342F2040B5B45CD
:105F700014BF4FF0040B4FF00C0B3369F0600C337F
:105F8000A3EB0B03C6F808B03360BAF1000F72D16F
:105F90005A4608EB470106F114001CF00AFB08EB17
:105FA000070907EB0B015A46494406F124001CF08F
:105FB00000FBC246D5F8D080B8F1000F12D03A4BA2
:105FC000079AD21A534253415B000293089B0193F4
:105FD000059B069A03F5FE730093D5F8D400302391
:105FE0000021C0470B9B3364B3F1806F059333D01E
:105FF0000DF1340B4FF480720DF13808CBF800200E
:10600000584616F0EFF9059BDBF80020C8F80C3075
:10601000099BC8F80820A8F800303A4606F1380372
:106020005146404618F0FAFB00287FF478AF4FF451
:106030000073CBF80030584616F0D4F9DBF8003086
:10604000C8F808303A4606F13C034946404618F085
:10605000E5FB00287FF463AF4FF4807114A805F0CE
:10606000FBFE002C7FF43EAFE86B402100F5EE70A4
:1060700005F0F2FE36E7BAF1010F12D15A4608EBED
:10608000470106F124001CF094FA08EB070A07EB1D
:106090000B015A46514406F114001CF08AFAC1461D
:1060A00088E7064CD8E700BF4957030049C40400FD
:1060B000C15603005E0206006C0206000094FFFF5A
:1060C000042901BFC36B034A1A61002018BF4FF0B7
:1060D000FF30704749C404002DE9F041C36B9A6852
:1060E000927A013A012A04463DD801680A79002AC9
:1060F00035D0012A08D1D3F89C2012B90A6B002AA6
:1061000059D01268002A56D0D3F89C3013B90B6BC3
:10611000002B4ED01E6840F2FD77072356BBD4F803
:10612000B010DA1F100C0871D4F8B010100A4871C2
:10613000D4F8B0108A71C4F8B8301623C4F8B4305B
:10614000D4F8B0300B221A7063680133DBB263609D
:10615000012220461146BDE8F041FFF749B893F807
:10616000B021002AD0D163680133DBB26360002024
:10617000BDE8F081B568FA1AAA421ED3D4F8B0205F
:10618000290CD154D4F8B0201A44290A5170D4F8FB
:10619000B0201A4403F103089570D4F8B000F168F8
:1061A0002A4640441CF005FAD6F8E46105EB0803E2
:1061B000B4E70723B3E70248DAE76FF08900D7E7CF
:1061C0000094FFFF30B503681A79C36B85B05B6933
:1061D00082F0010201A904469847054690B90121C1
:1061E0002046FFF7DDF8054640B9A36F162B0CD00B
:1061F0000A220221204616F039F81B4D0C2101A875
:1062000005F02AFE284605B030BD206F0378142B18
:10621000EED1D4F88430102B06D032220221204651
:1062200016F024F8114DE9E70C2201A9043018F00A
:10623000C0F8054630B133220221204616F016F888
:106240000B4DDBE7E36B1B7853B123681A790AB96E
:106250000A2262601B79012BD0D10F236360CDE746
:1062600063680133DBB2F9E70089FFFF008DFFFFB0
:106270000092FFFF2DE9F0419CB005460E461746FF
:1062800000217022684698461CF0BAF99DF88C10DF
:10629000684641F0007118F03DFB0446B8B9E96B5F
:1062A000402201F5EE71684618F055FB044670B9BE
:1062B000229A4146684618F04EFB044638B93B46E0
:1062C00020223146684618F05DFB044668B1502232
:1062D0000221284615F0CAFF04F18D0007289ABF55
:1062E000044B33F910406FF0920420461CB0BDE817
:1062F000F08100BFDA5F05002DE9F04107460C464A
:1063000021B94FF000084046BDE8F081C66B154D3D
:106310001A3636F8023F002BF3D04FEA13284046D6
:1063200016F009FB01460028F3D0DBB29C42F0D105
:10633000FB6BD3F89C30002BE5D058680028E2D0E6
:10634000032C08D14FF4805241F0062105F03CF8AF
:106350000028D8D1DDE7012CD5D14FF48052294354
:10636000F4E700BF00020006F0B5914207464FF087
:106370000000186002D96FF08900F0BD501A05289E
:10638000F9DD3868C66B8C1D86B3023E254640F2A7
:10639000033E36F8020F68B92C1B29D04FF4506227
:1063A000A4B20A80A21C52BA64BA6D1A4A808C80C8
:1063B0001D60E2E7B7F80CC0F445EAD14FEA102CB3
:1063C000BCF1020F02D0BCF1040FE2D15FFA80FCF5
:1063D000BCF1030FDDD19542CDD8A2EB050CBCF189
:1063E000010FC8DD40BA25F8020BD2E70148C4E727
:1063F0000148C2E780A1FFFF0094FFFFF8B51646F1
:1064000040F203329342069F054624D11EBB897A8F
:10641000013901298CBF00210121C901284603F05F
:10642000E7FC044628B13B6843F400633B604FF04F
:10643000FF340A490A4B0822002E18BF1946284685
:1064400003F0F2FC28B13B6843F480533B604FF00B
:10645000FF342046F8BD8021E0E700BF7A02060045
:10646000830206002DE9F043044687B0174698469C
:106470000E4621B9836B8022DA6600255AE0436913
:106480000568002B5AD08269A168C90704D429790C
:1064900011B9A979022960D00E99D5F834900293E8
:1064A000CDE90321A36B6C330193D4F8C83000937A
:1064B000EB6AAA6B4946384617F0C7FBA28940F23F
:1064C00003339A42054603D107F1CC0017F087FD4C
:1064D00023681A79A36B6C330093A389414638462D
:1064E000FFF78CFF08B1002D39D0012E05D115F52D
:1064F0001C5FC2D015F5F44FBFD0B9F1000F01D128
:10650000022E1ED0002DB8D0A36BDB6EDF051AD48F
:106510005E071AD413F4CC3F19D1D80719D49907C0
:1065200019D413F0080F0CBF2E223022022120466E
:1065300015F09CFE284607B0BDE8F083D5E9093286
:10654000A2E7094DE0E73122F0E72A22EEE72B220D
:10655000ECE72D22EAE72C22E8E7044DEAE7012EDA
:106560008BD0034DC9E700BF8089FFFF80A2FFFFEA
:106570000086FFFF2DE9F043C36B9B689B7A013BCC
:10658000012B85B0044608D8036893F806801B7970
:10659000012B0BD1B8F1000F08D1A36B8022DA6672
:1065A00063680133DBB26360002538E001212046D7
:1065B000FEF7F6FE054690BB2368A56B1B79BBB1C1
:1065C000D4F88430072B13D1A36F162B10D1206F72
:1065D00003780B2B0CD16949032204301CF01FF8FF
:1065E00030B94023B8F1010FEB66D9D0644D16E005
:1065F000286E30B105F020FC00232B6685F868304A
:106600006B664FF4F471012005F010FC064650B99A
:1066100050220221204615F029FE6FF08C052846F5
:1066200005B0BDE8F08317F01CFBA36F162B0CD050
:106630000A220221204615F019FE524D304617F06D
:1066400015FB304605F0F8FBE9E7226F13780B2BBA
:10665000EED1D4F88410092906D83222022120462E
:1066600015F004FE484DE9E7B2F8053012795BBA3F
:106670009BB2002AF1D107339942EED10727D4F813
:1066800084309F4244D3E36B002200929B683246E1
:1066900041462046FFF7E6FE05460028CED13046AB
:1066A000D6E90295D6E9318717F0E0FA304605F0D1
:1066B000C3FB20210120A66B05F0B8FB3066A36B5D
:1066C0001B6E002BA4D0092004F0D6FCA36B4A4615
:1066D0001B6E294617F00BFCA36B092283F8682078
:1066E000A36B20225A660546002898D1E06B0397D9
:1066F000A03017F015FCE26B4744A032394603A8DE
:1067000005F036F900283FF44BAFA5F5D84586E7EC
:10671000F91C9942A1D8206FC25D32B12B2202210F
:10672000204615F0A3FD194D88E70744B7F801206E
:1067300052BA92B27F2A90D98F18BB428DD30144AE
:10674000304617F0C8FA10F18D0F054611D010F140
:106750008C0F0BDA10F5165F0DD010F5045F8ED09C
:106760002A220221204615F081FD67E7002886D005
:10677000F6E75022F5E72B22F3E700BF6537050067
:10678000808BFFFF0089FFFF008DFFFF0086FFFF6A
:106790002DE9F04F43689BB004460F2B00F2A08018
:1067A000DFE813F0100013001800620176017E028A
:1067B000C802DE02E8025A03DD03E203E703EC034A
:1067C000F103F303012363604CE11BB0BDE8F04F1C
:1067D000FEF7AAB90121FEF7E3FD0546002840F0C7
:1067E0008180A36F276F162B06D00A220221204634
:1067F00015F03CFD9F4D75E0D4F88430292B02D96B
:106800003B78022B05D032220221204615F02EFDC6
:10681000EBE0236807F104095979484615F0B8FD03
:10682000A36BA08198802268A36B12799A7022686A
:10683000A3895188994202D812889A4206D24622E8
:106840000221204615F012FD8B4D4BE0E36BBA1D83
:1068500003F5FE7307F1260152F8040B43F8040B0D
:106860008A42F9D197F82650202DCCD8D4F884301C
:1068700005F12B0293421ED909EB0502D68C76BA9C
:10688000B6B2721E022ABED905F12C0232449342DE
:10689000B9D109EB0503B3F8238093F8253098FAB2
:1068A00098F81FFA88F863B12F220221204615F0CC
:1068B000DDFC724D16E005F12A029342A3D10026B9
:1068C000E7E74046D4F83CA0FEF7F8F8CAF808001D
:1068D000E36B996851B950220221204615F0C6FC9D
:1068E0006FF0860528461BB0BDE8F08F2046FEF706
:1068F000AFFFD4F83CA09AF8003027376BB165B1F0
:10690000A06B8368984508D1C3689D4205D12A468B
:10691000394610301BF083FEF0B163680133DBB2FF
:10692000636000238AF80030A36BC3F80880A36B70
:10693000DD60A06B2A46394610301BF03AFE236812
:10694000DB68043B53F8040F48B92F22022120468C
:1069500015F08CFC4A4DC5E70C236360EFE7A26B92
:1069600092689042EED1FEF7A9F8A38901461A4633
:10697000204616F086F830B128220221204615F074
:1069800075FC404DAEE728354D44012040F2FF171D
:106990007EB9E36B1B78002B5DD02046FFF732FAFF
:1069A0000546002857D050220221204615F05EFCF3
:1069B00098E76B882A885BBA9BB203F1040C51BA42
:1069C000B44589B23FF61FAFB2F5B05F23D01629A8
:1069D0000DD8B2F5807F14D0B2F5306F29D0F31AFC
:1069E0001E1F053B022B6544D2D8274D7AE7BA42D9
:1069F000F5D1012BC0D12A79002ABDD1C4F8CC3001
:106A0000EDE72268127A002A9FD0012B9DD12979C7
:106A10009142E4D099E72268527A02B133B16E22F2
:106A20000221204615F022FC184D5BE7A26B10678F
:106A3000D5E7002B3FF4E7AE2A79511C99427FF449
:106A4000E2AE291D002A97D011F801EFBEF1010F27
:106A5000C5D9013AF6E7D4F8CC301BB92368DB7905
:106A6000022B89D000253DE71BB0BDE8F04FFFF7B2
:106A700081BD00BF0089FFFF8091FFFF808FFFFF76
:106A8000009AFFFF0092FFFF008DFFFF008BFFFFCA
:106A9000C36B0121D3F80890FEF782FC054600285D
:106AA0007FF420AFA36F162B7FF49FAE256F99F86C
:106AB0000A302A780C2A09D0032B7FF496AE0123E2
:106AC000C4F8903063680133DBB27CE65A1E012AB9
:106AD000D4F884A003D9042B01D0A44D02E70023ED
:106AE000ADF820300E93AAF10403032BD4F83C80B8
:106AF0007FF72BAF2B79032B7FF427AFB5F8056019
:106B000076BAB6B23146204615F028FF00287FF449
:106B10001CAF0EAA08A9304615F02EFF86303FF4B0
:106B200014AFBDF82030A8F844300E9BC8F84830A8
:106B3000EF79AAF108039F4205F1080B3FF605AF74
:106B4000412F3FF602AF3A46594608F151001BF07B
:106B500030FDC8F8947099F80A30013B012BB1D888
:106B600055440BEB0706B542C0F08880AB1B012BE8
:106B700040F384803BF80780236F049398FA98F3DE
:106B80005FFA83F9E26B059248461FFA83FB15F022
:106B9000CEFE5FFA88F88246404615F0CCFE0746E6
:106BA000BAF1000F3FF4D1AE00283FF4CEAEA08979
:106BB000059A40F2033188427FF4C7AEB8F1020F64
:106BC00003D0B8F1040F7FF4C0AEB9F1030F7FF426
:106BD000BCAE2368DB6B002B3FF4B7AE023B33F84F
:106BE000021F00293FF4B1AE8B45F8D1BAF1020F74
:106BF00006F1020804D147F0C06141F4407106E09B
:106C0000BAF1030F45D0BAF1010F3DD0002102F1D6
:106C1000A00948464FF4005204F0D6FB00283FF488
:106C200094AEAB1E98453FF6EEADB6F8028098FAEA
:106C300098F81FFA88F806F1040AA5EB0805AA459A
:106C40007FF4E1AD049B01970433F61A009608AA7D
:106C50000EA92046FFF70EFB054600287FF442AE42
:106C6000CDE90180089BCDF800A00EAA3946484620
:106C700004F0F6FA054678B1332295E63C4A322113
:106C8000204615F09FFBB0E647F0C06141F400716B
:106C9000BDE747F00621BAE7484617F051F911E77A
:106CA000C36B9B689B7A013B012B01D906238AE5C4
:106CB0000121FEF775FB054600287FF413AEA36F94
:106CC000162B7FF492AD6368E26B0133DBB2636035
:106CD000236F1B78A3F10D014B424B4182F8B03179
:106CE000E36B93F8B0311BB90123C4F89030B9E6D7
:106CF000D4F88400216F04287FF685AD0B799A1DA6
:106D000090427FF680ADCA18DE1DB2F8052052BA57
:106D100095B216FA82F290427FF675AD2B44194473
:106D20000933B1F8072052BA13FA82F398423FF4BC
:106D300099AE68E50121FEF733FB054600287FF494
:106D4000D1ADA36F162B7FF455ADD4F88430042B4E
:106D50007FF459AD236F1B780E2B3FF4B3AE52E591
:106D60001BB0BDE8F04FFFF7B7B900BF0094FFFFBD
:106D7000008DFFFFC56BAB689B7A013B012B3FF693
:106D8000ACAE182200210EA80EAF1BF039FC0FCFBD
:106D900008AE0FC697E803007D4F4FF4804386E8A6
:106DA0000300CDE90A37B5F84430ADF82030AB6CBC
:106DB0004FF6F8714FF6FF728B4288BF134608A852
:106DC00005F14C01ADF8223005F0D4FE064670B94D
:106DD000D4F8B010E86C0EAB40F2FB72053117F03E
:106DE000F4FC804628B1E86C17F07DFCEE64694D38
:106DF00078E5D4F8B0300E9E1E71E36B03F50F7288
:106E0000029203F50773202201920093D5F8943083
:106E1000E96C05F15102384617F042FF0746E86C6D
:106E200017F061FC0743C5F84C80E0D11623C4F885
:106E3000B430D4F8B03005361022C4F8B8601A70F7
:106E4000636801220133DBB21146204663601BB048
:106E5000BDE8F04FFEF7CCB9C36BD0F8B060D3F803
:106E60000880D0F89C7000230793FEF7CBFF0546FF
:106E700000287FF437AD98F80A30013B012B04D984
:106E800063680133DBB263602CE5E16B91F8B031EC
:106E9000002BF5D0D1F89C301BB923681B6B002B5D
:106EA000EED01B68002BEBD0204615F0F8FD002833
:106EB00053D00B6908AA0EA920469847054600281A
:106EC0007FF410ADE36BD4F8B0209B6893F8098091
:106ED000B8F10A0F14BF042305231371204618BF0D
:106EE0004FF0090815F0DBFDD4F8B05015F00CFD9B
:106EF000687100252046089515F0D1FDF21BC2F5FA
:106F0000026207AB0532039501920293D4F8B030C8
:106F1000083300930EAA2B46414604F0F9F90546C2
:106F200000287FF4DFAC079BD4F8B02059BA0833AF
:106F3000D180C4F8B8301623C4F8B430D4F8B030D7
:106F40000F221A7063680133DBB2012263601146BD
:106F50002046FEF74DF90546C4E40F4DC2E41BB0D0
:106F6000BDE8F04F15F074B91BB0BDE8F04F15F057
:106F70004FBD1BB0BDE8F04FFEF7DEBA1BB0BDE859
:106F8000F04FFFF71FB90F231DE415F01EFD69E553
:106F9000000002098080FFFF008AFFFF2DE9F04F0B
:106FA00007468DB008469246FDF788FD0546002845
:106FB00000F08C80BB8982899A4272D8C2899A4239
:106FC0006FD315F0EDF838B1FB6BD3F89830002B88
:106FD00067D01B88002B64D0284615F0C6F8804681
:106FE000284615F0D3F80390B8F1000F53D03B6852
:106FF0001E6B002E55D00023039A706805934146FE
:1070000004F0E2F908B9B668F3E705AB009330681D
:1070100040F2033300222946FFF7F0F90446002826
:10702000F1D1B8F1030F33D1D6F800B0FA6B0BF100
:10703000CC00D2F8989016F0D2FF062835D118224D
:1070400021460DEB02001BF0DBFADBF8D40006A9A9
:1070500017F065FB90B9BDF8183003F44F42B2F554
:10706000824F02D0B2F5884F00D1D8B2BDF81A10C5
:1070700016F034FF044606A817F039FFA9F10209FB
:1070800039F8020F0028BED015F085FCA042F7D1D8
:10709000FB6BC3F89C60284615F080F868B9CAF805
:1070A000005000200DB0BDE8F08FDBF820119BF8F8
:1070B000240116F013FF0446E0E715F032FC014608
:1070C0003846FFF719F90028E9D1EAE70048E9E76F
:1070D0000094FFFF024B0349072216F0E4BE00BFF5
:1070E0007DDE0400066005002DE9F04F4368B5B071
:1070F0001A46044606930F2A00F2CC85DFE812F008
:1071000010001400EE01CF02D60221049D04AA044F
:10711000AF041E05AF05B405B905BE05C305C60518
:1071200001236360002534E00021FEF739F90546AC
:1071300078BB204615F065F8054650BBA26F266F58
:10714000D4F88430162A40F0AC853278012A40F019
:10715000A885A3F10408B8F1250F06F1040B01D8A6
:10716000B14D16E023685846597915F011F9A36B13
:10717000A08198802268A36B12799A70A28940F24C
:1071800003339A4209D046220221204615F06EF8B8
:10719000A64D284635B0BDE8F08FE36BB21D03F570
:1071A000EE7306F1260152F8040B43F8040B8A42F1
:1071B000F9D196F82690B9F1200F03D809F12403EC
:1071C000984505D232220221204615F04FF8C7E734
:1071D000A36BC3F80C90A06B2022002110301BF091
:1071E0000FFAA06B06F1270109F12306C2681030DF
:1071F0001BF0DFF93BF8067097FA97FA1FFA8AFA44
:10720000BAF1010FDED95644F31C9845DAD317F4CE
:107210008077D7D102361BF806305A1E0F2AD1D8F4
:107220001E44731C9845CDD306F1030609D9B04519
:10723000C8D33BF803305BBA9FB216FA83F3984584
:10724000C0D100235E440793002F42D1079B1BB996
:10725000E36B40F20322DA6109F12509D9440023E6
:1072600009F1010219F80310002940F0F980D15CFE
:10727000FF2940F0F5800123C4F8CC3023681B6D52
:10728000002B40F0FC8023680022DE681692DB7A37
:10729000012B00F01481B0460436D8F80030002BE2
:1072A0004BD0002739F8071056F8043C49BA89B288
:1072B00099420AD116AA2046FFF770FE002840F036
:1072C000F180169A002A40F0FE800237BA45E9D8CC
:1072D000E1E7032F7FF676AFB6F80280338898FA9D
:1072E00098F81FFA88F808F104015ABA8F4292B24E
:1072F0000891FFF467AFB3F5506F28D00D2A0FD86F
:10730000B3F5206F30D0B3F5306F7DD0B3F5807F0B
:1073100000F09280089B043FA7EB08071E4493E708
:10732000B3F5B05F00F0918040F2FF129342F1D1CB
:10733000B8F1010F01D1337933B12822022120465F
:1073400014F094FF3A4D24E7C4F8CC80E2E708F14A
:107350000403F218311D2046FEF7F0FC002840F02F
:107360009380069B0793D5E7B8F1010F7FF62AAF0C
:10737000B3885ABA92B20492023290457FF422AF97
:10738000DB053FF51FAFE36BD3F8983033B12F2205
:107390000221204614F06AFF264DFAE6049B5A08A3
:1073A00001320E2A28BF0E2210460221059204F057
:1073B0003DFD059A034638B950220221204614F0BB
:1073C00055FF6FF08C05E4E6E16BC1F89800B11D44
:1073D0000591049900299DD0012A9BD0CDE90A325C
:1073E000059B198849BA88B2099115F0D4FADDE9EC
:1073F0000A3218B1099923F8021B013A049902399B
:10740000049105990231E3E7E26B537843F00103FD
:107410005370B8F1000F3FF4D5AE337901334345D3
:107420003FF478AFCEE600BF008DFFFF8091FFFFF5
:107430000092FFFF009AFFFFB8F1010FA7D1337947
:10744000042BA4D8A26B137064E7B8F1000F7FF48B
:10745000B9AE23685B7A012B04BFA26B136759E7AF
:1074600002339A453FF6FEAED4F8CC202368012AB9
:107470003FF404AFDB79022B7FF400AF5DE72046D9
:10748000984700283FF4FFAE054682E6198849BABE
:1074900089B291420AD116AA20460493FFF77EFDD5
:1074A000049B08B1804D74E6169A62B9D8465BF821
:1074B000042B002AEAD10237BA457FF63EAF09EB2A
:1074C0000703B346F2E7A36BD8F800109960E36BAB
:1074D0009A6063680133DBB263605AE60368D0F8F0
:1074E000B06082895979301DB71D14F04EFF042118
:1074F000384617F033FC054600287FF44AAE1421C5
:1075000006F10A0017F02AFC054600287FF441AE78
:10751000082106F11E0017F021FC054600287FF423
:1075200038AEE36B384603F5FE7306F1260250F8D9
:10753000041B43F8041B9042F9D1E36B1B78012B29
:1075400029D0A56BEB6833B323689B691BB316A8DE
:1075500014F0AFFF2068EA688769006A16AB05F18E
:107560001001B847074698B9AA68189B9A420FD1EC
:10757000284615F01BF9782216A928461BF019F8A1
:107580007822394616A81BF03BF8E36B01221A70EB
:1075900016A815F00BF9E36B1B78002B65D1636817
:1075A0000133DBB26360A36B2021D960A06B103084
:1075B00017F0D4FB054600287FF4EBADA26BD26830
:1075C00086F82620A16B06F12703CA6818461031F9
:1075D0001AF0EFFFA26BD168926800EB010852BA73
:1075E0004252002588F80250D4F8CC30012B08F123
:1075F00003070AD140F2FF1288F8075088F80950B3
:10760000A8F8052088F808300525A36B1A7862B120
:10761000AA1CBB184FF48071B95200229A70012243
:10762000DA70A26B12781A710522A36B9868154460
:10763000FDF744FAF8B114F0B3FDE0B1E36B5B7809
:10764000D80718D5AB1CFA184FF43061F952022153
:107650000023D170012193701171537106356BBAFB
:107660000235A8F803302F4407E00C23636020465E
:10767000FEF7C8FB9EE7002DF1D11623C4F8B43005
:10768000D4F8B030BE1B0222C4F8B8601A700122D0
:107690001146204635B0BDE8F04FFDF7A9BD35B025
:1076A000BDE8F04FFEF718BD0094FFFFC66BD0F8A1
:1076B000B070D6F80890D0F89CA00423C0F8B83079
:1076C00099F80A300025022B0D9574D8002B74D13F
:1076D0001D4699F80A30013B012B00F20781002D6D
:1076E00000F00281D4F8B83004930022484610928A
:1076F000D4F8B0B014F031FD804615F012F901460F
:107700002046FEF7F9FDC0B215F015F90646B8F1AE
:10771000000F00F0E980002800F0E680049B019053
:107720005B445B1B009310AA2B4616A92046FEF76C
:10773000A1FD0546002840F0BB80D4F8B850D4F82D
:10774000B0906B1CC4F8B830304615F0FDF809F85D
:107750000500D4F8B850D4F8B0906B1CC4F8B83019
:10776000404615F0DEF809F80500E36B13B1D3F8D5
:107770009C3023B923681B6B002B00F0B380596841
:10778000002900F0AF80D4F8B8200DAB0393C2F508
:107790000263A7EB0A070B33DB1B0293D4F8B0306C
:1077A000023213440193109B0093324616AB4046BD
:1077B00003F0DCFD65E0042B8BD12368D6F898102C
:1077C0001B6C00220E92002B00F08A80002900F032
:1077D0008780023B884633F8020F48B10A4601E031
:1077E000854205D0904632F8025B002DF8D1F2E7D1
:1077F000B8F80030002B71D00023ADF832300F9371
:10780000B8F800000FAA0DF1320115F0B5F8863076
:107810005FD0BDF832B00F9DB56400231822194621
:10782000A6F844B016A81AF0EBFE0DF1580CBCE80F
:107830000F000DF1400EAEE80F009CE80300B94BBD
:107840008EE803004FF48041CDE912134FF6F87231
:107850004FF6FF73954288BF1D460323ADF840B035
:10786000ADF842503B71B8F800305BBAA7F805306C
:1078700006F14C0110A805F07DF9804618B1FFF71C
:1078800029FC054613E0D4F8B020F06C07F108019C
:107890008A1A0EABC2F5006216F097FF68B1FFF7C7
:1078A00019FC0546F06C16F01EFFC6F84C80EDB1D1
:1078B00015F5CA4F3FF46DAC0CE00E9BFB71D4F88C
:1078C000B820D4F8B050043313441544C4F8B83089
:1078D000FFE6954D0023C4F8B8305AE4934DF9E71C
:1078E000934DF7E7934DF5E7934DF3E70D9BBBB150
:1078F000D4F8B820D4F8B010501C1B0AC4F8B80053
:107900008B54D4F8B830D4F8B020591CC4F8B8104F
:107910000D99D1540D9AD4F8B8301344C4F8B83046
:107920001623C4F8B430D4F8B0300C221A7063684F
:107930000133DBB20122636011462046FDF758FC9B
:10794000A2E5C36BD0F8B0809B68062242609B7AA8
:10795000013B012B3FF6E6AB03689B79002B3FF41C
:10796000E1AB402388F80530012388F80430036830
:10797000DE6B08EB0209002E00F09081023E00272A
:1079800040F2033A36F8025F7DB97BBAA8F80630B8
:107990003B1D09EB030023689A7A012A3CD15E6DF6
:1079A00006B95E6B08F5006A32E0290A2046FEF748
:1079B00087FB0028E6D1A3895345E3D133881A0A0F
:1079C000022A01D0042ADDD1DAB2032A02BF02372B
:1079D0005BBA29F80730D5E7B36C82451FFA83FB01
:1079E0001AD3AAEB00030BF10202934214D303460D
:1079F0009BFA9BF223F8022B5A46F16C18461AF0B8
:107A0000D8FDA91C1BFA81F1D6F8E46158448DB267
:107A100016B1F369002BDFD11623C4F8B430D4F8C3
:107A2000B030A0EB08000D22C4F8B8001A70D4F8EA
:107A3000B0303B4469BA198129E616230422C0E913
:107A40002D32D0F8B0300E221A7043680133DBB209
:107A500043601CE635B0BDE8F04FFEF78BBDC36B4D
:107A600001219E68FDF79CFC054600287FF491AB40
:107A7000A26F236FD4F88400162A40F012811A787E
:107A8000102A40F00E81B27A013A012A3FF60AAD7F
:107A9000053801281F79E66B03F105017FF652AC2A
:107AA0007B1E402B3FF64EAC87423FF64BAC06F1B7
:107AB00051053A4628461AF07CFD06F50F73C6F8C4
:107AC000947002932023019306F507730093F16CE1
:107AD00014483B462A4617F0E3F860B1FFF7FAFA7C
:107AE00096F85030054613B9F06C16F0FCFD0023F3
:107AF000F364FFF74EBB96F8503043B9F06C16F0C4
:107B0000F2FD20B135B0BDE8F04FFFF7E3BA002336
:107B1000F3642046FEF776F9054600283FF4D9AC19
:107B2000FFF737BB00000209009AFFFF0092FFFF3A
:107B300080A1FFFF008AFFFF0094FFFFC36B9B68DB
:107B40009B7A013B012B02D90A23FFF7EABA836B28
:107B50001B6E002BF8D00021FDF722FC0546002803
:107B60007FF417AB63680133DBB26360A36F162B3E
:107B700040F09780236F1A780F2A40F09280E26BD2
:107B800002F1A009D4F88420052A7FF6E9AA187921
:107B900014F0D1FE064600283FF4FEAB236F2046CA
:107BA0001979FEF78DFA00287FF4F6AB236F052EC6
:107BB000587914BF0DF1580A0DF1680A14F0B7FE98
:107BC000074600283FF4E8AB02283ED0032841D006
:107BD000012842D146F0C06141F400714FF40052D7
:107BE000484603F0F1FB00283FF4D6ABD4F88430CC
:107BF000072B7FF6B5AA226FB2F8068098FA98F89C
:107C00001FFA88F808F1080293427FF4A9AAE36BEF
:107C100010AA1B6916A920469847054600287FF43C
:107C2000B8AACDF80880236F0833CDE900033246A7
:107C300053464946384603F03DFB054600287FF48D
:107C4000A8AA204614F0DDFA1EE446F0C06141F413
:107C50004071C3E746F00621C0E70021BEE735B01A
:107C6000BDE8F04FFDF768BC35B0BDE8F04FFEF75A
:107C7000A9BA35B0BDE8F04F14F0EABA35B0BDE8A6
:107C8000F04F14F0C5BE0F23FFF74BBA14F09DFE62
:107C9000FFF748BA6FF08605FFF77BBA024DFFF792
:107CA00078BA024DFFF775BA80A1FFFF0089FFFF88
:107CB00008B54EF66021054804F084F804F08EFF04
:107CC000002818BF6FF0040008BD00BF46E4002084
:107CD000F8B50F4614461D46084E304614F053FFC3
:107CE00010B96FF08300F8BDB368A2B21B683946C3
:107CF000304698470028F4D12C60F4E7082C0500A2
:107D0000024B03600248C01A40097047A82B0500C7
:107D1000E82C050010B50446D6F7FAFE05480368BE
:107D20005B0703D0044A01210BF0F0F8204614F061
:107D300035FF00BF4C2500208C0206002DE9F047DE
:107D4000044600AF0D46EFF31189202383F3128818
:107D5000BFF36F8FDFF8D080344AD8F800309668D0
:107D600059075DD0042898BF314B117C94BF53F85C
:107D70002030304BEA468AB06A462F48CDE90731B9
:107D800040F20133ADF824302C4BCDE9050442F824
:107D9000103F254800234FF43151D7F757F8D54607
:107DA00065B1EB69C3F3080343B1D8F800305A0753
:107DB0001FD0234A1C4801210BF0A8F8D8F8003046
:107DC0005B0716D01EBB1F48E8468AB06A461E4BAA
:107DD0000790CDE9053640F20133ADF820301B4B5A
:107DE00042F8103F104800234FF41151D7F72EF8F6
:107DF000C54629462046FFF78DFF89F31188BFF35A
:107E00006F8F3046DAF770FABD46BDE8F08730462E
:107E100015F0EFF90028D6D00378002BD3D0D3E7A4
:107E2000002DBED1E5E700BF4C250020887600205C
:107E3000E85505009B020600A902060005000001A6
:107E4000D102060081E60500F202060004000001EE
:107E500038B50A4B53F82040013053F82050A54262
:107E600000D838BD606830B1037EDB0701D414F060
:107E700069FE0834F3E723689847FAE7FC550500E4
:107E800070B52A4B2A4C2B4D86B0012203201A7064
:107E9000FFF7DEFF01F090FF0420FFF7D9FF264631
:107EA000AE4204F130040FD301F030F9204CAC4263
:107EB00026D301F03FF9D4F783FE1F4A938923F0BC
:107EC0000103938106B070BD54F80C3C059354F83F
:107ED000103C049354F8143C039354F8183C029358
:107EE00054F81C3C019354F8203C009354E90A23B5
:107EF00054E90C0100F048FE54F8303C5E66CEE7D1
:107F0000D4E90A23B3F1FF3F08BFB2F1FF3F05D028
:107F100052EA0301206803D115F0B1FA3034C6E704
:107F20000649183001F098FBF8E700BFA6CE012003
:107F3000682E0500982E0500B87500209DD304001A
:107F40002DE9F0411B4E1C4F1C4986B0D02303FB8A
:107F500000661B4B05934FF001080F231C2505FB02
:107F600000750446CDE903384FF4C0700023CDE915
:107F7000013300FB0411134B00954FF4A0723046FF
:107F800000F002FE337C104AEE6023F004033374E9
:107F90004FF4046304FB033313446B60E31C07EBEF
:107FA000031307EB04172C74AB6187F8388006B015
:107FB000BDE8F081E87400208876002000290220C6
:107FC0005403060031CD0400C02002207FB50020FC
:107FD000FFF73EFF294B83F30888294C636943F47C
:107FE000007363610025E02384F82230E57725766D
:107FF0006576A57684F82050636A43F4E0236362D3
:1080000084F82350D9F7FAFFDAF758F94FF0FF3325
:10801000A362E362DAF79CFADAF7DCF9D6F7B4FC8C
:108020001848194C00F06CFE0120FFF711FF0220E8
:10803000FFF70EFF01F0A8F8144B1549DC61154B52
:10804000059301234FF44062CDE90353CDE9015577
:10805000114B0095204600F097FD237C064623F047
:1080600004032046237415F04BF92846FFF768FFF8
:10807000094A31462046DAF7FDF800BF0029022000
:1080800000ED00E0C8760020B8750020887600205A
:10809000802A022059030600817E030038B5064C71
:1080A000064DAC4201D3002038BDD4E90112204670
:1080B00014F0BEFD1834F4E764260020AC2600203E
:1080C0001FB5054C0294CDE900230A46002114F0A7
:1080D0006DFD04B010BD00BF8319040030B585B03C
:1080E000DDE90845034B0293CDE9004514F05EFD40
:1080F00005B030BD8919040038B5074C074DAC42B6
:1081000001D3002038BD204614F0B8FD08B9203452
:10811000F5E76FF01500F5E7C42500206426002080
:1081200073B50C46EFF31181202585F31288BFF358
:108130006F8F05695DB125602B680361C3690133E9
:10814000C361002081F31188BFF36F8F11E052EA01
:10815000030603D125606FF00B00F3E7CDE90023A0
:108160000246083000F030FF18B9034B9B685B698A
:10817000236002B070BD00BF88760020F7B50E46C0
:1081800004469DF82010EFF31187202080F3128819
:10819000BFF36F8F656A2069854245D22568AC427E
:1081A00019D0C5B1284614F0CEFD05F1180015F020
:1081B000F4F9E268686931461AF0FBF90023C5F862
:1081C000C830284615F09CF804F10800394615F02F
:1081D00013F9002036E0E268D9B1206A31461AF07E
:1081E000E8F9236AE2681344A2692362934201D149
:1081F00063692362636A01336362102104F128001A
:1082000015F074FB0028DFD187F31188BFF36F8F5F
:1082100018E0E0696369984208BFA069801AE061CC
:1082200031461AF0C6F9E5E752EA03010CD00849D5
:10823000896804F108004E61CDE9002339462246E1
:1082400000F0C2FE03B0F0BD6FF02200DCE700BF1B
:1082500088760020F7B504460846EFF31186202102
:1082600081F31288BFF36F8F616A00293BD0E26807
:10827000E1691AF09EF9E369E26825681344A2698E
:10828000E361934204BF6369E361636AAC4203F153
:10829000FF33636236D02846002D34D014F053FDEE
:1082A00005F1180015F079F96969E268206A1AF099
:1082B00080F9236AE2681344A2692362934204BFEF
:1082C00063692362636A0027013363622846C5F845
:1082D000C87015F015F804F10800314615F08CF857
:1082E000384603B0F0BD52EA030111D00A4989684B
:1082F0004861CDE900233146224604F1080000F030
:1083000063FEEEE7002086F31188BFF36F8FE8E786
:108310006FF02200F7E700BF887600202DE9F341D7
:10832000044617461E46EFF31188202383F3128874
:10833000BFF36F8F304BC2689B6872B18068984200
:1083400017D057EA060216D188F31188BFF36F8F52
:108350006FF00F0002B0BDE8F08193F90E102161BB
:108360000132C4E9023288F31188BFF36F8F002015
:10837000F0E72169F3E793F90E1090F90E30994276
:1083800030DA9942A8BF194614F0F1FC0546CDE950
:1083900000761A482246414600F016FE0028E6D034
:1083A000EFF31186202383F31288BFF36F8FA06849
:1083B000D0B1236821699C420AD04BB193F90E30A9
:1083C0009942A8BF19466FF07F039942B8BF19467A
:1083D00014F0CDFC40B10948314615F00DF86FF0AE
:1083E0000A00B7E70025D2E7002DF4D186F3118803
:1083F000BFF36F8FF3E700BF88760020A7CE012080
:10840000F8B583680546002B40D0234A9268934212
:108410003FD1C368012B03D9013BC3600020F8BDE5
:10842000EFF31187202383F31288BFF36F8F016965
:10843000806814F09CFC2C68A54207D10023C5E994
:10844000023387F31188BFF36F8FE7E7002CF5D075
:10845000D4E9003213605A60237C002623F0020323
:108460002374C4E90066A66004F1180015F095F8BD
:10847000AC6094F90E302B612046C4F8C86014F04B
:108480003FFF0648394614F0B7FFC7E76FF0150005
:10849000C5E74FF0FF30C2E788760020A7CE012065
:1084A00073B5EFF31185202181F31288BFF36F8F2D
:1084B0000468B4B12368426823F00303944208BF00
:1084C0004360036023689B0704D02046666815F06C
:1084D000CEFA344685F31188BFF36F8F204602B081
:1084E00070BD52EA0301F5D0CDE90023294600F121
:1084F0000C02083000F068FD0028EFD1014B9B68AA
:108500005C69EBE78876002070B5EFF311862023D5
:1085100083F31288BFF36F8F0468A0421BD0D4B1DD
:10852000D4E9003213605A60237C002523F0020353
:10853000C4E900552374A56004F1180015F02DF866
:10854000C4F8C850204614F0DBFE31460A48BDE8A6
:10855000704014F051BFD0E902329A4218BF013383
:1085600083600221103015F0C1F90028EDD186F3A7
:108570001188BFF36F8F70BDA8CE012013B5EFF344
:108580001181202484F31288BFF36F8F846844B173
:10859000013C846081F31188BFF36F8F002002B02B
:1085A00010BD52EA030406D181F31188BFF36F8F27
:1085B0006FF00F00F3E7CDE900230246014800F019
:1085C00003FDECE7A8CE0120F8B50546EFF31186D0
:1085D000202383F31288BFF36F8F00272C68A542F6
:1085E00019D0C4B1D4E9003213605A60227C002350
:1085F00022F00202C4E900332274A36004F11800DF
:1086000014F0CBFF6FF00A03C4F8C830204614F012
:1086100077FE0127E2E70023AB60022105F110009D
:1086200015F064F928B927B986F31188BFF36F8F65
:10863000F8BD31460248BDE8F84014F0DDBE00BF89
:10864000A8CE01202DE9FF41544E04462027EFF328
:10865000118887F31288BFF36F8FD4F8D450F5B91F
:10866000022104F1EC0014F0A5FC002870D004F104
:10867000E40500220121284614F021FF0028F8D14A
:10868000002302934FF0FF324FF0FF33CDE9002378
:10869000414604F1DC02424800F0A4FED7E7D4F8DA
:1086A000D8202B68C4F8D430954208BFC4F8D8301D
:1086B000D4F8EC3043F00203C4F8EC30EB6823F05C
:1086C000040343F00103EB606B6888F31188BFF388
:1086D0006F8F28469847EFF3118887F31288BFF30E
:1086E0006F8FEB68D80623F001023ED4EA60EB6896
:1086F0009A0717D5306823F00203EB6090B1036846
:10870000002178B1426895423DD10368002934D1F7
:1087100072683360904200D17360002340F8083BD8
:10872000FFF7F2FED4F8EC3023F00203C4F8EC308B
:10873000DB0530D4D4F8D430003B18BF012388F3D4
:108740001188BFF36F8F002B81D000F025FD7EE7ED
:10875000D4F8EC30D90693D5C4F8EC0088F311882E
:10876000BFF36F8F04B0BDE8F08123F01103EB601D
:1087700005F11000FFF7C8FEB9E70B607368984277
:1087800008BF7160C9E701461BB11A681846134655
:10879000B7E71A46FAE70023D1E700BF84B7002005
:1087A000A9CE012070B5C368C3F340069B070546F8
:1087B0000C460DD50122002104F1080014F0EAFB5B
:1087C00000232360054B65605A681AB9C3E9004469
:1087D000304670BD14605C60FAE700BF84B70020CB
:1087E000F8B5C3689A0704460E46C3F3400542D461
:1087F0005F0742D40B680BB983680B60E368D80746
:1088000044BFA368336037684CBF0225012557B3C6
:108810001B4B9A68D7F8D0309A421ED114F0E3FC73
:1088200080F00100C0B2D7F8EC30D907C3F3800262
:108830001CD5F2B1F8B100232360D7F8D83073B952
:10884000C7E93544384614F0CFFBE36843F004032E
:10885000E3603368A3602846F8BD0020E3E71C60AE
:10886000C7F8D840EEE76FF0150506E06FF0120587
:1088700003E01B07DFD56FF00F0500233360EAE745
:1088800088760020F0B589B004460020C4E93500A0
:108890000E9D04F1DC00C4E9370004F1E400C4E9F2
:1088A000390055B32879002840F2011008BF012093
:1088B000C4F8EC0000204FF0FF364FF0FF37CDE951
:1088C0000330CDE90100CDE906670D4B0094204649
:1088D00000F0E4F955B1296811B1204600F006F91D
:1088E0006B791BB1A38943F00103A381204614F0E7
:1088F000C6FDC4F8D04009B0F0BD0120D8E700BFE4
:108900004586030037B501900846EFF31184202116
:1089100081F31288BFF36F8FC16811F01E0F16D15B
:1089200053EA020508D101A9FFF75AFF84F3118821
:10893000BFF36F8F03B030BD41F00801C1600199F2
:1089400081620449103000F087FE0120EEE700202C
:10895000ECE700BF5DD0040001460148FFF7D2BF3D
:10896000B8770020F7B50C46019016461D46EFF388
:108970001187202383F31288BFF36F8F084614F00A
:1089800024FB55EA060309D101A92046FFF728FF79
:1089900087F31188BFF36F8F03B0F0BDE368074919
:1089A00043F00803E360019BA36232462B4604F1C7
:1089B000100000F051FE0120EAE700BF5DD0040086
:1089C00001460148FFF7CEBFB877002038B5EFF376
:1089D0001185202383F31288BFF36F8F0468A042B0
:1089E00013D094B1204614F0EDFB04F1180014F0FC
:1089F000D4FD00232046C4F8C83014F081FC05489B
:108A0000294614F0F9FC002038BD85F31188BFF326
:108A10006F8FF8E7AACE01202DE9F0410546EFF36C
:108A20001187202383F31288BFF36F8F0468A0425D
:108A30001CD0DCB1204614F0C5FB04F1180014F082
:108A4000ACFD0026B046C4F8C880204614F058FC9F
:108A50002C68A54206F1010610D07CB1204614F026
:108A6000B1FB04F1180014F098FDECE787F31188CE
:108A7000BFF36F8F00263046BDE8F08102483946CB
:108A800014F0BAFCF7E700BFAACE01202DE9F341AC
:108A90001C4652EA040307460D46164608D108460E
:108AA000FFF7AEFC6FF00A04204602B0BDE8F0818B
:108AB000EFF31188202383F31288BFF36F8F0846EA
:108AC000FFF79EFCCDE9006407483A46414600F0B6
:108AD0007BFA04460028E7D14FF0FF324FF0FF3316
:108AE0002846FFF71BFCDFE7AACE012010B504469D
:108AF00008B9054B9C681F2204F1900019F0D5FDC0
:108B0000002084F8AF0010BD887600202DE9F047E2
:108B10000C4681B37AB390F81090184F561E00257A
:108B20006019B9F1000F04D104F805902046BDE8A2
:108B3000F087B7F804A019EA0A0F1AD0FB88396841
:108B4000A6EB0508984528BF9846424619F031FD26
:108B500039EA0A0945440CD0A6EB0508B8F1010F23
:108B600028BF4FF0010860190549424619F021FD60
:108B700045440837D4E7034CD8E700BF1456050036
:108B80008A080600E50906002DE9F04FD51D85B0DD
:108B900025F0070504461F467F3500F16803C0E94C
:108BA0001A3325F03F05129BA38100200E46119B2E
:108BB000DDF838B0DDF84C80A06004213F2DC4E919
:108BC00006002174A373E07306F1400AA5F1400981
:108BD00005D880F31188BFF36F8F084602DF4A463D
:108BE0003544AA21504619F00BFD29462046D8F7F6
:108BF00049FF0730109B20F00700C4E92CA9C4F8F6
:108C0000B80002930F9B2D1ACDE900B32A463B46CC
:108C100031462046D9F7FAFA0F9BC4F884304FF05A
:108C20000009109BC4F86490C4E91F7BC4F8883025
:108C3000EFF31182202181F31288BFF36F8F164E5C
:108C4000B16AC4F88C10B46282F31188BFF36F8FDD
:108C5000B8F1000F0FD01F22414604F1900019F027
:108C600024FD84F8AF90B36843B9C4F8BC302846FB
:108C700005B0BDE8F08F84F89080F4E7D3F8BC30FD
:108C8000C4F8BC301022002104F1300019F0B8FC07
:108C9000012384F83830EAE788760020F0B587B001
:108CA00000250595109D04950F9D03950E9D029539
:108CB000DDE912760D9D01950C9D00950446FFF7A8
:108CC00063FFB6F1FF3F08BFB7F1FF3F05D056EA9B
:108CD000070305D1204614F0D2FB204607B0F0BDB3
:108CE0003A46334604F11800014900F0B5FCF4E7B8
:108CF0009DD30400014B986800F074BF8876002073
:108D0000012310B5037483810023C0E92C3304468A
:108D100001F044F8014B9C6010BD00BF8876002034
:108D20000A4A93686FF00A01C3F8C8100849C3F8EB
:108D3000C4004B6843F080534B60002383F31188D9
:108D4000BFF36F8F9368D3F8C80070478876002010
:108D500000ED00E070B590F91020037C002A2FDBB5
:108D6000D9062DD11A4C63F07F032246037452F8C2
:108D7000203F616A934207D1C0E900210860606228
:108D80000FE09942F8D01B68002BF5D093F90E60E4
:108D900090F90E50AE42F4DD5968C0E90031086028
:108DA0005860256A954200D005B9E568A3681A7C29
:108DB000D20606D1DA897F2A03D9AA690AB9E36102
:108DC00070BDAB4202D0284600F04EFBE561F7E7EC
:108DD0008876002038B590F91020037C002A0146DF
:108DE00004DA03F07F03037414F052FA0D4D2A469F
:108DF000AB6852F8204F944200D004B9EC688B4223
:108E000007D01A7CD20604D1DA897F2A01D9A26957
:108E10002AB1A34202D0204600F026FB2346EB6194
:108E200038BD00BF88760020B3F1FF3F08BFB2F124
:108E3000FF3F03D00249183000F00EBC704700BF5E
:108E40009DD30400034648B9EFF3058232B9064AC0
:108E5000D1699268914201D0FFF762BF83F3118814
:108E6000BFF36F8F704700BF8876002038B5184C6D
:108E7000A168606A0B68814214BF1A4600224968E3
:108E80000B605960A368616A2AB9124AC3E90021DC
:108E90000B6063620AE092F90E5093F90E0085426E
:108EA00012DD5168C3E900210B605360256A094B4C
:108EB0009D4200D005B9E568A3689D4202D02846CE
:108EC00000F0D2FAE56138BD8A42DED01268DBE7F5
:108ED00088760020A8760020F8B5394CA268824236
:108EE000054624D1EFF305830BBBEFF31186202356
:108EF00083F31288BFF36F8F137C03F07F0343F07B
:108F00001003137414F0C4F9234653F8205F9D42F4
:108F100000D005B9E568A3689D4202D0284600F05C
:108F2000A3FAE5613046BDE8F840FFF7F9BEEFF37C
:108F30001187202383F31288BFF36F8F2B7CD90610
:108F400004D587F31188BFF36F8FF8BDD90943F0BB
:108F500010022BD12A74266A1A4B9E4200D006B901
:108F6000E668A368B34202D0304600F07DFAA368F9
:108F7000E6619D42E5D1EFF30583002BE1D1AA899B
:108F8000D20711D587F31188BFF36F8F83F3118850
:108F9000BFF36F8F0423184602DFEFF311872023FE
:108FA00083F31288BFF36F8F3846BCE703F07F036B
:108FB00043F010032B74284614F06AF9CBE700BF86
:108FC00088760020A8760020F8B50E4B0C46114696
:108FD0000D4A98681060DDE90667EFF311822022E0
:108FE00082F31288BFF36F8F9D68284614F062F9F0
:108FF000284632463B46FFF717FF2046BDE8F840BB
:10900000FFF78EBE887600208CB70020F8B50446A6
:10901000EFF31187202383F31288BFF36F8F037C54
:1090200003F01F02002A0CBF0126002649B235D1E9
:1090300003F07F03037414F02BF9294D037C817333
:1090400063F07F032A46037452F8203F686A934214
:1090500007D1C4E9002004606C620DE09842F8D0AA
:109060001B68002BF5D093F90EC08C45F6DD5968CE
:10907000C4E900310C605C602C6A944200D004B9F1
:10908000EC68AB689C4202D0204600F0EDF9EC6140
:1090900087F31188BFF36F8F3046F8BD9B071CD54F
:1090A000856814F0F5F881732B689D4209D16B68CF
:1090B000C4E900531C606C60EAE76A689A42F6D023
:1090C0001B68002BF3D093F90E208A42F5DD5A6815
:1090D000C4E9003214605C60DAE78173D8E700BF4E
:1090E00088760020034648B9EFF3058232B9064A74
:1090F000D1699268914201D0FFF712BE83F31188C3
:10910000BFF36F8F704700BF88760020EFF31181A7
:10911000202383F31288BFF36F8F054B9A68D37BAC
:10912000013BD37381F31188BFF36F8F704700BF8A
:109130008876002070B5EFF31186202383F3128820
:10914000BFF36F8F0F4DAB68DA7B0132DA732A46BB
:1091500052F8204F944200D004B9EC681A7CD20631
:1091600004D1DA897F2A01D9A2692AB19C4202D0AE
:10917000204600F079F92346EB613046BDE87040A7
:10918000FFF760BE88760020024B03F12002C3E99E
:10919000082270478876002070B5EFF311862023EF
:1091A00083F31288BFF36F8F1A4CA168606A0B6853
:1091B000814214BF1A46002249680B605960A368B7
:1091C000616A2AB9144AC3E900210B6063620AE0AC
:1091D00092F90E5093F90E00854216DD5168C3E9ED
:1091E00000210B605360256A0B4B9D4200D005B9EE
:1091F000E568A3689D4202D0284600F035F9E56194
:109200003046BDE87040FFF78BBD8A42DAD0126865
:10921000D7E700BF88760020A8760020F8B550EA8E
:10922000010306460C4603D1FFF7B6FF0020F8BD48
:10923000EFF31187202383F31288BFF36F8F124D52
:10924000124BA8681860FFF7C5FDA86810492346AF
:109250003246183000F000FAAA68137C43F0040389
:10926000137404463846FFF75BFDAB68D3E90A2365
:10927000B3F1004F08BF002AD8D114F0DFF9201A4B
:1092800020EAE070D3E700BF887600208CB700208A
:109290009DD30400014B9868704700BF887600207A
:1092A0002DE9F84304468789EFF31186202383F3E1
:1092B0001288BFF36F8F037C190705D586F31188D9
:1092C000BFF36F8FBDE8F883D90943F0080272D16C
:1092D0000274A36813B1204613F0E2FF04F11800F2
:1092E00014F05BF9A56E04F16808A84511D04FF0A1
:1092F000000975B1284613F0D3FF05F1180014F0EA
:109300004CF9C5F8C8902846FFF724FDA56EA8457E
:10931000EFD1DFF8C480D8F808309C4253D1EFF386
:109320000589B9F1000918BF4FF00109D8F820509C
:109330002A4A954200D00DB9D8F80C50AB4202D061
:10934000284600F091F82046C8F81C500BF0F2F8BF
:10935000204600F0D9F8B9F1000F02D02048FFF7FD
:10936000CFFCD8F808309C4230D1EFF305836BBBBB
:10937000A289D20711D586F31188BFF36F8F83F3CB
:109380001188BFF36F8F0423184602DFEFF31186B5
:10939000202383F31288BFF36F8F3046FFF7C0FCA2
:1093A000FB078FD5002383F31188BFF36F8F04234E
:1093B000184602DF86E703F07F0343F008030374D7
:1093C00013F066FF85E74FF00009AFE786F31188D9
:1093D000BFF36F8FE4E700BF88760020A8760020F7
:1093E000C8760020D3B5DDE90667089CCDE90067A3
:1093F000FFF7EAFD1CB1034B9B685B69236002B079
:10940000D0BD00BF88760020027C12F01F02034608
:1094100010D10A4988420DD00949086868B1D98934
:109420007F2909D893F90E20064B1B689A42B8BFD2
:10943000002070470020704710467047E8740020F5
:109440002C1D002090B70020044BC01A044BC01004
:109450005843044B01221A54704700BF98770020EC
:10946000ABAAAAAAABCE012070B50C4B0C4D1E7C4A
:10947000FFF7CAFF182303FB06550446284614F0DD
:109480008CF8084B00229A553CB1621E28460649CA
:10949000BDE87040D31700F0DFB870BD88760020BB
:1094A00098770020ABCE01204994030038B5EFF344
:1094B0001185202383F31288BFF36F8F0F4B104A5F
:1094C0009C681068A04206D1FFF7CEFF85F3118893
:1094D000BFF36F8F38BD00211B7C1160094AD35C3C
:1094E000002BF3D02046FFF78FFF0028EED0237C1F
:1094F000DB0601D1FFF7BAFC2046E5E788760020BD
:109500008CB70020ABCE0120EFF31181202383F331
:109510001288BFF36F8F0C4A936A834208D1D3F845
:109520008C30936281F31188BFF36F8F70471346BD
:10953000002BF7D0D3F88C208242F8D1D0F88C20C1
:10954000C3F88C20EEE700BF88760020F8B505460A
:109550000E46EFF31187202383F31288BFF36F8F3A
:10956000064B9C6A24B987F31188BFF36F8FF8BD4F
:1095700020463146A847D4F88C40F3E7887600208F
:10958000F8B506460F46EFF31183202282F31288C6
:10959000BFF36F8F0C498C6A154624B983F3118889
:1095A000BFF36F8FF8BD83F31188BFF36F8F394618
:1095B0002046B047EFF3118385F31288BFF36F8F16
:1095C000D4F88C40E9E700BF88760020024B186889
:1095D000984208BF00207047301D0020034B1B68D5
:1095E0000BB9FAF77BBD0020704700BF94B700208D
:1095F00030B570B10B4B5B6898420AD0036843B139
:10960000D3E90421D0E90445121941EB0501C3E96E
:109610000421D0E9003213605A600023C0E900330E
:1096200030BD00BF301D002070B50246FFF7CEFFF1
:109630000849034600204D68014603B970BDD3E9CF
:109640000446001941EB06019342F7D0AB42F5D036
:109650001B68F2E7301D0020B3F1FF3F08BFB2F1F5
:10966000FF3F2DE9F84F0446994615461F467AD02C
:109670008160EFF31188202383F31288BFF36F8F8B
:10968000B9F1000FDFF8E4A020DBFFF7A7FFDAE96C
:109690000027013549F100092D1849EBE073C4E9B1
:1096A0000453AD18064643EB07074FF00109FFF7D7
:1096B0008DFFDFF8BCE0DEF804A00346EBB9C4E997
:1096C00000EACAF80040CEF8044028E0DAE90012C7
:1096D0006FF001035B1A4FF0FF3161EB02025B1B7D
:1096E00062EB0902012B72F10001BCBF01230022D1
:1096F000C0E904324FF00009D9E7D3E9041CD4E9EA
:1097000004208A4270EB0C0B24DA891A5A686CEB3D
:109710000000C3E90410C4E9003214605C60FFF784
:1097200055FF84420ED1134B1B685BB9B9F1000F92
:1097300002D1FFF753FF0646304613F017FF002112
:10974000FAF79EFC88F31188BFF36F8F28463946DD
:10975000BDE8F88F521A60EB0C005345C4E90420B1
:10976000ADD01B68AAE700252F46EFE7B0770020B1
:10977000301D002094B700202DE9F047DFF8A890B5
:10978000DFF8A880C9F800000246FFF71FFF0D466A
:1097900000260027D8E900134FEAE27E50B1D0E955
:1097A000044CA2427EEB0C0A1BDAA41A6CEB0E06E8
:1097B000C0E9044652184FF0000443EB0E03204664
:1097C000C8E90023C9F8004013F0D0FE2146FAF79B
:1097D00057FC85F31188BFF36F8FBDE8F047FFF7A3
:1097E00065BE611843EBE473C0E90467C8E9001380
:1097F000FFF7FEFE01224FF00043C0E9042385F38A
:109800001188BFF36F8F83689847EFF3118520238A
:1098100083F31288BFF36F8FD9F80020121BC9F8A9
:109820000020FFF7D3FEB5E794B70020B077002003
:1098300010B5EFF31184202383F31288BFF36F8FE9
:10984000FFF7CCFE054A0346D2E90001181841EBA8
:10985000E37184F31188BFF36F8F10BDB0770020E0
:10986000F8B50446EFF31187202383F31288BFF382
:109870006F8FD0E90423B3F1004F08BF012A04D051
:1098800087F31188BFF36F8FF8BDD0E90A566A1CC1
:1098900046F10003022A73F1000334D3013D46F17F
:1098A000FF36002EBCBF00252E4613F0CBFE013044
:1098B00041F10001401946EB0101012871F100015D
:1098C00048DB13F0BFFE013041F100016FF00203ED
:1098D000401946EB010183426FF000438B413EDBB0
:1098E00013F0B0FE013041F100016FF001024019A8
:1098F00046EB0103121A4FF0FF3161EB03031A49E3
:109900002046FFF7A9FE236B01332363236A63B16B
:1099100087F31188BFF36F8F20469847EFF31187C5
:10992000202383F31288BFF36F8F54F8185FA5428A
:10993000A6D0002DA4D0284613F00BFD0023C5F8B7
:10994000C83087F31188BFF36F8F2846BDE8F84011
:1099500013F0D6BC6FF001024FF0FF33CFE70022C7
:109960004FF00043CBE700BF619803002DE9F041C1
:1099700005461C4690461F46EFF31186202383F3CD
:109980001288BFF36F8FB4F1FF3F08BFB2F1FF3F02
:1099900005D186F31188BFF36F8FBDE8F081002CED
:1099A00009DB012A74F10003BCBF0122002412F17B
:1099B000FF3844F1FF37284613F0EFFDDDE90601DB
:1099C0000023C5E90A012B6342463B46284602496B
:1099D000FFF742FEDDE700BF6198030070B5054662
:1099E000EFF31184202686F31288BFF36F8F13F0F4
:1099F000D4FD20B184F31188BFF36F8F70BD6B6A03
:109A000063B184F31188BFF36F8F6B6A2846984760
:109A1000EFF3118486F31288BFF36F8F05F11800FE
:109A200013F0CCFC0028E5D013F06AFC2146024874
:109A3000BDE8704013F0E0BCACCE0120F0B51423BB
:109A4000154E03FB01000024202701B9F0BD10F8DA
:109A5000073C40F80C4C03F03F03102BA0F1140C12
:109A60000CD826FA03F3DB0708D550F8143C2BB1C9
:109A700050F8105C2B605D6040E9054482F311886A
:109A8000BFF36F8FEFF3118287F31288BFF36F8FED
:109A900001396046D9E700BF160101002DE9F74FF3
:109AA0001D46274B9F68012387F8703087F8713077
:109AB00052EA050316460CBF0123002307F170028A
:109AC000804613F03AFE8146EFF3118B4FF0200AE7
:109AD0008AF31288BFF36F8F97F870404CB9014634
:109AE0005A464046FFF7AAFF8BF31188BFF36F8FEA
:109AF0000BE0002387F8703056EA050309D18BF399
:109B00001188BFF36F8F6FF00A04204603B0BDE8E1
:109B1000F08FCDE900650B4A0B485946FFF754FA20
:109B20000446EFF311858AF31288BFF36F8F2A463C
:109B300049464046FFF782FF85F31188D6E700BF0C
:109B400088760020381D0020ADCE012010B50346D8
:109B5000EFF31184202282F31288BFF36F8FC1606C
:109B6000012181600068834205D184F31188BFF32D
:109B70006F8F002010BDD0E9003213605A600023BF
:109B8000C0E9003313F060FE0248214613F034FCB4
:109B9000EFE700BFADCE012073B50446EFF31186A9
:109BA000202383F31288BFF36F8F8368594003EA41
:109BB00002050A405340009300226B460849019277
:109BC00013F0A0FCDDE9003223EA020304F10C00EB
:109BD000A360314613F010FC284602B070BD00BFF0
:109BE000C1D9040008B511F01FFE034B012838BF8E
:109BF0000120586108BD00BF8876002070B5EFF3E2
:109C00001186202383F31288BFF36F8F0F4D6C6989
:109C1000ACB111F009FEAB6893F8382001282CBFD5
:109C2000C4EB0001C4F1010132B1D3E90C20521898
:109C300040F10000C3E90C20044813F0F0FE0023BB
:109C40006B6186F31188BFF36F8F70BD887600203B
:109C50002DE9F04106460C46EFF31187202383F3EC
:109C60001288BFF36F8F1C2343431A4D1AD111F092
:109C7000DBFDAB68696993F83820012838BF012003
:109C80008046411A32B1D3E90C20521840F100004D
:109C9000C3E90C200F4813F0C2FE1C2303FB06533C
:109CA000C3F814801C2303FB0655AA69D2E90032CD
:109CB000C4E90232E868D0E90C105B1842EB0002FC
:109CC000C4E90410C4E9003287F31188BFF36F8F31
:109CD000BDE8F081887600202DE9F04104460D466C
:109CE000EFF31187202383F31288BFF36F8FDFF820
:109CF0005C80D8F80830834217D111F095FDD8F870
:109D0000141094F83830012838BF01200646411A53
:109D100033B1D4E90C325B1842F10002C4E90C32D1
:109D20000A4813F07CFEC8F81460D4E90C23C5E996
:109D30000023C5E9022300220023C5E9042387F399
:109D40001188BFF36F8FBDE8F08100BF88760020D7
:109D50002DE9F04105460E46174613F044FA30B996
:109D6000074B9B68D3F8BC4014B9BDE8F081054CA3
:109D70003B46324629462046BDE8F04113F05FBE1F
:109D800088760020642600200246024B024800210B
:109D900013F055BE8319040064260020014BC0F85F
:109DA000BC307047642600200146024A0020FFF7BD
:109DB000CFBF00BF83190400014807F017BF00BFE1
:109DC0009003060007B5074B0093074907484FF07B
:109DD000FF334FF40062FEF755FD002003B05DF83D
:109DE00004FB00BF54560500C0360220B87700209F
:109DF000D0F8AC31024613F0040011D0D2F8B831DB
:109E000021F4004222F001029A4308D123EA01031F
:109E100048F201021342034808BF0020704701487E
:109E2000704700BF00D8FFFFF8B5D0F8AC3104464A
:109E300013F400600E46154616D004F5DE7467680C
:109E4000AF4205D1A0682A46314618F0E8FB58B168
:109E5000042F05D1A16805483A4618F0E0FB18B177
:109E6000E468002CEBD10248F8BD00BF693705005B
:109E700000D8FFFF2DE9F04FA9B09246329A059124
:109E80001E46002304461360184613AA4FF0FF3104
:109E900001330A2BC2E9000102F10802F8D1BAF13C
:109EA000000F00F0C681002E5DD1002504F1CC0624
:109EB000304614F094F830B1DAF804200138012368
:109EC0008340134201D145F400453146504613F01A
:109ED0005EFE08B145F480350023CDE906330DF16F
:109EE0004C089B460023C8F80430069BC8F8004085
:109EF00003F10109BBF1000F40F0D08094F8DC3190
:109F00003BB10122013B02FA03F3DAF800201342CD
:109F100003D14FF48043C8F8043094F8DD313BB1ED
:109F20000122013B02FA03F3DAF80420134205D1BF
:109F3000D8F8043043F40043C8F80430B9F1010FF5
:109F40000BD104F1700104F1500013F0AFFD059E38
:109F5000002840F04581002E7DD1059E012704F1A7
:109F6000500308938BE03046D2F796FAD4F8AC3120
:109F70009B06804658D504F5A6774FF000093D466C
:109F8000CB462B6803F01F03062B2FD0072B30D0B6
:109F9000022B06D142463146284613F0C6FD002862
:109FA00083D0ED68002DECD1BBF1000F19D00BA9C7
:109FB000304613F031FE834698B13D462B6803F0DE
:109FC0001F03072B0AD16B689B4507D1A8685A4627
:109FD0000BA918F024FB00283FF467AFED68002DB3
:109FE000ECD1B9F1000F07D104255FE74FF001096B
:109FF000D7E74FF0010BD4E73B6803F01F03062BB4
:10A0000008D17B68984505D1B8684246314618F0BA
:10A0100006FB20B1FF68002FEED14FF0FF30003873
:10A0200018BF0120850041E704F170056A68032A22
:10A030000DD1A968844818F0F2FA40B94246314679
:10A0400005F10C0013F071FD00283FF42EAFAD694F
:10A05000002DEBD1C8E7A268B3689A4204D1F16839
:10A06000E06818F0DCFAC8B1D6F8E46173E7089844
:10A0700006F1700113F01AFD08B3D6F8E461002E62
:10A08000F5D1002F40F0AE80069A28AB03EBC20258
:10A0900052F8503C43F0080342F8503C149B2B43C9
:10A0A000149313AB03EBC904B9F1000F40F09E8089
:10A0B000329B66481B68002B08BF0020B6E017B132
:10A0C000F369022B09DDD6F8B031002BD5D004217D
:10A0D0003046FFF78DFE0028CFD1D6F8B431002BE3
:10A0E00004DD079AA9EB02029342C6D306F1CC0322
:10A0F000099394F8DD3194F8DC11022B41F0007BD8
:10A100005FD0032B62D0012B63D141F0C06141F4D9
:10A1100000714FF4005206F1CC0001F055F900280F
:10A1200000F089800AAB019320230093D4E9052134
:10A130000BAB584614F03DFC002840F08280D4F868
:10A14000D43194F8DC2194F8DD010293D4F8D831AD
:10A1500001930A9B009306F1CC010BAB01F0AAF826
:10A16000CFBBB0FA80F77F094FF0000BB9F1010FB8
:10A170000ED0089804F1700113F098FC10B9079BF9
:10A1800001330793BBF1000F02D1B9F1080F48D892
:10A190002FB9D8F8043043F00803C8F8043006F1AA
:10A1A000CC01504613F0F3FC28B1D8F8043043F446
:10A1B0008033C8F8043008F10808CDF81890344608
:10A1C00090E641F0C06141F44071A2E741F0062100
:10A1D0009FE700219DE700287FF44FAFBB46C5E70E
:10A1E0004F46BCE6D4F8E461002748E754F8043C45
:10A1F0000B93339B09F1FF393BB9329B0B9A1B68D8
:10A200001343329A083C13604EE7DDE9335054F8AB
:10A21000081C0BAB4A46A8470028EED010F51C5F7F
:10A2200000D10B48329A4FF0FF33136029B0BDE8DC
:10A23000F08F0848F6E74FF0FF30002F7FF41DAF96
:10A240008FE76FF09200F8E7C103060000D9FFFF27
:10A2500000D0FFFF00D8FFFF2DE9F04F9BB00C4668
:10A2600017461E460390002800F0E883002900F0FE
:10A27000E58305464FF0000BEB698BB1D5F8E4316F
:10A28000AB4693BB4FF4F471012001F0CFFDC5F84C
:10A29000E401002800F0D48313F0E3FCD5F8E45186
:10A2A0000023CDE90E33CDE91033CDE91233CDE9EA
:10A2B00014331693002D00F0B383302308AAE1195C
:10A2C00009A8CDE9087413F003FF80B1284613F004
:10A2D000CDFCAD4CBBF1000F02D00023CBF8E43134
:10A2E000039BAB4240F0A08396E31D46C4E7DDE943
:10A2F000083202EB0308A8EB0401A9601EB3012099
:10A3000001F094FD0990E860002800F09483AA68A9
:10A31000214618F04EF901232B60AA68089B099981
:10A32000D31A0B44099301EB0208099BAB6108AAFD
:10A330003023414609A813F0CBFE044630B128462D
:10A3400013F094FCC6E7EC602E60EEE7DDE9083719
:10A350001F44AB69FB1A6B6117AAA023394609A8F1
:10A3600013F0B6FE044600B310F1620FE7D10023EC
:10A37000EB6105F12002394609A813F0CFFC044631
:10A380000028DCD105F12C060EAB3246394609A86F
:10A3900013F0E5FC04460028D1D1EB69022B16D955
:10A3A000284613F063FC794C94E7099E179B1E44E2
:10A3B00005F11C02314609A813F0EFFE04460028FF
:10A3C000BDD1099B9E42D4D06FF06504B7E701333D
:10A3D000EB6105F5EE7205F2DD130EA9304600F0D3
:10A3E000C5FC04460028AAD1099B2B6408AA302387
:10A3F000394609A813F06CFE044600289FD1DDE918
:10A40000083105F15002194409A800F07FFB044609
:10A41000002894D12A6C099B9B1AEB6317AA30235E
:10A42000394609A813F054FE0446002887D1099E36
:10A43000179B1E4405F19002314609A800F0EAFB83
:10A44000044600287FF47BAF05F1A802314609A835
:10A4500000F0E0FB044600287FF471AF099B9E42A8
:10A46000B2D1EB6408AA3023394609A813F030FEB4
:10A47000044600287FF463AF089B53B1099905F1A6
:10A480007002194409A800F041FB044600287FF43B
:10A4900056AF099AEB6CC5F8C820D31AAB6405F126
:10A4A000CC02394609A801F063FA044600287FF47B
:10A4B00046AF099BD5F8C8209A1AC5F8C420EA69A6
:10A4C000023A012A34D89F421ED1099B9F4241D1B2
:10A4D000EB69099A032B2BD1974200F0698205F5AD
:10A4E000A072394609A813F054FC044600287FF4F2
:10A4F00026AFD5E95132D31804938246099B049ABA
:10A500009A4245D814D05FE71B78C5F8283105F585
:10A510009672A123394609A813F0DAFD044688B1E2
:10A5200010F1620F7FF40BAFEB69023B012BCCD92A
:10A53000099B9F4200F03C82284613F097FB6FF086
:10A540006504C7E6099BD5F82C21C5F830311344C2
:10A550000993E9E71B78C5F8343105F59C72A2230D
:10A56000394609A813F0B4FD044620B110F1620F7A
:10A570007FF4E5AEACE7099BD5F83821C5F83C314E
:10A5800013440993A4E700BF80DEFFFF80DAFFFFDA
:10A590000499CDF864A030230AAA09A8CDE917AA26
:10A5A000CDE90BAA13F094FD044600287FF4C7AE52
:10A5B000DDE9092302EB03094946062318AA09A885
:10A5C00013F086FD044600287FF4B9AE0623189ADE
:10A5D0001793099B19934946134409A80BAA099399
:10A5E00013F0C2FD044618B110F1620F7FF4A7AE5C
:10A5F00004230AAA494609A813F06AFD0446002864
:10A600007FF49DAE099B0A9E05931E44B1457FF4DD
:10A61000DBAE0CA917A800F049FAD0B1249A0B9B25
:10A620007AB1099A0092DDE92440019617AA2946D9
:10A63000A047044618B10B9B002B7FF480AE09960F
:10A640005CE7CDF82490002B3FF458AF6FF0610425
:10A6500075E6D5F8AC210C9B1A4240F0A7811A434D
:10A66000202BC5F8AC2100F0F98010DC013B072B52
:10A6700000F29681072B00F29381DFE813F094003B
:10A68000790091015B00910191019101FD00B3F509
:10A69000006F5AD0B3F5803F00F0E780B3F5807FBC
:10A6A00040F07E81C5E96C4430230DAA314609A8EB
:10A6B00013F00EFD044600287FF441AE099B9E4234
:10A6C0003FF41CAF05F5D8794A46314609A813F086
:10A6D0004BFD044690B110F1620F7FF430AE4A4654
:10A6E000314609A813F059FD044600287FF427AE2F
:10A6F000D5F8B03113B10123C5F8B031099B9E42A2
:10A700003FF4FCAE05F5DA72314609A813F045FDB9
:10A71000044600287FF413AE099B9E427FF454AE9A
:10A72000D5F8B4316FF0004293421ED00133C5F822
:10A73000B431E3E605F5DC72314609A813F060FB9D
:10A74000044600283FF4DAAEF9E5062305F5DE728B
:10A75000494609A801F08CFB044600287FF4EFADC0
:10A76000D5F8C431002B7FF4C9AE6FF06304E6E581
:10A7700000230D930DAA0423494609A813F0A8FC51
:10A78000044600287FF4DBAD04230D9AC5F85C3144
:10A79000099BC5F864311344C5F8602109939945B4
:10A7A0003FF4ACAE10E600230D930DAA30233146E2
:10A7B00009A813F08DFC044600287FF4C0AD099B66
:10A7C0000D9A13449E427FF4FFAD80230DAA3146BB
:10A7D00009A813F07DFC044600283AD10D9A099B84
:10A7E000C5F8703104211344C5F86C21C5F868110F
:10A7F0000993099B9E422AD9A1230DAA314609A893
:10A8000013F066FC044600287FF499AD09990D9B6E
:10A8100005F5BA72194409A800F09EFB0446002809
:10A820007FF48DAD82230DAA314609A813F050FCA8
:10A83000044600287FF483AD0D9A099BC5F88C313E
:10A8400002211344C5F88821C5F8841109939E425A
:10A85000A6E710F1620F7FF472ADCAE705F5A672A4
:10A86000494609A813F0F2FA6AE705F5E672494687
:10A8700009A813F0ADFA63E730230DAA314609A801
:10A8800013F026FC0446002840F0DF80099B0D9A57
:10A8900099188E420AD06FF065040B9B002B7FF451
:10A8A0004EAD14F5025F3FF429AE48E5002AF2D020
:10A8B00005F5CE799E420CD84FF00003C9F80C3054
:10A8C000E9D1002C3FF41AAE249B002B5BD1634CE2
:10A8D000E3E730230DAA314609A813F0F9FB00285D
:10A8E00040F0B280099A0D9BD31802930299062377
:10A8F0000DAA09A813F0ECFB002840F0A5800D9AE2
:10A90000099B0693042A3CD119465548079217F033
:10A9100086FE524B079A002818BF1C46D9F808300B
:10A9200083B1D9F80C300792002B40F08C801021B5
:10A93000012001F07BFAC9F80C00002800F08A80A1
:10A94000079A81460623C9F80030069BC9E901230E
:10A95000099B0D9A1344029A09939A420BD90299C2
:10A9600030230DAA09A813F0B3FB00286CD1099B72
:10A970000D9A13440993029A9A429BD06FF0650096
:10A9800062E0364CCAE7059B0093DDE924400B9B4F
:10A99000019617AA2946A04700283FF4AFAD96E7D5
:10A9A0000B9B002B3FF44BAE2C4CC8E42D4CC6E463
:10A9B00011AB14AA414609A813F0D1F904460028A6
:10A9C0007FF4BDAC2A6B159B9A4212D11699686B25
:10A9D00017F025FE68B90E9A119B9A4209D10F9A79
:10A9E000129B9A4205D14AB11399109817F017FE9D
:10A9F00020B1284613F03AF91B4C6BE405F5E872D8
:10AA0000414609A813F0ADF9044600287FF497AC3D
:10AA1000099B98457FF490AD20461BB0BDE8F08FB0
:10AA2000BBF1000F04D1114C284601F005FAF3E701
:10AA3000CBF8E451F7E76FF08C044BE40B4CEBE7F9
:10AA40006FF08C04E8E70748044614F5025F7FF4D2
:10AA500024AF39E76FF08C00F6E700BF80DFFFFF1F
:10AA60006E37050000DBFFFF80D9FFFF00D8FFFF36
:10AA700010B109B113F038B90048704700D8FFFF92
:10AA800038B5094C0546206810B90446204638BD43
:10AA90006B6862689A4204D1A96817F0C0FD00286B
:10AAA000F4D01434EFE700BF8056050070B50E46B1
:10AAB000054678B10A4C206810B9A0F5045070BD65
:10AAC0006B6862689A4203D1A96817F0A8FD18B1B3
:10AAD0001434F0E70348F2E723693360EFE700BF7F
:10AAE000BC56050000DFFFFF38B50D46144640B1E7
:10AAF000FFF7C6FF28B1037C2B70437C2370002036
:10AB000038BD0148FCE700BF00DFFFFF2DE9F74F2C
:10AB1000DFF8FCB005468A469046174631236A4660
:10AB20005146284613F0D4FA0446A0B92A68009B7F
:10AB30003E4602EB0309302301AA4946284613F09A
:10AB4000C7FA044638B9019A2B68002A03EB0207BA
:10AB50000EDC6FF05F04D8F8180013F0F0FB002350
:10AB6000C8F81830204603B0BDE8F08F0646E2E78B
:10AB700032461B7842F8043B39460623284613F038
:10AB8000A7FA04460028E6D12A687068B260131854
:10AB9000F91A00292B60DCDD115C1E2929D82BFA5B
:10ABA00001F1C90725D501332B60135CF36006F171
:10ABB00010023946284613F05CFA04460028CAD130
:10ABC0002B683269736113449F422B600ED1B061D0
:10ABD0002B684B4510D1D145C4D02021012001F074
:10ABE00025F90746B061002898D10DE06FF06504A3
:10ABF000B1E76FF06104AEE701203077202101F06A
:10AC000015F9B0610028B1D16FF08C04A3E700BF43
:10AC1000081058502DE9F34703681546CA1A002A50
:10AC2000044640F39A801A78172A3CD0182A40F03C
:10AC300097804FF004080133236001AA204613F0E7
:10AC400018FA064658BBB8F1020F019B0BBF0C2146
:10AC50000E210122002299420BD0002A14BF0D229E
:10AC60000F2293421AD122681A4412F8012C5A2A50
:10AC700014D127683B442360384613F03FF8411C49
:10AC800028600BD0B8F1040F10D102376421414382
:10AC9000384613F033F8421C28600DD1324E30464E
:10ACA00002B0BDE8F0874FF00208C4E7312840F257
:10ACB0006C71D8BF4FF4FA6101442960B81C13F0DD
:10ACC0001DF804466860381D13F018F8A860804627
:10ACD000B81D13F013F8E860824607F1080013F07E
:10ACE0000DF82861814607F10A0013F007F80C2CD3
:10ACF00002466861D2D80123A34041F2AA50034220
:10AD000023D113F4256F22D1022CC7D18B0720D178
:10AD10006420B1FBF0F300FB1313E3B94FF4C873E5
:10AD2000B1FBF3F003FB1011002914BF1C231D23FA
:10AD300008F1FF389845B1D2BAF1170FAED8B9F182
:10AD40003B0FABD83B2AAAD9A8E71F23F0E71E2365
:10AD5000EEE71C23ECE71D23EAE76FF05F069EE7B2
:10AD60006FF061069BE700BF00DCFFFF10B50C46EB
:10AD700011461A46FFF7B8FE40B92368052B00D0EC
:10AD80002BB96268034B002A18BF184610BD014852
:10AD9000FCE700BF00DDFFFF2DE9F041036803F091
:10ADA000DF03803B8CB005460C46072B00F2CA80BF
:10ADB000DFE803F004A286C8AAC8778E83684568D6
:10ADC00002931D4401AA0623294602A813F080F924
:10ADD00008BBDDE90186B8F1080F40F0B3805B489D
:10ADE0004246314617F01BFC002840F0AB80062796
:10ADF0000596A023083601AA294602A8CDE90378C2
:10AE0000029613F065F930B9DDE9012313449D4240
:10AE100004D06FF065000CB0BDE8F081302301AACA
:10AE2000294602A813F054F90028F4D1DDE90123E2
:10AE300013449D42EDD13B4601AA294602A813F0D6
:10AE400047F90028E7D1029B019A08931344029323
:10AE50000423079229460DEB030202A8069713F07C
:10AE600037F90028D7D10423019A0993029B0B9349
:10AE700013449D420A92CCD128222046002117F08B
:10AE8000BFFB043403AA0BAD134603CBAB422060D7
:10AE900061601A4604F10804F6D1186820600020A9
:10AEA000B9E70E1D24220021304617F0A9FB062326
:10AEB00023602B6863606B68A360AB68E360EEE7B8
:10AEC0000E1D24220021304617F09AFB0223EFE7E3
:10AED0000E1D24220021304617F092FB0723236029
:10AEE0006B68042B01D0102B2ED12B6863606B682C
:10AEF0007360AB68B360D2E70E1D24220021304698
:10AF000017F07EFB0123D3E70E1D876803972422E9
:10AF10000021304617F074FB042323606968302356
:10AF200002AA394403A813F0D3F800287FF473AFC2
:10AF3000DDE902313246194403A8FFF7E7FD002896
:10AF4000ADD068E7024866E7024864E7B709060043
:10AF500080DFFFFF00D8FFFF2DE9F04305468FB0EB
:10AF60000F46904616462C68BC4208D30023F36077
:10AF70002B68BB4214BF6FF0650400242AE028222E
:10AF8000002104A817F03CFB14F8012B01922C605F
:10AF90006A463946284613F06CF80446D0B92B6847
:10AFA0000393009B0293019B03F0C003802B2CD1E1
:10AFB0000DF1040904A94846FFF7EEFE044668B106
:10AFC00010F5025F0AD0D8F80C0013F066F90023E0
:10AFD000C8F80C3020460FB0BDE8F08304A812F08A
:10AFE0002EFFB36843B1F36893B91021012000F03C
:10AFF0001DFFF06070B1064699E8070086E807007B
:10B000002B68029A13442B60ADE76FF06104E1E70F
:10B01000024CDFE76FF08C04DCE700BF00DBFFFFD2
:10B0200000F19903142B19D8DFE803F0161618184D
:10B0300018181816181818181A18181A130B0F0DB4
:10B04000110008487047084870470848704708488A
:10B0500070476FF0860070470648704712F00EBFC9
:10B06000704700BF00C3FFFF80C6FFFF80C5FFFF22
:10B0700000C1FFFF00C2FFFF052804D009280348D4
:10B0800018BF002070470248704700BF85170600B0
:10B0900088170600024B0349042212F004BF00BFC8
:10B0A0007DDE04003E600500034601F44F40B0F52C
:10B0B000824F10B564D1C9B23F294DD83E493F48AF
:10B0C000194041F01061814206D023F4FF7121F054
:10B0D0000101B1F1062F6CD1934268D0384922F4B6
:10B0E000FF7020F00100884210D0364822F0FF01A6
:10B0F00081420BD022F47F7424F00304A0F5706029
:10B10000844203D000F5A060814252D12C4923F43F
:10B11000FF7020F00100884210D02A4823F0FF0180
:10B1200081420BD023F47F7424F00304A0F57060F7
:10B13000844203D000F5A06081423AD112F0FF00B2
:10B1400009D0214940F00070884232D15340FF2B92
:10B150008CBF0020012010BD412906D11649174897
:10B16000194041F010618142B5E7422921D11749C8
:10B1700023F0FF008842AFD0A1F580718B42AAE78F
:10B1800021F4405144F20100814212D10C4923F4D0
:10B19000FF7020F0010088429ED00A4823F0FF0192
:10B1A000814299D00A48814296D00A49E6E70120B7
:10B1B000D1E70020CFE700BF0000FFF60000020942
:10B1C0000002000600130006FF000002000900064E
:10B1D0000003000700020007F0B587B004460D46E3
:10B1E000164600211822684617F00AFA20466946DA
:10B1F00013F095FA044610BB802EBDF8007007D1FD
:10B20000104B9D4204D107F44F43B3F5824F14D045
:10B21000029B9E430BD1039A39462846FFF744FF11
:10B22000049A044639462846FFF73EFF0443684621
:10B2300013F05DFE204607B0F0BD0124F7E70024BF
:10B24000F8E700BF000002090338C0B202289ABF25
:10B25000024B53F820000020704700BF70570500D4
:10B260002DE9F0470446DDE9088916460D4601B987
:10B2700023B11EB96FF08600BDE8F0872268002A6E
:10B28000F8D03BB92846FFF7F7FE12F046FE03461A
:10B290000028EFD02268D76847B1CDE90889324647
:10B2A00029462046BC46BDE8F04760470048E3E732
:10B2B00000C1FFFF2DE9F047DDF828A0DDE908898E
:10B2C00007460C461E46154612B9B8F1000F00D0CD
:10B2D00096B1236883B13946204612F05DFE78B1FD
:10B2E000022F0FD0CDE9089A434632462946204620
:10B2F000BDE8F04712F05BBE6FF08600BDE8F08756
:10B300000148FBE70148F9E700C1FFFF80C6FFFFE6
:10B310002DE9F047DDF828A0DDE908890446164646
:10B320000D4601B923B11EB96FF08600BDE8F08764
:10B330002268002AF8D03BB92846FFF79DFE12F09C
:10B34000ECFD03460028EFD02268176957B1CDE91C
:10B35000099ACDF82080324629462046BC46BDE8F1
:10B36000F04760470048E1E700C1FFFF2DE9F14FDA
:10B370001F460B68DDE90A89DDE90CAB05460C4682
:10B3800016469BB10146204612F006FE98B1022DEA
:10B3900013D043463A4631462046CDE90BABCDF8B3
:10B3A000289001B0BDE8F04F12F00CBE6FF086009F
:10B3B00001B0BDE8F08F0248FAE70248F8E700BFA5
:10B3C00000C1FFFF80C6FFFF38B5044670B10068BA
:10B3D00000285DD0B2F5805F10D009D8B2F5807F2B
:10B3E00024D0B2F5007F21D0802A39D000204FE050
:10B3F000B2F5005F02D0B2F5804FF6E72F4B21F493
:10B40000FF7020F00100984219D02D4821F0FF0371
:10B41000834214D021F47F7525F00305A0F57060F8
:10B4200085420CD000F5A060834207E0254B99428D
:10B4300005D021F0FF0003F580739842D6D1A368B0
:10B4400023B9206D20B312F4A44F34D1204612F05A
:10B45000C6FD06280AD11846BDE83840FFF7BCBE35
:10B46000194B1A480B4043F01063DDE7002BF2D173
:10B4700004280ED0052815D00328B7D16FF3080192
:10B48000B1F1062F17D194F85800413818BF0120A8
:10B4900038BD0D4A0D480A4042F010628242EDD19B
:10B4A0000120F5E70848094B084040F01060C31A36
:10B4B00058425841ECE71846EAE700BF0002000690
:10B4C00000130006000200070000FFF6000002095A
:10B4D00013B50446084601A912F0F7FC94F8583059
:10B4E0000BB183420AD1626D019B0AB19A4205D128
:10B4F00084F858006365002002B010BD0048FBE7E7
:10B5000000C3FFFF70B5044686B00D461646002105
:10B5100016220DF1020017F073F894F85830412B01
:10B5200043F4E2421BBF0A4B0393012341F2014360
:10B53000A280ADF800200293324604F108032946A8
:10B54000684613F06BF9FFF76BFD06B070BD00BFE6
:10B55000FF060006F0B5054690F858003F28A5B054
:10B560000F46164602D80B78042B29D1412E63D8FA
:10B570003246394605F10C0017F01BF82E651422EF
:10B5800000210DEB0200039117F03AF86B6D95F86E
:10B5900058604FF6F8714FF6FF728B4288BF134622
:10B5A00046F48247ADF812302A6DADF8107003AB47
:10B5B00005F10C0104A813F031F958B3204C26E032
:10B5C000696D12F08BFC044604A815F076FA21464A
:10B5D00004A802F01FF90446A0B933463A461EA952
:10B5E00004A815F035FC044660B94123019305F128
:10B5F0000C030093024605F150031EA904A815F0A0
:10B60000D1FB044604A815F09BFA002CB7D02046C5
:10B6100025B0F0BD039813F066F804460028CDD19C
:10B62000AB880BB9AF80F2E723F44053BB420CBFA9
:10B6300004466FF08604EAE76FF08904E7E700BF8D
:10B6400000C5FFFF2DE9F04F8BB0D0F808A0169C85
:10B650000D4616460021182204A8DDE914891F466C
:10B6600016F0CEFF04A9504613F059F838B11A4B22
:10B670001A49072212F017FC0BB0BDE8F08F04A89E
:10B68000BDF812B013F033FC45F0C0613B46CDE984
:10B690000194CDF80080324641F4E061504613F049
:10B6A00077FA034670B18533E1D1CDE90194CDF845
:10B6B00000803B46324645F00621504613F068FABA
:10B6C0000028D4D1CDE9009443462268414658462B
:10B6D00013F0A4FCD0E700BF21B0030022600500F6
:10B6E0002DE9F0431E469BB00746884614460021CC
:10B6F000182204A8F51D16F083FFED08002302931D
:10B700006D00002C47D04FF420534FF00629CDE9AF
:10B71000063944F4824402AB4246394604A8ADF8E7
:10B72000104013F07BF818B1FFF77AFC044603E0F1
:10B73000402D0ED96FF08604029812F0D4FF034614
:10B7400064BB10B1FFF76CFC034618461BB0BDE8A4
:10B75000F08303AB01930AAF40230093DDE9241289
:10B760003B46304613F0AEFC04460028E4D1039B70
:10B77000AB42DFD1CDE900730298DDE922234946CF
:10B7800013F015FA04460028D6D0054B05490722C8
:10B7900012F089FBCAE76FF08603D6E72346D4E7A9
:10B7A00021B00300226005007FB516460022C3E9E0
:10B7B00000229A6001AA1D4612F077FD044660B986
:10B7C000314601A800F098FB10F1860F0BD10899C3
:10B7D00001A812F0FBFD18B10B4C204604B070BD5F
:10B7E00004233370F9E70028F6D13378012BF4D124
:10B7F0002B68052B00D02BB96A68044B002A18BFB0
:10B800001C46EAE7014CE8E780C3FFFF80C5FFFF65
:10B8100013B50368062B0C460BD10DF1070100F0A0
:10B8200085FB48B99DF807102046FFF751FE02B08E
:10B8300010BD6FF08500FAE70048F8E700C6FFFF8B
:10B840002DE9F04186B0002304461046CDE90333CC
:10B85000059302913023014401AA02A812F038FC9A
:10B86000F8B9DDE901351D446A46294602A812F0FF
:10B8700094FCB0B9009B012B6ED104230DEB0302A5
:10B88000294602A812F024FC58B9DDE90176F31923
:10B89000AB42029308D13A4631462046FFF732FECA
:10B8A00078B306B0BDE8F081A02301AA294602A81A
:10B8B00012F00EFC08BBDDE90123002A03EB0208AD
:10B8C0004CDD1B780393062B4BD104AA414602A8FA
:10B8D00012F0FEFB0028E4D1029B049A0593134466
:10B8E0009845029302D06FF06500DAE7214603A87D
:10B8F000FFF78EFF0028CED0D3E710F1620FD0D132
:10B90000C9E7029BAB4203D1204612F034FBC8E7E3
:10B91000A12301AA294602A812F0DAFBC0B9DDE989
:10B9200001351D4401AA294602A812F0A2FC0028F4
:10B93000B7D1DDE901310B449D42D4D16A1A2046CA
:10B94000FFF708FE0028ACD08630DDD00648A8E717
:10B9500010F1620FD8D0A4E70448A2E76FF05F00AF
:10B960009FE76FF061009CE700C3FFFF80C2FFFF0D
:10B97000F0B589B000238DF80E308DF80F301746E2
:10B98000302304AA054612F0A3FB044600283BD14D
:10B990002E68049B1E440DF10F0300930DF10E025F
:10B9A00005AB31462846FFF7FFFE044660BB04AAFC
:10B9B0003146284612F05DFC044628BB2B68049AE9
:10B9C00013449E4225D19DF80E00FFF73DFC014631
:10B9D00010B3384612F0C6FA0446A8B99DF80E30E6
:10B9E000043B012B13D8394605A8FFF711FF044685
:10B9F00038B929683846721AFFF7ACFD2E60044644
:10BA000010B1384612F09CFA204609B0F0BD034C44
:10BA1000F7E76FF06504F7E7004CF5E780C3FFFF39
:10BA20002DE9F04104468AB00D461646002A55D04D
:10BA3000002301EB020806918DF80E308DF80F30CF
:10BA400005AA3023414606A812F042FBA8BBDDE957
:10BA500005371F4404AA394606A812F09EFB049B32
:10BA600018432AD10DF10F0300930DF10E0207AB1D
:10BA7000394606A8FFF798FEF8B9042305AA394607
:10BA800006A812F025FBC0B9059BB3B19DF80E00C6
:10BA9000FFF7DAFB014680B1204612F063FA60B985
:10BAA0009DF80E30043B012B07D8214607A8FFF76D
:10BAB000AFFEB8B1204612F043FA204612F040FA29
:10BAC000204612F02DFA0420FFF7BEFB0146204667
:10BAD00012F048FAA0B1204612F032FA0C480AB02F
:10BAE000BDE8F081DDE905212046FFF7A9FE002829
:10BAF000E0D1DDE9052313449845DED10020EEE7CF
:10BB0000324629462046FFF79BFE0028F6D0E2E7A2
:10BB100000C3FFFF01680E4A9142034615D1C16977
:10BB2000A2F11022A2F1EF1291420ED18268012AF5
:10BB30000BD8C26812B101698A4206D0586928B18F
:10BB40009B691B1A5842584170470120704700BF3B
:10BB500055AA00FF70B50E4B9E68B6B13046FFF790
:10BB6000D9FF044618B9F3687BB935690DB9204689
:10BB700070BD2846FFF7CEFF28B9EB68B34204D169
:10BB80002E462D69F2E70446F1E70124EFE700BFF6
:10BB900098B700202DE9F8433F4E3468D4B1B4681B
:10BBA000C4B1002875D0002973D001FB00F5B5FBA6
:10BBB000F0F088426DD1281D6BD8A9070DD025F073
:10BBC00003070437F46803E06368BB4207D2A46943
:10BBD000002CF9D12046BDE8F8832F46F2E7A36890
:10BBE0001BB12E4B01201B6898476268D21B232A89
:10BBF00004F120081FD80123A360D4E90523C2B1B2
:10BC00009361A3690BB162695A610023C4E90533EA
:10BC10003369DA0706D5FFF79DFF18B11F4B1B6884
:10BC2000012098472A4600214046444616F0E8FC89
:10BC3000D0E7F360E5E707F120016318203A5A6086
:10BC40000022C3E90224164822691A61605015498E
:10BC5000D96102B1D36062695A61A1699961B2B1D7
:10BC600093619A6902B153614FF00109C4E9017906
:10BC700023610023C4E905333369DB07D2D5FFF71D
:10BC800069FF0028CED0054B48461B68C9E7F36022
:10BC9000E7E700249EE700BF98B70020401D002082
:10BCA00055AA00FF669911EE70B50546002800F010
:10BCB0008480424E3368002B7FD0B268002A7CD04B
:10BCC000834203D872681344984203D33C4B01204B
:10BCD0001B689847A5F120042046FFF71BFF18B109
:10BCE000374B01201B68984755F8183C012B03D0AF
:10BCF000334B01201B68984755F8143C002245F847
:10BD0000182CC3B19968002942D155F81C2C02F1B6
:10BD100020015A680A445A6055E905321A6155F8FB
:10BD2000145C2B6903B1DD6020462022002116F04F
:10BD300067FC23462C462069002836D08268002AFA
:10BD400033D163684268203313446360036923611D
:10BD5000D4E90523F2B923BB436963618269A26117
:10BD60000BB39C61A36903B15C61236903B1DC601F
:10BD70002022002116F044FC33699B071DD5FFF7F4
:10BD8000E9FED0B10E4BBDE870401B68012018479A
:10BD90001346D0E79361A369002BDDD062695A6135
:10BDA000DAE7F360F7E7F460DCE7002BE4D1F3684F
:10BDB000A36103B15C61F460DEE770BD98B7002059
:10BDC000401D002038B514220C46054600211348BA
:10BDD00016F016FC1249134800F034F8232C1CD935
:10BDE00015F003031FBF043CE418C3F10403ED186E
:10BDF00022460021284616F003FC084B0A499D60A4
:10BE0000C3E90054203C6C609A6811609A68DA605B
:10BE1000A1F11021A1F1EF11D16138BD98B7002037
:10BE2000A9BC030095BB030055AA00FF014B1B688A
:10BE3000184700BF481D0020014B1B68184700BF72
:10BE4000441D0020024B1860024B0020196070470F
:10BE5000481D0020441D002010B50A46044619B1B3
:10BE6000024B00211B68984710BD00BFB857050062
:10BE700070B586B0CDE9043205460E461046002165
:10BE800010221C4616F0BCFB04AB0393064B029336
:10BE90000023CDE90033FF22E3B23146284612F0F9
:10BEA000A2F906B070BD00BF3FE00400F0B5114C30
:10BEB000059F24684440002B14BF9C468C46E443F5
:10BEC000002303F1040E774502D2BB4209D3F0BD33
:10BED000D5585CF80360054026403543CD50734685
:10BEE000EFE7D55C1CF80360054026403543CD5490
:10BEF0000133EAE7ACB7002070B50E46054610B135
:10BF0000094C206810B96FF0850070BD6B686268DD
:10BF10009A4203D1A96816F082FB08B10C34F0E70D
:10BF2000237A3370F1E700BFD457050070B50E4691
:10BF3000054610B1094C206810B96FF0850070BD3E
:10BF40006B6862689A4203D1A96816F068FB08B171
:10BF50000C34F0E7237A3370F1E700BFBC570500DB
:10BF6000054B5A78022A04D11878C31F5842584109
:10BF700070470020704700BFB0B700200E4B034051
:10BF8000B3F1607F06D1B1F5885F0CBF00206FF080
:10BF900086007047B3F1707F0BD101F4E043B3F535
:10BFA000005F06D111F4E06F14BF00206FF086002F
:10BFB00070476FF0860070470000C07F8A42F8B576
:10BFC00006460D4600F0D2806C4B22F4FF7121F042
:10BFD0000101994222F0FF070FD003F588539F42D9
:10BFE0000BD022F47F7121F00301A3F57063994215
:10BFF00003D003F5A0639F4227D1604B25F4FF7166
:10C0000021F00101994210D05D4925F0FF038B42D8
:10C010000BD025F47F7020F00300A1F570618842F9
:10C0200003D001F5A0618B420FD115F0FF000BD0BA
:10C03000544B40F00070984240F09A8082EA05002C
:10C04000FF288CBF00200120F8BD05F0FE43B3F1AE
:10C05000A06F11D102F0FE43B3F1A06F71D182EA5B
:10C06000050333F47E136CD12C046AD5C5F3054067
:10C07000C2F305429042E4E7B3F1407F61D102F0A0
:10C08000FE43B3F1407F5CD182EA050030F47E14B8
:10C0900057D131462846FFF771FF002868D13A4949
:10C0A00012F47C1001EA020116D0B1F1607FC2F3F4
:10C0B000054335D1D1B241F0007101F17E41033920
:10C0C000102901D8314C645C15F47C1F2ED19C42A0
:10C0D00014BF00200120B7E7B1F1607F0AD1D3B2CD
:10C0E00043F0007303F17E43033B102B44D82849EF
:10C0F000CB5CDFE7B1F1707F16D106F4E043B3F516
:10C10000005F37D1C6F3022101238B4006F4E041E2
:10C11000B1F5005FD8D1C6F302260124B440D3E7BD
:10C12000B1F1707FD0D1F1E70346CDE718B9C5F37F
:10C130000541A1421AD0290403D5C5F30540984210
:10C140007FE725F47F03B3F1106F0AD102F0FE43BD
:10C15000B3F1106F0CD10F48104040F01060A842AE
:10C16000B6E70D4B9D4203D1AF42B1E701206BE72B
:10C17000002069E70346C9E703469BE70002000683
:10C1800000130006FF0000020000C07F8B170600AE
:10C190008B1706000000FFF60001000A10B521F021
:10C1A000FF0310B3254C21F4875222F01F02A24254
:10C1B00010D0234A93420DD021F4FF7222F00102E5
:10C1C000B2F1062F06D004F5C064A34202D01D4B85
:10C1D0009A4207D111F0FF011ED01B4B41F00071B4
:10C1E000994220D16FF086001CE0154A21F4FF74BB
:10C1F00024F001049442EDD002F588529342E9D034
:10C2000021F47F7424F00304A2F570629442E1D01B
:10C210000E4A934206D1DDE7002818BF6FF0860072
:10C2200008BF002010BD0A4B994205D00433994243
:10C2300018BF6FF08500F3E70020F3E70003000666
:10C240000002000600040006FF00000200090006CC
:10C2500005000002094B20F47E10984209D003F536
:10C260008073984207D0B0F1052F054818BF002011
:10C270007047044870470448704700BF00014005FC
:10C2800000051005000150050002500500F0FE43B6
:10C29000B3F1A06F2AD1174B20F4FF7222F00102F4
:10C2A0009A4210D0144A20F0FF0393420BD020F49E
:10C2B0007F7121F00301A2F57062914203D002F573
:10C2C000A06293420BD110F0FF0011D00B4B40F055
:10C2D000007098420CBF6FF086000020704710F489
:10C2E000004F14BF6FF08600002070476FF086008B
:10C2F000704700BF0002000600130006FF000002A6
:10C3000037B505460C46FFF72BFE78B100230193A5
:10C310000A46084801AB2946FBF7DAFC20B9019B25
:10C32000A34218BF6FF0930003B030BD6FF08800D8
:10C33000FAE700BFB4B700202DE9F8438846174656
:10C340001C4600F025FD0546002844D1D8F80060C1
:10C35000B6F8009009F4E043B3F5804FB36808BF26
:10C3600027F0010737EA03032DD1A4B3244B24F4AB
:10C37000FF7222F001029A4210D0224A24F0FF03F9
:10C3800093420BD024F47F7121F00301A2F5706277
:10C39000914203D002F5A06293421FD114F0FF0333
:10C3A00004D0194A43F0007393421ED0F16822462C
:10C3B0004846FFF703FE074668B9316922464846FA
:10C3C000FFF7FCFDD0B96FF084050023C8F80030FA
:10C3D000304612F0A5FD2846BDE8F88304F0FE4380
:10C3E000B3F1407F04D12304E0D56FF08605ECE77C
:10C3F000B3F1A06FF7D0044B9C42D6E73D46EAE785
:10C400000002000600130006FF000002F0B589B02C
:10C4100005460C4617460021142203A81E4616F0B6
:10C42000EFF84FF6F872B2EBC60F4FF488534FF6A1
:10C43000FF72ADF808304FEAC60338BF1346ADF8B7
:10C440000A30C0224FF4A05300212846049316F06E
:10C45000D7F8E1B241F0007000F17E4003380123CB
:10C4600010286B7196BF0C4B00231B5C2B7141F0A5
:10C470006071009133463A4602A905F1080015F0B3
:10C480008DFA044608B901232B6002A812F02FFD93
:10C49000204609B0F0BD00BF8B17060070B55C22C6
:10C4A0000C469CB0054600210C3016F0A9F8174B3D
:10C4B00024F0FF029A4204D06FF0850420461CB09D
:10C4C00070BD14F0FF04F7D044F0007404F17E4610
:10C4D000F21E102AF0D80E4BD340DB07ECD57022A9
:10C4E0000021684616F08CF82146684612F012FAD0
:10C4F0000446684612F0FFF9002CDFD1093E012EF8
:10C50000DAD84FF0FF33AB60D8E700BF0002000875
:10C51000E7E7010070B4058847F20106B5421C4602
:10C5200010D123F0FF02114B6FF308049C4216D088
:10C5300003F588539A420CBF6FF085006FF08600B8
:10C5400070BC704705F44F45B5F5824F07D16FF3C6
:10C550000804B4F1062F05D170BC01F037BB6FF0B1
:10C560008500EDE76FF08600EAE700BF00020006F5
:10C570002DE9F04117461C4623F4FF72234B22F0AD
:10C5800001029A4290B005460E4610D0204A24F08F
:10C59000FF0393420BD024F47F7121F00301A2F535
:10C5A0007062914203D002F5A06293422AD107AB98
:10C5B00014F0FF000DF1200801934FF0200318BF85
:10C5C00040F000700093DDE91612434615F0B9F90A
:10C5D00090B96B68079A1B0A11D11A9B0493199B97
:10C5E0000393189BCDF80080CDE901233146234603
:10C5F0003A462846FFF78EFF10B0BDE8F0816FF095
:10C600008600F9E76FF08500F6E700BF000200063C
:10C6100000130006F0B4058844F2010625F44057E3
:10C62000B7421C4610D123F0FF02114B6FF30804F0
:10C630009C4216D003F588539A420CBF6FF08500D8
:10C640006FF08600F0BC704705F44F45B5F5824F9A
:10C6500007D16FF30804B4F1062F05D1F0BC15F033
:10C6600016B96FF08500EDE76FF08600EAE700BFCE
:10C67000000200062DE9F0478CB01E46DDF868A0E8
:10C6800000230446CAF800300846DDE918970D4635
:10C690009046FFF7FBFD002840D120462B464FF483
:10C6A00080720BA9FFF748FE044650BB2846FFF7EF
:10C6B000D1FD1C4B02469A420B9829D15EB34368C8
:10C6C0001B0A22D1179B0593169B0493159B03937A
:10C6D000149BCDF81890CDE90163CDE9077ACDF828
:10C6E0000080D0E908122B4601F02CF9044628B14D
:10C6F00027B13A460021484615F082FF0B9812F008
:10C700000FFC20460CB0BDE8F0876FF08604EFE721
:10C710006FF08504F2E76FF08604EFE76FF08604B0
:10C72000EFE700BF000250052DE9F0478CB01E4630
:10C73000DDF868A000230446CAF800300846DDE9A9
:10C7400018970D469046FFF7A1FD002840D12046DE
:10C750002B464FF400720BA9FFF7EEFD044650BBC9
:10C760002846FFF777FD1C4B02469A420B9829D1C9
:10C770005EB343681B0A22D1179B0593169B049353
:10C78000159B0393149BCDF81890CDE90163CDE977
:10C79000077ACDF80080D0E908122B4601F020F985
:10C7A000044628B127B13A460021484615F028FF33
:10C7B0000B9812F0B5FB20460CB0BDE8F0876FF087
:10C7C0008604EFE76FF08504F2E76FF08604EFE789
:10C7D0006FF08604EFE700BF0002500538B504464D
:10C7E000006811F020FE98B10E4B6FF308009842DC
:10C7F00015D1206910B1616911F017FCA06910B161
:10C80000E16911F012FC206A10B1616A11F00DFCAF
:10C81000002520466821FFF71FFB284638BD6FF032
:10C820008805F6E700020008B0B504460068049DDC
:10C830001F4611F0F8FD00286FD040F20313994213
:10C8400019D0B1F5827F09D240F20113994212D07A
:10C85000B1F5817F0BD06FF086053EE06FF4007379
:10C86000CB18032BF7D841F201039A4205E041F2BD
:10C8700003239A4204D0B2F5905F01D0002AEAD196
:10C88000294B20F0FF0098424AD140F201239942FF
:10C8900031D0B1F5017F15D040F201139942DAD1C0
:10C8A000A37B013B012B38D855B129460120FFF766
:10C8B000BDFA206178B12A46394615F07AFE6561E5
:10C8C000032314E0A37B43BB85B129460120FFF776
:10C8D000ADFAA06128B96FF08C052046FFF77EFF06
:10C8E00007E02A46394615F064FEE5610123A3738B
:10C8F00000252846B0BDA37B032B0ED15DB1294690
:10C900000120FFF793FA20620028E4D02A46394636
:10C9100015F04FFE65620423E9E76FF08805DCE758
:10C920006FF08805E5E700BF000200082DE9F04F31
:10C9300004460068B7B08946164628B96FF08805E6
:10C94000284637B0BDE8F08FA2681EB9B2B96FF0C3
:10C950008E05F5E7B24211D20023A3606FF08E0579
:10C9600027682046FFF73AFF2760B9F1000FE7D0AC
:10C9700032462121484615F043FEE1E711F053FD10
:10C98000921B594BA26020F4FF7222F001029A42DE
:10C99000D4D1C0B240F0007303F17E48A8F103087F
:10C9A000B8F1100F009396BF504B002313F80830D6
:10C9B0000193A37B042B04D0052B04D06FF08805D2
:10C9C000CEE70523A37304F148033746CA46029312
:10C9D000002F64D13D46B3E701336373009925739B
:10C9E000D4E9042306A8FFF711FD0346002843D12C
:10C9F000637B012B49D1D4E9081206A812F01EF876
:10CA00000346002838D1D4E9061206A812F016F819
:10CA1000034688BB04F1280B05AB2A46594606A8F5
:10CA200012F027F8059A9542034632D120BBD4E98B
:10CA30000423009906A8FFF7E9FC0346E0B92A465B
:10CA4000594606A811F0FAFF0346A8B9D4E908121E
:10CA500006A811F0F3FF034670B9D4E9061206A840
:10CA600011F0ECFF034638B905AB2A4604F1480142
:10CA700006A811F0FEFF034606A8039311F0CAFFB3
:10CA8000039B054643B11D466AE72A4604F1280187
:10CA9000BBE76FF09603EFE700287FF461AF257BDB
:10CAA0005DB9B8F1100F9CBF114B13F80850637BB0
:10CAB000FF2B91D16FF0960552E7019BBD42A3EB8E
:10CAC0000501029B8CBF5FFA87FBAB4653FA81F1ED
:10CAD00050465A4615F06DFD237BA3EB0B03DA4459
:10CAE000A7EB0B07237373E7000200088B17060000
:10CAF0008B17060038B5036805460C460BBB21F4BE
:10CB00007F03B3F1106F19D001F0FE43B3F1106F42
:10CB100011D10F4B0F4A234021F01F6143F01063E6
:10CB200021F47021934241F000610DD1FFF7B6FC72
:10CB300000B92C6038BDB3F1006FF7D06FF08600FC
:10CB4000F8E76FF08800F5E76FF08500F2E700BFC7
:10CB50000000FFF60000020910B4054CA34202D108
:10CB600010BC01F0AFB86FF0850010BC704700BF7B
:10CB70000000020907B5002300911A46024912F08D
:10CB800013F903B05DF804FB0458050010B5114C0F
:10CB90002378580744BF03F0FB032370990705D59A
:10CBA00000F096F8237823F00203237063781BB11A
:10CBB000094A00236360536000230748637008211B
:10CBC000FFF74AF92378DA0744BF23F00103237003
:10CBD00010BD00BFB0B70020B4B7002038B5FFF7D4
:10CBE000BFF9D8B9124C2378DA075CBF43F00103D0
:10CBF00023709D0707D400F063F8237843F0020305
:10CC00002370054688B9627832B9D90704D5094935
:10CC100062604A6002226270580702D500252846E9
:10CC200038BD43F004032370F8E7FFF7AFFFF6E7E2
:10CC3000B0B70020B4B7002000F140420F2A30B551
:10CC40000CD81E4B282404FB02331A7E022A02D180
:10CC50005A69824226D06FF08B001CE0421E6FF0B2
:10CC600040439A420ED2154A00241346157E022DE7
:10CC700002D15569854212D00134102C02F12802EC
:10CC8000F4D1E8E700F1004303F58033B3F5704FCA
:10CC9000E9D36FF0870030BD6FF09600FBE72822E4
:10CCA00002FB04331A7E022AF6D1DA69501CF3D053
:10CCB0000132DA6100200B60EDE700BFBCB7002055
:10CCC000024B012283F8802200207047BCB700206D
:10CCD0002DE9F0410A4C002526464FF001080327B4
:10CCE000C4F81C8027762046013511F0DBFC102D9E
:10CCF00004F12804F4D1002386F88032BDE8F081E5
:10CD0000BCB70020F8B5214D95F8803206460F4695
:10CD1000002B35D000242B462246197EF9B13CB9B0
:10CD2000022905D1D96919B91979002918BF1C46FA
:10CD30000132102A03F12803EFD114B96FF08C00EF
:10CD40000BE0237E022B04D1E3695A1C1CBF013384
:10CD5000E361204611F0A6FC10B100240EE01C4651
:10CD6000237E83B9012323763EB1651BED1003F1C9
:10CD7000CC335D4305F18045356000203C60F8BD53
:10CD80006FF08800E9E76FF09600E6E7BCB7002097
:10CD900038B5094B00250D6093F8803243B1FFF799
:10CDA0004BFF10F18C0F02D10D606FF0870038BD82
:10CDB0006FF08800FBE700BFBCB70020044B1B6886
:10CDC000584043085B4240421843C017704700BFB9
:10CDD000ACB70020054B1B680131434001320840CD
:10CDE00022EA03020243501E00B27047ACB7002093
:10CDF0002DE9F04F99B0CDE90210002118460192BB
:10CE0000059312F0A3FB002800F0E8818F4B1493E8
:10CE10004FF0010915AB05990198ADF83090ADF8C8
:10CE20003890CDF84090CDF84890139312F017FB4E
:10CE300001301ED1039B33B9029B9BB900231846D6
:10CE400019B0BDE8F08F0398002112F086FA00288F
:10CE5000F2D000240094A046A246274626466FF052
:10CE60008C03D5E0DDE9011012F040FA0028F0D182
:10CE7000E4E7002501990B950BA8ADF8325012F0AC
:10CE800035FA0B9EBDF832700446002840F09F81B1
:10CE90000D90ADF83A0005990DA812F027FADDF8CB
:10CEA00034A0BDF83A800546002840F09581019BEA
:10CEB0000F90D988ADF8389002310FA8ADF83090B6
:10CEC00012F07BF9044618B10F9B00932C46C6E77D
:10CED00001460FA812F041FA0F9B00930028BED123
:10CEE000019B1190D98811A8023112F066F9119CAA
:10CEF00083460028B3D10DA812F05BFA00F01F00A2
:10CF00001F2870D0C0F11F0319460BA8049312F01C
:10CF10007EFA0B9EBDF832700028A0D104990DA8AE
:10CF200012F075FADDF834A0BDF83A80002896D1E9
:10CF3000C1463D46A7EB080B4FEA4B1319460DA817
:10CF4000CDF834A0ADF83A80079312F060FADDF81E
:10CF500034A0BDF83A80002881D1009B03EB8B0BF5
:10CF60000DA90BA80B96ADF83270CDF834A0ADF832
:10CF70003A8012F0A3FA00283ADA09F1FF33079950
:10CF800006930DA812F062FA09F1FF330AEB83034E
:10CF9000079309F18043023B0AEB830305F1FF3B52
:10CFA00005F180450993013D009BA5EB090503EBC5
:10CFB0008505069B9B454BD8039B73B10FA918466B
:10CFC00012F094F900287FF44AAF019B059A9B88E0
:10CFD000928813FB02F3039A9380029B002B40F08C
:10CFE000D980002314E0C1463D46CDF810B0A1E73A
:10CFF000DBF800300BA90133CBF800300DAA08464E
:10D0000012F094FB0B9EBDF8327003460028A7D0A7
:10D010000BA801930B96ADF8327012F0C0F80DA872
:10D02000CDF834A0ADF83A8012F0B9F8009B0F9318
:10D030000FA812F0B4F811A8119412F0B0F80C2156
:10D0400015A8FEF709FF019BF9E600BF01000300E8
:10D05000079B56F82B101A684FEA8B09A9F10400B8
:10D060003318914208934BD200233058CFF7E8F998
:10D07000002914BF4FF0FF330346BBF1010F18BF67
:10D08000B1442B6014BF59F8083C00231593089B4A
:10D090001B68169306EB8B031B6817932B680133F1
:10D0A0002B602B68013B2B60002111A8119412F01A
:10D0B00054F9119C00287FF4D2AE069B1BB3099B48
:10D0C0001B682360079B1B68636011A92A680846D8
:10D0D00012F0CEFB119C00287FF4C1AE13A911A859
:10D0E00012F0ECF90028DCDC2A68CDF834A00DA998
:10D0F00011A8ADF83A8012F0BBFB30B1119CAEE63E
:10D100004FF0FF33B9E7069BDBE7009A6FF00703A8
:10D110004FEAC50902FB0399494611A812F077F9B5
:10D12000119C00287FF49BAE0BA911AA08460B9610
:10D13000ADF8327012F0FAFA0B9EBDF83270034669
:10D1400000287FF465AF01460BA812F0FFF9002814
:10D150001CDA0DA911A812F0C9F80028CED1494651
:10D1600011A812F054F9119C00287FF478AE0BA995
:10D1700011AA084612F0D7FA0B9EBDF8327003468A
:10D1800000287FF445AF2B68013B2B600BF1FF3B80
:10D19000043D0EE704990B960BA8ADF8327012F01F
:10D1A00055F9019B02989B88ADF830300BA912F01D
:10D1B0009DF8014600287FF452AE029812F0C6F99D
:10D1C00000287FF40EAF029A0123938009E72C46D2
:10D1D0000095A846AA4642E6009440E66FF00B038D
:10D1E0002DE600BF044B1B68584043085B42404299
:10D1F0001843C017704700BFACB7002010B50B4CE8
:10D20000226823684240594081EA0200C00FFFF7BC
:10D21000E9FF2368521A434022EA03020840104300
:10D22000BDE81040C00FFFF7DDBF00BFACB7002066
:10D23000F8B50D46014628681746FFF7DFFF084B93
:10D240001E68C1430124BC4202D346EA0100F8BD76
:10D2500055F82400FFF7C6FF01340643F3E700BF8B
:10D26000ACB700202DE9F0470F4B88461E681968BF
:10D270001D680746541E631C02D13046BDE8F08786
:10D2800058F824A057F8249050464946FFF7B6FFB7
:10D29000514605434846FFF7B1FF20EA05031E4308
:10D2A0000543013CE7E700BFACB700208842F0B57A
:10D2B00004D0094F04380025AA4200D1F0BD3E68D1
:10D2C00050F8044F5E4024EA060451F825601E40E1
:10D2D000344304600135EFE7ACB700208842F0B575
:10D2E00005D00D4E043900EB8202904200D1F0BD12
:10D2F0003468056851F8047F5C4025EA04041F4047
:10D300003C4340F8044B37680C685F4024EA07044C
:10D310001D402C430C60E8E7ACB700202DE9F74F27
:10D320000025DFF854B08046894692462C469D423F
:10D3300003D1204603B0BDE8F08F59F82560019372
:10D3400021463046FFF75AFF361B5AF82510DBF806
:10D350000020009107463046FFF750FF0099DBF8A8
:10D360000020019B00F0010407F00107761A48F83D
:10D3700025603C440135DAE7ACB700208B422DE94B
:10D38000F84328BF0B46DE08089CA1EB030803F016
:10D390000709844615460346B64600210EF1FF3EB6
:10D3A000BEF1FF3F03F1200305F1200514D102EB8C
:10D3B00046104FEA89050CEB461600EB8907ACEBEB
:10D3C0000202B84279D14A4C2E44B8F1000F40F025
:10D3D00083800846BDE8F88355F8207CA7FB0470DD
:10D3E000CF1953F8201C40F10000CF1943F8207CDE
:10D3F00055F81C1C40F10000A1FB0417401853F81D
:10D400001C1C47F10007091843F81C1C55F8181C90
:10D4100047F10007A1FB04107F1853F8181C40F1D6
:10D420000000C91943F8181C55F8141C40F10000FD
:10D43000A1FB0417401853F8141C47F10007091802
:10D4400043F8141C55F8101C47F10007A1FB041009
:10D450007F1853F8101C40F10000C91943F8101C44
:10D4600055F80C1C40F10000A1FB0417401853F8BC
:10D470000C1C47F10007091843F80C1C55F8081C50
:10D4800047F10007A1FB04107F1853F8081C40F176
:10D490000000C91943F8081C55F8041C40F10000AD
:10D4A000A1FB0417401847F1000153F8047C3F1812
:10D4B00041F1000143F8047C70E784465CF8043BCA
:10D4C000A3FB043ECB1881584EF1000ECB188350BD
:10D4D0004EF10001604674E73068084446F8040BDA
:10D4E000FFF78CFE08F1FF38236800F001016CE7BC
:10D4F000ACB700202DE9F04F8DB01D46189B179F4B
:10D500001A9E0592B3F12A3F83468A4640F08D80E9
:10D510003946169812F0B4FB012838BF012047099C
:10D5200000F01F047B01502B34BF01230323012B88
:10D530000A930CBF022308230B930A9B059805FA54
:10D5400003F306EB8303069303EB8503079312F0C3
:10D5500003FD4FEA8508089042460021304615F049
:10D560004FF801233360079B0393089B199ACDE979
:10D570000153059B009331462B46304606EB0809C4
:10D5800012F0FEFC51464246484615F012F80223BE
:10D59000494609930B9B099A934248D1424631462A
:10D5A000584615F006F84FF00009CA46079B03934A
:10D5B000089BCDE90153059B00935A462B465946DB
:10D5C000584612F0DDFC002C47D1013F1F24169B6A
:10D5D00053F82730E34003F0010343EA49090A9B6B
:10D5E0000AF1010A534503D0002CDFD1002FDDD111
:10D5F000189BB3F12A3F32D10698424609FB0861D5
:10D6000014F0D7FF079B0393089B069ACDE90153BB
:10D61000059B009359462B46584612F0B1FC002C4E
:10D62000C1D1BFB90DB0BDE8F08F00247AE7079BE8
:10D630000393089B01EB080ACDE90153059B009376
:10D640004A462B46504612F09BFC099B0133099336
:10D6500051469FE7A146A246A8E7013CB7E73146FD
:10D660004FF0000A0A4B18681B68584080EA09000E
:10D6700080EA0A00FFF7B6FD2A46C3430698FFF783
:10D6800015FE099B0AF1010A53454144EAD1B9E765
:10D69000ACB700202DE9F04F85B0DFF888900391FA
:10D6A0001C46064621461046D9F80030D9F800300D
:10D6B00012F0E6FAC51D282D4FEAD50325F007051F
:10D6C0009046029334BF4FF0FA0A4FF01E0A2D1A0B
:10D6D0000F9B0093029A0E9B2146304612F0B6FC37
:10D6E0000746C0B92A462146304612F074FBBAF10B
:10D6F000010A14D0224631460398FFF799FD2246CD
:10D70000834641463046FFF7ADFDD9F800200BEACD
:10D7100000039A42DCD0384605B0BDE8F08F6FF0C8
:10D720000D07F8E7ACB70020F0B50D4685B006460A
:10D73000012105F1100011F009FF044650B93046EF
:10D7400013F083F9012842D12146284611F0FEFE4C
:10D75000002801DA1F4C37E005F10807214638465A
:10D7600011F0F4FE0028F5DB341D2146284611F0A7
:10D77000A5FE0028EEDA2146384611F09FFE00286B
:10D78000E8DA684611F006FD02A811F003FD3B46F9
:10D790003A466946304612F0F4FD044670B92A460E
:10D7A00002A9304613F00DF8044638B902A96846BC
:10D7B00011F084FE074B041E18BF1C46684611F08A
:10D7C000EEFC02A811F0EBFC204605B0F0BD6FF0B6
:10D7D0008604F9E780B3FFFF38B5054613F035F945
:10D7E00001280C4601460DD1204611F0AFFE00285D
:10D7F00006DB05F13401204611F060FE002804DB51
:10D80000034838BD6FF08600FBE70020F9E700BF52
:10D8100080B3FFFF38B504460D4613F060F920468B
:10D8200013F02AF9012D257023D1144B144AA3605B
:10D830006260A361134AA3632362A362124B626115
:10D840006362124A62634FF00113114A2363114B62
:10D85000E362E261201D11F0ACFDE06304F13400ED
:10D8600011F0A7FD0C4BA365C4E910050020E0658D
:10D8700038BD002323706FF08500F9E70100080030
:10D88000085E0500E85D0500A85D0500885D0500EF
:10D89000C85D0500285E0500085805002DE9F34124
:10D8A0001C4605460E46174609880DF106030DF184
:10D8B0000702204600F0E2F830BB184B24F47E1239
:10D8C0009A4224D103F580132B60338803F4E0429D
:10D8D000B2F5005F1ED103F4E063B3F5806F19D198
:10D8E00005F10808404614F0EEFA73889DF806101A
:10D8F0003A46404614F0ECFA10F0E1FD20B93388C6
:10D90000AB80C4F30544EC7102B0BDE8F0816FF068
:10D910008500F9E76FF08600F6E700BF00024005DA
:10D9200010B5074B02689A42044602D1083014F041
:10D9300009FEA37923F00103A371002010BD00BFED
:10D94000000250052DE9F043ADF5257D08AD0446F4
:10D950000F4698464FF41C7200212846DDE9B16954
:10D9600014F04EFE214643463A462846FFF796FFFE
:10D97000044620BBEB79B39A9919914227D82868BD
:10D980001649884209EB060224D1CDE90532B09B45
:10D990000393AF9B0293AE9B0193AD9B00933246E2
:10D9A000AC9BCDF8109001210AA814F07DFD10F079
:10D9B00086FD044618B9EB79B49A334413602846BF
:10D9C000FFF7AEFF20460DF5257DBDE8F0836FF033
:10D9D0008904F4E76FF08504F4E700BF0002500506
:10D9E0002DE9F043ADF5237D06AD04468846994602
:10D9F0004FF41C7200212846DDE9AE7614F000FEDB
:10DA000021464B4642462846FFF748FF044610BBD6
:10DA1000EB79B34227D8B19AF11A8A4226D32C68FF
:10DA20001548844207EB010223D1CDE90223B098C7
:10DA3000AD9B0193AC9B0093CDE90470DDE9AA2373
:10DA400008A814F05BFD10F03AFD044618B9EB7914
:10DA5000F61AB29B1E602846FFF762FF20460DF5BE
:10DA6000237DBDE8F0836FF08604F4E76FF089044E
:10DA7000F1E76FF08504F1E70002500510B500F002
:10DA8000FE44B4F1A06F08BF20F47E1000F0FC4407
:10DA9000B4F1806F05D10A4CA0420FD06FF0850021
:10DAA0000BE0084CA042F9D10120B1F5105F1070D5
:10DAB000F4D10BB102221A70002010BD0620F4E749
:10DAC000000240050002C0032DE9F74300F4E040E6
:10DAD000B0F5804FDDF828900D4616461F462CD134
:10DAE00001F16808404613F054F988B94B4600220A
:10DAF0004146CDE90067284613F054F910F0DFFCE9
:10DB00000446B0B13A460021304614F079FD10E0E9
:10DB1000002301930D4B009305F1600205F11C03F6
:10DB20004146284613F02BFD10F0C9FC044600289E
:10DB3000DCD0204603B0BDE8F0834946284613F008
:10DB40006BFD03B0BDE8F04310F0B9BC09F0040070
:10DB5000F0B504881D4604F44F43B3F5824FA1B0DD
:10DB600084460E46174602D0B3F5884F26D1E0B260
:10DB7000BCF8021010F0B2F9044608B3684612F07F
:10DB80009CFF21466846FFF745FE044670B90346F0
:10DB90000D4A18A9684613F0FDFC044630B93B460F
:10DBA00032462946684613F037FD0446684612F0AF
:10DBB000C7FF204610F083FC21B0F0BD0020D7E75E
:10DBC0006FF08500F8E700BF09F004002DE9F0418F
:10DBD0008AB01C460023059305AB009313460A4602
:10DBE00041880088129F13F03BFD002842D1059E1A
:10DBF00006A8F56B11F0CEFA08A811F0CBFA07359C
:10DC0000139BED08B3EB450F4FEA450835D314F4E9
:10DC1000807435D11C4B0293119B0193109B03948C
:10DC2000009308AA06F1600306A9304614F01FF815
:10DC3000044660B92A46394606A811F0E2FB0446BC
:10DC400028B92A46791908A811F0DBFB044606A872
:10DC500011F0A5FA08A811F0A2FA14B9149BC3F8A0
:10DC60000080304612F06CFF3046FEF7E5F82046A3
:10DC700010F025FC0AB0BDE8F0816FF08904E6E7FA
:10DC80006FF08504E3E700BF09F0040037B500F149
:10DC900068050446284613F07CF858B10023019328
:10DCA000074B009304F1600204F11C03294620464F
:10DCB00013F065FC03B0BDE8304010F000BC00BFBD
:10DCC00009F004002DE9F04F05468DB006A89B46EB
:10DCD0000023CDE90333DDE91878DDF868900E46BE
:10DCE000924612F0BBFE288820F0FF03B3F5E24F06
:10DCF00066D1354C354B0BEA040444F010649C4269
:10DD00005ED103AB009369885346324613F0A8FCFA
:10DD1000044600284AD1039D059005A9287810F0F3
:10DD2000D4F804AB40F4824000930599DDE9162352
:10DD300080B213F095FC049E044620BB244B019056
:10DD4000009305F1600206F1680306A9284613F066
:10DD500016FC10F0B4FB0446A8B9EB6B0733DB08E4
:10DD60009845C9F8003028D3284612F06EFE0228E4
:10DD7000D9F80020394606A81CD111F03CFB10F060
:10DD80009EFB044618B141463846FEF765F806A8E2
:10DD900012F0A1FE304612F0D3FE3046FEF74CF8EA
:10DDA000284612F0CDFE2846FEF746F820460DB074
:10DDB000BDE8F08F11F025FBE1E76FF08904E2E7A1
:10DDC0006FF08604F2E700BF0000FFF600000209D2
:10DDD00009F0040010B50B4A03689342044606D0CC
:10DDE0000432934209D02BB16FF0880010BD04308B
:10DDF00013F0EAFD00202060F8E7043013F076FE0F
:10DE0000F8E700BF05000002F8B5076806460C46B3
:10DE10005FBB174B99420CD00433994218D001F0E4
:10DE2000FE44B4F1007F14BF6FF086006FF08500F0
:10DE3000F8BD051D284613F0C3FD284601F020F962
:10DE4000054670B934602846BDE8F84010F037BB8D
:10DE5000051D284613F046FE3946284601F0F4F920
:10DE6000EEE73046FFF7B6FFEDE76FF08800DFE73B
:10DE70000500000238B50E4A0368934204460D4679
:10DE800009D0043293420ED0002B0CBF6FF08800F3
:10DE90006FF0850038BD011D281D13F09AFD236821
:10DEA0002B600020F6E7011D281D13F024FEF6E785
:10DEB0000500000210B50A4C0368A34205D00434E3
:10DEC000A34209D06FF0880010BD043013F086FD26
:10DED000BDE8104010F0F3BA043013F011FEF7E77C
:10DEE000050000022DE9F041047844F0007404F1CB
:10DEF0007E44033C102C1D4698BF164B2A6098BFE9
:10DF00001C5D06468846174688BF00241AB12121A9
:10DF1000404614F075FBBC4219D833680E4A934250
:10DF200006D0043293420DD06FF08800BDE8F08136
:10DF30004146301D13F092FD10F0C1FA0028F5D1D2
:10DF40002C60F3E74146301D13F01AFEF4E76FF042
:10DF50008900EBE79C170600050000022DE9F04759
:10DF6000294B164602681340B3F1607F8AB08046A1
:10DF70000D4645D1D0F804A05FFA8AF343F0007350
:10DF800003F17E43033B0022102B019298BF1F4AEE
:10DF900000F1080794BF12F80390914601AB2022CC
:10DFA00002A9384610F0EEFC044628BB514638461C
:10DFB00010F0B0FC0446D8B94A4608F1780138465A
:10DFC00010F0C9FC044698B9019A02A9384610F02D
:10DFD000C2FC044660B901AB202202A9384610F009
:10DFE000D1FC044620B9324602A9284614F0E1FAD1
:10DFF000019902A8FDF730FF20460AB0BDE8F0877E
:10E000006FF08804F8E700BF0000C07FAD1706007E
:10E0100038B50268044672B10B4B1340B3F1607F10
:10E020000BD140217830FDF717FF04F1080010F004
:10E0300062FC00232360002038BDB822002114F0C8
:10E04000DFFA6FF08800F7E70000C07F2DE9F047A6
:10E05000076894B00446002F40F0A080514D036043
:10E060001D40B5F1607F0DD1DBB243F0007606F1C3
:10E070007E43033B102B03920ED94660002A4AD1FF
:10E08000904651E0B822394614F0BAFA6FF085058F
:10E09000284614B0BDE8F087102B20D8DFE803F045
:10E0A0002525251F1F2525091D1B191F1F171513A2
:10E0B00011003D4B63606FF085052046FFF7A8FF18
:10E0C000E6E73A4BF6E73A4BF4E73A4BF2E73A4BDE
:10E0D000F0E73A4BEEE73A4BECE73A4BEAE73A48DF
:10E0E0006660C35C002BC9D0E5E7402A666015D99D
:10E0F0004FF0400803AB019340230093304604AB3C
:10E1000010F057FC054678B1402104A8FDF7A4FEA5
:10E11000002DBDD0D1E74FF00008EBE712B104A805
:10E1200014F047FA4FF040080DF11009039D4B46DB
:10E13000AF4225D1A8EB050A3621524609EB05006E
:10E1400014F05EFA05F1770104F177032144994256
:10E150001DD104F1780052465C21284404F10807DF
:10E1600014F04EFA3146384610F0D4FB054600282C
:10E17000CAD1424604A9384610F0EDFB0546C3E774
:10E180001A7882F0360203F8012B0137D0E719F82C
:10E19000012B82F06A0203F8012FD8E76FF088059F
:10E1A00076E700BF0000C07F0A00000213000002F3
:10E1B0001200000211000002100000020D00000217
:10E1C0000C0000020B000002BE17060010B4046829
:10E1D00044B1064B2340B3F1607F03D110BC08303B
:10E1E00010F0B9BB6FF0880010BC70470000C07F12
:10E1F0002DE9F04F4B68D1F800E08E68CD68AFB0E4
:10E200001BBA08930B69019093FA83F84B6993FA50
:10E2100083FA8B691BBA0A93CB691BBA12930B6AF8
:10E2200093FA83FB4B6A1BBA0B938B6A1BBA0C9352
:10E23000CB6A1BBA0D930B6B1BBA0E934B6B1BBABD
:10E2400003938B6B1BBA0493CB6B1BBA0593836848
:10E250000F93C3680293036906934369109383691C
:10E26000109A1393069B0F99029F83EA0200029B68
:10E2700018405040DF4B139A1A4402EBF1621044ED
:10E280000299069A82EAB1020F990A4006994A4019
:10E29000109919440A4408990A440F994FEAB10C9D
:10E2A00002999EFA8EFE70448CEAB104044084EA1E
:10E2B000B104069936BA1944314402EBF0620C44B9
:10E2C0008CEAB0012DBA114003EBB70704EBF264FE
:10E2D0002F444FEAB20281EA0C01394482EAB007C6
:10E2E00027409C4401EBF461C44482EAB40987EA04
:10E2F000B007674409EA01090AEB030C07EBF16771
:10E300000CEBB00C4FEAB1010A9889EA0209E1442A
:10E3100081EAB40C0CEA070C184410448CEAB40CE3
:10E32000129A09EBF769844481EAB70000EA090010
:10E330001A4402EBB402484010444FEAB9020CEB15
:10E34000F96C82EAB7040BEB030904EA0C0484EAD3
:10E35000B704894404EB0901DDF82C9000EBFC6064
:10E3600082EABC040440994401EBF06109EBB7096F
:10E370004FEAB0000C9F54404C4480EABC0909EAC3
:10E3800001091F44174489EABC090D9A04EBF164A2
:10E39000B94480EAB10727401A4409EBF46902EB5B
:10E3A000BC024FEAB404DDF838C04740174484EAA1
:10E3B000B10202EA09029C44844482EAB102624446
:10E3C000DDF80CC007EBF96784EAB90038409C44DB
:10E3D00002EBF7620CEBB10C4FEAB707049960400F
:10E3E000604487EAB90C0CEA020C194421448CEA17
:10E3F000B90C059C00EBF2608C4487EAB201014045
:10E400001C4404EBB90479400CEBF06C214401EBA3
:10E41000FC698EEA060E03998EEA0B0E8EEA010164
:10E42000079103EBF17E0899BE4481EA05070B9939
:10E430004FEAB00080EAB2044F40049904EA0C04A9
:10E44000794084EAB204744403EBF17E0EEBB20E21
:10E450000C9A089186EA080680EABC075640059A9D
:10E4600007EA090756404740774403EBF67E8644A7
:10E470000D9885EA0A054540079885EAF0701190E5
:10E4800004EBF9644FEAB901119D4FEAF07007EB14
:10E49000F467159081EAB400384003EBF57303EBA1
:10E4A000BC03484018440A9B88EA03080E9B88EA8C
:10E4B0000308089B88EAF37309934FEAF6724E4B00
:10E4C000099D149281EABC02224082EABC0203EB5D
:10E4D000F57C8C441299039D724402EBF7628AEA40
:10E4E00001014FEAB70787EAB409694081EAF6718A
:10E4F00089EA0209E14403EBF17C0CEBB40C0A9CC1
:10E50000129D84EA0B08049C88EA0408119C00EB25
:10E51000F26087EAB20A88EAF4788AEA000AE244FA
:10E5200003EBF87CBC440B9F85EA070E059D8EEA41
:10E53000050E099D8EEAF57E09EBF0694FEAF87445
:10E540004FEAB00003EBFE7716944FEAFE7580EABF
:10E55000B20407EBB2070C9A1295079D84EA0904EE
:10E560008BEA02020AEBF96A644482EAF57280EAF5
:10E57000B90C04EBFA6482EAF1728CEA0A0C4FEAF5
:10E58000BA0A0A9203EBF27B0D9D0B9ABC448AEA0D
:10E59000B9076740834407EB0B0082EA0507089A36
:10E5A0000E9D87EAF27787EAF8720B9203EBF27B13
:10E5B0000C9A0BEBB90B82EA050989EAF67686EA32
:10E5C000FE760CEBF46C8AEAB4074FEAF6750D9A06
:10E5D000179587EA0C07039D5F4403EBF67BD34452
:10E5E00082EA050A119A00EBFC608AEAF2754FEAAA
:10E5F000BC0C03E09979825AA1EBD96E0A9A8CEA95
:10E60000B40985EAF27589EA000907EBF0678CEA3C
:10E61000B00AD94403EBF57B4FEAF5728AEA070AA0
:10E620000BEBB40B0D920AEB0B040E9ADDF810A065
:10E6300082EA0A0A099A8AEAF27A0B9A09EBF769DE
:10E640008AEAF2724FEAB70787EAB00A03EBF27B75
:10E650008AEA090AE3440C920AEB0B0C039ADDF8F0
:10E6600014A082EA0A0A8AEAF17A8AEAF67203EBCD
:10E67000F27B04EBF964039287EAB90A049A0BEB84
:10E68000B00B07988AEA040A0CEBF46CDA444FEA00
:10E69000B40B82EAF07484EAF87484EAF5748BEAC5
:10E6A000B90003EBF4784FEAF47280EA0C00B84446
:10E6B0000E9200EB0807059A089882EAF0700C9A0F
:10E6C00080EAFE7080EAF2700AEBFC6A8BEABC0E0C
:10E6D00003EBF0784FEAF07208EBB9088EEA0A0E05
:10E6E0001192C644149ADDF81C8082EAF8780A9ADE
:10E6F00088EAF278039A07EBFA6788EAF2724FEA3F
:10E70000BA0A8AEABC0803EBF279D94488EA070816
:10E710000492C844159ADDF8209082EAF9790B9AA0
:10E7200089EAF27989EAF4720EEBF76E8AEAB709A0
:10E7300003EBF27B89EA0E090BEBBC0B059209EBAC
:10E740000B0C149ADDF8249082EAF97989EAF679BB
:10E7500089EAF07908EBFE684FEAF9724FEABE0EDB
:10E7600014928EEAB706159A03EBF97B86EA08063F
:10E77000D34406EB0B0A82EAF176049A86EAF57630
:10E7800086EAF2764FEAF67203EBF67B15920BEB14
:10E79000B70B169A099F82EAF7770C9A87EAF27705
:10E7A000059A0CEBF86C8EEAB80587EAF27285EAF6
:10E7B0000C0507925D4403EBF27B129A0AEBFC6AAC
:10E7C00082EAF1714FEABC0C039A8CEAB807F34471
:10E7D00081EAF27187EA0A075F4481EAF97B05EB77
:10E7E000FA658CEABA0E03EBFB7101EBB8018EEA15
:10E7F000050E169A8E440A9982EAF17181EAF47440
:10E8000084EAF6744FEAF47203EBF4781692E0446B
:10E81000129ADDF82CC082EAFC7C079A8CEAF07030
:10E8200007EBF56780EAF2704FEAB5050EEBF76E7D
:10E8300085EAB70C03EBF0734FEAF07203EBBA030F
:10E840008CEA0E0C12929C440A9A179B83EAF2728D
:10E85000049B82EAF37282EAFB73089385EABA01A9
:10E86000E74B089A7940414401EBFE6103EBF272F9
:10E87000154441EABE020CEBF16C01EABE0802EA63
:10E88000B70205EBFC6542EA08022A44DDF82C8059
:10E890000D9D85EAF875DDF8148085EAF87585EA3E
:10E8A000F4754CEAB108099508EABE080CEAB1050E
:10E8B00048EA0505DDF8248003EBF87808EBB70893
:10E8C00005EB0807179DDDF8308085EAF87888EABF
:10E8D000F97888EAF0784FEAF8750B9503EBF8754C
:10E8E00005EBBE0E42EABC0507EBF26702EABC0983
:10E8F00005EAB10545EA09050EEBF76EAE44DDF811
:10E900000C900D9D85EAF97585EAF676089D86EAF4
:10E91000F5764FEAF67547EAB2090D9509EABC09A2
:10E9200007EAB20549EA050503EBF67909EBB109F7
:10E930004D440E99DDF8309081EAF971DDF81C90B4
:10E9400081EAF971DDF8249081EAF9710A9103EB0B
:10E95000F17101EBBC0C4EEAB70105EBFE650EEA66
:10E96000B70901EAB2010CEBF56C41EA0901614417
:10E97000DDF80C90DDF844C08CEAF97C8CEAFB7C75
:10E980008CEAF87C45EABE09CDF80CC009EAB70963
:10E9900005EABE0C49EA0C0CDDF80C9003EBF979A2
:10E9A00009EBB209CC440E9ADDF8109082EAF972B4
:10E9B00082EAF47484EAF6744FEAF4720E9203EB7E
:10E9C000F47202EBB70741EAB5020CEBF16C01EA15
:10E9D000B50902EABE0242EA090207EBFC671744E6
:10E9E000DDF81490119A82EAF97282EAF0700A9ABC
:10E9F00080EAF2704FEAF0724CEAB109119209EA2A
:10EA0000B5090CEAB10249EA020203EBF07909EB1D
:10EA1000BE094A44DDF850E0DDF810908EEAF97E38
:10EA2000DDF820908EEAF97EDDF80C908EEAF97E12
:10EA300003EBFE7909EBB50947EABC0502EBF76287
:10EA4000CDF810E005EAB10507EABC0E45EA0E056F
:10EA500009EBF269A944DDF814E0159D85EAFE751D
:10EA6000DDF824E085EAFE7585EAF475059542EA4D
:10EA7000B70505EABC0502EAB70E45EA0E0E059D8C
:10EA800003EBF57505EBB105AE441499079D81EADA
:10EA9000F57181EAF87888EAF0784FEAF871149114
:10EAA00003EBF87101EBBC0C49EAB2010EEBF96E15
:10EAB00009EAB20501EAB70129430CEBFE6C8C446C
:10EAC000159981EAFB7A04998AEAF67A8AEAF17A58
:10EAD0004FEAFA7115914EEAB90101EAB2010EEA64
:10EAE000B9050D4303EBFA7101EBB701079E0D4425
:10EAF000169981EAF6710A9E81EAF671059E81EA0D
:10EB0000F67103EBF17707EBB2074CEABE0205EBB7
:10EB1000FC65079102EAB9020CEABE010A4307EB61
:10EB2000F5671744129A089E82EAFB7B039A8BEAE8
:10EB3000F27B45EABC028BEAF87B02EABE0205EAF8
:10EB4000BC01114303EBFB7202EBB9021144169AAC
:10EB500082EAF67686EAF47686EAFA764FEAF67282
:10EB6000169203EBF67447EAB50201EBF76104EB8A
:10EB7000BE0402EABC0207EAB50E42EA0E0204EB4A
:10EB8000F1641444DDF824E0129A82EAFE7282EA0B
:10EB9000F070079A80EAF2720C920C9841EAB70E74
:10EBA0004FEAF27212920EEAB50E01EAB7024EEA8D
:10EBB000020203EBF07E0EEBBC0E089802EB0E0C8B
:10EBC0000B9A82EAF072049882EAF07282EAFB728F
:10EBD000089203EBF27202EBB50244EAB1050CEBCA
:10EBE000F46C04EAB10E05EAB70545EA0E0502EB3E
:10EBF000FC622A440D98099D80EAF57502E000BF89
:10EC0000DCBC1B8F059885EAF07585EAF6704CEA46
:10EC1000B40505EAB1050CEAB40E45EA0E0E03EBA5
:10EC2000F07505EBB7050990AE44DDE90A5080EABE
:10EC3000F5750C9885EAF87585EAF0754FEAF57771
:10EC4000179703EBF57707EBB10742EABC010EEB30
:10EC5000F26E02EABC0801EAB40141EA080107EBDE
:10EC6000FE670F4403980D9981EAF071089881EAD4
:10EC7000FA7181EAF0714EEAB20909EABC090EEABA
:10EC8000B20803EBF1734FEAF17049EA080803EBAD
:10EC9000B4030D9008EB03040A980E9B83EAF0730B
:10ECA000079883EAF073099883EAF0730A930A9845
:10ECB000DF4B03EBF07808EBBC081198DDF80CC0D3
:10ECC00080EAFC7C8CEAFB7C8CEAF5704FEABE0A99
:10ECD00003EBF07C0B908AEAB20E04980CEBB20CBA
:10ECE0000E9A82EAF0798EEA070E89EAF67989EAC5
:10ECF000F17904EBF764C6448AEAB7080EEBF46EC8
:10ED00004FEAF97288EA04084FEAB4040E92E0442C
:10ED100003EBF97284EAB70C52448CEA0E0C0598A6
:10ED20009444119A82EAF0760C9A86EAF2760A9A6C
:10ED300086EAF2764FEAF67208EBFE680C9203EB75
:10ED4000F67084EABE0200EBB70082EA08020CEB20
:10ED5000F86C149F02444FEAB800DDF8108087EA8F
:10ED6000F877DDF8208087EAF877DDF82C8087EAED
:10ED7000F8774FEAF7770397199780EABE0A1F449E
:10ED800027448AEA0C0A159CBA44059F84EAF77462
:10ED9000099F84EAF77484EAF9744FEAF4740494DE
:10EDA000049F1A9402EBFC6280EABC041F440AEB45
:10EDB000F26A07EBBE0754404FEAB20205923C44A8
:10EDC000149A079F82EAF77888EAF578059A88EA24
:10EDD000F6784FEAF87882EABC0508EB0307159A43
:10EDE000CDF86C80074485EA0A053D4482EAFB774A
:10EDF00087EAF1770399059A4F404FEAF77704EBDA
:10EE0000FA6482EABA00F91801EBBC016040169A74
:10EE10001C970844079982EAF1710A9A81EAF27113
:10EE2000049A514005EBF465059A4FEAF1714FEAF7
:10EE3000B40484EABA0E01EB030C94448EEA050E86
:10EE4000129A1D91E644DDF82CC082EAFB7282EA38
:10EE5000FC7282EA08024FEAF27200EBF56084EA83
:10EE6000B50C02EB030B0BEBBA0B8CEA000CDDF8D4
:10EE700058A01E92DC44DDF820B08AEAFB7A8AEAC8
:10EE8000F97A8AEA070A0EEBF06E4FEAFA794FEA4E
:10EE9000B000CDF81490CDF87C9080EAB50A994482
:10EEA000A1448AEA0E0A129CCA44DDF8249084EA3E
:10EEB000F97484EAF6744C404FEAF4740CEBFE6C7F
:10EEC0000794209480EABE061C4404EBB50486EA4D
:10EED0000C062644179C039D84EAFB746C40544046
:10EEE0000AEBFC6A4FEAF4744FEABC0C8CEABE09E8
:10EEF000E518054489EA0A092194A9440D98099D59
:10EF000080EAF570049D6840059D68404FEAF07006
:10EF100006EBFA668CEABA0500EB030B0BEBBE0BB3
:10EF20007540DDF85CE022905D44DDF828B08EEAA3
:10EF3000FB7E8EEA080EDDF81C808EEA080E09EBD7
:10EF4000F6694FEAFE7E4FEAB6060EEB030B86EA41
:10EF5000BA08E34488EA0908DDF834C0CDF88CE04B
:10EF6000D844DDF82CB08CEAFB7C8CEA070C8CEAE8
:10EF7000040C4FEAFC7705EBF96586EAB90407EB68
:10EF8000030C0CEBBA0C6C40DDF828A02497644409
:10EF9000DDF838C08CEAFA7C8CEA010C8CEA000CB3
:10EFA0004FEAFC7101EB030CB4440C9E259186EAF8
:10EFB000FB76564008EBF56886EA0E064FEAB50583
:10EFC00085EAB9004FEAF67604EBF864269685EAFE
:10EFD000B80280EA08001E4406EBB90660446240AD
:10EFE00000EBF460324402EBF06C039E0E9A564044
:10EFF000059A56407E404FEAF67627961E440C9AB4
:10F000002E44049D5540079A4FEAB404554084EAC3
:10F01000B8074D40189547404FEAF5754FEAB000E4
:10F02000289584EA00011D4481EA0C01374401E07F
:10F03000D6C162CA05EBB80507EBFC674B190F99FF
:10F040002D944FEABC0203EBF7632A972C90299387
:10F050002B920B4401998B60029B1F44069BCF604F
:10F060001A44109B0A611844139B48611C448C612C
:10F0700018A85821FCF7F0FE2FB0BDE8F08F00BFB4
:10F0800003460A4A9A6002F18832DA6002F12942A4
:10F09000A2F59612A2F68B621A61A2F188320020C4
:10F0A0005A61034A9A61C3E900007047012345672A
:10F0B000F0E1D2C3F0B599B0064601A80F46154657
:10F0C00012F07EFC114B039303F18833049303F198
:10F0D0002943A3F59613A3F68B630593A3F1883315
:10F0E0003A46002406933146094B079301A8CDE91F
:10F0F000014412F073FC294601A812F0AFFC01A8EC
:10F100005C21FCF7A9FE204619B0F0BD012345673C
:10F11000F0E1D2C32DE9F04FCFB00446039100F1E6
:10F12000480346AD00F16806186859682A4603C2CC
:10F130000833B3421546F7D104AAD2E94483D2E991
:10F140004797D2E942160193D2F824B13D4BD2F849
:10F15000185102934FF0000CBCF10F0F5AD8039BCB
:10F1600053F82C301BBA4FEAF52E87EA0900DDF878
:10F1700008A093608EEAB51E28408EEA756E78402E
:10F1800070445AF804EBCDF808A0704403444FEAE9
:10F19000713E46EA010006EA010A8EEAB10E00EA73
:10F1A000080040EA0A008EEAB15EDDF804A0CDF85E
:10F1B00004800CF1010C5B448644BCF1400F9A447E
:10F1C00002F104027344BB461DD104A8C0E948976C
:10F1D000C0E946A5C0E94468C0E94231C0E9003E43
:10F1E00045A904F14403643453F8042F51F8045F33
:10F1F0009C422A441A60F7D14FF49471FCF72CFE1C
:10F200004FB0BDE8F08FB0464F460E46A9461946AE
:10F210005546A1E7136852F834AC52F8380C4FEA5F
:10F22000F34E8EEA734E8EEA932E52F8143C03444A
:10F230004FEABA4080EAFA10734480EADA000344E5
:10F2400091E700BF2C5E050003460846C1B9C3E93B
:10F2500010110D4A0D49DFF838C0C3E912120D4AEA
:10F260000D49C3E914C20D4AC3E916120C4A1A66C5
:10F2700002F17452A2F52302A2F692425A66704736
:10F280006FF08600704700BF85AE67BB67E6096A0E
:10F2900072F36E3C3AF54FA57F520E518C68059B78
:10F2A000ABD9831FF0B506469BB00F4615461C46EA
:10F2B0004BBB684612F016FC144A154B154916480C
:10F2C000CDE91223154BCDE91413154BCDE91603E7
:10F2D000144B189303F17453A3F52303A3F692433D
:10F2E0003A46314668461993CDE9104412F008FCBD
:10F2F0002946684612F044FC68216846FCF7ACFDDC
:10F3000020461BB0F0BD6FF08604F9E767E6096A96
:10F3100085AE67BB72F36E3C7F520E513AF54FA536
:10F320008C68059BABD9831F2DE9F04F1F46436BBB
:10F3300091B005468B461446002B00F08B800121CE
:10F34000384610F003F9002804DA444E304611B074
:10F35000BDE8F08F05F134084146384610F0AEF8AC
:10F360000028F2DA0AA811F079FB06A80FF012FFC4
:10F3700008A80FF00FFF05F11C034FF00B090593D0
:10F380004FF00B0ADDE91C2306A9284612F002F90A
:10F390000646002850D11F9B01931E9B02900093AC
:10F3A00006AA059B0AA9284612F0DFF8064600289F
:10F3B00042D142460AA9584610F08CFA0646002867
:10F3C0003AD10146584610F0C1F800283ED0DDE998
:10F3D0001A2308A9284612F01DFC064660BB3A46CF
:10F3E0005946204610F0D6F9064628BB08A9224601
:10F3F000084610F098F90646F0B9434606AA214699
:10F4000010F07EFB0646B8B908AA2146204610F047
:10F41000C1F9064680B942462146204610F05AFA04
:10F42000064648B90021204610F090F820B9B9F1FD
:10F430000109A5D16FF093060AA811F04CFB06A8AC
:10F440000FF0ADFE08A80FF0AAFE7FE7BAF1010A9F
:10F4500098D1EFE76FF0860678E700BF80B3FFFF33
:10F460002DE9FF4790F86132002B40F0998091F828
:10F470000FC0DFF834A100F590740CF00F052F01D8
:10F4800004EB0515D5E902E6E7596D684FEA1E1849
:10F490000EF00F0E48EA0678360946EA07763AF883
:10F4A0001EE03F0947EA0577CDE902862D0985EA86
:10F4B0000E450CF0F00CCDE9007564446D46E7583C
:10F4C0002E6804337740102B45F8047BF7D101F107
:10F4D0000F07DDE9028EDDE900544FEA181949EA09
:10F4E0000E7908F00F084FEA1E1E4EEA057E17F847
:10F4F000013DCDE9029E2D093AF818E045EA047570
:10F50000240984EA0E444FEA131C03F00F03CDE9EB
:10F51000005400EB0313EE46082503EB0508DEF864
:10F520000040D8F81881043588EA0404182D4EF8F4
:10F53000044BF2D1DDE902E5DDE900434FEA1E1894
:10F5400048EA05780EF00F0E2D0945EA0475CDE95D
:10F55000028524093AF81E5044EA03741B0983EA21
:10F560000543CDE9004300EB0C1C6C46082303EB7C
:10F570000C052668D5F8185104337540182B44F84B
:10F58000045BF4D1B942A4D1009B01991BBA09BA1A
:10F59000116053600399029B09BA1BBA9160D36052
:10F5A00004B0BDE8F08700BF4E6005000378012B72
:10F5B00002D1043000F012B900487047809CFFFF70
:10F5C00010B40C4601780129134604D122460430B8
:10F5D00010BC00F0DBB9014810BC7047809CFFFFF5
:10F5E0002DE9F04FADF5077D06AC0123002227463B
:10F5F00046A913F0800F43F306050CBF00201B2023
:10F60000CA5480EA4500013204F8013BB2F5807F1C
:10F6100083EA0003DBB2ECD164480123002213F03B
:10F62000800F40F8043B43F3060402F101020CBFD3
:10F6300000231B2383EA44030A2ADBB2EFD15C4A8E
:10F640005C4C63231370002384F863300E46154628
:10F65000012016F8013FC3F1FF03FB5C4FEAD31C06
:10F660004CEA430C4FFA8CFECCF3421848EACE0821
:10F6700083EA0803CCF3C0188EEA030348EA4E0875
:10F68000CCF3811C83EA08034CEA8E0C83EA0C035A
:10F69000DBB283F0630305F8013FE0540130B0F5BD
:10F6A000807FD6D18B7B02934B7A03934B7B049361
:10F6B000CB7A0593404B0193DFF800E1404BDFF834
:10F6C00004C1414FDFF804B1DFF804A1DFF8049171
:10F6D000DFF8E080009306A8FF2412F8013B13F046
:10F6E000800F43F306050CBF00211B2181EA450171
:10F6F000C9B203EB032541EA05254B40009985EA91
:10F70000036341F8043B00914FEA33614BF8041B5B
:10F710004FEA33414AF8041B18F8011B4FEA332320
:10F7200049F8043B00293ED046AB5B5C039959186D
:10F73000B1FBF4F5C5EB0525491B465C0499591846
:10F74000B1FBF4F5C5EB0525491B029D415C09049D
:10F750001D4441EA0621B5FBF4F6C6EB0626AD1BB7
:10F76000455D6940059D2B44B3FBF4F5C5EB0525CC
:10F770005B1BC35C1B064B40019941F8043B0191A4
:10F780004FEA33614EF8041B4FEA33414FEA33230B
:10F7900047F8043B104B4CF8041B93429DD10DF5E8
:10F7A000077DBDE8F08F0B46E5E700BF44BA0020B7
:10F7B000AECF0120AECE01206CC600206CC200206E
:10F7C0006CD600206CBE00206CBA00206CD20020E9
:10F7D0006CCE00206CCA0020AED00120C02AF8B543
:10F7E00006460D4614464CD0B2F5807F4BD0802A99
:10F7F00040F0C3800A23624F33603B681BB9FFF7B8
:10F80000EFFE01233B6033460022640943F8042FD6
:10F81000294605EB840451F8042B43F8042F8C424D
:10F82000F9D133680C2B30D00E2B5FD00A2B26D1A8
:10F83000544D55493046A036426955F8044B876807
:10F84000C2F307237C40CB5C6340140E10300C5D88
:10F8500083EA0443D4B20C5D83EA0463C2F3074431
:10F860000C5D83EA042350F8044C83606340046811
:10F87000C36063405A40036142618642DCD100208C
:10F88000F8BD0C23B7E70E23B5E73E4C3E493046A2
:10F8900006F1C005C26954F8046B8768C2F30723F8
:10F8A0007E40CB5C7340160E18308E5D83EA0643B3
:10F8B000D6B28E5D83EA0663C2F307468E5D83EAA5
:10F8C000062350F80C6C8360734050F8086CC360DA
:10F8D000734050F8046C03617340066843617340E1
:10F8E0005A408361C2618542D4D1C8E7254D26497B
:10F8F0003046E036446A55F8042B8768C4F3072382
:10F900007A40CB5C87695340220E20308A5C83EAC0
:10F910000243E2B28A5C83EA0263C4F307428A5C70
:10F9200083EA022350F8142C8360534050F8102CC3
:10F93000C360534050F80C2C03615340DAB243616A
:10F940008A5C7A401F0ECF5D82EA0762C3F3072705
:10F95000C3F30743CF5DCB5C82EA072282EA03430D
:10F9600050F8042C836153400268C36153405C40EB
:10F97000036244628642BDD181E76FF01F007FE7DA
:10F9800040BA002044BA0020AECF01202DE9F04F4C
:10F9900095B001290E46009300F254834768D2F8CF
:10F9A00000C055689468D16850F8082B5210013A8D
:10F9B000019250F82720BB0003448CEA0202039214
:10F9C0005A686A4004929A6862400592DA684A402E
:10F9D00006923033002E40F0A381DDE90420069D1D
:10F9E000039CCA4FDFF828C3DFF828E3DFF8288339
:10F9F00053F8201C029153F8141C079153F8101C63
:10FA0000089153F80C1C099153E9079A53F8081C04
:10FA10000A9153F8041C0B910199002903F120036A
:10FA200000F3C2801EB9DDE90420069D039CDFF8C7
:10FA3000E0C20299DFF8DCE2E3B2160E57F8233099
:10FA40005CF8266073405940C5F30723B24E5EF858
:10FA500023305940C0F307434FEA106856F823306B
:10FA60005CF828805940D3B2109157F8233083EACC
:10FA70000803C4F3072883EA09035EF8288083EAB1
:10FA80000803C5F307484FEA156956F828805CF863
:10FA9000299083EA08035FFA80F8EDB257F82880CE
:10FAA00057F82550099F119388EA0908C2F30729DE
:10FAB00088EA0A085EF8299088EA0908C4F3074929
:10FAC000240EC0F307205CF824405EF8200056F8AE
:10FAD00029906540C2F30742079C56F82220089EF1
:10FAE000654045405540180E8C4A1395145CC8B2C9
:10FAF00088EA0909105CCDF84890704080EA0460FB
:10FB0000C5F30724145D80EA0420C9F30744145D9B
:10FB100080EA04404FEA19640C90165DDCB2145D73
:10FB20007C4084EA0664C1F30726965D84EA0624D5
:10FB3000C5F30746965D0A9F84EA06442E0EEDB291
:10FB400012F806C00D945FFA89F6C9F30729965D8D
:10FB50007E40C3F3072786EA0C66D75D86EA072650
:10FB6000C1F30747090ED75D86EA0746575C515D2A
:10FB70000B9D0E96C3F30743694012F80950D35CFE
:10FB8000009A81EA076181EA052181EA03430F9324
:10FB90001060546096600CA8D3602021FCF75CF9DB
:10FBA000002015B0BDE8F08FE6B24FEA126B57F8AF
:10FBB00026605CF82BB0029986EA0B064E40C5F32E
:10FBC00007214FEA106B5EF821105CF82BB04E4015
:10FBD000C0F3074158F821104E40D1B257F8211018
:10FBE00081EA0B0181EA0901C4F307294FEA156B89
:10FBF0005EF829905CF82BB081EA0901C5F307494A
:10FC0000EDB258F8299057F8255081EA09015FFABA
:10FC100080F9C0F3072057F829905EF82000029180
:10FC200089EA0B0989EA0A09C2F3072AC2F30742E3
:10FC30005EF82AA058F8222089EA0A09C4F3074A84
:10FC4000240E58F82AA05CF824406540079C6540C3
:10FC500045405540F0B20A0E57F820405CF822208B
:10FC60005440089A5440C5F3072289EA0A0A5EF80C
:10FC700022205440CAF307424FEA1A6058F8222063
:10FC80005CF8200054409DF8082057F8222042409C
:10FC900009984240C6F307204FEA15695EF8200034
:10FCA0005CF829904240C5F30740EDB258F82000B7
:10FCB00042405FFA8AF0CAF3072A57F820000A99EF
:10FCC00057F8255080EA090048400299C1F30729F6
:10FCD0000B995EF8299080EA0900C6F30749360EB1
:10FCE00058F829905CF8266075404D4002995EF8FE
:10FCF0002A60C1F30741754058F821104D40019921
:10FD0000013980EA09000191012671E66CC60020E4
:10FD10006CBA00206CC200206CBE0020AECE012068
:10FD20001446DDE904200399C84FDFF824C3DFF847
:10FD300024E3DFF82483002653F8205C029553F86F
:10FD4000145C079553F8105C089553F80C5C099502
:10FD500053E9079A53F8085C0A9553F8045C0B952D
:10FD6000019D002D03F1200300F3BA801EB9DDE9E7
:10FD70000420069C0399DFF8D8C2029DDFF8D4E284
:10FD8000CBB2260E57F823305CF8266073405D40F6
:10FD9000C2F30723B04E5EF823305D40C0F3074343
:10FDA0004FEA116856F823305CF828805D40D3B2E2
:10FDB000109557F8233083EA0803C0F3072883EA35
:10FDC00009035EF8288083EA0803C4F307484FEA72
:10FDD000126956F828805CF8299083EA08035FFAD4
:10FDE00080F8000E57F828805CF82000119388EA0C
:10FDF0000908C4F30729E4B25EF8299057F82440B3
:10FE0000099F88EA0A0888EA0908C1F30749C1F38B
:10FE100007214440C2F3074207985EF8211056F8C4
:10FE2000222056F82990089E44404C405440E8B2A5
:10FE30008A4A1394210E105C515C704080EA016084
:10FE4000C3F3072188EA0909515CCDF8489080EA9C
:10FE50000120C9F30741DEB2515C965D80EA0140A2
:10FE6000290E7E40515C0C9086EA0166C9F3072199
:10FE70005FFA89F7515C86EA0126C4F307414FEA2D
:10FE80001969515CD75D86EA0146190EC3F3074331
:10FE900012F801C00A99D35C0D964F40C4F30721B4
:10FEA00087EA0C67515C12F809C087EA0127C5F39D
:10FEB0000741E4B2515CC5F3072587EA0147115DAC
:10FEC0000B9C0E976140545D009A81EA0C6181EAB7
:10FED000042181EA03430F931060566097605AE64D
:10FEE000CEB24FEA146B57F826605CF82BB0029D37
:10FEF00086EA0B066E40C2F307254FEA116B5EF8E7
:10FF000025505CF82BB06E40C0F3074558F82550DB
:10FF10006E40D5B257F8255085EA0B0585EA0905EC
:10FF2000C0F307294FEA126B5EF829905CF82BB0FA
:10FF300085EA0905C4F30749C2F3074258F8299036
:10FF400058F8222085EA09055FFA80F9000E57F873
:10FF500029905CF82000029589EA0B0989EA0A09D0
:10FF6000C4F3072AE4B25EF82AA057F8244089EACD
:10FF70000A09C1F3074AC1F30721444007985EF814
:10FF8000211058F82AA044404C405440F1B2220EAF
:10FF900057F821105CF822205140089A5140C5F3CF
:10FFA000072289EA0A0A5EF822205140CAF3074272
:10FFB000300E58F822205CF8200051409DF80820AF
:10FFC00057F82220424009984240CAF307204FEADE
:10FFD00015695EF820005CF829904240C4F30740A0
:10FFE00058F8200042405FFA8AF04FEA1A6A57F840
:10FFF00020000A9D80EA0900C4F3072968405EF8E2
:020000040004F6
:1000000029900B9D80EA0900C6F30749E4B258F82D
:10001000299057F8244080EA09005CF82A9084EA85
:1000200009046C40029DC6F30726C5F307455EF838
:10003000266058F8255074406C40019D013D0195A3
:10004000012679E66FF08600ABE500BF6CD6002094
:100050006CCA00206CD200206CCE0020AECF0120F4
:10006000F8B5504A0D460023D0E90001CCF798F9C5
:10007000002AAEBF4C4B4D4B02F5A8320446B8BF28
:1000800002F5C072E41841F100064FF46161B2FB61
:10009000F1F301FB13223C21E01CAB60B2FBF1F356
:1000A00001FB13226B602A6046F100010722002346
:1000B000CCF776F9002A55DA0732AA613C483D4A66
:1000C00020184FF0000366F10001CCF769F9394BB5
:1000D00003FB104448F6AC61B4FBF1F1214440F25B
:1000E000B457B4FBF7F3C91A334BB4FBF3F3C91A93
:1000F00048F69463B1FBF3F3234440F26D16B1FB71
:10010000F6F2B1FBF7F15B1A06FB1233992103EB10
:10011000830402345E1CB4FBF1F7794302314FF0E3
:10012000050CB1FBFCF1761A40F2F9518C428CBF00
:100130006FF0090102214FF4C874394404FB002018
:10014000012998BF0130B3F5997F13D3A3F59973B3
:10015000EB61A0F26C700023C5E90410EE602B6225
:100160002846F8BD002EAA61A8DB124A00232046CB
:100170003146AAE7970710D14FF0640C92FBFCF7C9
:100180000CFB17275FB992FBF4F704FB1722B2FAB6
:1001900082F252093B331344DAE70022FAE70122E4
:1001A000F8E700BF805101006CFA0A006BFA0A0000
:1001B00050C5FDFFB13A0200B03A0200F8B50E4B4F
:1001C0001D68AB789B07064612D56F6816F8014B81
:1001D00029462CB90A20B847002805DB204609E04B
:1001E0002046B8470028F1DAAB7843F00403AB703F
:1001F0004FF0FF30F8BD00BF283F05000CB430B50C
:100200008BB004460D462022002102A812F0F8F916
:1002100002238DF80A30002D0C4B0393069412DB59
:1002200001D06B1E1C440FAA0E99079402A80192DC
:1002300000F094FA15B1069B00221A700BB0BDE8CD
:10024000304002B070470024EDE700BF992A050056
:10025000242A2DE9F041054601D8012A0AD1D2F716
:10026000B3F8344B16221A5001B10D600020BDE8DE
:10027000F0813046064616F8014B202CF9D0A4F147
:100280000907042F2346F4D92B2C32D02D2C33D13F
:100290004FF0010C3378861C302B34D1307840F08D
:1002A000200078282BD132F0100028D17378354601
:1002B000102202360CF10047013F0020B7FBF2FE8E
:1002C00002FB1E78392B82BF03F1FF3343F020037A
:1002D000263B303B9A421DD9704502D817D198452C
:1002E00015D24CF0020C3446354614F8013B264634
:1002F000E8E74FF0000CCDE74FF0000CCCE7002A08
:1003000008BF0822D6E7002A08BF0A22D2E700FB6E
:100310000230E8E701B10D601CF0010F18BF404248
:100320001CF0020FA3D0D2F74FF8024B22221A5032
:1003300038469CE70C000000242A2DE9F84F80463F
:10034000894601D8012A59D1D2F73EF8414B1622ED
:100350001A50B9F1000F01D0C9F800800020014601
:10036000BDE8F88F31460E4616F8013B202BF9D038
:10037000A3F1090004281C46F4D92B2B40D02D2BC7
:1003800040D1012734788E1C302C42D1337843F091
:100390002003782B38D132F0100335D17478B04671
:1003A0001025023617F1FF3B6FF0004343F1000ABE
:1003B0002A46002358465146CCF742F8034600200F
:1003C0008C460146392C82BF04F1FF3444F02004EE
:1003D000263C303CA54229D983427CEB010E05D353
:1003E000614508BF984219D1A24217D247F00207CF
:1003F000B646B0461EF8014B7646E3E70146B2E743
:100400000027BFE70027BFE7002A14BF15460825CD
:10041000C8E7002A14BF15460A25C3E7A5FB000E4E
:1004200005FB01E1201841F10001E1E7B9F1000FFE
:1004300001D0C9F80080FA0702D5404261EB4101C2
:10044000BB078DD5D1F7C0FF024B22221A5051466F
:10045000584685E70C000000242AF0B5044601D870
:10046000012A40D1D1F7B0FF2D4B16221A5001B10D
:100470000C600020F0BD2F463D4615F8010B2028EA
:10048000F9D0A0F10906042E0346F4D92B282CD06C
:100490002D282CD101262B78BD1C302B2DD128786E
:1004A00040F02000782824D132F0100021D16B7860
:1004B0002C46102202350020392B82BF03F1FF3376
:1004C00043F02003263B303B9A421AD9A0FB02049A
:1004D0000CB9C01801D346F002062F462C4617F877
:1004E000013B3D46E8E70746C6E70026D3E700267E
:1004F000D3E7002A08BF0822DDE7002A08BF0A2246
:10050000D9E701B10C60F20748BF4042B307B1D54B
:10051000D1F75AFF024B22221A504FF0FF30A9E7C1
:100520000C000000242AF0B507460D4601D8012A28
:100530000AD1D1F749FF404B16221A5005B12F605E
:1005400000200146F0BD3046064616F8011B202962
:10055000F9D0A1F10904042C0B46F4D92B293DD084
:100560002D293ED14FF0010C3378861C302B3FD122
:10057000317841F02001782936D132F0100133D1A1
:10058000737837461022023600200146392B82BF8D
:1005900003F1FF3343F02003263BA3F13004A242D2
:1005A00036D94FF0000E39BBA0FB0273384619460E
:1005B000BEF1000F0AD13F1953F1000328BF4FF0DD
:1005C000010E38461946BEF1000F01D04CF0020C66
:1005D0003446374614F8013B2646D7E74FF0000C67
:1005E000C2E74FF0000CC1E7002A08BF0822CBE7A2
:1005F000002A08BF0A22C7E7A2FB0131A0FB027054
:100600001B1841F100010029D0D04FF0010ECDE7B9
:1006100005B12F601CF0010F02D0404261EB410197
:100620001CF0020F8ED0D1F7CFFE034B22221A50BE
:100630004FF0FF3085E700BF0C0000002DE9F041CE
:100640000126B24201DCBDE8F08107463B461F4669
:1006500013F8014B002CF6D0252CF8D11D78252D50
:1006600007F10207F2D00023DFF8EC809C461C461D
:100670001F2C27D8A5F1200EBEF1100F06D828FA9E
:100680000EFE1EF0010F53D12E2D3CD02E2D27D85B
:10069000242D33D02A2D36D0BCF1000FD3D0B44551
:1006A000D4D145F02007A7F1650CBCF1020F0B680F
:1006B00001D9612F42D1073323F0070308330B60C0
:1006C0000136BEE77F2CDFD96C2D23D01DD8682DD5
:1006D00027D06A2D01D04C2DDED144F4207408E0DF
:1006E000A5F1300EBEF1090FEED80A2404FB03E396
:1006F000202417F8015B002DBAD1CDE7BCF1000F23
:1007000018D0B34218D00023F3E7742DF1D07A2D1E
:10071000EFD0C1E7250648BF44F4007444F08004DC
:10072000E7E7E50548BF44F4007444F48074E0E76B
:100730000024DEE79C46E6E76325B2E7692D02D098
:1007400007D8632D03D0250601D5A405B3D40433FF
:10075000B5E7732DF6E700BF892801002DE9F04FBA
:100760008378D0F8049093B09C07CDE908128046B6
:1007700015D50B920B460025187890B1252814D07A
:10078000013306934146C847002805F1010580F270
:10079000F88398F8023043F0040388F802304FF0F1
:1007A000FF35284613B0BDE8F08F93F801A09A1CDE
:1007B000BAF1250F0692E5D04FF0000B5E465F467A
:1007C0005C461F2C23D8AAF12003102B22D8DFE887
:1007D00003F01521211B2121210B21212113211897
:1007E0002121090044F00104069B13F801AB069394
:1007F000BAF1000FE5D11BE044F0020444F0040418
:10080000F2E744F00804EFE744F01004ECE77F2C33
:1008100000F2F680BAF12E0F00F0D38000F2AC8027
:10082000BAF1240F00F0D380BAF12A0F00F0B4809F
:10083000BBF1000F06D0099B08980B935A460BA9F1
:10084000FFF7FCFE002E4AF02003B8BF24F040045E
:100850000493A3F16503BCBFA4B20026022B04D904
:100860004AF02003612B40F08C826FEA0A0A0AF0FA
:10087000200307930B9B073323F0070303F10802C0
:100880000B92049A612AD3E9000104F0400340F07E
:10089000E480002B08BF4FF0FF36079B00930CAAA3
:1008A000334612F073F80130C3B2B3420393A8BFCA
:1008B00003F1FF364FF0010C7023CDE9043CDDF865
:1008C00030A044F4C0540AF10903122B0DD90AF1E7
:1008D0006303C62B40F2F3800AF2E73340F2CE7294
:1008E00093428CBF0423032305939DF83430D8072B
:1008F00000F1E780A20700F1E780C4F3800B4FEA24
:100900004B1B5FFA8BFB13F00C0F00F0E980BBF17F
:10091000000F0CBF03230423BB420EDA2007A7EB12
:1009200003070BD42F4441462020C847002805F177
:100930000105FFF62EAFBD42F5D10027BBF1000F38
:1009400007D041465846C847002805F10105FFF683
:1009500020AF9DF83430AE4C13F0080FAD4B08BFFC
:100960001C462646324616F8010B002840F0AF80A0
:100970002C1B02EB040B7BE1AAF13003092B3FD8BF
:1009800014F0400F4FF00A0212BF02FB063602FBC2
:10099000073744F0200427E7BBF1000F7FF424AFB2
:1009A0000B9A600652F8043B0B9201D51E461BE7DA
:1009B000002BA7BF44F020041F465F4244F02804E8
:1009C00012E763063FF5EDAE44F040040CE7BBF1DF
:1009D000000F3DD014F0400A099B08980B930CBF00
:1009E0003A4632460BA9FFF729FE0B9B53F8042B1E
:1009F0000B93BAF1000F01D01646F5E61746F3E661
:100A0000BAF16C0F16D00CD8BAF1680F19D0BAF140
:100A10006A0F03D0BAF14C0F7FF40AAF44F420748C
:100A2000E2E6BAF1740F3FF4DFAEBAF17A0F3FF4A9
:100A3000DBAEFDE6200648BF44F4007444F08004B9
:100A4000D2E6E30548BF44F4007444F48074CBE676
:100A50005E463446BB463746C6E6002B049B08BFBD
:100A60000626652B0FD1721CD2B244F48054134673
:100A7000112A4FF0650E4FF0000228BF1123944653
:100A8000CDF810E007E0049B662B10D144F400542D
:100A9000B44601221123CDE9002C0CAA00F01CFB66
:100AA000C3B203930223DDF830A005930BE716F0E1
:100AB000FF02DCD16523049394460123EBE7022374
:100AC00012E74FF02D0B1EE74FF02B0B1BE7079B98
:100AD000C01A4146C0B2C8470028BFF643AF58E627
:100AE00014F4405F40F09880039B4833002E6B4421
:100AF00008BF0126133B039A1AB113F8012D302ABF
:100B000078D014F0100F039B18BF33461AF1040F6E
:100B100075DBB24573DA534544F400547FDD0AF1C6
:100B200001069E1B2AEAEA730133BBF1000F00D0D5
:100B30000133002E75D0721C13449F42CCBFFF1AA4
:100B4000002714F0090F03D12F44BD426DD10027B7
:100B5000BBF1000F07D041465846C847002805F1B1
:100B60000105FFF616AE230511D541463020C847D2
:100B70000028FFF60EAE079BC3F17800414600F057
:100B8000F800C847002805F10205FFF602AE20076D
:100B900004D4AB467D195D454FD10027A1046AD529
:100BA0002AEAEA73AAEB030A7642039A524584BF03
:100BB0000CAA524403F1FF338CBF507930209E427F
:100BC00005F1010B41DC41460493C8470028049B12
:100BD0000AF1010AFFF6DDAD5A1C09D141462E206B
:100BE0000493C8470028FFF6D4AD049B05F1020B1F
:100BF0005D46DAE7039A013AD2B203927BE75E1EC2
:100C000014F4006F059A14BF0523032313448CE7E3
:100C1000F40906003E680500A10483D4F0E700262D
:100C200080E7E20648BF013387E741462020C847F6
:100C3000002805F1010588DAABE541463020C847B8
:100C400000280BF1010BA6DAA3E541460393C84740
:100C50000028FFF69EADE6060AD5039B013307D1B7
:100C600005F1020B41462E20C8470028FFF691AD42
:100C70005D465F4418E29DF835004146C8470028AC
:100C8000FFF687AD002E61DD41462E20C8470028C3
:100C9000FFF67FAD01240CAB039AA242CABFE21853
:100CA000302050794146C8470028A346FFF671AD71
:100CB0000134A6420CABEFDAAC1C5C44049B079AEF
:100CC000981A4146C0B2C8470028FFF662ADBAF193
:100CD000000FB4BF2D202B204146B8BFCAF1000A37
:100CE000C8470028FFF655AD059B042B3AD14FF4B9
:100CF0007A76BAFBF6F505F130004146C0B2C84736
:100D0000002804F10304FFF644AD06FB15AA64268F
:100D1000BAFBF6F505F130004146C0B2C8470028DD
:100D200004F10104FFF635AD06FB15AA0A26BAFB4D
:100D3000F6F505F130004146C0B2C847002804F17D
:100D40000104FFF626AD06FB15AA13E0E40601D464
:100D50006C1CB3E741462E20C847002805F1020469
:100D6000ACDA16E5059B032B04F10204CFD0059BFA
:100D7000012BDBD10AF1300004F1010B4146C0B276
:100D800072E7AAF16303122B00F2E580DFE813F0AB
:100D900013005400E300E300E300E3005400E30029
:100DA000E300E300E300E300FC00DD00E300E30018
:100DB0002900E300AB000B9B1A1D1B680B928DF8FA
:100DC000303001260DF1300A20072CD50AEB060B36
:100DD00054465C4529D1A5EB0A0A04EB0A0BBF1B5C
:100DE00046E70B9B1A1D0B92D3F800A0A94BBAF152
:100DF000000F08BF9A4614F0400F14BF31464FF061
:100E0000FF31504611F064FC0646DDE741462020E4
:100E1000C8470028FFF6BDAC013CA642F6D32F44DC
:100E20003D1B2746D2E73C46F7E714F8010B414645
:100E3000C8470028CDDAACE421060B9B32D5A205C9
:100E40002BD5073323F00703D3E9000103F1080290
:100E50000B9224F0100B00291FFA8BFB32DA404270
:100E600061EB41014BF4806B0CAC0A23224611F07C
:100E700078FC1BF0400FA0EB040200F09C802BF0EC
:100E8000010396429BB240F39F80BAF1000F40F0FD
:100E90009D802BF011039BB21FE01A1D18680B9266
:100EA000C117D6E71A1DE00519680B9201D4084650
:100EB000F6E7A2054BBF48B208B241F3C01141F3B7
:100EC000C031C6E750EA0103CED16306CCD5002E6F
:100ED000CAD124F01104A3B23246344640F206418E
:100EE0000B426FD126E024F01004A4B20A2314F0C0
:100EF000800C0B9A4CD014F400711DBF073222F005
:100F0000070202F10801101D19BF0B91D2E900017F
:100F10000B90106850EA010247D124F0160B6206CC
:100F20001FFA8BFB45D5002E43D124F01704A3B242
:100F30003246344619075FD4D90704D5A74272DD7B
:100F40003C1BA6183C46A34650E044F01004102376
:100F50004FF0780ACBE74AF02003782B04D1CAF18E
:100F6000780343F01003C2E741462520C847002814
:100F7000FFF60FAC41465046C8470028FFF609ACC3
:100F80000235069BFFF7F8BB08234FF0000AAEE7D7
:100F9000111D0B9114F480711068BBD014F4007112
:100FA0001ABFC0B2614680B2B4E724F006041FFA4B
:100FB00084FB0CAC5AE714465B46D9068ED5BAF1D1
:100FC000000F05D10134B5E71446F6E73446F4E7DF
:100FD0000234AFE741462020CDE90332C84700285C
:100FE000FFF6D7ABDDE903320BF1010B5F45F1DC16
:100FF0002C1B04EB0B055C46D90616D54146302068
:101000000392C8470028FFF6C4AB039ABAF1000F59
:1010100032D0023541465046C8470028039AFFF6B1
:10102000B8AB2E441DE016468DE740F206410B4258
:10103000F7D013F0020F14BF2B20202013F4806F81
:10104000039205F10105414618BF2D20E4E7414612
:1010500030200392C8470028039A05F10105FFF6E6
:1010600098AB731B9A42F2DB16460DF1300A2EB98B
:1010700002EB050B3F1BFBE50135D2E7013E414684
:101080001AF806000392C8470028039AEFDAFFF720
:1010900080BB00BFF809060041462020C847002851
:1010A00005F10105FFF675AB7B1B002BF4DC68E74F
:1010B0001FB502AB0093074A4FF0CC3311F030FC60
:1010C000DDE90201C00840EA4170C90805B05DF8D9
:1010D00004FB00BFCDCCCCCC2DE9F04F9BB00F0D65
:1010E0000A939DF8903005920C93C1F30A52C1F314
:1010F0001303C90F044607917AB950EA03017CD162
:10110000059930234B71079B0A6043F002030B7172
:10111000012630461BB0BDE8F08F40F2FF718A42D5
:101120000AD10343079B059A14BF43F0080343F019
:10113000040313710026ECE7A2F2354A43F480154C
:10114000234301BF27F001077F057F0DB7FA87F71B
:1011500004F001024FEA85080CBF7F090127BAF1AC
:10116000000F089248EA94784FEA8406C0F2B680ED
:10117000504600F0EDF9BAF1030FC8BF01380490F2
:1011800000F0F2F9049B7C30A3EB0A0A824416A912
:10119000184600F07DFA12AB019310AB0093204685
:1011A00053462946029716AA11F002FB049B152B01
:1011B00004460D4600F28E8014ABA94A00933046D7
:1011C0004FF0CC334146DDE9109A11F0A9FB149B96
:1011D000159A9B0843EA827303EB8303B34210D151
:1011E0004146304600F0C8F9049B83428CBF4FF063
:1011F00000084FF00108002715E0DFF868A21D463F
:101200009EE7089B002B55D1013E48F1FF31F01BB2
:1012100061F1000100F0B0F9049BDDF82080834209
:101220008CBF002701270C9B002B40F0C880DDF805
:1012300028900026069609964FF00A0BDDE910016A
:10124000FFF736FFDDE912A3CDE90D01194650463F
:101250000F93FFF72DFF0A460D990B9003468B4223
:101260000E9B72EB03010F9B80F0C4802046294641
:101270000F92FFF71DFF0B9B0F9A13920BFB03F5C9
:101280000D9B10930E9B11930B9B1293069B002EAC
:1012900014BF4FF0000808F0010801330BFB1046A3
:1012A000554514BF002707F00107F6B20693044620
:1012B0000D46C3E7B01C48F1000100F05DF9049B46
:1012C00083428CBF00200120B9EB00006AF10002CC
:1012D000CDE910024FF000084746A4E7CAF1000B21
:1012E000584600F03BF9BAF1FF3F0CBF8146A0F130
:1012F0000109ABEB090B0AEB09035846049300F014
:1013000033F916A9A0F17D0A584600F04DF912AB49
:101310000193A9EB0A0A10AB0093204629460297D5
:10132000534616AA11F044FAB9F1010F04460D46CE
:101330000ED8089B13B94FF0010874E7109B119A5F
:10134000013B42F1FF32CDE910324FF0010852E784
:10135000B9F13E0FBED84FF0FF33A9F1200003FAD8
:1013600009F203FA00F0C9F1200123FA01F1024366
:101370000A4303FA09F328EA020826EA030656EAB2
:1013800008060CBF4FF001084FF0000833E700FBE0
:1013900002F6A1FB0012013332448C4275EB0206C7
:1013A000F5D2049ADDF828901344259A1344D20FFD
:1013B0009342B8BF13469945A8BF994639E70A2119
:1013C000002201230846E8E70BFB01FEA0FB0B010E
:1013D0000CF1010C7144844275EB010EF4D2CC4542
:1013E0000DDDB9F1000F02D154EA050107D0012348
:1013F00009933BE70A2000214FF0010CEBE7002F97
:1014000032D04FF00A0B50461946FFF751FE0BFB46
:1014100000F252450B910E9026D1DDE91001FFF745
:1014200047FE8A460D9029462046FFF741FE0D9A59
:101430000E9B1293CDE9102A0B9A1392069A002E56
:1014400014BF4FF0000808F0010801320BFB1046F2
:101450009A46F6B20B9B069204460D46D3E700BFB0
:10146000CDCCCCCCCCFBFFFFB8F1000F05D0052EC6
:1014700003D104F001060436F6B2069BDDF81080B5
:101480009844099B53B9DDE912239D4208BF944259
:1014900004D1089B002B47D1002F45D0042E94BFC8
:1014A0000026012630194FF00A0245F10001002301
:1014B00001271446904271EB030537D2EEB1B945CE
:1014C0001BDA0C9B6BB1259ADDF8289008EB07031B
:1014D0001344012BB8BF01239945A8BF99464F4536
:1014E0000BDD05304FF00A024FF0000341F100011F
:1014F000CAF7A6FF08F10108013F4F45A8BF4F46B4
:101500003EB20FFA88F8059B08FA87F706F105083E
:10151000013F98444FF00009B1450EDB059B1A4688
:101520001F60079B1371F4E50126BBE704FB03F57D
:10153000A2FB042301372B44BCE70A220023CAF78D
:101540007FFF303208F8012D09F10109E4E700BFFF
:10155000014B5843800C704741340100014B584304
:10156000000D7047FB2E0B00024B5843C00C01309E
:10157000704700BF4F9312000A4A70B503464FF000
:10158000CC3600204FF0333506FB03F402FB014458
:10159000A3FB023121449D4275EB010401D30130CC
:1015A000F2E770BDCDCCCCCC2DE9F04F1A23354EEF
:1015B000B0FBF3FA03FB1A0389B004460D4606EBB1
:1015C0000A1653B9D6E90023C1E90023D6E902017E
:1015D000C5E9020109B0BDE8F08F2B4A02EBC30355
:1015E000D3E9008904AB0093D6E90223404649467B
:1015F00011F096F906AB0093D6E9002383460F4617
:101600004046494611F08CF9DDE9066216EB0B06FF
:1016100052EB07084FF0000328BF0123814633B186
:10162000049B059A013342F10002CDE904322046C1
:101630000391FFF799FF07461A2000FB0AF0FFF716
:1016400093FF3F1A3246434603990097484611F0EC
:101650007EF94FEA141C0D4A640004F01E0352F890
:101660002C40DC4004F00304241841F10001C5E9DA
:101670000041DDE9042300973046414611F067F947
:10168000A6E700BF58380500883705002C5F050025
:101690002DE9F04F1A27DFF8E4A000F11905B5FB9A
:1016A000F7F56F433A1A4FEA051B89B004460E4618
:1016B0000AEB05150AD1D5E90023C1E90023D5E9D4
:1016C0000201C6E9020109B0BDE8F08F2C4B03EB23
:1016D000C203D3E9008904AB0093D5E90223404655
:1016E000494611F01DF95AF80B206B68013ACDE913
:1016F000020106A963F1000300914046494611F03A
:101700000FF9DDE906528A4602996D18039952EBEA
:1017100001084FF0000328BF0123814633B1049B29
:10172000059A013342F10002CDE904323846FFF751
:101730001BFF07462046FFF717FF3F1A2A4643467E
:1017400000974846514611F002F94FEA141C0D4A21
:10175000640004F01E0352F82C40DC4004F0030443
:101760000134241841F10001C6E90041DDE90423F8
:1017700000972846414611F0EAF8A2E7283905000B
:1017800088370500805F050038B5044C044DAC4235
:1017900000D138BD54F8043D9847F8E70000000038
:1017A00000000000704700EBC1004088400870470F
:1017B000F8B50346FFF7F7FFB0FA80F0C0F11F005D
:1017C00003EB800CCA00DCF81060171D0C460632D3
:1017D0008DB256B9012101FA00F0D9680143D960F0
:1017E000CCF81040DD539D52F8BDF1000431585A39
:1017F000D85303EBC0009E52C5805D52F4E710B58C
:1018000000EBC104E3888B4202F104010AD10123F9
:1018100003FA02F2C36823EA0203C360002340F81C
:10182000213010BDA28840F8213000EBC20100EB4E
:10183000C300CB808280F4E708B50346FFF7B3FF0F
:10184000B0FA80F2C2F11F021846BDE80840FFF767
:10185000D6BF2DE9F843B1FA81F3C3F11F0200EBC3
:1018600082090646D9F810700D4687B9C3F12003E6
:101870004FF0FF349C40F3681C4014D094FAA4F25B
:10188000B2FA82F2131D56F82340214608E03C4686
:101890004FF0030821463046FFF785FF854205D803
:1018A0003046FFF7ACFF2046BDE8F88306EBC404E2
:1018B000B8F10108E488C9F81040D7D0BC42E9D19A
:1018C000D4E738B50446FFF76EFF0D4603461146D0
:1018D0002046FFF768FF03449BB204EBC5055A009E
:1018E0006A802046FFF75FFF014424F8313038BD9D
:1018F00070B50446FFF757FF0B4604EBC305511ABA
:101900009B1A89B203444E009BB204EBC2006E8066
:101910005D00458024F8321020461146FFF743FF52
:10192000014424F8313070BD70B509B9002070BD94
:10193000056801F007030B33CC0804EBD304AB6854
:101940009C4228BF1C4621462846FFF782FF0646D8
:101950000028EBD001462846FFF725FFA04207D913
:1019600032192846FFF7C4FF11462846FFF720FF2B
:1019700005EBC6021046538843F001035380043040
:10198000D5E71146FFF7D0BF2DE9F84314464A4288
:1019900002EA010931EA020203460BD04A46042A50
:1019A0004F4628BF0422A1EB09096CB9002528463F
:1019B000BDE8F883042904D82146BDE8F843FFF7C1
:1019C000B3BF00270422F0E71E68A9EB020204F06F
:1019D000070302F007010B330B44E10801EBD201CE
:1019E00001EBD301B368994228BF19463046FFF78F
:1019F00030FF80460028D9D03D1D05EBC00509F118
:101A0000FF3335441D44B5FBF9F509FB05F5ED1B26
:101A10002C442B1F07349B1B24F00704A41BB0EBA2
:101A2000D30F4FEAD3074FEAE40408D201463A46FF
:101A30003046FFF75DFF41463046FFF7B9FE3946B5
:101A40003046FFF7B0FE3844844207D23046224683
:101A5000FFF74EFF21463046FFF7AAFE06EBC7060A
:101A6000738843F001037380A1E7043A2DE9F8433A
:101A7000CC1D114424F0070421F00706A6EB04084E
:101A80004FEAD807B7FA87F2C2F12405AD004FF04C
:101A900000090735C2F12002ED0804604946A7603D
:101AA000C4F80C90920004F1100010F0A9FDAAB245
:101AB000530043F0010363807B1B9BB204EBC50121
:101AC0005800A4F80090488024F83520A6F8029029
:101AD00024F8083004EBC70329465A8842F0010273
:101AE0005A802046BDE8F843FFF762BE2DE9F04773
:101AF00006460D46174698462BB398F8004093F8D3
:101B00000190DB78A40004EB430498F802301C44F5
:101B100044444FF0000ACA4509D3D8F8042008F11C
:101B2000080339463046AC46BDE8F047604714F834
:101B3000013B48F823402046CAF7AEFC013004447C
:101B40000AF1010AE7E76FF01500BDE8F08730B54C
:101B500002460024002012F8013B43B178B18C42C8
:101B600007D1702B04D0A3F140053A2D07D80020EF
:101B700030BDA3F140053A2D01D80134EAE7252B09
:101B800008BF80F00100E6E7F0B4D0E90032002A97
:101B9000D1E9005416DA002C08DA5F424FF0004613
:101BA00066EB0206BD4274EB06061ADB5B1942EBDC
:101BB0000402C0E9003283688A6813448360F0BC81
:101BC000CCF7ACB853EA0206F0D0012D74F1000650
:101BD000ECDBDE43AE426FF00046A6EB0206A64108
:101BE000E3E70020F0BC7047002070470FB407B552
:101BF00004A951F8040B019101F0E9F803B05DF874
:101C000004EB04B0704710B50369024613F00800F6
:101C100009D11368D4689C4297BF526AE31AD31A59
:101C200001200B6010BD00231846FAE713B501A987
:101C30000446FFF7E8FF20B1019BE268013B134433
:101C40000193606A019BC01A013802B010BD10B543
:101C5000044650182269636AD20702D5013B184036
:101C600010BD984228BFC01AFAE710B504460A46CC
:101C7000C168FFF7ECFF2369E06023F008032361EC
:101C800010BD38B50D46026A8B00016843F00203AF
:101C900042F82130044601682A46FFF7D8FFE3687E
:101CA00061682060984202BF236943F00803236102
:101CB0002A462046FFF7CBFF606038BD2DE9F74F7D
:101CC000D0F80CB0066A009216F82B2002F003023E
:101CD000022A08BF56F82B209A4606EB8B030F46C4
:101CE00001934FF00001009B0CBFC2F39D09894690
:101CF00019600446CAF80010B9F1000F07D0494630
:101D0000FFF7B3FFE368A3604FF0010804E0016947
:101D10008A0705D44FF00008404603B0BDE8F08FB5
:101D2000C16906EB8B00884716F82B1011F00108EB
:101D30000546EFD08B071DD51FB139462046FFF76A
:101D4000A0FF61682A462046FFF781FFD4E902130D
:101D50008B42606007D12A462046FFF778FF4FF09C
:101D600000080146A0602369216043F00803E16098
:101D70002361D1E701462046FFF777FFE168A160C4
:101D80001FB12068216A41F82090EA19CAF80020A2
:101D900021682046FFF75BFF2269206042F00802BD
:101DA000226116F82B2022F0010206F82B20DDE933
:101DB00000321A60A8E770B504461546FFF747FFE2
:101DC0002368834205D12369216023F0080323613E
:101DD00070BD226AAB0043F0020342F82130204676
:101DE00061682A46FFF733FF6060F1E738B50369A1
:101DF0005B07044606D5856AFFF718FF85422CBFAE
:101E0000A562A06238BD38B50D46044620220021E7
:101E100010F0F6FBEB68E361AB68A3612B6823620B
:101E20006B6863620022A2622A6923B1591E1942BB
:101E300008BF42F001022261012204F12C000021BE
:101E4000BDE838400BF0A6B82DE9F04F9846436A3C
:101E500087B000258B4204460E46934603950595B0
:101E6000AA4638D3EFF31189202383F31288BFF3F6
:101E70006F8F059A2AB129462046FFF79CFF002361
:101E8000059304A92046FFF7BEFE0499B142074618
:101E90002AD32268236A13F8221021F0030103F8E1
:101EA000221003EB820A216832462046FFF7CFFE5C
:101EB000E3682060984212D0002789F31188BFF3AD
:101EC0006F8F039929B1A2690AB120469047002378
:101ED0000393002FC6D1504607B0BDE8F08F2369A9
:101EE00043F008032361E7E718B12046FFF7C9FE76
:101EF000E3E75BEA08031CD001910BF074F9019948
:101F0000B8B9B9F1000F14D189F31188BFF36F8FFD
:101F10005A46434604F12C00F6F730FBEFF31189E3
:101F2000202383F31288BFF36F8FB0FA80F77F0905
:101F3000C3E705AB03AA20462568FFF7BFFE0746A7
:101F4000BBE770B50446C36908460D46984702468C
:101F5000EFF31186202383F31288BFF36F8F2B7862
:101F600043F001032B7061682046FFF770FE60604C
:101F70002046FFF73BFF86F31188BFF36F8F70BDDC
:101F80002DE9F843044600272026EFF3118586F358
:101F90001288BFF36F8F2369A268190702D46368A0
:101FA000934200D2636A9B1A002B42D0206A10F839
:101FB000221011F0030300EB82093AD0022B04D166
:101FC00050F822305FEA930805D1CB0720D4E369AB
:101FD000484698478046A16842462046FFF737FEAC
:101FE0000127A06041462046FFF73FFE3B4685F3B0
:101FF0001188BFF36F8F002BC7D137B1B9F1000F34
:1020000003D104F12C00F6F77FFA4846BDE8F883C7
:1020100041F0020100F822104846E369D4F8088034
:102020009847414602462046FFF711FE0023A06074
:10203000DDE79946DBE7F8B50446C36908460D4677
:1020400098470646EFF31187202383F31288BFF3E6
:102050006F8F2B7823F001032B7023699B0705D525
:10206000E268236A03EB82039D421AD12B7823F0A6
:1020700002032B70D4E90231994204D13246204642
:10208000FFF7E5FDA06031462046FFF7EEFD87F340
:102090001188BFF36F8F04F12C00BDE8F840F6F70C
:1020A00033BA2B6860F39F032B60F0E7EFF31181E5
:1020B000202383F31288BFF36F8F026983681207AE
:1020C00002D442689A4200D2426AD31A81F311883C
:1020D000BFF36F8F181E18BF01207047A0F13003A7
:1020E000DBB2092B02D80B7000207047A0F161030E
:1020F000052B02D857380870F6E7A0F14103052BED
:1021000001D83738F7E76FF015007047F7B5054687
:1021100001F0010000EB51069E424FEA510703D93E
:102120000026304603B0F0BD58B128780DF1070104
:10213000FFF7D4FF0028F3D19DF8073002F8013BE8
:10214000013501351744BA42EBD015F8010C0DF1F9
:102150000701FFF7C3FF0028E2D19DF807402401E3
:10216000E4B2147015F8020BFFF7B8FF0028D7D1BE
:102170009DF807301C4402F8014BE4E7013A0A4499
:1021800030B501F01F034C095509012102F01F026F
:10219000C26001FA02F2836001FA03F3511E5B424E
:1021A0000A43AC42036108BF1340046045604261CA
:1021B00008BF036130BDF8B50746DDE906041D46DA
:1021C000FFF7DCFFD0E90016BF6857F821206B420B
:1021D00005695A40B14202EA050202D182B90120E2
:1021E000F8BD6AB957F8262040695A4002400AD122
:1021F00001318E42F3D957F821209342F8D05A404A
:102200001CB90020ECE73146FAE792FAA2F2B2FAE2
:1022100082F202EB41122260F3E7F0B587B0044688
:102220000C981D4610B96846FFF7A8FF016847687B
:10223000A368066953F82120B94208D125B1324379
:1022400043F8212007B0F0BD22EA0602F8E7B5B155
:10225000324343F821204168A268456952F8213091
:102260002B4342F8213003684FF0FF3101334268BD
:102270009A42E7D9A26842F823100133F7E722EA2D
:10228000060243F82120A2684168466952F82130CD
:1022900023EA060342F82130026843680132934280
:1022A000D0D9A36843F82250F7E72DE9F04F05464F
:1022B0008BB00E461746EFF31188202383F3128864
:1022C000BFF36F8F002A53D0002951D002688A4291
:1022D0004ED39A420DD94068002188424FEA4114FA
:1022E00029D0AB6853F82130B3F1FF3F1CD1013145
:1022F000F3E780680023006800F08BF8041E08DA1A
:102300006FF01B0088F31188BFF36F8F0BB0BDE82F
:10231000F08FA9680123B3400A68013BA3401A4328
:102320000A603C600020EDE72BB1DB4393FAA3F396
:10233000B3FA83F31C44A2EB06090DF10C0B0DF16B
:10234000100A4C45DCD8CDE900AB002332462146CB
:102350002846FFF730FF40B1CDF800A001233246F8
:1023600021462846FFF759FFDBE7039C0134E8E7E5
:102370006FF01500C6E72DE9F04315464A1E89B0F7
:1023800007460C462A44EFF31186202383F3128874
:10239000BFF36F8F002939D003688B4236D3AB422D
:1023A00034D9934232D9202B18D801238B4081682D
:1023B000013B03FA05F20B6803EA02009A4308D0D6
:1023C0006FF00D0086F31188BFF36F8F09B0BDE881
:1023D000F08323EA00030B600020F3E74FF00008CE
:1023E0000DF108090A46CDF80480CDF800900123CC
:1023F0002946FFF7E0FE0028E2D0CDF800904346E2
:10240000224629463846FFF708FFE5E76FF015003A
:10241000D8E71F2A2DE9F0419EBF4FF0FF3404FAA0
:1024200002F21043C2434FF0FF3007464FF0010C59
:102430008646DAB1B2FA82F5C5F11F080CFA08F443
:10244000013C94431DBFB4FA84F4C4F11F06A8EB09
:102450000605C5F120051BBF0EFA06F6C4F12008DB
:10246000A04622EA06048D4202D14046BDE8F08132
:102470001BB18D42F9D82246DBE78D42FBD3AF4238
:1024800084BF40462F46F6E7036800220BB9184682
:1024900070478B4210D10B6842B942680360914289
:1024A00000D1436000230B60012070471360436834
:1024B000994208BF4260F5E71A461B68E6E7838B3E
:1024C00013F0070306D10368002B18BF032008BFD1
:1024D00000207047022B05D1C08BB0FA80F0400974
:1024E00080007047012B04D10368002B18BF052022
:1024F000EDE70020704710B50C4600B111B96FF040
:10250000150010BD081D00F0C6F80028F9D1A36819
:10251000032BF6D9F3E72DE9F0410D46074619469E
:10252000281D90461E4600F0CAF8044638B13346CE
:10253000424629463846A446BDE8F0416047BDE81A
:10254000F08110B4EFF31182202484F31288BFF3DA
:102550006F8F816110BC0121CBF7E6BC38B50C460A
:10256000054658B151B10B6843B14B6833B12022D5
:10257000002110F045F82C61002038BD6FF01500E7
:10258000FBE7F8B504460E46FFF7B5FF051E3BDB3B
:10259000EFF31182202383F31288BFF36F8FE38B55
:1025A000A78B4FF6FF718B4207F007072ED0062F3F
:1025B0002FD8DFE807F0182E082E180418006FF047
:1025C0008505002303E00133E3830225012382F321
:1025D0001188BFF36F8FBBB100233A4631462046C6
:1025E000FFF799FF10E000233360636823B9C4E963
:1025F000006627B13D46E4E71E606660F9E7022108
:102600002046CBF791FC3D462846F8BD6FF00A0501
:10261000D7E76FF00405D4E710B5EFF3118220235C
:1026200083F31288BFF36F8F848B04F00704022CAE
:102630000AD0012C0CBF6FF004006FF0850082F30C
:102640001188BFF36F8F08E0C38B013B9BB2C3833C
:1026500023B92146CBF768FC204610BD2046EEE7A3
:1026600038B5A8B1A1B1EFF31185202282F3128809
:10267000BFF36F8F848BFFF707FF30B104F00700C3
:1026800085F31188BFF36F8F38BD6FF07700F7E7E0
:102690006FF01500F8E7034640B1426802F003020C
:1026A000022A06D0032A04D0012A05D06FF01500B3
:1026B00070471A68002AF9D000209860704710B55A
:1026C0004268816002F00302022A03460AD0032A0C
:1026D0000BD10468002000225A6008B1F7F736FADF
:1026E000204610BD00680024F5E700242046F2E7EC
:1026F000D0E902239A4235BF531C013383608360C3
:102700002CBF00201078704710B50139044611F82D
:10271000010F00B910BD2046FFF7EAFF0B78984281
:10272000F5D06FF01500F5E721230374436843618A
:1027300083688361436000207047F0B5D0E901648D
:10274000501EA41B944234BF254605463544084418
:102750000B46B54201D9984209D8002018705B1A7F
:10276000834201DB944201D36FF01500F0BD374680
:1027700017F801CBBCF15C0F2FD1AF42F4D27778C0
:10278000662F24D015D85C2F1CD00ED8222F19D03C
:102790002F2F16D01F464FF05C0C07F802CB96F88F
:1027A00001C083F801C03B460EE0622FF2D108273A
:1027B00008E0722F0DD0742F0DD06E2FEAD10A27AA
:1027C00000E02F2703F8017BB71C3E46C1E70C272A
:1027D000F8E70D27F6E70927F4E703F801CBF4E75C
:1027E00038B54279F72A05464FEA520305D8652BDA
:1027F00006D8382B3DD8212B2AD86FF0150037E0AA
:1028000003F11A0404F07F04012000FA04F44AF2F0
:10281000081214423BD144F20102144028D17B2B10
:10282000EBD1EB682246934233D153B1AD6803F14B
:102830008053013B05EB03152846FFF7D1FFEB88DA
:1028400003440120A04001381844E040A0400FE0BC
:102850005E3303F07F03012202FA03F313F4B70F90
:1028600022D102F5111213420CBF6FF015000420A3
:1028700038BD5B2BC1D1D0E90204FFF7B1FFAB88B3
:1028800003F4FE736043002BF2D00430F0E7A86835
:10289000EEE7A96801EB02110132097901F00301A9
:1028A0008C4238BF0C46BEE70820E1E7013A13B579
:1028B0000C46072A28D8DFE802F00410271D272736
:1028C000272201A9CBF734FD28B9019B03F180022F
:1028D000FF2A19D8237002B010BD01A9CBF728FD3B
:1028E0000028F8D1019B03F50042B2F5803F0BD2DE
:1028F0002380F0E702B0BDE81040CBF719BD02B06D
:10290000BDE81040CBF760BD6FF01500E3E7013A7A
:1029100013B50C46072A24D8DFE802F0040E231969
:102920002323231E01A9CBF729FD18B9019BFF2BF7
:1029300017D8237002B010BD01A9CBF71FFD0028E6
:10294000F8D1019BB3F5803F0BD22380F2E702B0B0
:10295000BDE81040CBF712BD02B0BDE81040CBF788
:102960005BBD6FF01500E5E7742801D0662806D13D
:10297000742918BF66290CBF0120002070475B280E
:1029800003D16D2921D10120704730280CD1312984
:10299000F9D0A1F13503032BF5D96929F3D07529B5
:1029A000F1D0342915D10BE0222803D13229EAD005
:1029B0007329F5E734290CD100F0DF035B2BE2D05B
:1029C000222814BF0020012070473429DBD033298E
:1029D000D9D08842F5E738B504460D462368207CF7
:1029E0000BB938B90DE05F2803D120469847206025
:1029F000F4E75F2304F1100207CA85E80700237497
:102A0000012038BD38B505460C46FFF7E4FF10B984
:102A10006FF0150038BD23785D2B0DD02C2B04D022
:102A20002078BDE83840CBF72DBC21462846FFF77B
:102A3000D2FF0028F4D1EBE70020EBE7F8B50B7AE2
:102A400003F0DF035B2B06460D4619D00020F8BDCE
:102A50002B7A5D2B0FD00AD8212B15D05B2B0DD0F4
:102A600039463046FFF7B7FF0028F1D1EEE77B2B60
:102A700004D07D2BF4D1013CF2D1E7E70134EFE73C
:102A8000012401F10807EBE76FF01500DFE72DE9FE
:102A9000F04F8FB0CDE90412002506469A46A846AD
:102AA0002F464FF000038DF8183006A9002330465A
:102AB000CDE90733FFF78FFF9DF8183000283CD091
:102AC0002C2B00F082807D2B67D0222B35D1DDE9C5
:102AD00007434FF0220206A93046CDE90743A3EB96
:102AE00004098DF81820FFF776FF9DF8183020B301
:102AF0003A2B22D10BA930468DF82C50CDE909494B
:102B0000FFF769FF099BDDF828B09DF82C5003936F
:102B100098B12846CBF7B6FB044670B97D2D3CD062
:102B2000DDF81090059B9C420CD109A93046FFF7B7
:102B300085FF9DF82C500028B3D06FF015084FF09A
:102B4000FF372AE0C4F12001B4F1200228FA04F38F
:102B500007FA01F143EA01035CBF47FA02F21343AB
:102B6000DB072ED4B9F80430C3F386035B4528D1C4
:102B7000D9F8001003985A460FF051FD08BBB9F878
:102B80000630CDF800A053440BAA49463046CBF797
:102B900081FC002806DA8046C717404639460FB048
:102BA000BDE8F08F0122A4F12003C4F1200102FA54
:102BB00003F322FA01F10B43A24042EA08081F4343
:102BC0006FE7013409F11009ACE706A93046FFF7B9
:102BD00002FFDDE907439DF818200028ADD0222A26
:102BE0003FF477AFA9E72DE9F0471D4686B04B7952
:102BF000CE88DDF838A003F0FE03B62B0C46564411
:102C000008BF8C6800238046336020461746FFF7D4
:102C1000E7FD814607FB005703A94046FFF7F2FE98
:102C2000A8B99DF80C305D2B13D0BD4219D0637943
:102C300003F0FE03B62B08BFAA46CDF800A02B4632
:102C400003AA21464046CBF725FC002904DA6FF0A1
:102C5000150006B0BDE8F0873368013333604D449A
:102C6000DAE76FF01B00F4E770B50C880646888839
:102C7000241A3069A4B2844285B224BF641BA4B272
:102C80002D1BA8B2984228BF18463368234413600E
:102C90000B8803440B8070BD70B4838985880669F6
:102CA000ED1AADB2731B934228BF134670BC0A469F
:102CB000011DFFF7D9BF70B40E460146C58831F833
:102CC0000A3FEC1AA3B2934228BF1346324670BCA7
:102CD000FFF7CABF10B54B880C88E41AA4B294421F
:102CE0000ED31A4492B28B884A800A800069D21AA5
:102CF00092B2824201D2002010BD03448B80FAE7D9
:102D00006FF01500F8E72DE9F34106460F4615462A
:102D10004FF000082A4601A93046FFF7BDFF0446E0
:102D200040B10246394601980FF043FC2D1BA044E8
:102D30002744EFD14246311D3046FFF7CBFF4046D6
:102D400002B0BDE8F0812DE9F34107460E46154675
:102D50004FF000082A4601A93846FFF7ACFF0446A9
:102D600048B12EB10246019930460FF022FC2644AC
:102D70002D1BA044EED1424607F10A013846FFF769
:102D8000A9FF404602B0BDE8F081704703785B07B9
:102D90005FBF03684288C3F34A2303EB12105DBF91
:102DA000173020F00700800800207047002070478F
:102DB00008F03ABD0346BFF35B8F53E8000F421C97
:102DC00043E800210029F8D1BFF35B8F70471FB59E
:102DD0000023CDE90201CDE900331A461946184611
:102DE000CCF7B8F805B05DF804FB0120CBF772BD55
:102DF0000020704718B140680079CBF78BBF4FF0C7
:102E0000FF30FAE738B5436804460D46DA711146DB
:102E1000CBF7DEFF63681D60636801225A71BDE86D
:102E20003840CBF749BD10B543685B79044613B110
:102E30000021CBF7CDFF636800225A7110BD70B539
:102E400015460C4669B1D2E901369B1B99420AD856
:102E500013680A46014698190FF0ABFBAB68234490
:102E6000AB60204670BD6FF01B00FBE770B50E46EF
:102E700015461946044618B9BDE87040CBF72ABD7F
:102E800033B1C2F34A231030120D18440FF091FBF6
:102E9000C4E900562046BDE87040CBF7E7BE2DE9F7
:102EA000F3415F1C4FEA8708064608F1170020F03F
:102EB000070080080C461546CBF790FD0023ADF8BF
:102EC00005308DF807308DF8047068B10346019A1B
:102ED00043F8102FA8F104012A46294452F8045B54
:102EE00043F8045F8A42F9D1A20102F4E07242EA97
:102EF000482222F07F4222F47002002322F03F0297
:102F0000314602B0BDE8F041FFF7B0BF07B501237D
:102F1000019201AAFFF7C3FF03B05DF804FB07B5F8
:102F2000CDE9002302236A46FFF7B9FF03B05DF83D
:102F300004FB1FB5CDE90123069B039301AA0323DC
:102F4000FFF7ADFF05B05DF804FBF8B506460D468A
:102F500014461F4604B9F8BD214628463A46B047F4
:102F6000241A0544F6E710B5426881680446D2E9A0
:102F700000230068FFF7E9FF636800221A6010BDB4
:102F800038B54B681A68CB689A4205460C4602D1A0
:102F90000846FFF7E8FF6368BFF35B8F53E8002F35
:102FA000511C43E800100028F8D1BFF35B8FA368E1
:102FB0009D54002038BD0A2838B504460D4602D17C
:102FC0000D20FFF7DDFF29462046FFF7D9FF00203F
:102FD00038BD2DE9F043054689B008460E8891F8C2
:102FE0000090D1F808800C461746CCF70DF8011E6A
:102FF000C6F38216C9F3C2091FDB4846CBF748FE69
:1030000003462146608851F8102B0296C2F34A22EB
:10301000002A01EB0204C0F30B1008BF00210022BC
:10302000CDE90507CDE90314CDE900224146284644
:10303000CCF716F809B0BDE8F0830023E1E70B6890
:10304000834204BF01230B71704703785B075FBFA6
:1030500003684288C3F34A2303EB12105DBF1730A5
:1030600020F0070080080020704783689B6903B147
:103070001847704708B54368197311B11868FFF70E
:10308000F4FF002008BD10B5406824301C46FFF74F
:103090005AFE2060002010BD10B5406850F8804BEB
:1030A000F6F79CFC2046FFF7E0FFA3685B6A0BB1D4
:1030B00020469847002010BD2DE9F04145681E4686
:1030C0002B7B0C46174693B101EB0208A04507D1B4
:1030D0003760D5E90131012098470020BDE8F08133
:1030E000286814F8011B83685B689847EEE705F1D0
:1030F0001000FFF708FE05F1B80330600121BFF3AF
:103100005B8F53E8002F43E800100028F9D1BFF38C
:103110005B8F002AE1D1286883685B69002BDCD0D3
:103120009847DAE78268002382F85C308268A2F868
:1031300056308268A2F85430704710B50346BFF38A
:103140005B8F53E8000F40EA010243E80024002CA3
:10315000F7D1BFF35B8F10BD10B50346BFF35B8F94
:1031600053E8000F00EA010243E80024002CF7D1E5
:10317000BFF35B8F10BD0EB403B503AA52F8041B56
:103180000192CDF7A9FE02B05DF804EB03B07047E1
:1031900008B510B1C9F780F980B208BD00F52570F7
:1031A000F5F7B2B94FF0FF324FF0FF3300F525705D
:1031B000F5F7E4B900F5207019B14FF40061FFF79D
:1031C000BCBF6FF40061FFF7C7BF00F5207019B1F5
:1031D0004FF48061FFF7B1BF6FF48061FFF7BCBFB0
:1031E00008B500F51F7029B10121FFF7A6FF00F017
:1031F000010008BD6FF00101FFF7AEFFF7E7F7B57B
:10320000044600260027204600F013FDE06900F088
:1032100062FF05462046CEF7BBF8A368B3F85430EA
:1032200023B14FF4F67000210AF010F955B1A068EF
:1032300000F521700022CDE9006701210AF0ECFBC6
:103240000028E0D003B0F0BD08B500F52570F5F713
:1032500095F9B0FA80F0400908BD0028886814BFCD
:103260000823012300F5217019460AF0CEBB10B5E2
:10327000044680684FF4807100F52070FFF75DFF11
:10328000A3681B7D022B02D12046CDF793F9A068DD
:103290006FF48071BDE8104000F52070FFF75CBF4F
:1032A00073B5044680680E46154600F5217000226D
:1032B0000023CDE900230AF0AFFB58B1A06800F568
:1032C000217031460AF0A4FB20462B4602B0BDE82F
:1032D0007040184702B070BD10B583681A7D012A8E
:1032E000044628D1D3F88022510408D5D3F87C2293
:1032F000520704D401461A6DC06900F092FEA0681E
:103300004FF480420023FFF79FFF10B96FF00F00CA
:1033100010BD08212046CDF7F3FE204600F088FDC1
:103320006069CCF767FF2046CDF71EF9A068FFF76C
:1033300035FF0020ECE76FF08500E9E7F8B50446BB
:1033400080681F46037D022B0D46164607D0BDE858
:10335000F8404FF4805100F52070FFF7EEBE4FF4B7
:1033600080420023FFF770FF48B3A368D3F88022A0
:10337000100508D49A6C32B9D3F87C32990602D57C
:10338000204600F056FC3B4632462946204600F0D7
:10339000AFFCA368D3F88022120508D49A6C32B926
:1033A000D3F87C329B0602D52046CDF7F1FF606949
:1033B00000F0AFF8A068BDE8F840FFF7EFBEF8BD39
:1033C0000CB407B504AB53F8042B0193FFF7B6FF19
:1033D00003B05DF804EB02B070470EB403B503AB65
:1033E000022153F8042B0193FFF7A8FF02B05DF808
:1033F00004EB03B070470EB403B503AB082153F8D8
:10340000042B0193FFF79AFF02B05DF804EB03B0C1
:1034100070470EB403B503AB032153F8042B01939B
:10342000FFF78CFF02B05DF804EB03B070470EB4F9
:1034300003B503AB012153F8042B0193FFF77EFF83
:1034400002B05DF804EB03B070472DE9F041074688
:103450000E4614460D460CB9BDE8F081102CA0466E
:1034600028BF4FF010082A46A91B43463846CDF71F
:103470007BFCA4EB08044544EDE770B504460D461B
:1034800099B10846FFF784FE4FF4804206460023B8
:10349000A068FFF7D9FE10B96FF00F0070BD731C64
:1034A000142B05D9A068FFF779FE6FF01500F5E73A
:1034B0002946A068C8F7E8FFA36883F83C60A068C5
:1034C000FFF76CFE0020E9E710B54FF48042044698
:1034D00000238068FFF7B8FE38B12046CCF750FED5
:1034E000A068BDE81040FFF759BE10BD18B1836851
:1034F000D3F8B00270476FF01500704710B48468BD
:10350000A1648368DA6411B910BCFFF70BBE10BC6C
:10351000704710B502698368126801680446C06884
:103520009847236900221A6010BD38B5CB681B7C10
:10353000022B05460C4604D10A2802D10D20FFF7C4
:10354000F4FF236922681B68D5542269136801338C
:10355000136023691A6863689A4202D12046FFF714
:10356000D8FF002038BD08B510B1C8F795FF80B26C
:1035700008BD2DE9F74F824601A80D4616461F46A5
:10358000F4F7BEFB804601984FF0000900EB4818A5
:10359000804501D8002028E04FB9DDF804B0DBF801
:1035A000004084B9019C04F120000190F0E7012F54
:1035B00004D009F0E8FA0028EFD0F3E709F0E3FAC5
:1035C0000028EAD1EEE72378002BEBD04DB1284656
:1035D000C8F762FF2146024628460FF054F800283B
:1035E000E0D12EB9D14508D1019803B0BDE8F08FE4
:1035F0005846B0470028F5D1D4E709F10109D1E7D1
:1036000010B5047B438922442144B2FBF3F003FB51
:103610001022B1FBF3F003FB1010101A10BD10B50F
:10362000047B438921441019B1FBF3F1B0FBF3F0A3
:10363000401A10BD30B5057B43892944B1FBF3F432
:1036400003FB141101312A4401340180B2FBF3F170
:1036500003FB1122848001324C1CC480428030BDA7
:103660002DE9F74F0026074688461446994606601E
:10367000B2462378002B00F09F80202B23D0093BFB
:10368000042B20D93B685A1C3A6048F823403B6819
:103690004B4500F0918000262578002DE9D0002EC2
:1036A0007BD1272D03D05C2D10D0222D6BD120464D
:1036B000FFF759FF611C024620460EF088FF2E4698
:1036C000A3465C46E8E704F801ABD2E704F1010B3E
:1036D0002046FFF748FF5946024620460EF077FF86
:1036E000EFE75C2D56D162789642F1D0302A21D195
:1036F00002230025E25CA2F13001C9B2072916D8E5
:10370000ED000133EDB2052B45EA0105F2D1591E5A
:103710002144204601930091FFF725FF019B00996A
:10372000023BC21A20460EF052FF2570C9E7DBB2F9
:10373000022BECD1782A2DD102210025635CA3F164
:103740003002D2B2092A08D82D01EDB215434B1C24
:10375000042B4FF00301DAD0F0E7A3F16102052A50
:1037600005D82D01EDB2573B1D43EDB2EFE7A3F1B4
:103770004102052A03D82D01EDB2373BF4E70229B7
:1037800008D00323C3E7202D3FF473AF093D042D78
:103790007FF66FAF04F1010B93E7B54204F1010B23
:1037A0009FD12046FFF7DFFE5946024620460EF025
:1037B0000EFFA346002684E7304603B0BDE8F08F35
:1037C000F8B50E461146074615460EF0B4FF0446FE
:1037D000E0B12846FFF7C7FEA742054607D214F816
:1037E000013C202B02BF0135ADB204F1FF3420466D
:1037F000FFF7B9FE3388421C5B1B521B33806119F3
:10380000204692B2BDE8F8400EF0E1BEF8BD2DE9C9
:10381000F0410F4686B01646044670B1034601AC2F
:1038200000F1100518685968224603C20833AB42FC
:103830001446F7D11868106001AC4FF000084146FB
:1038400032462046CDF75CFB08F10108054628B159
:1038500029683846C8F70EFE0028F0D1284606B081
:10386000BDE8F0812DE9F0471C46DDF820809DF889
:10387000249000230F46164623602368BB4205466A
:103880001BD256F8230000F0F9FD2368824618B1D8
:10389000013323602846F0E756F8231042462846B5
:1038A000FFF7B5FF48B123685A1C2260B9F1000F39
:1038B000E3D08045E1D1236055462846BDE8F08736
:1038C00070B50546FFF74FFE044628B12B4600268B
:1038D000621E591B8A4200DC70BD13F8012B202A9E
:1038E00002D0093A042AF3D8591B89B28AB2944209
:1038F000EED96A5C202A02D0093A042A03D801369C
:10390000B6B20131F2E7002EE2D08AB2A21A18460E
:10391000013229440EF05BFEA41B0346A4B2D6E795
:10392000F8B5846894F85C3006462BB9B368B3F8F0
:103930005420A3F85620F8BD04F15C00B4F85430CC
:10394000C21812F8012C202A1CD0093A042A19D9CD
:103950000022C25413461D460133425D202A9BB209
:1039600000EB0501F7D0093A042AF4D9002DDDD087
:10397000B4F854707A1C521B7F1B0EF028FEA4F87A
:103980005470D3E7013B9BB2A4F85430002BD5D13F
:1039900084F85C30CAE700231A46FFF7EABD022329
:1039A0000022FFF7E6BD2DE9F74F054601A8F4F721
:1039B000A7F9019C04EB40180DBB0024204603B07E
:1039C000BDE8F08F266876B13046C8F765FD07463A
:1039D0002846C8F761FD874205D131462846C8F719
:1039E00049FD0028EAD0E3693BB11B682BB1D3F84D
:1039F00000909A4600264E4504D120340194A045FB
:103A0000E0D8DAE75AF804BF5846C8F745FD07463C
:103A10002846C8F741FD874205D159462846C8F7D0
:103A200029FD0028CAD00136E5E70EB403B503AA84
:103A300052F8041B0192CDF74FFA02B05DF804EB87
:103A400003B0704710B50446C8F726FDB4F85430EB
:103A500013FA80F038B1638FB0FBF3F203FB12006E
:103A6000B0FA80F0400910BD38B584682046C8F728
:103A700013FDD4F87C52B4F85630C5F3400580B23B
:103A800005FB0300638FB0FBF3F203FB1200B0FAF7
:103A900080F0400938BD10B50446FFF7E5FF18B9BE
:103AA000A068FFF7CFFF20B16069BDE81040CDF7F7
:103AB000B9BA10BDF8B584680546B4F85420B4F816
:103AC000561004F13000FFF7B5FDA868A78EE68E0A
:103AD000FFF7B8FF10B16869CDF7A4FAB74207D174
:103AE000218E638E2846C91ABDE8F840CDF7B6BAD4
:103AF000E18EA38E2846C91ACDF79AFAF0E7F8B5F9
:103B0000044680680D46B0F85610B0F854203030A6
:103B10000D44FFF78FFDA068ADB2B0F856102A46ED
:103B20003030FFF77CFD0746A0682A46B0F85610F3
:103B30003030FFF765FD794206462046CDF778FA2A
:103B400031462046CDF78AFAA368A3F85650F8BD4F
:103B50002DE9F0410C1E064633DA644224B24FF0E0
:103B6000FF35A4B2AFB213E0B368B3F856C0B3F8F0
:103B7000548003F15C0E6146002269B96B1C22D1AE
:103B8000A1EB0C0109B23046FFF7B9FF013CA4B22A
:103B9000002CE9D1BDE8F081884501D1012DEFD09D
:103BA0001EF8013023F020004138192807D9303B96
:103BB000092B04D9002AE3D1394489B2DDE7012277
:103BC000FAE70125CDE7B8F1000FE9D1D8E783681E
:103BD000B3F85610494209B2FFF791BF8368B3F8B2
:103BE0005410B3F85630C91A09B2FFF788BF83687A
:103BF000B3F856301BB14FF0FF31FFF780BF70476D
:103C00008368B3F85620B3F854309A4202D20121A7
:103C1000FFF775BF70478268B2F85610A2F85410CB
:103C20008368B3F856201344002283F85C20CDF754
:103C3000EDB910B504468068B0F85420B0F85610BD
:103C40003030FFF7F7FCA368198E2046C1F101015F
:103C5000CDF704FAA368998E20460139CDF7E8F92B
:103C60002046BDE81040CDF7D1B92DE9FF4105460A
:103C70000F4614460026A4B904B0BDE8F081D3F87D
:103C800080229205FBD5BFF35B8F03F5207353E8C9
:103C9000001F21F4007143E80012002AF7D1BFF39E
:103CA0005B8F686803682246D3F80C80B91903ABB0
:103CB000C047039A1644A41A002ADCD1AB68197DC8
:103CC0000329EED00229DAD84FF0FF304FF0FF3150
:103CD000CDE90001082103F5217009F09DFEA868D7
:103CE00000F52170082109F093FEDAE7FFF7BDBF68
:103CF000F7B51E4683681546D3F87C22D2060446E3
:103D000013D593F83E208A420FD0DB8FADF80430F4
:103D1000CDF7F6F9606932462946CDF7DDF801A9FD
:103D20002046CDF70DFA03B0F0BD60693246294652
:103D300003B0BDE8F040CDF7CFB80CB407B504AB85
:103D400053F8042B0193FFF7D3FF03B05DF804EBA6
:103D500002B070472DE9F0418768B7F85460B31896
:103D6000FF2B05468846144626DCB7F85630F61A6F
:103D70005C331F44B6B23246394638190EF027FC80
:103D80002246414638460EF014FCAA68B2F8543078
:103D90002344A2F85430AB68B3F8542013440022F3
:103DA00083F85C20AB68D3F87C12890706D4B3F89B
:103DB00056201444A3F85640BDE8F0813146284609
:103DC000BDE8F041CDF73EBAFFF7C4BF38B50546B0
:103DD0008068B0F85620B0F85440A41AA4B29CB140
:103DE0005C321044411C22460EF0F1FBAA68B2F886
:103DF0005430013BA2F85430611E28460122BDE830
:103E0000384089B2CDF71EBA38BD10B58368B3F813
:103E1000542004465AB1B3F8563043B14FF0FF3145
:103E2000FFF76DFE2046BDE81040FFF7CFBF10BD85
:103E300070B592B00023054601934FF47A74686818
:103E4000036840221E6902A901ABB047019B13B170
:103E500008B9013CF3D112B070BDF8B5C3695E6911
:103E60005F6883683046D3F87C52FEF789F8C5F363
:103E70000015044650B1014605F18E023846FFF7A1
:103E8000A8F830462146FEF7D6F80120F8BD436871
:103E90001B68D3E90632BFF35B8F53E800CF8C4435
:103EA00043E800C00028F8D1BFF35B8F9368BFF3ED
:103EB0005B8F53E8000F084443E80002002AF8D162
:103EC000BFF35B8F70472DE9F84343681E68B26803
:103ED000F369D2F87C429A681279012A07460D46A6
:103EE000C4F3001403D0032A50D0BDE8F883D86887
:103EF000D3F814800B7859075EBF2B68C3F34A24AC
:103F00006B8840F2E73158BF04EB13144FF4004EB6
:103F10008C464FF0000158BF1734E0FB0EC158BF6C
:103F200024F007044FF47A724FF00003604654BF48
:103F3000A4080024C8F784FA02460B4640462146EE
:103F4000FDF782FF814628B938460121BDE8F843D4
:103F5000FFF79DBF012CF7D92946026851F8043BB1
:103F6000C3F39D0363F39F0240F8042B621E92008B
:103F70000EF01FFB40464946FDF7E3FFB06800F531
:103F800021700221BDE8F84309F03FBD3046D3F867
:103F90000480FFF74EFE09F026F904F18E0704466F
:103FA00000B3EFF31184202383F31288BFF36F8FE4
:103FB000B368D3F880321A051ED53A4629464046E2
:103FC000FFF707F8B368D3F880321B0502D43046F8
:103FD000CDF7DEF909F007F990B184F31188BFF34A
:103FE0006F8F82E7B06800F525704FF0FF324FF019
:103FF000FF33F4F7C3FADBE73046FFF71AFEDCE7DE
:10400000B06800F52570BDE8F843F4F77DBA10B547
:1040100013460C460A4601461846FFF767FE20463F
:1040200010BD70B504460D461646D0E90410FDF7E4
:10403000EAFE324620682946FEF7E4FE63685B68C4
:104040005D60A36800221A60A36801221A7170BD26
:1040500010B504460068FEF7E6FEA36802221A7156
:1040600010BD10B543681C686068036801219B6837
:104070009847E36950BB9B6803221A71A368BFF39A
:104080005B8F03F5207353E8001F41F4005143E8B0
:104090000012002AF7D1BFF35B8FA068B0F854205C
:1040A000B0F856103030FFF7C5FA4FF0FF31204618
:1040B000CCF7BEFFA368198E20464942CCF7CEFF4D
:1040C0002046FFF7CAFE0028FAD110BDBDE8104017
:1040D0001846FFF7BDBFF7B503685B681C68A368A7
:1040E000D3F87C628368BFF35B8F0546C6F3001686
:1040F000002253E8007F43E800210029F9D1BFF3F3
:104100005B8F8FB13EB1A3680121DB8FADF8043026
:104110002046CCF7F5FF68683946CBF7D7F81EB1D3
:1041200001A92046CDF70CF8204603B0BDE8F040C9
:10413000FFF793BE78B10378C42B0BD143780B2BD8
:1041400008D18378D22B05D1C078A0F186035842DC
:1041500058417047002070470EB403B503AA52F8C7
:10416000041B0192CCF7B8FE02B05DF804EB03B07B
:1041700070472DE9F843054688461746002418F88D
:104180000430202B21D0093B042B1ED94046C8F710
:1041900083F9AB68598F80B2001BCB1B984208EBA8
:1041A000040914D94846002610F8012B202A06D00D
:1041B000A2F1090CBCF1040F02D80A2A2DD0334613
:1041C000BA19914228D90136EEE70134D7E74B46B8
:1041D0000026B04208D168694946FFF7BDFF68690B
:1041E000BDE8F843CDF7EEB813F8012B0A2A11D138
:1041F0006869FFF78EF9324649462846FFF735FDD4
:10420000013434446869CDF7DDF839462846CCF7E7
:1042100025FFBBE70136DCE71E466869FFF779F941
:10422000324649462846FFF720FD344418F804304A
:10423000202B02D0093B042BE4D80134F6E7002000
:10424000704783690020186070470EB403B503AA55
:1042500052F8041B0192CCF73FFE02B05DF804EB6C
:1042600003B0704708B50168FFF707F9002008BDE3
:104270008368BFF35B8F03F51F7353E8001F41F0A2
:10428000020143E80012002AF7D1BFF35B8F002040
:1042900070478368BFF35B8F03F51F7353E8001FFC
:1042A00021F0080143E80012002AF7D1BFF35B8F29
:1042B000002070478368BFF35B8F03F51F7353E8DB
:1042C000001F21F0100143E80012002AF7D1BFF3CC
:1042D0005B8F002070478368BFF35B8F03F51F730C
:1042E00053E8001F21F0200143E80012002AF7D113
:1042F000BFF35B8F002070478368BFF35B8F03F5CC
:104300001F7353E8001F21F0020143E80012002A46
:10431000F7D1BFF35B8F002070478368BFF35B8FDB
:1043200003F51F7353E8001F41F0080143E8001232
:10433000002AF7D1BFF35B8F002070478368BFF37B
:104340005B8F03F51F7353E8001F41F0100143E832
:104350000012002AF7D1BFF35B8F002070478368FB
:10436000BFF35B8F03F51F7353E8001F41F020017B
:1043700043E80012002AF7D1BFF35B8F002070479B
:104380000023C360704770B51546C4681E46F1B17E
:104390003CB9034653F8044F9C4209D100203080B9
:1043A00070BD8368A34202D10023C360F6E724688E
:1043B000C460002CF2D0228904F10A0128460EF0D4
:1043C000F8F8238933800022EA540120E8E7002C22
:1043D000E4D043689C42E7D06468E9E72DE9F843FC
:1043E000002304468846C360164622B3071D406872
:1043F000874200D0B8B906F10A09206800220023DC
:104400004946F3F75DFE0546B8B963689F4212D08E
:10441000A168D1E9003213605A60C1E90000206848
:1044200008F010FCE9E703899342E4D10A300EF06A
:10443000F6F80028DFD1BDE8F88306813246414610
:104440000A300EF0B6F86368C5E900375D60656054
:10445000F1E770B50446061D00256368B34202D13A
:104460000023E36070BDA168D1E9003213605A6097
:10447000C1E90055206808F0E5FBEEE710B50446F9
:1044800028B1C8F709F8002380B2984201D800206B
:1044900010BDE25C3F2A03D02A2A01D00133F4E7A1
:1044A0000120F5E710B5044680684FF480720021C2
:1044B00000F5AE700EF0A4F8A068B0F8542000F13A
:1044C0005C0100F5AE700EF074F8A06800F5AE70F7
:1044D000FFF7F6F9A46804F5AE70C7F7DDFF013009
:1044E000A4F8580010BD10B504468068B0F85820F4
:1044F00000F5AE715C300EF05CF8A368B3F858209C
:10450000A3F8542010BD0EF07BB80EF052B801464F
:104510000068CDF743BA08B5CDF7B0FABDE808405A
:10452000CDF7D2BE0A460121FEF7F0BC00210120E2
:10453000CDF734BA6FF08500704761B662B680F38C
:104540001188BFF36F8F704772B6002383F3118811
:10455000BFF36F8FBFF34F8F30BF62B6BFF36F8F64
:10456000704772B6002383F31188BFF36F8FBFF3D8
:104570004F8F20BF80F31188BFF36F8F62B67047F3
:10458000202809D9B0F1004F08D80138B0FA80F0DE
:10459000C0F11F0040007047082070473E20704760
:1045A00008B5D1E904319847002008BD08B5CEF719
:1045B000BDF8002008BD0B0704D5A0F14103192B5D
:1045C00098BF2030704707B51346402200920A4634
:1045D000CEF724F903B05DF804FB00F054B900F005
:1045E0008FBD13B50024CDE90044D1F745FF02B0DB
:1045F00010BD13B50024CDE90044D1F7DBFE02B0B5
:1046000010BD7047BFF35B8F50E8003F013340E8B7
:104610000032002AF8D1BFF35B8F7047002303827A
:104620004369C3607047816A8968CEF719BC08B5D1
:1046300001460830FFF7E6FF084608BD0346184666
:104640005B68002BFBD17047426810B52AB10B465E
:104650001C465B68002BFBD16260416010BD10B549
:10466000044628B901F10800FFF7CCFF084610BD49
:10467000034618465B68002BFBD1FFF7E5FF204699
:10468000F5E710B508B14B6843604C680023084655
:104690004B60CEF765FC204610BD2DE9F041074682
:1046A0000D46144634B9A0464046BDE8F081646822
:1046B0009B1AF7E7228A9A42F9D9069A954228BFAF
:1046C00015464FF00008002CEED0002DECD0268AC5
:1046D000E168F61AAE4228BF2E46194407EB0800DF
:1046E00032460DF066FFB0446468AD1B0023EAE774
:1046F00083680B4403607047838802681944818093
:10470000D018704730B484880568A31883802819AE
:1047100030BC0DF04EBF10B5838802685C1C8480ED
:10472000D154D01810BD30B5838802689D1CD418B0
:104730008580D154090A617030BD83885B1A9BB2B1
:1047400083800068184470478288521A034682802A
:104750000068084418607047034600689A88521A37
:1047600001449A8019607047002070470CB407B567
:10477000034604AADB68084652F8041B01929847D6
:1047800003B05DF804EB02B0704700207047F3F708
:10479000C5BDF3F735BECEF733BC38B5036BDB07C9
:1047A000044628D5D1E90032B2F1FF3F08BFB3F18A
:1047B000FF3F23D0D0E90A505B1942414FF000017E
:1047C00028BF0121E9B9B2F1FF3F08BFB3F1FF3FB4
:1047D00017D0B2F1FF3F08BF13F1020FC4E90A324C
:1047E00003D104F1100009F0A5F800212046F5F7E7
:1047F000ADF9002038BD6FF00800FBE76FF0150041
:10480000F8E76FF00A00F5E738B50446006BC50716
:1048100024D5D4E90A2352EA030522D0800716D50D
:1048200001220023C1E90023D4E90A32013B42F10D
:10483000FF32C4E90A32134302D1204609F07AF864
:10484000002104F11000F5F781F9002038BDC1E91D
:10485000002300220023C4E90A23EEE76FF00800DA
:10486000F4E76FF00A00F1E70CB407B5034604AAB9
:10487000DB68084652F8041B0192984703B05DF8C4
:1048800004EB02B0704770B5141E05460E4613DBEC
:104890004FF4004C40F2E73000214FF47A720023CD
:1048A000E4FB0C01C7F7CCFD02460B463146284617
:1048B000BDE87040CEF7CEBE4FF0FF321346F5E7AD
:1048C00013460A460121FEF72ABB0A460121FEF7DC
:1048D0001DBB0022CFF7A2B908B50122CFF79EF980
:1048E000002818BF6FF0040008BDFEF70FBB4FF0A3
:1048F000FF324FF0FF330430F3F710BDF3F780BD04
:1049000090F87000C0F341107047F8B504461E4699
:104910000D461746FFF7EBFF94F870309B0715D450
:1049200025B1012D10D06FF0150508E0616F002949
:10493000F9D09DF818300F714E718B710025201D34
:10494000FFF7DCFF2846F8BDA16FF0E76FF07705B1
:10495000F5E738B504460D46FFF7C9FF94F8703007
:1049600065F3041384F87030201DBDE83840FFF76C
:10497000C5BF90F87000C0F3800070470246034640
:1049800052F8680F90420BD100207047027A8A4299
:10499000FBD0DA6E8242F7D000680028F6D170476B
:1049A0000028F3D1704738B504460D46FFF79FFF46
:1049B00094F87030DB0718D42B690BB9EB68BBB1E6
:1049C000A36E1BB904F16803C4E91A332B6893B9C9
:1049D000E26E04F16801C5E900121560E5661D4646
:1049E000201DFFF78BFF284638BD4FF0FF35F7E756
:1049F0006FF01505F4E76FF07705F1E710B50446A1
:104A0000034654F8500FA0420DD100200DE0447D24
:104A10008C4204D1032909D1047A944205D05C6DFB
:104A20008442F2D000680028F1D110BD0F29F5E7CB
:104A30002DE9F04105460C46061D4FF0FF324FF0C0
:104A4000FF333046F3F76AFC6F6F002F6DD095F897
:104A50007030DB0769D42B6D1BB905F15003C5E934
:104A600014332368002B63D1637D0F2B09D1237A84
:104A7000012B0CD06B6D05F15002C4E900231C60C2
:104A80006C65637D032B0FD04FF0000806E0E168F2
:104A90002846FFF788FF80460028EBD03046F3F722
:104AA000AFFC4046BDE8F0812A6D05F15000904210
:104AB0001ED1002329E091F815C0BCF1030F10D0DE
:104AC000013323724B68C4E900131C604C60637AA5
:104AD000022B24D0032B25D0012BD5D1237ABB73F5
:104AE000D2E791F808C00CF1FF3C6345E8D11268A9
:104AF000002ADED0517D6B6D03290DD19A42137AC5
:104B000002D011680029D6D1013323726B6DC4E93C
:104B100000031C606C65DAE79342E8D1C9E7237AA9
:104B2000FB73B1E7237A3B74AEE74FF0FF38B5E78C
:104B30006FF07708B2E70346006800B1187A704753
:104B40008388C2888168D21A03685B1AD01A7047BA
:104B50000346C08808B11878C009704770B50C4684
:104B60001546D0F75FFB40B1406883681B6823B1EE
:104B70002A462146BDE87040184770BDF8B5044686
:104B8000866803690D461746BFF35B8FD3F8A030E4
:104B9000BFF35B8F9B070ED5B36A7BB1F36B98476E
:104BA000B36A29463A4620469847336C0546204664
:104BB00098472846F8BD4FF0FF35FAE76FF08505B6
:104BC000F7E770B50446866803690D46BFF35B8F4F
:104BD000D3F8A030BFF35B8F9B070BD5F36B9847DF
:104BE000736A294620469847336C05462046984705
:104BF000284670BD4FF0FF35FAE710B5044619B9E5
:104C0000002084F8340010BDCFF70CF90028F7D04D
:104C1000F9E74FF0FF324FF0FF330430F3F77EBB7C
:104C2000F3F7EEBB21B101290DD000231B68FFDE95
:104C30005830006848B143685B79934205D00068FA
:104C40000028F8D170476030F3E7704710B590F84E
:104C50003430022B044609D1FFF752FE94F83C2071
:104C600001462046BDE81040FFF7DCBF002010BD24
:104C700008B5FFF7D7FF003818BF012008BD4FF077
:104C8000FF324FF0FF330430F3F748BB08B58368B9
:104C90001B6B0BB198470346002023B153F8042B3C
:104CA0000AB1127802B908BD1044F6E710B51C46E7
:104CB000FFF7B8FF48B10122C06802FA04F320B13F
:104CC0000269134201D10068F9E710BD10B50C4626
:104CD000FFF7BCFF48B10123C06803FA04F120B11B
:104CE0000369194201D10068F9E710BDD1F81A0033
:104CF00083681B6903B118476FF08500704738B5AA
:104D00000C46FFF7A3FF80B1C06870B14368DA6852
:104D10001AB111790023994201DC0068F5E71568A2
:104D2000ED5CA54201D00133F5E738BDF8B5CC689C
:104D300006460CB9204622E004F10C070125E26882
:104D4000AAB165F07F03D9B203F07F031033DA40D4
:104D5000D2070ED4E368EB40DB0705D5B0693A46CD
:104D6000E9B200F09CF850B90135102DE7D1246864
:104D7000DFE7B0693A4600F092F80028EAD0F8BDC3
:104D80002DE9F3475768002497F8058005460E463D
:104D9000A1463B79A34203DC002002B0BDE8F087C6
:104DA0005FFA84FA3146534642462846FFF77EFFB3
:104DB000014650B1CDF80090534601222846D0F765
:104DC00021FB0028E9D10134E3E76FF03C00E4E780
:104DD0002DE9F74380460D461746FFF777FF064655
:104DE00028B96FF00104204603B0BDE8F0830F2D11
:104DF000F7D808EB0509014699F83E4000972B4685
:104E000000224046D0F7FEFA0028EAD100942B4653
:104E1000022231464046D0F7F5FA04460028E2D196
:104E200000972B46012231464046D0F7EBFA044664
:104E30000028D8D1706883685B6813B13A46294668
:104E4000984789F83E70CEE711F0800F18BF21F027
:104E5000800102684FF0010318BF10318B4022EA35
:104E600003030360704737B58B7900938B880C463A
:104E70001546CA78897805F08AFF70B994F902302E
:104E8000A1782A68002BB8BF21F080014FF0010300
:104E9000B8BF10318B4013432B6003B030BDF8B561
:104EA00006460D46174605F09BFF044658B92946AD
:104EB0003846FFF7C9FF2946304606F06BF804462E
:104EC00008B9F4F769F92046F8BD0A4680698021DF
:104ED00006F090B843689869ECF7E6BC70B591F9B4
:104EE00018304668002B05460C4607DBC4F81A50FC
:104EF000B0692146BDE8704005F0EEBF3046FFF7CF
:104F000038FD0028F2D04FF0FF3070BD806906F008
:104F100096B80B0648BF21F08001806B48BF103166
:104F2000C84000F001007047F8B505460E46071D61
:104F30004FF0FF324FF0FF333846F3F7EFF9EC69EB
:104F40002CB9EE613846F3F75BFA2046F8BD6FF0F6
:104F50007704F7E782B0C3698DF8001001922BB196
:104F600002AB13E9060002B0D0F796BB02B070475F
:104F700003691B69996800228A775B68D3E900108E
:104F800001604860C3E90022704703691B69D86863
:104F900070474FF481607047FDF7B8BFBFF35B8F78
:104FA0000068BFF35B8F084100F00100704719B142
:104FB000052907D10020704703691168996192881B
:104FC0009A83F7E76FF08500704738B5044690B1D3
:104FD000036883B11B681D696861DAF7BFFC0323AE
:104FE00005F118012046062201F0E8F92046BDE847
:104FF000384001F0CBBD00231B69FFDE01238B404D
:10500000DB43BFF35B8F50E8002F1A4040E80021DC
:105010000029F8D1BFF35B8F70470369186902213B
:105020002030FFF7EBBF10B50469002104F1200028
:10503000FFF7E4FF0121FFF7B1FF28B12122002390
:1050400004F14800F3F7BCFC002010BD07B500696F
:10505000ADF80210A123ADF8003083689B7AADF85B
:105060000430082200236946ADF80630D0F7AEFCC4
:1050700003B05DF804FB38B50469BFF35B8F04F13E
:10508000200555E8003F43F0010345E80032002ABF
:10509000F7D1BFF35B8F606901F064FD0121284601
:1050A000FFF77CFF28B12122002304F14800F3F729
:1050B00087FC002038BD03691B69BFF35B8F203379
:1050C00053E8001F41F0040143E80012002AF7D121
:1050D000BFF35B8F70470CB407B5034604AADB68C7
:1050E000084652F8041B0192984703B05DF804EBA0
:1050F00002B07047F3F712B9F3F782B9CEF784B86C
:1051000008B5DDF7E9FFB0FA80F0400908BD0138C5
:1051100001288CBF002001207047DBF7AFBB38B5FA
:1051200003461446084601B10AB9002038BD9A8DDD
:10513000012A0CD0022A0CD118252268AA4228BFC5
:105140002A4603F12C010DF034FA2560EDE708251D
:10515000F3E76FF08500E9E7F3F738BCF8B5B0F88E
:10516000B2600446C6F3410600F180070022002326
:105170003846F3F795F9054640B9384607F08FFEF3
:1051800004F19C00BDE8F840FFF7E6BF032E05D10F
:10519000FFF7E4FF2846DEF7ADFCE7E702F09CFCF2
:1051A000E4E72DE9F04F154689B081461A460E46D0
:1051B00021B1FDB92F464FF0FF3B04E0002DF9D09F
:1051C0000F46D5F800B002F002034FF0000801933B
:1051D000CDF8088009F1800ABBF1000F04D05046D9
:1051E00007F0B4FE044638B9002F54D1029809B034
:1051F000BDE8F08F0127E4E78045F5D0B8F1000F56
:1052000008BF804602F0CBFD029983455A4628BF6D
:10521000024611440291ABEB020103460591BFB176
:1052200002B3019919B1E1680491216903913168D0
:105230002046CDE9062302F04BFD3168069A079B14
:105240001144019A316082B1049BE360039B2361A6
:10525000002200235046F3F723F90146504607F099
:1052600051FE15E0019A002AF2D19B4510D300238C
:1052700000225046F3F714F990F837309B0742BFED
:10528000D9F8783043F00103C9F8783002F024FCF3
:10529000DDF814B0A0E7C5F800B0A7E770B5836FDC
:1052A000049EDB0704460D4604D5BDE87040084661
:1052B00002F012BCD0F8A40028B14FF0FF324FF03A
:1052C000FF33F3F72BF8002E05DAA36F764243F095
:1052D0000403E667A36704F18006E5B9304607F0EA
:1052E00047FE88B9A36F43F00103A367304607F078
:1052F000D6FD04F19C00FFF72FFFD4F8A400A8B15D
:10530000BDE87040F3F77CB890F8373043F0020303
:1053100080F83730EDE795F8373023F0020385F851
:1053200037302946304607F0EDFDE2E770BD002931
:1053300010B504460EDA836F494243F00403C16797
:105340008367803007F0ABFD04F19C00BDE810409E
:10535000FFF702BF10BDD1F723BCD1F74FBCD1F787
:1053600081BCD1F7A7BCD1F717BDD1F73FBD07B5B9
:105370000023CDE90033D1F739FD03B05DF804FB1C
:105380002DE9F0474FF0FF338CB015464FF0FF3258
:10539000CDE90A230A236A0604460E46099303D47C
:1053A000836F13F0020339D000220023CDE90A23D2
:1053B00006A808F049F9DDE90A2306A8DDE906890F
:1053C00008F042F9DDE90623CDE9042300270DF1B9
:1053D000240ADDE90A230297CDE9002331460023A0
:1053E0002A46204602F0C3F800281FDADDE90A2326
:1053F0000146CDE90023CDF808A04B4642462046A1
:10540000D1F718FA431C11D0DDE9042306A808F0EF
:1054100040F9DDE90623CDE90A23DAE70AAA0521E6
:10542000DFF7C8F94FF4A0220023C1E70CB0BDE8B4
:10543000F087FFF7A5BFD1F793BDD2F799B807B5AD
:105440000023CDE90033D2F793F803B05DF804FBF5
:10545000D2F7BCB8D2F7F6B8D2F7E8B9D2F70CBB9E
:10546000D2F76ABB30B58368002003B930BD40B1C4
:10547000D3E90241D0E90252A5428A4101DB1B680F
:10548000F3E71846FBE70CB407B5034604AADB684C
:10549000084652F8041B0192984703B05DF804EBEC
:1054A00002B070470EB403B503AB049A53F8041B63
:1054B0000193D1F717F802B05DF804EB03B0704721
:1054C00010B500220C460321FFF7ECFF431C1FBF61
:1054D00000F4804004F040042043B0FA80F014BF90
:1054E0004009002010BD08B508F0ACF84FF47A72FE
:1054F000A0FB020302FB0131C00B40EA4140C90B93
:1055000008BD0068D1F7AAB80068D1F77BB8037965
:1055100043F0040303710068D0F7F6BE0068D0F7CB
:105520009BBE0068D0F76ABE38B5044600692C30CF
:1055300007F090F9054640B9236900200021C3E92E
:10554000020120691430F3F73FF8284638BDF2F71E
:10555000E5BEF2F755BF0138012808D8A2F58070E2
:10556000032898BF01290CBF0120002070470020AC
:10557000704712F5D24F08B504D10122BDE80840AA
:10558000D2F7A2BB12F5D14F01D10422F6E70021D8
:1055900040F6CD4007F05AFF002008BDD3F764B9AC
:1055A000D3F782B9D3F7F4BAD3F772BB07B50023A8
:1055B000CDE90033D3F76CFB03B05DF804FBD3F700
:1055C000EDBBD3F71FBC07B50023CDE90033D3F7FC
:1055D00019FC03B05DF804FBD3F7C6BCD3F754BD88
:1055E00000207047D4F7CEB9D4F7CCB9D4F7CAB9F4
:1055F000D4F7C8B9D4F7BCBBD4F7D0BBD4F7CEBB73
:10560000D4F7E2BBD4F7F6BBD4F7F4BBD4F7F2BBC4
:10561000D4F7F0BBD4F71ABCD4F718BCD4F724BC29
:10562000D4F722BCD4F720BCD4F71EBCD4F71CBCE2
:10563000D4F71ABCD4F718BCD4F716BCD4F714BCF2
:10564000D4F712BCD4F710BCD4F70EBCD4F70CBC02
:10565000D4F736BC48B1006838B1BFF35B8FC0687F
:10566000BFF35B8F084100F00100704708B50021CF
:105670000346FFF7EFFF28B118460821BDE80840B0
:10568000FFF7E8BF08BD10B50446C6F705FF0023C5
:10569000834201DB012010BDE25C303A092A01D8C7
:1056A0000133F5E70020F6E7006800F0F000A0F114
:1056B000E00358425841704710B5C4688C420FD877
:1056C000D0E90532013B02FB0343994208D8091B8C
:1056D000B1FBF2F302FB1311B1FA81F0400910BDE6
:1056E0000020FCE710B5B0F8B230DB070C4608D557
:1056F000436D33B198472168FFF7DEFF08B10123FE
:10570000237110BD08B5D8F7CFF8002008BD08B543
:10571000D8F7CAF8002008BD002070470020704765
:10572000D9F7A8BDD9F7A6BDD9F7BABDD9F7B8BD85
:10573000D9F754BED9F752BED9F750BED9F74EBEED
:10574000D9F766BED9F764BED9F762BED9F760BE95
:10575000006800F0F000A0F1E003584258417047A3
:1057600010B1006800B18068704710B1006800B1E6
:105770000068704710B5FFF7F8FF836823B15B69D5
:1057800013B1BDE810401847002010BD10B5FFF759
:10579000ECFF83689A681AB1BDE8104001211047F8
:1057A0005B6813B1BDE810401847184610BD08B536
:1057B000FFF7D6FF007E08BD70B50346FFF7D5FFA3
:1057C000856804467DB151B91846DAF777FB2B6935
:1057D0000BB9002070BD2046BDE870401847EB684B
:1057E000002BF9D1F5E76FF00100F3E70378FF2B09
:1057F00011D14378FF2B0ED18378FF2B0BD1C378C7
:10580000FF2B08D10379FF2B05D14079A0F1FF03CD
:1058100058425841704700207047B1F5006FF8B505
:10582000144624D19368DD682846FFF7DFFF40B9AE
:1058300094F83730012262F3061384F837300120E0
:10584000F8BD05F110063046FFF782FF0028EFD1C2
:105850009769DDF721FD2A6903689A42E8D031464D
:105860003846DBF727FE0028E2D10220E8E748F2BD
:10587000DD639942F9D192F837300222DBE7036900
:10588000ABB1BFF35B8F50F8043CBFF35B8F427D3D
:1058900003F0010302F00101994208D063F3000212
:1058A000427500690BB101F05DB901F06FB9704745
:1058B00001230B7000234B705E238B704378CB70F9
:1058C00082780A71C2784A7103F07F03CB70704707
:1058D00003680B604368016003B941607047136857
:1058E00039B9416803608A4200D1436000231360E4
:1058F00070470B6043689A4208BF4160F6E70B6847
:105900000360704710B1006800B110307047027832
:10591000034662B9407850B99A785AB9D87840B9F4
:105920001A793AB95879B0FA80F0400970470020E6
:1059300070471046704708B507F084FE4FF47A723E
:10594000A0FB020302FB0133C00B40EA434008BD49
:105950000378FF2B11D14378FF2B0ED18378FF2BD7
:105960000BD1C378FF2B08D10379FF2B05D14079E8
:10597000A0F1FF035842584170470020704740B1E2
:10598000006830B1BFF35B8FC068BFF35B8FC0F3BB
:1059900040307047F2F7C2BC31B1062343700B6848
:1059A000C0F802308B88C380704710B50346E0B161
:1059B00093F83D40A4074FF0000016D51C88012C39
:1059C00013D193F92940012C0FD119B10C685968F2
:1059D0008C420AD12AB1596812684A40196C0A42AD
:1059E00001D1181D01E00028FBD010BD30B500B971
:1059F00030BD84688C4203D1C5681468A542F7D0D5
:105A000003B118600068F2E7F2F7FABC08B5034684
:105A1000FFF7B5FF28B903F58470BDE80840FFF72C
:105A2000F3BF08BD38B5044619B100F11805A369E4
:105A30002BB90023A360E3602361A38238BD4FF03C
:105A4000FF324FF0FF332846F2F72AFD02F044F808
:105A5000EDE72DE9FF47904682680E460546114660
:105A6000002329B91B2B07D8022004B0BDE8F0871A
:105A7000088A49680344F4E7D4682388B3F5807F33
:105A8000F2D16388082BEFD12279062AECD1637911
:105A9000042BE9D1A37B7F2BE6D0E388B3F5807F8D
:105AA00008D0B3F5007F00F0BD80284602F014F85E
:105AB0000020DAE7A869FFF725FF04F10807811C39
:105AC00038460CF0ACFD0028CED04046FFF740FF32
:105AD000E0B104F112021046FFF73AFF18B9104680
:105AE000FFF715FF90B1A269D4F80E309A420DD19C
:105AF00004F10E0103A8FFF702FF002300933A46CA
:105B000001230146A869DAF72BF9CEE7D9F7DAFDC8
:105B10000622014640460CF082FD28B9D4F80E302A
:105B200003F0F003E02B9FD0AB690022D3F8E40030
:105B300004F11801FFF739FF002895D004F1120095
:105B4000FFF7E5FE68B103A804F10E01FFF7D7FEE9
:105B50000123009301460023A8693A46DAF700F9C9
:105B60003E46AF6940F6CD420023CDE90023002335
:105B70001A461C213846DFF7E3F80446002894D083
:105B800080681C210C30FEF7B7FDA368DA68AB68AB
:105B90000821D3F80C809170002306211370D37074
:105BA000117193714FF0010A0421022382F801A0C0
:105BB0005171D3713368C2F81230B388D38238463A
:105BC000FFF7A0FED0F802309360C388938108F1FC
:105BD0000E0102F11800FFF792FE08F1180102F120
:105BE0000E00FFF78CFE3846FFF78CFE02F112091B
:105BF000811C04F12400FFF7CFFE494604F12C007C
:105C0000FFF7CAFE40F60603A38694F83730A06972
:105C10006AF3061384F8373000220023214600F08F
:105C2000B4FB42E704F118063046DBF7C1FC48B18B
:105C300004F10E0103A8FFF762FE0023009304F1B4
:105C400008025EE7DDF728FBA26903689A42EFD0FD
:105C500031460020DBF72EFC00283FF426AFE7E7B3
:105C600092F837301046012262F3061380F837307D
:105C700000F12E0200F12601FFF7EBBE0268034699
:105C80004AB9406848B99A6842B9D86800F17F4378
:105C9000584258417047002070471046704748B13D
:105CA000006838B1BFF35B8FC068BFF35B8F0841FA
:105CB00000F00100704708B5D0F762FA02F082F9EF
:105CC000DEF764FEE0F7C0F9E0F7CAFE02F0E3FC9D
:105CD00002F080FEDFF7EEFFE6F7AEF8E3F796FBA3
:105CE000DDF7B6FCDFF700F9DCF72CFFDDF77AF81B
:105CF000EBF718F8FFF774FC002008BD10B58368B7
:105D000004466BB994F8410002F07BF92146C0B219
:105D1000DFF788F830B12046BDE8104001F0DCBE66
:105D20005B68EEE710BD836910B500F124048BB108
:105D30001A6802B11032116841625168616000F165
:105D40002C0113B11B6803B110331A68C2625A6880
:105D50004A6010BD1A46EEE738B505460C4601B359
:105D6000F8B18B6803B3DA68F2B11B8AE3B10021A2
:105D7000FFF795FFD8B194F8373043F0010384F86A
:105D80003730204601F03BFFA5612B6893B11B7CA7
:105D900084F82430204684F82C30FFF7AFFF002031
:105DA00038BD6FF01500FBE76FF03C00F8E76FF0CF
:105DB0007200F5E71B78FFDE00230B60436813B920
:105DC000C0E9001170471960416070470368002204
:105DD0000BB9184670478B4210D10B6842B9426824
:105DE0000360914200D1436000230B6001207047A3
:105DF00013604368994208BF4260F5E71A461B6882
:105E0000E6E7026803464AB9406848B99A6842B969
:105E1000D86800F17F4358425841704700207047CE
:105E20001046704710B1006800B14068704710B16B
:105E3000006800B10068704710B50346FFF7F2FF35
:105E400028B1C2681AB1BDE81040184610470020BA
:105E500010BDD20030B50139451E0023D0B215F86F
:105E6000014F11F8012F944204D10833DBB2834271
:105E7000F5D130BD5440B4FA84F4183C2344D8B270
:105E8000F7E748B1006838B1BFF35B8FC068BFF374
:105E90005B8F084100F001007047802AF8B5074683
:105EA0000E46144617D8D5082A460CF0B8FB90B910
:105EB000644214F0070410D0735D785DC4F10802E9
:105EC0005840FF239340DB43DBB2A3401840B0FAB5
:105ED00080F04009F8BD0020FCE70120FAE708B592
:105EE00010220CF09CFBB0FA80F0400908BD80B194
:105EF000036873B1BFF35B8F012202FA01F10C3327
:105F000053E8000F084343E80002002AF8D1BFF32A
:105F10005B8F704788B103687BB1BFF35B8F012251
:105F200002FA01F1C9430C3353E8000F084043E87B
:105F30000002002AF8D1BFF35B8F70470023C8F737
:105F400085BFF2F7EBB94FF0FF324FF0FF33F4307B
:105F5000FFF7F7BFF2F754BA2DE9F04F89B01E46AC
:105F6000049002910592FFF7EEFF049BD3F8E070D6
:105F7000002F00F097800024391D4FF0FF3B25468D
:105F80000194A246A046039407EB881393F83D3092
:105F9000980752D531F8043C022B4ED10B4648F2FB
:105FA000FE0233F80409904247D091F9259009F197
:105FB000FF32D2B2012A40D80298079310220691EC
:105FC000FFF747FF059B984228BF1846B9F1020F1B
:105FD000DDE90613C0B202D1BBF1010F2DD032783A
:105FE000824205D9B9F1010F27D1BBF1020F24D1AB
:105FF00007EB881292F83D2052070BD53F2809D8AD
:10600000029A1278FF2A18D1029A527802F00F02EF
:10601000032A12D1129AD5072BD407EB88120D460A
:1060200092F83D203070C2F3C002002A019A08BFE6
:106030000246019208BF1C46CB4608F10108B8F1A0
:10604000030F01F140019FD1129B990716D544B16E
:10605000043429462046FFF742FF10B9019B3370F4
:1060600025460498F430FFF775FF284609B0BDE8CF
:10607000F08F307003908A460D46DDE7129BDA07F9
:106080000CD5BAF1000FECD029465046FFF727FF98
:106090000028E6D1039B33705546E2E7129BDB05EF
:1060A000DFD5D4E73D46DCE72DE9F74306468846D1
:1060B00017469946FFF747FFD6F8E4400CB900258C
:1060C0001EE094F83D309B07F9D594F92930012B57
:1060D000F5D12388012BF2D1251D2846DAF7B6F930
:1060E0004845ECD1226C6368134004220DEB020199
:1060F00040460193FFF7ADFE3B788342DFD838700E
:1061000006F1F400FFF726FF284603B0BDE8F08350
:10611000F8B50E461746054648B1FFF714FFD5F807
:10612000E440E4B905F1F400FFF714FF25462846E2
:10613000F8BD721C03D094F92930B34213D12388DF
:10614000012B10D104342046DAF780F918B1002F62
:1061500008BF0024E6E7002F18BF0024E2E794F808
:106160003D309B07E5D40024DCE770B505460E46BC
:10617000FFF7E9FED5F8E4309BB193F83D10C1F389
:10618000400489074FF000020CD51988012906D177
:10619000196C5B6863EA010331688B4202D01446D4
:1061A00000E01C4605F1F400FFF7D4FE204670BD68
:1061B000BFF35B8F50E8003F013340E80032002A14
:1061C000F8D1BFF35B8F704710B5A8B1006898B1E4
:1061D000BFF35B8F012303FA01F10C3050E8003F5D
:1061E00043EA010240E80024002CF7D1BFF35B8FA3
:1061F0001940081E18BF012010BD30B5B0B10068AD
:10620000A0B1BFF35B8F012303FA01F1CA430C3045
:1062100050E8003F03EA020440E80045002DF7D1B2
:10622000BFF35B8F1940081E18BF012030BD08B5B1
:1062300007F008FA4FF47A72A0FB020302FB013365
:10624000C00B40EA434008BD2DE9F04F8BB00C462F
:10625000804616460193FFF776FE022C64D1D8F8EB
:10626000E0400CB9002457E040F2FF2302930025E0
:10627000ADF80C50ADF80E50ADF81050717BF07BBE
:106280008DF81510B17B4FF48073FF2241EA002195
:10629000ADF812308DF81420ADF816104FF0FF391C
:1062A000271DAA46AB4604EB851191F83D108907DE
:1062B00024D540F2FF210691ADF81CB0ADF81EB018
:1062C000ADF820B0797BF87B8DF82510B97BADF85F
:1062D000223041EA00218DF82420ADF8261006A9CD
:1062E00002A8FFF7FCFD314682443846FFF7F7FD70
:1062F0004FF48073002818BFA946FF220135032DF3
:1063000007F14007CFD1B9F1FF3FABD0019B0BB1F3
:10631000C3F800A004EB891408F1F400FFF71AFE9B
:1063200020460BB0BDE8F08F012C9BD1D8F8E4409B
:10633000002CF1D094F83D30C3F340029B0701D408
:106340001446E9E7626833689A4218BF0024E3E71D
:1063500008B500F11402BFF35B8F4369BFF35B8F95
:10636000002B04DCDAF77EF86FF0150008BDBFF3F0
:106370005B8F52E8000F013842E80003002BF8D190
:10638000BFF35B8FF2E7DAF779BA70B51D468B6819
:106390000C4616467BB994F84100DEF74FFD3246B5
:1063A0002B462146C0B2DEF731FD30B12046BDE8B4
:1063B000704001F091BB5B68ECE770BD2DE9F041E6
:1063C00004460D4617469846FFF7BDFD08212046B6
:1063D000FFF757FDD0B9062F1BD8D4B12668C6B138
:1063E00006F112006DB9C6F81250858086F810804B
:1063F0007774002504F1F400FFF7ACFD2846BDE8F2
:10640000F0813A4629460CF0D4F8EFE74FF0FF351B
:10641000F0E76FF01505EDE7DAF7BCBC2DE9F843BE
:1064200005468846FFF78FFDD5F8E04094B1271D5B
:10643000002604EB861999F83D309B0711D537F8F3
:10644000043C022B0DD1802239464046FFF725FD42
:1064500038B14C4605F1F400FFF77CFD2046BDE85D
:10646000F8830136032E07F14007E2D10024F1E75B
:10647000FFF7D4BFDAF740BD38B50C46054660B12A
:1064800059B1FFF760FD237F23F00203237705F165
:10649000F400BDE83840FFF75DBD38BD38B50C46A7
:1064A000054660B159B1FFF74EFD237F43F002036B
:1064B000237705F1F400BDE83840FFF74BBD38BD48
:1064C00070B505460E46FFF73EFDD5F8E040E4B155
:1064D000231D002204EB821191F83D1088070ED590
:1064E000711C03D093F92510B14208D133F8041C74
:1064F000022904D1188848F2FE0188420BD00132EB
:10650000032A03F14003E5D1002405F1F400FFF76D
:1065100021FD204670BD1C46F7E72DE9F0410F46EE
:10652000054618B9DAF7B0FA054680B32846FFF7F2
:106530000AFDD5F8E0602EB396F865319A07C3F3EB
:1065400040040AD596F86421394606F5A870FFF78D
:10655000A4FC044608B106F5A07496F88D319B079B
:106560000FD596F88C813946424606F5BC70FFF788
:1065700094FC30B11CB194F82430434501D906F5A0
:10658000B474264605F1F400FFF7E4FC35462846CE
:10659000BDE8F081F8B505460E461746FFF7D3FC77
:1065A000D5F8E040F4B194F865319A0706D53A463B
:1065B000314604F5A870FFF770FCC8B994F88D3126
:1065C000C3F340029B0715D53A46314604F5BC702B
:1065D000FFF763FC80B101235B4203F0280303F55E
:1065E000A0731C4405F1F400FFF7B4FC2046F8BD8D
:1065F0000023F1E71446F5E70446F3E70A460221D3
:10660000D9F7EEBF0221D9F76BBF38B504460D4666
:10661000FFF70DFE2584E061BDE83840D9F798BF4B
:1066200007B5009313460A460221DAF71BF803B0B8
:106630005DF804FBDAF79EB838B50546FFF783FC32
:1066400000212846DAF782FA044650B9D5F8E0303E
:106650000BB193F8A64105F1F400FFF77BFCE0B223
:1066600038BD0024F7E738B50546FFF76CFC00217C
:106670002846DAF76BFA044650B9D5F8E0300BB18A
:1066800093F8A54105F1F400FFF764FCE0B238BDD2
:106690000024F7E738B504460D46FFF754FC002107
:1066A0002046DAF753FA20B9D4F8E0300BB183F87A
:1066B000A55104F1F400BDE83840FFF74BBC4FF49E
:1066C0008072DAF753BE37B500230C4601461846F0
:1066D0000193FFF7F4FF0546DCF7E2FD85420CD09D
:1066E00001A92846FFF798FE04B12560019838B942
:1066F00003B0BDE83040DAF7C7B9002CF5D1F7E7B1
:1067000003B030BD0021FFF7DEBF37B5D0F89031C0
:10671000C3B1012B19D003EB43046408B4EB530F4E
:106720004FEA53050BD9641B04210DEB0100FEF762
:10673000D0F8019BB3FBF4F204FB12331D4428464E
:1067400003B030BD47F23055F9E71D46F7E770B5A5
:1067500005460E46FFF7F7FBD5F8E43093B193F802
:106760003D20C2F3400492074FF000010BD51A8878
:10677000012A05D1586832681B6C42401A4202D087
:106780000C4600E01C4605F1F400FFF7E3FB204651
:1067900070BDDAF78FBE0122FFF7BABC0022FFF707
:1067A000B7BC38B5FFF7EFFD044648B1FFF7CBFBA8
:1067B000D4F8E4505DB904F1F400FFF7CBFB2C46AC
:1067C000204638BD2B88012B18BF0025F3E795F82C
:1067D0003D30C3F340029B07F4D41546EBE7DAF7EC
:1067E000E7BE37B500230D46014618460193DAF798
:1067F0007BFE0446DCF74CFD844205D1DAF744F910
:1068000005B12C6003B030BD01A92046FFF7E7FFBA
:1068100001980028F4D1F1E70021FFF7E2BFF8B5B5
:1068200005460F461646FFF78EFB00212846DAF78D
:1068300009FEC8B9D5F8E430B3B193F83D20C2F3EE
:10684000400492070AD51A88012A0FD159683A687C
:106850004A40196C0A4209D132681A6405F1F40001
:10686000FFF778FB2046F8BD0024F7E70446F5E77C
:1068700038B504460D46FFF766FB00212046DAF7DF
:10688000E1FD28B9D4F8E43013B12A68C3F88420B4
:1068900004F1F400BDE83840FFF75CBBFFF7ECBD46
:1068A000FFF7FCBD38B50546FFF74DFB0021284634
:1068B000DAF7C8FD044650B9D5F8E4300BB193F8C7
:1068C000884005F1F400FFF745FBE0B238BD002435
:1068D000F7E738B50546FFF736FB00212846DAF71B
:1068E000B1FD044650B9D5F8E4300BB193F88940B6
:1068F00005F1F400FFF72EFBE0B238BD0024F7E706
:1069000010B50023FFF7A0FCB8B100F11402BFF3EB
:106910005B8F4369BFF35B8F7BB1BFF35B8F591C08
:1069200052E8004F9C4204D142E8001CBCF1000F29
:10693000F6D1BFF35B8FE8D110BD0020FCE737B57F
:106940000C460546F0B1C1B1FFF7FDFAD5F8E030CD
:1069500073B101AB224602212846DAF79DFF0028D9
:106960000EDD019A92F83D3023F0100382F83D309D
:10697000002405F1F400FFF7EDFA204603B030BD26
:106980000124F6E70446F8E72DE9F84307460E46EA
:10699000904699460C1D002506EB851393F83D3073
:1069A0009B0711D534F8043C022B0DD194F8243008
:1069B000012B09D14A4621464046FFF76EFA18B12D
:1069C00021463846FFF7BBFF0135032D04F1400493
:1069D000E2D1BDE8F88337B50C460546F0B1C1B148
:1069E000FFF7B1FAD5F8E43073B101AB22460121CB
:1069F0002846DAF751FF00280EDD019A92F83D3063
:106A000023F0100382F83D30002405F1F400FFF775
:106A1000A1FA204603B030BD0124F6E70446F8E7AA
:106A200010B50346FFF7FEF9BDE8104002681846AE
:106A300010472DE9F0410C464E69092105461746DD
:106A40009846FFF71EFA60B96FF072071EB139461B
:106A50003046D9F799FF94F82D30002B50D1022001
:106A600033E004212846FFF70CFA0028ECD101217D
:106A70002846FFF706FAA8B994F8253093B9A36918
:106A800013B900235B78FFDE1B68002BF9D05A7C1A
:106A9000062A03F1120105D884F8252004F1260006
:106AA0000BF087FD9EB1B6F8B23003F0C002C02AE9
:106AB0000DD1C3F3C203013B012B08D828463A4647
:106AC00043462146FFF761FC0020BDE8F08194F8C1
:106AD0003730C3F30213022B10D1204602F070F8B6
:106AE00094F83730C3F30213012B02D1204601F092
:106AF000D0FD02280BD16FF00407A7E70020EFE7D5
:106B00003A4604F12C012846DBF744F9A7E70028B0
:106B1000DBD1D3E70A46002108B582F829100346E5
:106B200068B1FFF7AEF950B108211846FFF7A9F98F
:106B300028B118461146BDE80840DBF767B908BD23
:106B400007B5002301A90193DAF732FD28B10198B6
:106B500003B05DF804EBDBF743B903B05DF804FB69
:106B60000020704710B5044678B1FFF7ECF9092111
:106B70002046FFF729FB10B92046DBF7D9FB04F1CB
:106B8000F400BDE81040FFF7E5B910BD10B50446AC
:106B900078B1FFF7D8F909212046FFF72EFB10B195
:106BA0002046DBF7C5FB04F1F400BDE81040FFF719
:106BB000D1B910BDF8B50E46174688B181B1002A8B
:106BC0000EDD00F1E8052846C5F766FC874204465D
:106BD00009DD421C294630460BF0EBFC2046F8BD8F
:106BE0006FF01504FAE76FF02104F7E738B50546B2
:106BF000426011B9C0E9021138BD4FF47A73A1FBAC
:106C000003416FF0004200232046C5F719FCC0EB9A
:106C1000C073E31AE86005BF6FF0004300F1FF3076
:106C2000AB60AB6008BFE860E6E710B5D0E90234BE
:106C3000406800226FF0004CE4FB0C32091A581A2D
:106C400062EBE171012871F1000305DB4FF47A7208
:106C50000023C5F7F5FB10BD0020FCE770B5C46844
:106C6000456803460CBB8268681A104400281BDC88
:106C7000F4B101F100409A68596001302E1A401BAE
:106C8000824298BF02F1004204F1FF3198BF02F145
:106C9000FF32D9608DBF92199219A11E9A609CBFD4
:106CA0009A60D96031B9986870BD6FF00042DBE737
:106CB0002046F9E76FF00040F6E730B5154685B09D
:106CC00000248C4205D1631E042B07D9002005B097
:106CD00030BD035D002BF6D00134F2E722460146B9
:106CE00002A80BF066FC04F110030DEB03040A226A
:106CF000002301A902A804F8083CF9F7ADFB019BA9
:106D00001B78002BE2D1B0F5803FDFD22880012034
:106D1000DDE710B50C0901F00F0103B944B1092CEE
:106D200085BFA2F10A03E4183034E4B200F8014B45
:106D3000092985BF0A3A89183031C9B20023017088
:106D400000F8013F10BD2DE9F0432E2999468FB080
:106D50000B4605460F46904628BF2E230024A3422B
:106D60000EDC1C461A46B9F1000F43D05D212846BF
:106D7000C5F7C6FA064648B900200FB0BDE8F08353
:106D8000295D22460029EED00134E8E7691C431A48
:106D90009C42A8BF1C46224602A80BF00AFC04F144
:106DA00038036B44002203F8302C022008F104025F
:106DB00002A9DCF791F90028DED10223A8F80030FF
:106DC000B9F1000F14D0731C3D44AB4210D273785C
:106DD0003A2B0DD1F91E0DF10602091BB01CFFF76D
:106DE0006CFF0028C8D0BDF806305BBAA8F80230A6
:106DF0000120C2E7294602A80BF0DBFB4E46CEE796
:106E00002DE9F0431029984687B00B4607460E46F9
:106E1000914628BF10230024A3420EDC1C461A46CC
:106E2000B8F1000F3CD03A213846C5F769FA05465B
:106E300048B9002007B0BDE8F083395D224600293B
:106E4000EED00134E8E7C31B9C42A8BF1C46224693
:106E5000394601A80BF0ADFB04F118036B44002286
:106E600003F8142C012009F1040201A9DCF734F91C
:106E70000028DED10123A9F80030B8F1000F0DD0B1
:106E8000711E0DF10202091BE818FFF716FF00281A
:106E9000CFD0BDF802305BBAA9F802300120C9E7B3
:106EA0004546D4E711F0010C08BF40BA2DE9F04186
:106EB00008BF80B20023BCF1000F07D032B111F837
:106EC000014B240224185B412046013A8C0709D566
:106ED000012A07D931F8024B2418A2F102022046F8
:106EE00043F100030D4616464FF0000E0F2E05F13C
:106EF000100535D814096FF00F056C432244091BA7
:106F00000E461546032D41D896086FF0030722F070
:106F1000030507FB0622012A05EB010407D9695A7C
:106F20000918A2F10202084643F100030234012AC3
:106F300007D12278E10748BF12021218104643F128
:106F40000003020C42EA0342190C52EA134380B2D6
:106F500025D1BCF1000F01D140BA80B2BDE8F0816B
:106F600055E90447E41955F8087C4EEB0E08E4197E
:106F700055F8047C48F10008E41948F1000724188A
:106F8000A6F11006204643EB0703AFE756F8044B83
:106F90002418A5F10405204643F10003B2E7801848
:106FA00041F10003CDE72DE9F84F90F83730C3F3F6
:106FB0000213012B0446164633D14B1E012B43D935
:106FC000836800224BBB94F8363094F83A000344AF
:106FD000CB1A13449DB24FF0080A2046D4E9039817
:106FE00000F00DFE94F8373094F8361003F00107E6
:106FF00043F0010384F83730A1EB0A01204600F08A
:1070000051FE002823DA94F83730C4E9039867F377
:10701000000384F83730BDE8F88F188A5B680244B3
:10702000D0E7022B69D1836800224BB994F836303F
:10703000CD1A638FED1A1544ADB24FF0200ACCE79C
:10704000188A5B680244F0E70025AA46C5E7216973
:1070500052462846FFF726FF618F054651442046D9
:1070600000F020FE0028CEDBD4F80CA0BAF1000F0F
:107070002FD023696BB3DAF80C20BAF810B09B1A42
:10708000ABEB030B284621695A46FFF70BFFDAF8F2
:1070900004A0C4F80CA00546BAF1000F19D0BAF844
:1070A0001030B3B1DAF80C3023611BF0010F0DD0B2
:1070B0001A7801331544ADB22361AA42BAF810B070
:1070C00084BF0135ADB20BF1FF3BDBE7BAF810B07E
:1070D000D8E765B16DBAADB294F8373067F3000305
:1070E000C4E9039884F8373026B9002093E74FF6B7
:1070F000FF75F1E7ED433580F7E76FF015008AE79C
:1071000010B50C4690F83A2090F8361083680A447F
:107110000020D968FFF7C6FE30B140BA80B20CB18A
:10712000C0432080002010BD4FF6FF70F7E70A46ED
:107130000221FFF738BF70B50D461646044650B31E
:1071400041B3037843B35B2B13D0024600230818E6
:1071500012F8011B21B13A2908BF01338242F7D14D
:10716000012B0BD1324629462046BDE87040FFF77F
:1071700047BE0123BDE87040FFF7E5BD002332465E
:1071800029462046FFF73CFE28B9034632462946E9
:107190002046EFE7084670BD1846FCE773B5054684
:1071A000104614460E46C5F777F92246204482421F
:1071B0000AD13246002128460BF022FA2E44B5426D
:1071C00010D1002002B070BD12F8013BA3F13001D4
:1071D0000A29ECD923F02003413B052BE7D96FF0B6
:1071E0001500EFE72046102201A9F9F731F8019CBC
:1071F00005F8010B01340194E1E7F1F701B90068EA
:1072000000F0F000A0F1E0035842584170470268D6
:10721000034642B9406840B99A683AB9D868B0FAAA
:1072200080F040097047002070471046704731B128
:1072300012B11368042B02D10860002070476FF070
:1072400015007047D9F71ABB48B1006838B1BFF3D1
:107250005B8FC068BFF35B8F084100F0010070478F
:107260000346006840B95A683AB958894FF6FF7327
:10727000C31A58425841704700207047F1F74EB882
:10728000FFF7E0BFF1F7BCB8F0B5064687B00F4690
:10729000052502210DF11600FDF71BFBBDF8164078
:1072A000013D44F400444FF000010FD0CDE901113D
:1072B00064BA0097A4B296F8B02023463046DCF7B3
:1072C00071FA1130E5D0204607B0F0BD2C46FAE740
:1072D00090F8AA00704708B190F8AB00704700F131
:1072E0000803BFF35B8F53E8000F013043E800024F
:1072F000002AF8D1BFF35B8F704738B5044600F120
:107300000803BFF35B8F53E8000F421E43E80021E0
:107310000029F8D1BFF35B8F012801D0013838BDB7
:1073200004F10C0528464FF0FF324FF0FF33FFF712
:10733000A5FF606C18B1DEF7C3FA00236364B4F8EC
:10734000B23023F00603A4F8B2302846FFF79AFFC4
:10735000B4F8B23023F00103A4F8B2300020DEE725
:1073600070B5B0F8B220C2F3C201022986B004465B
:1073700026D1436ABBBBADF80010DBF791FF01AD2E
:10738000034600F11006186859682A4603C20833FC
:10739000B3421546F7D1B4F8B23003F0C003C02BA6
:1073A0000CD069462046FFF76FFFADF802001822A7
:1073B00069462046DCF7C6FB06B070BD0020F4E746
:1073C000012912D1436A73B902F0C002C02AADF894
:1073D0000010019303D06946FFF756FF0346ADF84E
:1073E00002300822E4E70020E6E76FF01500E3E74B
:1073F00070B5B0F8B230DB0704460E4618D500F180
:107400000C054FF0FF324FF0FF332846FFF736FFF1
:107410003146204602F06FF80028284603DBFFF7CC
:1074200031FF002070BDFFF72DFF6FF05E00F9E720
:107430006FF00800F6E770B50C4605461E4611468B
:1074400002B9416A0846FFF7E2FE10B90B78FF2B3C
:1074500006D13146B5F8AC20A069D9F787FF0146BF
:1074600095F8A83094F840009B0863F3050084F871
:10747000400095F8A83063F3871084F8400095F831
:10748000A8305B0984F8413032462046BDE87040A0
:1074900001F0EAB970B5B0F8B230DB0704460D462A
:1074A00026D500F10C064FF0FF324FF0FF33304687
:1074B000FFF7E4FEB4F8B230C3F34102032A03D06D
:1074C00003F0C003402B0ED1B4F8B030062B0DD121
:1074D0002046049A2946E2F729FC04463046FFF785
:1074E000D1FE204670BD6FF01504F7E70024F5E7E4
:1074F0006FF00804F5E72DE97043044600F10C092C
:10750000484686B090461E464FF0FF324FF0FF339C
:107510000D46FFF7B3FEB4F8B230C3F3C200022841
:1075200020D0421E50425041C000DB051CD5E38DE7
:10753000D3B1002305930E9B0493DDE90C23CDE921
:107540000006CDE90223204604F12C0342462946D9
:10755000DCF752FC04464846FFF794FE204606B08E
:10756000BDE870831820E0E76FF07804F3E7F0B52A
:1075700000F10C0787B004461E4638464FF0FF3234
:107580004FF0FF330D46FFF779FE012305930E9B65
:107590000493DDE90C23CDE90223002300931A466E
:1075A000294601962046DCF727FC04463846FFF7BB
:1075B00069FE204607B0F0BD2DE9F04100F10C074F
:1075C00086B004461646984638464FF0FF324FF0D4
:1075D000FF330D46FFF752FE0123DDE90E0105934F
:1075E000109B04930D9B01930C9B0093CDE902012A
:1075F0004346324629462046DCF7FEFB0446384621
:10760000FFF740FE204606B0BDE8F08170B500F1FE
:107610000C064FF0FF324FF0FF3304460D46304664
:10762000FFF72CFE29462046E3F72AFA04463046A7
:10763000FFF728FE204670BD30B413460C460028E4
:1076400033D0002931D082B3B0F8B220C2F3811216
:10765000012A03D130BC002201F070BE022A27D1DA
:10766000018C01290DD11A682180418C6180416A09
:10767000082A0968616028BF08221A60002030BC0F
:107680007047022917D11A682180418C6180416AB4
:10769000182A28BF1822043401F1100051F8045BA5
:1076A00044F8045B8142F9D1E7E76FF01500E6E7A3
:1076B0006FF06C00E3E76FF06900E0E7816149B1CA
:1076C0000B682BB11B7C80F8243080F82C3070477D
:1076D0001B78FFDE704710B5C3685B68C3600BB9E9
:1076E000036110BD49B1DA685C69141B5A8A121B28
:1076F00092B2002AF1D0DB68F2E71A8AF9E790F833
:10770000373091F83720C3F3021363F3061281F880
:10771000372043694B6190F8363081F8363090F865
:10772000402091F8403062F3050381F8403090F832
:10773000403091F840209B0963F3871281F8402084
:1077400090F8413081F8413090F8382091F8383085
:1077500062F3000381F8383090F8373091F8372021
:10776000C3F3400363F3410281F8372090F83730C8
:10777000D2B2C3F3800363F3820281F8372090F81A
:107780003730D2B2C3F3C00363F3C30281F83720AA
:1077900090F8383091F83820C3F3C00363F3C30284
:1077A00081F8382090F8383080F8383091F8382057
:1077B000C3F3800363F3820281F83820838E8B86C3
:1077C00083684BB18B683BB1436A4B62836A8B62BF
:1077D000C36ACB62036B0B6390F83730C3F30213B9
:1077E000012B08D190F8393081F8393090F83A30CF
:1077F00081F83A307047022B0FD190F8393081F878
:107800003930438F4B8790F83E3081F83E30838F7C
:107810008B8790F83F3081F83F307047022807D0BF
:1078200001280CBF14200020062903D11C3070470A
:107830002820F9E7112901D108307047012901D02A
:107840003A2900D1043070472DE9F74F8246174698
:107850006846DDE90C230D4605F0F6FEDDE90089FA
:1078600000242646DDE90C235046FCF7DCFEA34647
:10787000044618B9002E2FD1002629E076B9BBF1B5
:10788000000F08D17FB92646638A9D423CBFABB248
:107890006382ED1A11E0CBF80400F5E7B042CBF8B3
:1078A0000400F1D1EEE7638A3D449D423DBF65820D
:1078B00026460025ED1A28BF264642464B46684616
:1078C00005F0E7FEDDE90023CDE90C23002DC9D149
:1078D000304603B0BDE8F08F3046CBF741FBCBE735
:1078E0000346002003B970471A8A5B681044F9E721
:1078F00090F8373013F0010CF0B40F461146C2680F
:1079000019D1C1B1D36854691C1B538A1B1B9BB28C
:107910000569D4682E1B3E449E420FD1BCF1000F76
:1079200006D05669A61B548AA41BA4B29C4205D853
:10793000F0BCFFF7D0BE138A0021E9E73D440561A2
:10794000F0BC7047C26810B482B169B1D3685469A1
:107950001C1B538A1B1B9BB20469D268A41A9C424D
:1079600004D110BCFFF7B7BE138AF5E710BC70470F
:107970002DE9F8439DF8208006460F4615469946A6
:10798000F3688BB195B196F8374004F0010484F0A8
:10799000010108EA01013046FFF7D4FFF3683BB963
:1079A0006FF06800BDE8F883002DF9D12846F9E7AB
:1079B000B8F1000F35D0002C33D1DA6859695C8AF0
:1079C000521AA41AA4B23069DB68C31AE41AE7D0C9
:1079D000AC4228BF2C4667B1B9F1000F25D0B8F1F1
:1079E000000F20D0034638460146224618460AF0CA
:1079F000E0FDB8F1000F08D096F83730DB0704D46B
:107A0000F06821460C30FCF777FE424621463046AE
:107A1000FFF76EFFB9F1000F01D007B127442D1B0E
:107A2000AEE71C8ACFE73B46DEE7396822460AF01C
:107A3000E7FDDEE710B5B8B100F12002BFF35B8FC0
:107A4000036ABFF35B8F7BB1BFF35B8F591C52E8B6
:107A5000004F9C4204D142E8001CBCF1000FF6D15B
:107A6000BFF35B8FE8D110BD0020FCE7F8B50546F9
:107A7000E8B100272C466D68A07ACBF7C5F9BFF3B3
:107A80005B8F04F1080252E8003F591E42E80016DD
:107A9000002EF8D1BFF35B8FDBB2012B07D1E7607B
:107AA0006760436A23B120469847002DE2D1F8BDB4
:107AB000A07ACBF7A9F96169064641B1637ADB0781
:107AC00004D4836A1B6820469B68984767612146F7
:107AD000304605F022FAE8E710B5044610B304F189
:107AE0002002BFF35B8F236ABFF35B8FD3B1BFF379
:107AF0005B8F591E52E8000F984204D142E8001CE7
:107B0000BCF1000FF6D1BFF35B8FE8D1012B09DC8C
:107B1000A06808B1FFF7AAFF60682146BDE81040E1
:107B200005F0CEB810BD38B5044608460D46FCF742
:107B300085FDA3684360A56038BD10B530B180688D
:107B4000002103461BB9FFF7CBFE081A10BDDA6807
:107B50005C69141B5A8A5B68121B11FA82F1F1E707
:107B600038B50446A8B190F8373013F0700FC3F35E
:107B7000021001D0FFF752FE0546A068FFF7B0FEE5
:107B8000A84238BF2D1A204628BF0025FFF7D5FF91
:107B9000401B38BDF8B5044680680027054600B98B
:107BA000F8BD038A46683BB9A368834207D1A66043
:107BB0004760CBF7D5F9284605463046EFE76B68B6
:107BC000834208BF6E60F3E710B584682046FFF774
:107BD00087FE884210D3411A4CB1238A60688B42D9
:107BE00007D3218218B1FFF741FF00236360002013
:107BF00010BDC91A0446EFE76FF01500F8E7836877
:107C0000C36003B1DB680361704708B1DCF72EBFC6
:107C1000704710B582680C4622B98160BDE81040FB
:107C2000FFF7EDBF1046FCF709FD2146BDE8104007
:107C3000FCF70ABD2DE9F04F85B0DDE91067044679
:107C4000154602A832469A463B468B4605F0FCFC98
:107C5000204632463B46DDE90289DCF707FF044651
:107C6000D8B15946FFF72AFD90F837306AF306136A
:107C700080F83730424602A84B4605F00AFDDDE9A0
:107C800002679DF83820CDE9006729462046DDF7D8
:107C900005F818B12046FFF71FFF0024204605B065
:107CA000BDE8F08F07B50123009300230A4619466B
:107CB000FFF75EFE03B05DF804FB1FB501230391DF
:107CC000009303A90023FFF753FE05B05DF804FB02
:107CD00007B5002300930123FFF74AFE03B05DF8C8
:107CE00004FB13B504220C460DEB0201FFF7F0FF75
:107CF000019B1BBA236002B010BDF8B506460F46C3
:107D00001546F3687BB1FB686BB175B10121304654
:107D1000FFF718FE00213846FFF714FEF46834B967
:107D20006FF06800F8BD002DFAD12846FAE7FA682E
:107D3000002AF5D0138A3969D268D4F814C03069A2
:107D40008A1A9B1AE268648AA2EB0C0EA4EB0E045A
:107D5000A4B2821AAB42A4EB020401D9AC421CD8F3
:107D60009C4228BF1C46002CDAD022460AF021FC97
:107D700096F83730DB0704D4F06821460C30FCF766
:107D8000BBFC012221463046FFF7B2FD002221460E
:107D90003846FFF7ADFD2D1BB3E72C46E5E770B184
:107DA000C3685BB1006950B1D9681A8A401A101AC9
:107DB0005B6803B970471A8A1044F9E718467047A0
:107DC00083682BB9002914BF6FF01500002070479D
:107DD0001A8A8A422CBF1982891A5B6828BF00213F
:107DE000EFE770B504460D4645B92046FFF707FF9B
:107DF000002D14BF6FF06800002070BD00212046E8
:107E0000FFF7A0FDE1680029EFD02269C8680B8A5E
:107E1000121A9A1AE9D0AA42164628BF2E469B1B70
:107E2000921B0B8205D0206981190AF0D0FBAD1B93
:107E3000DAE7A06820B14368A3604260CBF790F80E
:107E40002046FFF7DCFEF2E710B5C26803467AB1C0
:107E5000006938B1996800238A4204D1D268801A37
:107E6000034498B210BD0C8A496823449BB2F3E7DF
:107E70001046F7E72DE9F04385B004460D469046DD
:107E80001F46FFF7E1FF8146A06894F83760A169BB
:107E9000FFF726FD00230246CDE90287284600931E
:107EA000FFF7C8FE06F001060546F0B194F837303A
:107EB00043F0010384F837302046D4E90387FFF705
:107EC0009EFEA068FFF70CFD214602462846FFF7FC
:107ED00014FF78B12846FFF7FFFD94F83730C4E966
:107EE000038766F3000384F837300025284605B081
:107EF000BDE8F08395F8373043F0010385F837305B
:107F000029462046FFF7FBFB28464946FFF777FE48
:107F1000FFF7C8FE0028DDD195F8373066F300037F
:107F200085F8373094F8373066F30003C4E90387E7
:107F300084F83730DAE74168FFF79CBF38B590F82E
:107F4000375005F0010585F00101FFF7FBFCC36820
:107F500073B1006920B125B11A8ADB68C01A101A02
:107F600038BDDA685969511A5A8A521A92B2F4E73E
:107F70001846F5E710B50C46FFF7E0FFA04234BF06
:107F80000020012010BD73B50369994204460E46D6
:107F900015460AD1FFF7D2FFA84206D3294620464C
:107FA00002B0BDE87040FFF77DBE012300932A4672
:107FB00031462046FFF7DCFC02B070BDD1E900126B
:107FC000FFF7E1BF7047704710B504464FF0FF322E
:107FD0004FF0FF332046F0F763FA0028F6D0D8F7C9
:107FE0003BF8F3E7704710B504464FF0FF324FF00F
:107FF000FF332046F0F754FA0028F6D0DAF7A4FB56
:10800000F3E7DCF71BBF30B585B000240025CDE9D0
:108010000245089C0094DCF7F1FF05B030BD07B5C0
:10802000012300916946ADF80430DCF7ABFF03B0E3
:108030005DF804FB07B5022300916946ADF80430F2
:10804000DCF7A0FF03B05DF804FB0268034642B909
:10805000406840B99A683AB9D868B0FA80F04009E7
:108060007047002070471046704710B590F83740B1
:108070001088C4F30214A04223D1022811D1096848
:108080006BB10831141D2046FFF7DFFF30B9102215
:1080900020460AF0C4FAB0FA80F0400910BD183149
:1080A000F0E701280FD1096843B101F10C035268D0
:1080B0004AB11868831A58425841EFE701F110039A
:1080C000F5E70020EAE70120E8E707B501228DF88F
:1080D00007100DF10701FFF756FF03B05DF804FB31
:1080E00007B5042209BA01910DEB0201FFF74BFF1E
:1080F00003B05DF804FB08B505F0A4FA4FF47A72FA
:10810000A0FB020302FB0133C00B40EA434008BD61
:1081100007282DE9F84F8846174669D1D3E9005A58
:108120000146284695F83A60FFF7CFFF18B16FF087
:108130001500BDE8F88FB91CC9B22846FFF7C5FF86
:108140000028F4D198F80040A74214D821462846C8
:10815000FFF7BBFF0028EAD1FC1C3A4608F10101F9
:108160002846E4B2FFF70FFF0028E0D1344485F839
:108170003A400020DDE7211DB942D8DCC9B22846CB
:10818000FFF7A3FF0028D2D1A4F10409033619F0A8
:10819000FF09F6B221D04A4608F101012846FFF74F
:1081A000F2FE0028C3D1033CB144E4B25FFA89F681
:1081B000042251462846FFF7E6FE0028B7D10434D2
:1081C000E4B207F10409A7425FFA89F907D8B1447C
:1081D000A9EB040985F83A90CBE70124E8E73A1BBC
:1081E00008EB04012846FFF7CEFE0028EFD09EE7FB
:1081F0004428BED1D3E9006A0146304696F83A4099
:10820000FFF763FF002892D1B91CC9B23046FFF7CF
:108210005CFF00288BD198F8005098F80190AF428D
:1082200009F00F091DD829463046FFF74EFF0028F8
:108230007FF47DAF49F010013046FFF746FF00287C
:108240007FF475AF3D1D3A4608F102013046EDB2AC
:10825000FFF799FE00287FF46AAF254486F83A506C
:1082600087E7B9F1000F47D0B9F1010F7FF45FAF95
:1082700008212944C9B23046FFF727FF00287FF4C0
:1082800056AF49463046FFF720FF00287FF44FAF36
:10829000A5F1050B04341BF0FF0BE4B22ED05A46B7
:1082A00008F102013046FFF76EFE00287FF43FAF71
:1082B000A344033D5FFA8BF4EDB2B9F1010F1FD077
:1082C000FFF719FF8146FFF716FFC9F3072949EAAF
:1082D00000291FFA89F13046FFF702FF00287FF4DA
:1082E00026AF0434E4B20435EDB2AF4225D83C44A5
:1082F000641B86F83A403CE70421BAE70225DCE734
:10830000042251463046FFF73EFE00287FF40FAFAF
:10831000FFF7F1FE8146FFF7EEFEC9F3072949EAB0
:1083200000291FFA89F13046FFF7DAFE00287FF4B2
:10833000FEAE0834E4B20835D6E77A1B08EB050137
:108340003046FFF720FE0028D1D0F0E6F7B5042331
:108350000F4600256946CDE9005304461646DCF772
:1083600013FD48B1077046708570C5706946204698
:10837000FFF724FE03B0F0BD6FF06800FAE77FB5A9
:108380000023042290F83A10ADF80630CDE902320D
:108390000446FFF787FC064618B16FF0680004B08A
:1083A00070BD02A92046DCF7EFFC05460028F4D09A
:1083B0008670C6700DF1060201212046FEF7F3FD1E
:1083C0000028ECDBBDF806306B8094F8383043F0C1
:1083D000080384F8383002A92046FFF7EFFDDEE7F6
:1083E000006800F0F000A0F1E003584258417047E7
:1083F00038B50C460546DAF74FFF226803689A4203
:1084000005D021462846BDE83840D9F753B80120A9
:1084100038BD10B500210446D9F7CAF820B9214665
:10842000BDE81040FFF7E4BF012010BD2DE9F74F74
:108430000F4699464FF0000814236946CDE90083A2
:10844000BDF830B0BDF838A005461646DCF79CFCF8
:108450000446002840D0452303704FEA1B230371D4
:108460009DF8343080F801905B0143EA1A2380F8CC
:10847000028080F8038080F805B0837180F807A03F
:1084800095F83930037243B93046FFF7A9FF6B699D
:10849000D0B1A3B193F8B630237200236372A372F4
:1084A000E372336823613B68E360142385F8363058
:1084B00069462846FFF782FD03B0BDE8F08FA86942
:1084C000FEF707FA2072E8E713B193F8B530E3E757
:1084D000A869FEF7E7F9F5E76FF06800ECE71FB56C
:1084E00090F84030C3F30504C3F3811343EA8403D7
:1084F0000024CDE901440094DBB2FFF797FF04B0FC
:1085000010BDF0B5002285B01423CDE9022390F808
:10851000373043F001030F4680F8373002A9044694
:10852000DCF732FC064600283FD094F83A203AB1F6
:1085300094F836301344C3F3830343F040030370CD
:10854000A5680023FDB95BBA73807772B572F572C6
:108550000DF106012046ADF80650FEF7D1FD0028CA
:108560000FDBBDF80630738102A92046FFF726FD18
:108570004FF40063112FA38609D12946204601F04C
:10858000EDFA05B0F0BD2A8A6D681344DAE7062FCC
:1085900004D12946204600F0DBFFF2E7012F07D186
:1085A00029462046FFF7EBFEEBE76FF06800E8E7AF
:1085B0002846E6E72DE9F04F04468FB090460F4677
:1085C00000294BD0D0E903A30193FFF718FB142136
:1085D0002046FFF767FB064600283FD194F83A9003
:1085E0008346B9F1000F04D1019BC4F80CA02361AC
:1085F00036E001220DF10F0120468DF80EB0FFF795
:1086000067FB58BB9DF80F2009F1FF35012AEDB239
:1086100011D901220DF10E012046FFF759FBE8B9EF
:108620009DF80E20012A19D9C5B1023AA9F1020319
:108630008DF80E20DDB29DF80E20AA420ED89DF8CE
:108640000F30012B1FD008D9072B0DD0442B0BD096
:1086500011462046FFF726FB13E0A5B16FF0150683
:1086600030460FB0BDE8F08F04A92046FFF730FB7D
:108670000028F3D19DF80E209DF80F00434604A971
:10868000B8470028EAD19DF80E30ED1A5FFA85F957
:10869000A7E70020704770472DE9F0419846012375
:1086A0008AB0044680F8393080690D461746D8F7FD
:1086B0001BFF00230146CDE9013300932A462046E3
:1086C000FFF7B4FE20B16FF068000AB0BDE8F0819A
:1086D00040F29443042208A920460893FFF753FC74
:1086E00006460028EFD1042384F83A3006AB0893FD
:1086F000ADF81600082308A920460993DCF744FBCF
:1087000005460028DFD080F8008046703B68436053
:108710008670C67008A92046FFF750FC0028D2D109
:108720000DF116012046FEF702FD0028CDDBBDF855
:1087300016306B8094F8373043F0010384F83730FB
:108740002046FFF75CFA02212046FFF7ABFA00282B
:10875000B9DB0222A9182046FFF715FC0028B4D087
:10876000B1E77FB50423002602A9CDE902630446E0
:10877000DCF70AFB0546D0B18670C6700DF1060223
:108780003A212046ADF80660FEF70DFC00280CDB10
:10879000BDF806306B8094F8383043F0080384F855
:1087A000383002A92046FFF709FC04B070BD6FF015
:1087B0006800FAE7F7B504230F4600256946CDE9BE
:1087C000005304461646DCF7DFFA48B107704670DE
:1087D0008570C57069462046FFF7F0FB03B0F0BD19
:1087E0006FF06800FAE70378013BDBB2037013B95E
:1087F000C36803B1184770470278013202707047AE
:1088000070B5058901460022954201DC00200BE08D
:108810000C68638810335343E018E65C2EB900F10E
:10882000100282600122E25470BD0132ECE702685E
:1088300003464AB9406848B99A6842B9D86800F115
:108840007F43584258417047002070471046704798
:108850000378FF2B06D1407800F00F00431A5842EE
:1088600058417047002070472DE9F34128230E46F8
:108870004FF000086946CDE9008305461746DCF74E
:1088800083FA0446002851D095F8403080F80280E1
:10889000C3F30502C3F3811343EA8203C3F3031254
:1088A00042F060021B010270437080F8038080F880
:1088B000048080F8058080F8068095F83930C3710F
:1088C0003BB93A786B69FF2A28D113B393F8B630D5
:1088D000E3713A4604F1180307F1100152F8040B52
:1088E00043F8040B8A42F9D1083406F1100356F814
:1088F000042B44F8042B9E42F9D1282385F8363006
:1089000000236B8769462846FFF758FB02B0BDE895
:10891000F081A869FDF790FEE071DAE713B193F8F2
:10892000B530D5E7A869FDF79EFEF5E76FF0680062
:10893000ECE773B528230025CDE9005390F83730D4
:1089400043F001030E4680F8373069460446DCF7F1
:108950001BFA18B96FF0680002B070BDA2682B4610
:10896000EAB9283BC3F3072242EA0323838094F841
:108970003F30FF2B08BF3346837169462046FFF71F
:108980001DFB94F83F30FF2B0DD148F2DD63112E13
:10899000A3860FD10021204601F0E0F8DCE7118A20
:1089A00052680B44DCE7618F2046FFF77BF9002813
:1089B000EBD0CFE7062E04D10021204600F0C8FD01
:1089C000CAE73A2E04D100212046FFF7CAFEC3E7CA
:1089D0000020C1E708B5DFF73BFFBDE80840E0F73E
:1089E0006BB90268034642B9406840B99A683AB91F
:1089F000D868B0FA80F040097047002070471046F0
:108A0000704710B1006800B11030704708B50346D8
:108A10000846996131B1FFF7F4FF027883F824200A
:108A200083F82C2008BD704701F1100351F8042B86
:108A300040F8042B9942F9D1704748B1006838B129
:108A4000BFF35B8FC068BFF35B8F084100F001008C
:108A5000704708B504F0F6FD4FF47A72A0FB0203EC
:108A600002FB0131C00B40EA4140C90B08BD73B5A0
:108A70000D4614468DF8043001A9D308022206469B
:108A80008DF80530FFF77FFA10B1002002B070BDFD
:108A9000A91C6A783046FFF776FA01460028F4D11F
:108AA0006B78E21A023A3046FFF707F9B0FA80F025
:108AB0004009EBE710B5044604F095FB421E63EB5A
:108AC00003032046BDE81040D7F72EBB70B5062340
:108AD0005370154690F825209A4228BF1A460C4636
:108AE0006A70A91C0646FFF7F3F868B96B78E100D5
:108AF0000239C91A11F0FF0108D03046FFF7D2F849
:108B0000B0FA80F0400970BD0020FCE70120FAE7D0
:108B100028B1062A03D84270023009F04ABD7047D6
:108B200070470022002310B5C0E9102304462368D3
:108B300003B910BD4FF0FF324FF0FF332046EFF77F
:108B4000AFFCFEF7C9FFF2E738B504468068FFF7CF
:108B5000E8FFA36800210020C3E90C01A3680025F9
:108B600020469D63FFF73FFE29462046BDE838407A
:108B7000DEF704B838B504460D46DEF719FC294681
:108B80002046DEF7D1FB0446DEF71CFC204638BD4C
:108B90000246084622B1D2F8E0200AB1D2F8942168
:108BA0000023DEF7F5BA07B5012301930431002352
:108BB00000911A461946DEF7DFFE03B05DF804FBAC
:108BC000F0B58FB00023282204A9CDE90432054670
:108BD0000393DCF7D9F80746002869D000F11801A3
:108BE00006A8FFF721FF95F82D30002B4BD19DF8FB
:108BF0001830FF2B47D0A8690121FFF71EFF00287E
:108C000041D1A8690B21FFF718FF00283BD106A925
:108C100003A8D8F705FB002837D003992846FFF7AB
:108C2000F5FE06AC039B4BB9214603A8D8F7F8FA2A
:108C3000002847D003992846FFF7E8FEDEF7B8FB87
:108C400003982146DEF770FB0646002846D04078A0
:108C5000FF2843D0DDF7B2FF4278811C05F12C00DC
:108C6000FFF756FFB36893F84830022B09D130461E
:108C70000321DEF7CDFA41F2883200233046DEF7D9
:108C800087FADEF79FFB002013E0BDF8182048F2BA
:108C9000FE039A42C5D006A9E0F78CF8064650B10B
:108CA000E0F728F904460028BCD13046E0F744F943
:108CB00002200FB0F0BD06A9FDF7A4FC60B100F1E1
:108CC0000804AFE72146FFF755FF10B14168039153
:108CD000B1E7AB690393B1E706ACAFE70AAEDEF7E5
:108CE00071FB07F108013046FFF79EFE002395F85F
:108CF0003720CDE9004312F0080FA8690CBF3246B7
:108D00001A462946DEF738FE0120D2E7DFF718BD04
:108D100007B549BAADF8061002220DF10601FFF7BA
:108D200032F903B05DF804FB70B588B003AB0C46B4
:108D3000019301A91423054616460293DCF724F893
:108D400018B96FF0680008B070BD002343708370DD
:108D5000C37006702146031D04F1100251F8040B84
:108D600043F8040B9142F9D101A92846FFF726F9EF
:108D70000028E8D0E5E740B1006830B1BFF35B8F71
:108D8000C068BFF35B8FC0F30030704770B586B02A
:108D900040F2FF2304460D46ADF808300023ADF83D
:108DA0000A30ADF80C30ADF80E30ADF81030ADF83B
:108DB0001230ADF814304FF4B053ADF81630012630
:108DC00080F8396002A98069FDF779FC02AA0146A2
:108DD0002046FFF749FD18B16FF0680006B070BD7E
:108DE0003A2332460DF1070120468DF80730FFF790
:108DF000CAF80028F0D18DF8070032460DF10701BE
:108E00002046FFF7C0F80028E6D140F20251204684
:108E1000FFF77EFF01460028DED12046FFF778FFEE
:108E200001460028D8D12046FFF772FF02460028ED
:108E3000D2D108238F2163872046FFF7BBFC014670
:108E40000028C9D12046FFF763FF0028C4D1294676
:108E50002046FFF75DFF0028BED184F83F00BDE744
:108E600073B50023164640F26762CDE900230C4635
:108E70003A2302223021DBF763FF0546C8B1012106
:108E8000FFF784FF28B16FF068042846FEF724FE40
:108E90000CE0324621462846FFF746FF0028F2D173
:108EA0002846DFF769FD04460028EED1204602B0CF
:108EB00070BD6FF00B04F9E7704710B5044604F07D
:108EC00092F9421E63EB03032046BDE81040D7F73A
:108ED0002BB951B14B78062B07D80B7803704A7821
:108EE00042700231023009F064BB7047036800220F
:108EF00003B970478B420FD10B683AB942680360DF
:108F0000914200D1436000230B60704713604368B7
:108F1000994208BF4260F6E71A461B68E8E77047C7
:108F20007047F8B507460C4616461D46DEF740FA70
:108F300021463846FFF71EFE20B1002333602C6027
:108F400001240BE021463846DFF734FF306048B19A
:108F5000DFF7D0FF041E286018BF0124DEF732FAC5
:108F60002046F8BD2146D8F75BF908B10024F5E7A3
:108F70002146FDF747FB0028F8D008302860DFE7DE
:108F800038B5044690F8373081610D4631B961F348
:108F9000C30380F8373000235B7823E00A6802B30C
:108FA000127C80F8242023F0080380F82C2080F81D
:108FB0003730096826300029EDD04A7C123109F09B
:108FC000F8FA2B687BB11B7C84F824302B68002BCB
:108FD000E2D05B7C84F825302046BDE83840FFF7BE
:108FE0006CBF1378FFDE1B78FCE70346002003B953
:108FF00070471A8A5B681044F9E7D0F86832B0F815
:109000009422934206D2B0F89822934234BF0020B3
:109010000120704701207047F9F778BF13B5044667
:1090200001210DF10700FBF754FC9DF80730C82221
:1090300003F5007353435B0AA4F8963202B010BDE7
:10904000EFF79CBA10B50446FEF7D9FD94F8373017
:10905000C3F30213012B05D120460621BDE81040C1
:10906000FFF74FBA022B05D120460621BDE810407C
:10907000FFF75FBC6FF0150010BDEFF74FB910B5EB
:109080003AB14C68D0F8881224BA091B521AD01889
:1090900010BD1046FCE7D7F7F1BBEFF7B1B938B513
:1090A000A0F58475A0F1A0044FF0FF3320464FF0E7
:1090B000FF32FFF7E2FFE86CC9F752FF0023EB64D1
:1090C0002046BDE83840FFF7E8BFBFF35B8F50E8AC
:1090D000003F013340E80032002AF8D1BFF35B8F34
:1090E000704770B5A0F1700605464FF0FF324FF0A3
:1090F000FF333046FFF7C1FF4FF0FF324FF0FF3331
:109100003046FFF7BAFF55F8804C4CB155F87C2C2F
:10911000236845F8803C944208BF45F87C3C1C3CE1
:109120003046FFF7BAFF24B93046BDE87040FFF77C
:10913000B4BF2046E0F708FADEE72DE9F041846885
:1091400006460F461546002C3CD02046FBF776FA23
:109150000446408A6269E368218A9B1A421AD21A3D
:1091600095422CD929441944091A40F6CD420023CE
:109170003046DBF7B5FCB0F1000806DA6FF068089E
:109180004046BDE8F0812946EFE714B9B468002CE9
:10919000F6D0002DF4D0238A668A6269F61AE36855
:1091A0009B1AF61AAE4228BF2E46394604F10C002F
:1091B0003246FBF7A7FA37446468AD1BE7E74FF088
:1091C0000008E4E7002ADED19046DFE710B5044648
:1091D000E0F73AFA0146A068FFF707FF628F94F8BC
:1091E000363013440A7BC31A1209A3EB820020EA2B
:1091F000E07010BD38B504468068FFF7F6FE814286
:109200000D4611D82046FEF7FAFC94F8373043F0AB
:10921000010384F8373029462046FEF7E2FD204658
:10922000FEF7B8FC002038BD6FF01500FBE710B565
:1092300086B004466846E0F77BFB68B92388012BBB
:1092400014BF182208226946204609F0E8F9B0FA4E
:1092500080F0400906B010BD0020FBE773B500F1B7
:10926000680604464FF0FF324FF0FF3330460D469C
:10927000FFF703FF012384F878323046FFF70DFF34
:1092800094F8A13213F001031BD0636E2BB1606818
:109290002946426898470023636694F8A13223F078
:1092A000010384F8A13204F17C00EFF78DF904F199
:1092B0009400EFF729F9204602B0BDE87040E0F7CE
:1092C0004DBC6068866C002EF1D0626D1946CDE908
:1092D00000521A46B047EAE76FF07301A0F502703A
:1092E000FFF7BCBF6FF07301A0F5B470FFF7B6BF16
:1092F0006FF07301A0F50270FFF7B0BF38B5B0F89A
:10930000B230C3F34103032B17D0C46DACB104F1E9
:10931000680528464FF0FF324FF0FF33FFF7ADFEF0
:10932000206E28B100F51D70FFF7CFFE00232366E5
:109330002846BDE83840FFF7B0BE38BDF8B5058C0B
:10934000C66D012D0346144614BF1827082708468A
:1093500059B196F87822042A1ED8012D08D15A6AEC
:1093600012684A605B8C4B800D80DCB90020F8BD30
:10937000022D1ED1596A021D01F1100551F804CBCE
:1093800042F804CBA942F9D15A8C428002220280D1
:1093900093F828300375E8E73A4606F50E7109F0B0
:1093A00008F9E2E73A4606F51471204609F001F99A
:1093B000DCE76FF01500DAE72DE9F04192B00DAB74
:1093C0001424804603930494E0F73EF905460028F0
:1093D00054D0437B590751D440F6CD40002198F832
:1093E0003720CDE900010623D8F81800C2F3021295
:1093F0002146DBF7A5FC064600283FD098F8373019
:10940000C3F30213012B3CD1D8F80830DB68DB68CA
:109410000593D8F80830DB681B6909930DEB04024B
:1094200009A9FFF75CF8002861DB03A93046DBF7E8
:10943000ABFC044600285AD01422002109F0E0F8C1
:109440006B8823802B886380237B052262F30713BC
:1094500023736B7BDA063AD504236373AB686360CE
:1094600003A93046FEF7AAFD002840DB3046FFF78F
:10947000E9FD00283BDB3046E0F766F812B0BDE8B6
:10948000F081022B33D1D8F808C0DCF80C2005ACF1
:1094900002F10803183218685968274603C70833D1
:1094A00093423C46F7D1DCF80C2009AC02F11803DA
:1094B000283218685968274603C7083393423C4648
:1094C000F7D105AA09A93046FFF7CEF9ABE7404628
:1094D0006F68FFF77BFE6B7B3FBA9B0738444FF00A
:1094E000140348BF0130637300BAA060B8E7304688
:1094F000FEF7F2FAC2E710B5C36DCBB1BFF35B8FD5
:109500002029A8BF20210129B8BF012103F51D731F
:1095100053E8002F43E80014002CF9D1BFF35B8F10
:10952000B0F8B23043F00603A0F8B230002010BD0E
:109530006FF00100FBE708B50B4609B10021984721
:10954000002008BDC36D816403B15A6500207047D7
:1095500030B589B003AB019301A9142304460293EB
:10956000DBF712FC0546D8B10023037443740DF1F8
:10957000020206212046ADF80230FDF714FD002856
:109580000CDBBDF802302B8294F8383043F008032E
:1095900084F8383001A92046FEF710FD09B030BD2F
:1095A0006FF06800FAE708B54268B2F8B230C3F36A
:1095B000C203012B0DD192F9B400FFF76CFD28B165
:1095C000006800B1008B283880B208BD4FF41070DD
:1095D000F9E7022B0CD192F9B400FFF75CFD20B142
:1095E000006800B1008B3C38EEE74FF4A060FAE76A
:1095F0000020EAE710B4D0F87C42D0F86C320022A8
:10960000234410BCE0F74EBC38B5A0F5B074A0F50B
:10961000E4754FF0FF3320464FF0FF32FFF72DFD8A
:1096200028461021FFF7E6FF2046BDE83840FFF747
:1096300034BDF0B54568B5F8B230DB078BB00446F1
:109640000E4617D595F9B400FFF725FD864211D1D6
:109650001822002104A808F0D3FF03AB002204A9BC
:109660002846FFF76BFE28B9BDF81020059B012A9C
:1096700002D153B90BB0F0BD022AFBD1069A1343B5
:10968000079A1343089A1343F4D094F87832012BC5
:10969000F0D0B5F8B230C3F34103032B06D001215B
:1096A00028460BB0BDE8F040E0F716BD04F16806AF
:1096B00030464FF0FF324FF0FF33FFF7DEFC686CAF
:1096C00018B1DCF7FDF800236B64276E4FB16B68AF
:1096D000009300226FF0720360681146B8470023C0
:1096E000236630460BB0BDE8F040FFF7D6BC38B576
:1096F00090F8CC300446D80720464CBFB4F8C85088
:109700004FF40675FFF74FFFA84226DD94F8CC30E2
:10971000D90727D5B4F8C830B4F88E22B3EB520F6E
:109720004FEA520012DA94F8CC302046DA074CBFE8
:10973000B4F8C8504FF40675FFF735FFA84214DDA2
:1097400094F8CC30DB0714D5B4F8C800B4F89032E4
:109750008342CCBF0020012038BD2046FFF723FF05
:109760000346D9E74FF40673D6E72046FFF71BFF01
:10977000ECE74FF40670E9E770B5B0F890325B188B
:1097800004461DD4B0F88E529D42A8BF1D46204607
:10979000FFF7ADFFA4F8905206462046FFF7A7FF5B
:1097A00086B178B994F87832052B42D104F5E4708B
:1097B00003F0CAFC20461021BDE87040FFF71ABF35
:1097C0000025E4E794F8CC30D80720464CBFB4F825
:1097D000C8504FF40675FFF7E6FEA8422ADD94F85C
:1097E000CC30D9072AD5B4F8C800B4F88E22B0EB33
:1097F000520F4FEA520312DD94F8CC302046DA07BC
:109800004CBFB4F8C8504FF40675FFF7CCFEA84221
:1098100017DD94F8CC30DB0718D5B4F8C830B4F8AD
:109820009012B4F88E22914203D1B4F88C229A425D
:10983000B8DD70BD2046FFF7B6FED6E74FF40670E0
:10984000D3E72046FFF7AFFE0346E8E74FF4067381
:10985000E5E7F8B5044600252046E0F7C3F8002800
:1098600008DD94F8A132590712D52046E0F79AFE98
:10987000051EF1DA04F5A470D4F8686203F0C2FEA4
:10988000084303D116B12046DFF788FE2846F8BD0D
:10989000D4F86C32002BE8DD2046E0F7A3F894F80A
:1098A000CC300646DA0720464CBFB4F8C8704FF4F7
:1098B0000677FFF778FEB84208DD94F8CC30DB0776
:1098C00008D5B4F8C8008642CFDAD3E72046FFF7C0
:1098D0006AFEF8E74FF40670F5E72DE9F84FC46D1E
:1098E000894690461E46002C7ED094F87832052B8F
:1098F0007AD104F1680738464FF0FF324FF0FF335A
:10990000FFF7BBFB2046FFF778FB002869D11EB1AB
:10991000F2688046824219D1B4F89452D4F8683281
:10992000ED1A454528BF4546002E48D12A464946EE
:1099300004F10800FFF701FC00282ADA6FF068063E
:109940003846FFF7AAFB3046BDE8F88FB36803EB53
:10995000C00301305B689844DCE7B5EB0A05D144ED
:1099600016D008F10108F368434511D9B36803EB39
:10997000C80253F838105268AA4228BF2A465846EF
:109980009246FFF7DAFB0028E7DAB9F1000FD5D0ED
:109990004D46D4F868322B44C4F8683294F87932D2
:1099A000012B12D02046FFF754FF061E0DDA16F1E8
:1099B000690F0AD031462046FFF750FCC0E74FF050
:1099C0000008C14604F1080BCDE72046FFF715FB60
:1099D00028B10022002304F19400FFF731FB2E464A
:1099E000AEE76FF00A06ABE76FF07F06ABE738B57E
:1099F00090F8CC300446D80720464CBFB4F8C85085
:109A00004FF40675FFF7CFFDA84223DD94F8CC3064
:109A1000D90723D5B4F8C80094F8CC30A4F898023C
:109A2000DA0720464CBFB4F8C8504FF40675FFF76C
:109A3000BAFDA84215DD94F8CC30DB0715D5B4F893
:109A4000C80000EB400080B20023A4F89A02A4F8FA
:109A50009C3238BD2046FFF7A6FDDDE74FF40670C7
:109A6000DAE72046FFF79FFDEBE74FF4C960EBE72D
:109A70002DE9F041C56D05F168080C4616461F46F4
:109A80004FF0FF324FF0FF334046FFF7F6FA012C5C
:109A90000AD0023C032C12D86FF06C044046FFF74A
:109AA000FCFA2046BDE8F081042F0AD13268012A71
:109AB00007D895F8A13262F3820385F8A132002419
:109AC000ECE76FF01504E9E72DE9F041D0F85C8090
:109AD00008F168070C4616461D464FF0FF324FF05E
:109AE000FF333846FFF7C9FA012C0AD0023C032C99
:109AF0000FD86FF06C043846FFF7CFFA2046BDE868
:109B0000F08198F8A132C3F3800333600DB10423D0
:109B10002B600024EFE7C06D94307047C06D7C303F
:109B200070477FB508230E460DEB0301044615462A
:109B3000CDF808D00393DBF727F960B10023068046
:109B40004580037143718371C37102A92046FEF7FA
:109B500035FA04B070BD6FF06800FAE730B587B031
:109B600002AB049304A9082304460593DBF70CF920
:109B7000054668B3A368002233BB608F94F83610A3
:109B8000AB710144521A52BAAA80EB710DF1060270
:109B900011212046ADF80630FDF705FA002811DB4B
:109BA000BDF806304FF6FF72002B08BF1346EB805E
:109BB00094F8383043F0080384F8383004A920467C
:109BC000FEF7FCF907B030BD198A5B680A44D3E799
:109BD0006FF06800F6E748B1006838B1BFF35B8FFB
:109BE000C068BFF35B8F084100F00100704708B503
:109BF0000B460968024621B90321FFF7ECFF00B9C3
:109C00001A6008BD0023C5F721B970B504460D469A
:109C10001E460AB9002070BD0368097861F39023DD
:109C20000360904728B194F8373066F3060384F850
:109C300037302368C3F386232B7094F837305B06E4
:109C4000E8D0DDE904321A6094F8370000F07F00B4
:109C50004042E0E72DE9F041089F1D463B6804467D
:109C60000E4690461BB301B32A78036862F3902333
:109C70000360099A3968B04728B194F8373068F31F
:109C8000060384F837302368C3F386232B7094F8D7
:109C900037305B0609D0DDE906321A6094F83700E8
:109CA00000F07F004042BDE8F08100233B600020CF
:109CB000F9E70378024613F003001BD0938EA3F15B
:109CC0006401632915D9CC2B13D0B3F5987F10D03C
:109CD0001388C3F3870303F0410353B9D2E9021396
:109CE000B3F1FF3F08BFB1F1FF3F0CBF01200020DF
:109CF00070470020704770B540220D460021044691
:109D0000866B08F07DFC4FF0000365F30103A6634A
:109D1000237045B1012D14BF02220422236862F38F
:109D20009023236070BD1222F8E72822002108F05A
:109D300067BCF9F7F4B8A0F59E6000680021CCF785
:109D40005DBAFBF7DBB910B50468002C06DBE4F75D
:109D500027F92046BDE81040FFF7F3BF10BD4FF4D0
:109D6000A022002300F59E60EEF72ABE10B504463F
:109D7000FFF7E9FF0D2384F814316FF00A0010BDDE
:109D80002DE9F843D0E9074805461646A04503D813
:109D9000686AF0B1002323E062681279DBB1032A1C
:109DA0001BD1206801F1FF3C07461CF8012FB94682
:109DB00042B117F801EBBEF1000F18D0724516D171
:109DC0003F2AF2D199F800203AB9C2F765FB30601A
:109DD0006068BDE8F883032AE3D10834D6E701338D
:109DE000CA5C0AB13F2AFAD13360686AF1E73F2AB8
:109DF000F3D1E7E710B586B001A91446C9F7AAFE6A
:109E000018B9059B236006B010BD6FF00100FAE79A
:109E1000012903460AD1007D48B91A883AB99A68DF
:109E20002AB91869B0FA80F04009704700207047DD
:109E3000038833B9836823B90069003818BF01204B
:109E4000704701207047C0E9001213B11A78022A46
:109E500005D10023C0E902330223037470478360F5
:109E60005A68C2601B78F8E7042380F8B931D0F84B
:109E7000BC311344C0F8BC3100207047052380F882
:109E8000B9310020704710B50446E4F7D3FB002831
:109E9000A1BF94F8403543F0020384F84035002018
:109EA00010BD2DE9F04100F15404A0F54C75204699
:109EB00016460F46C2F7F0FA06EB00080123B8F188
:109EC000FF0F85F8E9340AD8324639462044454424
:109ED00008F06FFB002085F88403BDE8F0816FF087
:109EE0007900FAE710B5A0F54C745430E4F700FBA4
:109EF000032384F8E934002010BD70B50023142436
:109F000000F5107504FB03F2AE588E4203D102F542
:109F10001072104470BD01330A2BF3D10020F9E711
:109F200070B5002300F51074142505FB03F2A65844
:109F30008E4208D110440023C0F8403280F84432E9
:109F4000C0F84C3270BD01330A2BEED1FAE7D0F8DD
:109F50000C3103B3D0F80811013B11F8012BC0F804
:109F60000C31D0F8183180F82221013B934282BF96
:109F70009B1AC0F8183190F82131C0F808118BBF36
:109F800023F00803C0F8183180F821316FF04C003D
:109F900088BF002070476FF00A007047F8B504468C
:109FA0001846C4F82C310E461546C2F775FA069FBE
:109FB000C4E94C703846C2F76FFAC4F83801296812
:109FC000306804F59672E5F77FFF002806DB3368FA
:109FD000034433602B681B1A2B600020F8BD7FB54B
:109FE0001446120C8DF80420C4F307228DF80520C6
:109FF00000228DF807209DF820208DF808201A0CEB
:10A000008DF80A200D46C3F30722190E8DF80910AA
:10A010008DF80B2001A9092206468DF806408DF81F
:10A020000C30E4F707FB002806DB2DB124B12246F3
:10A0300029463046E4F7FEFA04B070BD2DE9F04F32
:10A040000D46D1F808918FB00646002800F0AE808A
:10A05000D1F82831002B00F0A980D1F81831D1F8BF
:10A060000C219A42144628BF1C461B1BC1F818310C
:10A07000121B09EB0401C5F80811C5F80C21002BCF
:10A0800036D195F8217107F001071822002108A8A0
:10A0900008F0B6FA22460023494603A8FFF7D3FE8C
:10A0A000F36900934FFA87F8746908AB03AA414635
:10A0B0002846A047041E17DB08A805F58C7AFFF791
:10A0C000B7FE40B10096434608AA51462846E5F738
:10A0D000F5F8044640B9414608A8FFF799FE8346C3
:10A0E00040B1D5F81831FBB120460FB0BDE8F08F74
:10A0F0000027CAE7002FF4D01822594608A808F014
:10A100007FFA5B465A46494603A8FFF79CFEF3696F
:10A110000093746908AB03AA39462846A047041E79
:10A12000E2DB00963B46CFE7D5F82831197C88075B
:10A13000C1F34002D8D495F82131DB07D4D511F012
:10A14000010125D001230093D5F81C311146284682
:10A15000FFF745FF00280446C6DBD5F82821137C0D
:10A1600043F002031374414608A8FFF751FE00288C
:10A17000BAD0002FB8D0F3690093746908AB03AA72
:10A1800002212846A047041EAEDB0023B361ABE7E3
:10A19000182208A808F034FA0123009608AA5146AC
:10A1A00028468DF83430E5F789F8D3E76FF00104DD
:10A1B0009AE71FB50A46002301210091CDE901333A
:10A1C00040F29511E4F7B2FF05B05DF804FB2DE90C
:10A1D000F041436990B006461546002B00F09C8084
:10A1E000036892F8E82423FA02F2D40706D44968F7
:10A1F000284610B0BDE8F041FFF7DBBF8269AAB185
:10A20000AA4213D00023CDE90133012200924A680B
:10A21000284640F29911E4F789FF0446002862D1EC
:10A22000284610B0BDE8F041FFF7A0BDB56195F834
:10A23000E824062A12D007D8012A0FD9D11E0129F5
:10A2400004D96FF085044EE01C2AFAD1D340DB0715
:10A25000F7D5D5F828310024DE6044E0D340D80794
:10A26000EFD5D5F8283105F58C78002B51D0B7689B
:10A2700007F561772F443846C2F70EF904461822D5
:10A2800000210AA808F0BCF9224605F55C7339469E
:10A2900005A8FFF7D8FDF369009374690AAB05AA16
:10A2A00001212846A047041E1DDB009601230AAAAF
:10A2B00041462846E5F702F80446A0B901210AA85C
:10A2C000FFF7A6FD0028DAD0D5F82821137C9907DE
:10A2D0000DD5F369009374690AAB05AA02212846DB
:10A2E000A047041E12DA204610B0BDE8F08143F00A
:10A2F000020313740123009322462146D5F81C3132
:10A300002846FFF76CFE041EE3DAECE70023B36196
:10A31000E9E76FF00104E6E76FF00204E3E72DE9F7
:10A32000FF4192F8E864012E03460D46144606D01C
:10A330004968104604B0BDE8F041FFF73ABFD2F8D3
:10A340002821EAB10022D0E90578CDE90122009266
:10A350004A682046C821E4F7E9FE70B900966B68A8
:10A36000424639462046FFF73AFE002805DBD4F87E
:10A370002821137C43F00203137404B0BDE8F0817C
:10A380006FF00100F9E710B5D0F80C2190F84015F6
:10A39000183AC0F80C21D0F808210023183211F027
:10A3A0000101044680F81431C0F8082109D1E5F70D
:10A3B0000FF928B994F8403543F0010384F840358B
:10A3C00010BD1846FCE7F8B5D0F82871FB680546C3
:10A3D00000F58C767BB93146E4F756FF6FF0010447
:10A3E000D5F82831EBB11B7CDB071AD4314628465F
:10A3F000E4F7CEFF15E090F821311C0713D429466D
:10A40000F868FFF71BFE811C044604D1314628463C
:10A41000E4F73AFF0446002C0ADBD5F818315BB1AB
:10A4200000242046F8BDFFF792FD04460028E6D040
:10A4300014F10B0FD4D1F4E7D5F81C112846FFF71F
:10A440005CFD0146F8B12846E5F7F8F80446002817
:10A45000EED101462846E5F7F1F804460028E7D199
:10A4600095F82131DA0707D5D5F82831D860D5F825
:10A470001C112846FFF754FD95F8223103B10C2337
:10A4800085F81431CCE76FF04C04A9E7D0F8183107
:10A49000052B10D1D0F80C31042B0FD9053BC0F897
:10A4A0000C31D0F808310533C0F80831002380F8AA
:10A4B0001431184670476FF04C0070476FF00A0077
:10A4C000704770B5D0F81831042B04461CD1D0F871
:10A4D0000C51032D15D9D0F81C11A9B1FFF70DFDB2
:10A4E00090B1D4F8086101682046FFF719FD043DDA
:10A4F00004360020C4F80C51C4F8086184F8140133
:10A5000070BD6FF00A00FBE76FF04C00F8E710B584
:10A51000D0F80C31D0F818219342044615D39B1A79
:10A52000C0F80C31D0F808311344C0F8083190F865
:10A530002131DB0703D5002084F8140110BD01216F
:10A54000E5F746F80028F6D0F8E76FF00A00F5E7DF
:10A5500008B5D0F80C21D0F818118A420BD3521A42
:10A56000C0F80C21D0F808210A44C0F80821FFF7F0
:10A57000FDFB002008BD6FF00A00FBE7D0F80C31AE
:10A58000D0F8182193420CD39B1AC0F80C31D0F8A4
:10A5900008311344C0F80831002380F814311846FC
:10A5A00070476FF00A007047042380F814310020D0
:10A5B0007047D0F80C21BAB190F822319342194675
:10A5C00028BF1146521AC0F80C21D0F808215B1A96
:10A5D0000A44DBB2C0F8082180F822310BB1002018
:10A5E000704780F81431FAE76FF00A007047082AC4
:10A5F000034619D9B1F80120087852BA92B242EA5A
:10A600000042C3F81821CA7883F820210A7983F818
:10A610002121D1F8052012BA22F000420020C3F80F
:10A620001C2183F8220170476FF00A00704730B593
:10A630000446012000FA02F2013AD2B2D9B12578DB
:10A64000154095421D6015D32246014401308842D1
:10A6500011D0072812D012F8014FC0EBC0050E3DF3
:10A6600024F08004AC401D6825441D6092F9004030
:10A67000002CEBDB30BD6FF00A00FBE76FF04C0005
:10A68000F8E730B59DF80C401D46012303FA04F4A9
:10A69000013CE4B211B96FF0680030BD944203DDB3
:10A6A000154305701846F8E725430570121B7F2AED
:10A6B00004DC9942EFD94270581CEEE78B42EAD095
:10A6C00062F07F0444700133D211F0E72DE9F743C3
:10A6D000814616461C460D4621B96FF00A0003B0AC
:10A6E000BDE8F08301AB072290F80080FFF79FFFE1
:10A6F0000028F4DB07464844DDF80490ED1BA9452B
:10A70000EBD818F0800F1AD0D4F8103104F11005EE
:10A710001D442A46C3F580734946E5F76FFC0028BF
:10A72000DDDB4EB92560A060D4F810310344C4F8D5
:10A73000103107EB0900D2E76560E060F4E71EB96D
:10A740002060C4F80890F4E76060C4F80C90F0E76B
:10A750002DE9F34106460F46D3E90205D3E9001877
:10A76000002A04BF0546884603F1100422464FF430
:10A77000807329464046E5F7E3FC002801DDA84246
:10A7800016D300230722009239462A463046FFF7A7
:10A7900078FF041E10DB3F1BBD4206EB04000BD804
:10A7A0002A46414607F005FF601902B0BDE8F08176
:10A7B0000546A0468023E5E76FF06800F5E70CB496
:10A7C00007B5034605AADB68019208464FF482717B
:10A7D000984703B05DF804EB02B070470430BFF354
:10A7E0005B8F50E8003F013B40E80032002AF8D17F
:10A7F000BFF35B8F70471FB50446B0B101234FF024
:10A80000FF32CDE9013290F85130C3F300130093C9
:10A8100000221146C0690823E5F744FE01462046A0
:10A82000FFF7DCFF084604B010BD6FF00101F9E747
:10A8300007B500230093D8F777FE03B05DF804FB5B
:10A8400048B1006838B1BFF35B8FC068BFF35B8F5E
:10A85000084100F00100704740B1006830B1BFF31B
:10A860005B8FC068BFF35B8F00F0010070474FF053
:10A87000FF324FF0FF33EDF751BDEDF7C1BD70B5BD
:10A880000E46E6F727FD044658B1806CFFF7EFFF50
:10A89000E568A06CF54005F00105FFF7EEFF2846DE
:10A8A00070BD0546FBE710B50446E6F713FD60B141
:10A8B000183002F049FC02212046FFF7E0FF20B9E2
:10A8C0002046BDE81040D8F76DB810BD08B5E6F7D2
:10A8D00001FD003818BF012008BD032970B50D46E1
:10A8E000164615D8E6F7F6FC0446A0B1806CFFF7D3
:10A8F000BEFF0120E36800FA05F13EB923EA010139
:10A90000A06CE160FFF7B9FF002070BD1943F7E7C5
:10A910006FF01500F9E76FF08500F6E7F8B5064629
:10A92000E6F7D8FC0546F8B143681F683B68DBB121
:10A93000806CFFF79CFF3046FFF78EFF68B1002266
:10A9400003213046FFF7C9FF3B6828469847044675
:10A95000A86CFFF792FF2046F8BD3046D7F7DCFF22
:10A9600004460028EBD0F3E76FF08504F3E710B559
:10A970000446FFF7ABFF48B101212046FFF77FFFF8
:10A9800020B92046BDE81040E6F7C8BC10BD2DE94F
:10A99000F04106460F46E6F79DFC0546F0B14368D8
:10A9A000D3F80080D8F80430C3B1806CFFF75FFFA4
:10A9B0003046FFF751FF044650B127B90122032169
:10A9C0003046FFF78AFFD8F80430284698470446F7
:10A9D000A86CFFF752FF2046BDE8F0816FF08504B8
:10A9E000F9E70021FFF7D3BF23F0504110B421F461
:10A9F000001122F007040C4302D110BCE6F71ABD87
:10AA000010BC7047032901D8FFF739BF00207047F9
:10AA100038B5E6F75FFC044640B1806CFFF727FFCE
:10AA2000A06C2569FFF729FF284638BD0546FBE7DE
:10AA300038B50D46E6F74EFC044640B1806CFFF792
:10AA400016FFA06C2561FFF718FF002038BD6FF0DE
:10AA50008500FBE738B5E6F73DFC044640B1806C65
:10AA6000FFF705FFA06C6569FFF707FF284638BDB3
:10AA70000546FBE770B5E6F72DFC0446C0B1456915
:10AA8000B5B14FF47A735D434FF4004C40F2E730B8
:10AA900000214FF47A720023E5FB0C01C1F7D0FCD2
:10AAA00002460B4604F11800BDE87040EDF788BF80
:10AAB00070BD38B50446807AC8F7A6F961690546C5
:10AAC00049B1637ADB0704D4836A1B6820469B681C
:10AAD00098470023636121462846BDE8384002F0CC
:10AAE0001CBA30B50906847F054614D414F0400022
:10AAF00016D0A98BC3F30A00C1F30A01884222D8F9
:10AB000002F00300022809D003280AD0012811D03E
:10AB100004F0010004E014F02000E9E7C4F3800031
:10AB200030BD14F00200FBD013F4C05F09D0C4F3B1
:10AB30000010F5E714F0080205D013F4C05FEFD061
:10AB4000F5E70120ECE70020EAE7BFF35B8FD0F8E0
:10AB5000A000BFF35B8F00F001007047BFF35B8F75
:10AB6000D0F8A000BFF35B8FC0F34000704701F046
:10AB70000F030906026948BF103352F823007047DB
:10AB800090F82000C0F30010704790F8203061F377
:10AB9000041380F82030704708B502691046FFF7AB
:10ABA000D4FF68B991F8240000F00F03000648BFF5
:10ABB000103342F82310084602F064F9002008BD63
:10ABC0006FF00C00FBE700220023EDF769BC02F0F8
:10ABD000BDB902F097B9407EC0F3C0007047437E14
:10ABE00023F00803437670471FB504698DF80410FD
:10ABF000CDE90220D4F8983001A9984704B010BDDF
:10AC00001FB50469034606208DF804002046CDE9EF
:10AC10000213FFF79AFF40B1C1F81E20D4F8982024
:10AC200001A91846904704B010BD4FF0FF30FAE775
:10AC300038B505460C462046FFF7C5FF014600B96A
:10AC400038BD6FF070022846FFF7DAFFF3E72DE911
:10AC5000F84306690746D6F80090D6F840800D46BE
:10AC60004FF0FF324FF0FF3306F18400EDF756FB53
:10AC70004046FFF7A8FF014618BB4846FFF7A3FF71
:10AC8000044620BB99F8203023F0100389F82030C7
:10AC900098F8203023F0100388F8203024BB0122DC
:10ACA00086F8B020EDB12B68C6F8A8306B68C6F8FE
:10ACB000AC3086F8B12038698430BDE8F843EDF750
:10ACC0009FBB6FF067023846FFF79AFFD0E7637EBD
:10ACD000DB07D7D46FF0670221463846FFF790FFB5
:10ACE000CBE786F8B150E6E72DB10822294604F1FA
:10ACF0000C00F9F707FD002221463846FFF780FFD8
:10AD0000D9E72DE9F8430546D0F80890884614465F
:10AD10001F46FFF72CFF0646002835D0D9F83C30F7
:10AD20002846984741463B8822463046FFF7D9FEE1
:10AD3000804690B18BB92B6993F88030DB0758BF00
:10AD4000402204F0030446BF4FF480624FF40071C8
:10AD50001146022C0DD0032C11D02846D9F84030D2
:10AD60009847B8F1000F14BF00206FF08500BDE8D0
:10AD7000F883B38B8B4228BF0B463B80EDE7B38B48
:10AD8000934228BF1346F8E76FF01200EFE72DE972
:10AD9000F3411F464B06D0F8088004460D46164680
:10ADA0001BD0D8F83C3098472069FFF7D7FE88B110
:10ADB0009DF82030009329463B4632462046E6F770
:10ADC000EFFC0546D8F8403020469847284602B0A8
:10ADD000BDE8F0814FF0FF35F4E76FF01505F5E7BA
:10ADE00070B54B06866804460D4612D0F36B984743
:10ADF0002069FFF7AAFE48B129462046E6F722FD62
:10AE00000546336C20469847284670BD4FF0FF3505
:10AE1000F7E76FF01505F7E770B586680546F36B41
:10AE20000C4698472869FFF799FEC0B1214628468D
:10AE3000FFF79DFE0146A8B190F82030DB0711D541
:10AE400090F8253003F00303012B0ED0F368284659
:10AE5000984704462846336C9847204670BD4FF00B
:10AE6000FF34F7E76FF01204F4E76FF08504F1E7C1
:10AE7000F8B587680646FB6B0C4698473069FFF7C4
:10AE80006DFE00B321463046FFF771FE0546E8B17E
:10AE900090F82030DB0719D590F8253003F0030334
:10AEA000012B16D001463B6930469847044628B925
:10AEB00095F8203060F3410385F8203030463B6C34
:10AEC00098472046F8BD4FF0FF34F7E76FF01204C3
:10AED000F4E76FF08504F1E72DE9F0418668076932
:10AEE000F36B05460C4698472869FFF737FEA0B379
:10AEF00094F8188028464146FFF739FE014678B39A
:10AF000090F82030DA072BD518F07F0F20D197F872
:10AF1000B030EBB1637EDB0717D597F8B13033B1B2
:10AF2000082207F1A80104F10C00F9F7EBFB00225D
:10AF300087F8B02021462846FFF762FE04462846DF
:10AF4000336C98472046BDE8F0816FF06702F1E767
:10AF50007368224628469847F0E74FF0FF34EEE743
:10AF60006FF01204EBE770B5866805460C46F36B8C
:10AF7000984721462846FFF7FAFD48B101F0E6FF61
:10AF8000B0FA80F464092846336C9847204670BDB7
:10AF90000124F8E770B586680546F36B0C469847C0
:10AFA0002869FFF7D2FD80B121462846FFF7DFFD73
:10AFB000014668B104681CB1B36828469847044646
:10AFC0002846336C9847204670BD4FF0FF34F7E7B2
:10AFD0006FF01204F4E708B503691B680021DA8CEE
:10AFE000E6F762FC28B1437E23F0070343F0010338
:10AFF000437608BD08B539B903691B68DB8C013A93
:10B000001A44B2FBF3F25A43E6F74EFC28B1437EF2
:10B0100023F0070343F00203437608BD08B561B986
:10B0200003691B68DA8CE6F73FFC28B1437E23F006
:10B03000070343F00403437608BD0022F3E770B52D
:10B0400086680D46F36B044698472846C7F788FF85
:10B050002046336C9847002070BD70B58668054661
:10B06000F36B98472869FFF779FD044620B13368F0
:10B070003BB12846984704462846336C98472046FB
:10B0800070BD0124F8E7F8B587680669FB6B0446D4
:10B0900098472069FFF759FDD8B12069FFF75EFD99
:10B0A000D0B9FB6A20469847054668B9BFF35B8F65
:10B0B00006F1A00353E8001F41F0020143E800122B
:10B0C000002AF7D1BFF35B8F20463B6C9847284698
:10B0D000F8BD4FF0FF35F7E76FF07705F4E7F8B507
:10B0E00087680669FB6B044698472069FFF736FDC1
:10B0F000B0B13B6B20469847BFF35B8F054606F126
:10B10000A00353E8001F21F0020143E80012002AC7
:10B11000F7D1BFF35B8F20463B6C98472846F8BDBC
:10B120006FF07705F7E72DE9F0410546D0F8088084
:10B13000066914460F4631B32AB3D8F83C30984715
:10B140002869FFF702FDD8B9C6E926742846D8F861
:10B1500034309847044660B9BFF35B8FA03656E899
:10B16000003F43F0010346E80032002AF7D1BFF365
:10B170005B8FD8F84030284698472046BDE8F081DC
:10B180006FF07704F5E76FF01504F6E7F8B5876818
:10B190000669FB6B044698472069FFF7DFFCD0B9CE
:10B1A0002069FFF7D2FCC8B1BB6B20469847BFF3BC
:10B1B0005B8F054606F1A00353E8001F21F0010153
:10B1C00043E80012002AF7D1BFF35B8F20463B6CA7
:10B1D00098472846F8BD6FF00F05F7E76FF0770541
:10B1E000F4E74FF08053D3F83021082A05D1D3F883
:10B1F0003401003818BF0120704700207047C34356
:10B20000C3F3C01300F00F0000EB0310704708B544
:10B2100000F084FEE9F754FB002008BD01238B40B9
:10B22000BFF35B8F50E8002F1A4340E8002100294C
:10B23000F8D1BFF35B8F704700698430EDF7E0B859
:10B24000006984304FF0FF324FF0FF33EDF766B8FE
:10B2500010B5807A0C46C7F7D7FD836A2146586837
:10B26000BDE8104001F0EEBCF7B50D46807A1746F8
:10B270001E46C7F7C9FD2C68836A033424F0030215
:10B2800058682A600421CDE90076ECF727FF00B961
:10B29000286003B0F0BD0369C9B20C2202FB013380
:10B2A000986C00F00700704770B50346C9B200699A
:10B2B000EFF31186202484F31288BFF36F8F0C25DF
:10B2C00005FB0104A46C14F0C00401D0A24211D10A
:10B2D00005FB010001228264002086F31188BFF380
:10B2E0006F8F30B95B680C2202FB01335B689847B3
:10B2F000002070BD4FF0FF30EFE78022FFF7D4BF92
:10B30000F8B5069F04690546C9B2EFF3118C2020F9
:10B3100080F31288BFF36F8F0C2606FB0146B06CDA
:10B3200000F0070EBEF1010F10D1B76400268CF3B8
:10B330001188BFF36F8F3EB90C2041430C44C4E920
:10B3400010236B685B5898473046F8BD00F0C0008A
:10B3500087420CBF6FF077064FF0FF36E7E713B573
:10B3600080240094FFF7CCFF02B010BD0069CBB27F
:10B3700000EB4310002110471046EDF7C5B800F070
:10B38000F9BAE9F775B843685B68D3F810350B6014
:10B390000020704743685B6802EA010021EA02016D
:10B3A000C3F80805C3F80C150020704743685B68B4
:10B3B0000020C3F80815704743685B680020C3F895
:10B3C0000C15704743685B68D3F8042521EA020036
:10B3D0001140C3F80805C3F80C150020704730B5BC
:10B3E0000369586800B30024884219D108688CB9F1
:10B3F0009C685860A14200D19860002008602AB182
:10B400005A680A609A68596002B9996000200FE092
:10B410002846E9E720609868814208BF9C60ECE715
:10B4200005680446002DF3D1002AE9D16FF015001C
:10B4300030BDE9F72DB913B54FF080520829136ECE
:10B44000526E28BF082112BA00921BBA0C460A4657
:10B450006946019307F0ADF8204602B010BD10B464
:10B4600043681868884218D95B6803EBC10453F835
:10B47000310023790121994003691B68003A03EAEE
:10B48000010318BF0122003B18BF01239A428368C1
:10B4900010BC14BFDB681B6918476FF0150010BCA7
:10B4A000704773B545682868884206D9D31804D216
:10B4B0004FF47A74A3FB040313B16FF0150010E08E
:10B4C000A2FB0432002AF8D16D680E0105EB0111D0
:10B4D00063438A890092496804FB00F2A859C1F7C6
:10B4E000B7F902B070BD2DE9F341436815461A68FB
:10B4F0008A4217D95F6807EB01144FEA0118A66862
:10B5000064220023A6FB0501C0F79AFFA2890092DE
:10B510000346616857F808003246C1F799F902B04E
:10B52000BDE8F0816FF01500F9E730B543681360AE
:10B53000057A446804EBC504A34202D36FF001000E
:10B5400030BD5C798C4203F10803F0D10020F7E7AD
:10B55000704743685B6B0020C2E900307047436866
:10B560001B68D3F88004C3F88004704742681368EE
:10B57000D3F8100150B1D269002012780A70C3F8D4
:10B580001001D3F8102101221A6070474FF0FF30EC
:10B590007047002A0FDD42681368D3F8100158B1D4
:10B5A0000020C3F81001D269D3F8100112780A7094
:10B5B0000120186070470020704710B543681C6870
:10B5C0000369EFF31180202282F31288BFF36F8F9B
:10B5D0001A68D17B39B991731B680122DA734FF471
:10B5E0008003C4F8043380F31188BFF36F8F10BD5C
:10B5F00003691A68D17B21B1012191731B68002274
:10B60000DA737047026911680346C87B40B15B6812
:10B610001B68D3F8580118B100230B61136898898F
:10B62000704743681B68D3F81001003818BF012029
:10B63000704743681B68D3F80423D2065CBF10220E
:10B64000C3F80423704743681B68D3F80423D20669
:10B6500044BF1022C3F80823704743681B684FF4A7
:10B660000072C3F80423704743681B684FF40072EC
:10B67000C3F80823704738B543681D68D5F804330C
:10B680005B02044605D4D5F8040310F0100006D17F
:10B6900038BDFFF7B7FF0028F5D00120F8E72046B6
:10B6A000BDE83840FFF7BDBF012070470369186847
:10B6B00001601B685A60704702680346D2F858015F
:10B6C00040B95B68DB0706D4D2F82001003818BF08
:10B6D000012070470120704710B4436802691B685D
:10B6E000D3F80413C90517D5D3F82011A1B1EFF38E
:10B6F0001181202484F31288BFF36F8FD3F8204187
:10B7000034B10024C3F82041D3F820410124DC6087
:10B7100081F31188BFF36F8F1168D3F8584171B16D
:10B720007CB100240C611168C97B19B94FF4800108
:10B73000C3F8081311688C7B1CB100238B7310BCF9
:10B740007047D3F8241121B10021C3F82411D3F894
:10B75000243112681368002BF1D0516810BC1847CF
:10B7600013B501AA0446FFF7E0FE002805DB019BA4
:10B77000226819791868E7F7B3FF02B010BD2DE908
:10B78000F041066933689C89BFF35B8F944205469C
:10B79000A8BF14461033012753E8002F002A03D115
:10B7A00043E800700028F7D1BFF35B8F0CBF3B4626
:10B7B00000232BD133682246986806F0FAFEEFF397
:10B7C0001188202383F31288BFF36F8F69680846BE
:10B7D000FFF772FF326840B91061044688F31188A0
:10B7E000BFF36F8F2046BDE8F0810B689268C3F805
:10B7F00044250022C3F84845C3F82021D3F820117E
:10B80000C3F85821D3F858219F60E7E71C46E9E7C1
:10B8100000F150039B009BB203F1804303F5883392
:10B8200000221A601B68704708B5E8F7BFFA08BD28
:10B830004FF08053D3F83021082A03BFD3F83401E6
:10B84000B0FA80F0400900207047034600201847F6
:10B8500001F074B910B502461168B1B1BFF35B8F46
:10B86000B1FA81F3C3F11F000123834021EA0303EE
:10B8700052E8004F8C4204D142E8003CBCF1000F7A
:10B88000F6D1BFF35B8FE7D110BD6FF00B00FBE784
:10B8900010B50368CB40DB0714D401238B4002684A
:10B8A000BFF35B8F43EA020150E8004F944204D19A
:10B8B00040E8001CBCF1000FF6D1BFF35B8FEED166
:10B8C000002010BD6FF01500FBE770B50C4600219D
:10B8D000054608461646E8F7EFFC48B93378DB0022
:10B8E00003F1804303F5F833C3F81055C3F814454A
:10B8F00070BD10B1012802D07047E8F7B9BDE8F774
:10B9000069BD18B1012803D100F019B800F032B8B0
:10B91000704708B5E8F77AFDBDE80840E8F7E8BDEC
:10B920004FF08053D3F83021082A06D1D3F83401E0
:10B9300002288CBF00200120704700207047E8F7E4
:10B940000FBD38B54FF080440223C4F808330123FB
:10B95000E3600023C4F80431D4F8043142F21075D6
:10B96000D4F81834DB0304D50120FFF771FF013D43
:10B97000F6D138BDFFF7E5BFF7B5019001A8DDE9C5
:10B98000084716461D46E8F7EBFD019BB6F1000C93
:10B9900018BF4FF0010C00EB83000B1E18BF0123F2
:10B9A000002D43EA4C030CBF4FF0000C4FF00C0C81
:10B9B000002C43EA0C030CBF4FF0000C4FF4E06C7A
:10B9C000002F43EA0C03D0F800270CBF4FF0000C07
:10B9D0004FF4403C43EA0C0322EA030301B1097827
:10B9E0000EB13678760019430DB12D78AD00314394
:10B9F0000CB12478240229430FB13F783F040C4353
:10BA00003C43C0F8004703B0F0BD1FB50DF10F0374
:10BA1000019300238DF80F1000931A461946FFF783
:10BA2000ABFF05B05DF804FB10B504460846E8F727
:10BA3000A7FD04EB4004207DC0F3401010BD10B5FD
:10BA400004460846E8F79CFD04EB4004207DC0F363
:10BA5000400010BD10B504460846E8F791FD04EB20
:10BA60004004A08A400B10BD70B504460846164637
:10BA7000E8F786FD08300D4634F81030DA0509D5B0
:10BA8000C3F3432304EBC302314654F83330526806
:10BA900028469847A3682BB1E26831462846BDE89E
:10BAA0007040184770BD10B504460846E8F768FDB9
:10BAB00004EB4000838ADA051DD5C3F3432123F448
:10BAC000F853838204F1120204F1720032F8023F4B
:10BAD00013F4807F03D0C3F3432399420BD08242F7
:10BAE000F4D104EBC10300225A6004F17800BDE8F0
:10BAF0001040FFF7CDBE10BDF0B5034600F58074D1
:10BB0000002005460127844695420AD1D3F87C21BE
:10BB100032B10022C3F87C21D3F87C3140F00040E0
:10BB2000F0BD25F0404607FA06F6314209D0D4F8B8
:10BB300000E0BEF1000F04D0C4F800C0D4F800E06B
:10BB4000304301350434DFE738B504460D46FFF7CE
:10BB50006BFFA8B12046FFF772FF88B92046FFF7B8
:10BB600079FF226801238340C2F80833236803EB7E
:10BB70008000D0F8103523F00303C0F8103538BD2D
:10BB800028460021BDE83840FFF73FBF2DE9F043CC
:10BB9000174685B004460846E8F7F2FCD7F800805F
:10BBA0000E460546B8F1000F1ED02046FFF747FFAE
:10BBB00018B12046FFF738FF20BB0023CDE9003342
:10BBC0008DF80E308DF80F300DF10F0243460DF158
:10BBD0000E013046FFF7D0FE04EB4502938A23F0B6
:10BBE000020343F0010393827B689BB331462046F6
:10BBF00093F80080D3F80490FFF721FF28B1B9F142
:10BC0000000F1FD06FF0150027E004EB4500838A7A
:10BC100023F4604323F020038382B9F1000F11D095
:10BC2000B8F1030FEED87B6821685B6893F800C019
:10BC30004FEA8C031944B8F1000F11D1C1F81085F7
:10BC4000C1F8108504EB4502938A23F01C0343EAF4
:10BC500088039382BB6843BB002005B0BDE8F08336
:10BC6000D1F8102522F00302C1F8102522681344F0
:10BC7000D3F8102522F44F3222F44072C3F8102575
:10BC80003202D3F8101502F47C5242EA08420A4309
:10BC9000C3F8102504EB4C03A3F87C60838A43EAC5
:10BCA0004C3343F020038382CCE7D3E9007831465C
:10BCB0002046FFF7F8FE002FCED063689F4206D0E3
:10BCC00004F17800FFF7C6FD002804DAC5E7A36891
:10BCD0009845F5D1002004EBC003C3E9017804EBDB
:10BCE0004505C0B2AB8A43EA402343F48073AB827C
:10BCF000B2E72DE9F043054685B0084616461F46D3
:10BD0000E8F73EFC0C46804626B32846FFF797FE30
:10BD100018B92846FFF788FE18BB05EB4809B9F8A3
:10BD2000143003F01C0313B17378012B19D00123D5
:10BD30008DF80F300023CDE90063721CB31C0DF1A8
:10BD40000F012046FFF718FEB9F8143043F0030343
:10BD5000A9F81430002F3FD021462846FFF76FFE88
:10BD600020B96FF0150005B0BDE8F0833E782B6870
:10BD700003EB86030022C3F81025C3F8102505EB5A
:10BD800048024FEA860C938A23F4604323F0200391
:10BD90009382787800B32968BF7861440004D1F8B1
:10BDA000103523F4991323F4F853C1F81035230206
:10BDB00000F4403003F47C5303433805D1F81055A8
:10BDC00000F4801003432B43C1F81035938A43EAF3
:10BDD000463343F0200393820020C4E7C0E90312F6
:10BDE000704770B504461546FFF71EFE48B1084679
:10BDF000E8F7C6FB04EB40040020A38A5B0B2B7022
:10BE000070BD6FF01500FBE738B590F88C40054623
:10BE10009CB960222146143006F0F2FB2868C0F875
:10BE20007C41D0F87C3140F30730C6F785F9012317
:10BE300085F88C30AB67204638BD6FF07700FBE7A4
:10BE400090F88C00003818BF01207047E8F7D2BB8B
:10BE50002DE9F34104461746FFF7E6FD0D46266837
:10BE6000F0B12046FFF7EBFD8046C8B92046FFF74A
:10BE7000F1FD820002F5807346F80380F3582368D1
:10BE80001344D3F8102542F00102C3F8102527B15E
:10BE9000226801238340C2F8043302B0BDE8F08178
:10BEA000D6F80433002BA4BF4FF00043C6F8043388
:10BEB0002846E8F765FB04EB4004A38AC3F382033A
:10BEC000042B12D0052B12D001A80195E8F748FBEE
:10BED000019BD0F81015D94001F00101023128462C
:10BEE00002B0BDE8F041FFF790BD0321F7E7022162
:10BEF000F5E7FFF729BE00F180431A68002A1FBF4B
:10BF000000221A601B68012008BF002070474FF014
:10BF100080434FF46072C3F8042370474FF08043AE
:10BF20004FF46072C3F80823704708B5E8F7DEFCE9
:10BF3000BDE80840FFF7EDBC30B502240C72CA60C2
:10BF400004680125C4F80055096879B112F0040F9E
:10BF500014BF92218221150748BF41F02001D40669
:10BF6000046848BF21F08001C4F800139B000168F9
:10BF7000083312F0800006BF0122CA50C81830BD35
:10BF800030B59508403D0124AC400C4208D08158A2
:10BF900031B100218150825813B11A6822431A60CE
:10BFA00030BD13B500230C4601934FF4887201ABEA
:10BFB000FFF7E6FF21464FF48A72FFF7E1FF2146C3
:10BFC0004FF48E72FFF7DCFF21464FF48272FFF7C9
:10BFD000D7FF21464FF48472FFF7D2FF21464FF47A
:10BFE0008672FFF7CDFF4FF48C722146FFF7C8FF32
:10BFF000019802B010BD10B54368044633B900681B
:10C000000221FFF7CEFF08B101232373207B023802
:10C0100018BF012010BD70B5067B044656B9C0E9B3
:10C02000012319B10B7F0375E8F7C0FC01232373CB
:10C03000002070BD6FF07700FBE770B40C4601463E
:10C0400015461A4651F8043B2668C3F82065A688B1
:10C05000C3F82465A668C3F82865E668C3F82C65AC
:10C0600003682668C3F84065A688C3F84465A668D7
:10C07000C3F84865E468C3F84C45066805F0010458
:10C08000234604EB5504C6F81445D4070CD412F02B
:10C09000020403D0002B0CBF042408240568C5F853
:10C0A000004270BCFFF748BF1024F7E710B50368E3
:10C0B0000022C3F800220368012204465A6051B1ED
:10C0C0002046FFF798FF0028FAD023680022C3F823
:10C0D0000025012323732046BDE81040FFF78BBFE6
:10C0E000FFF789BF70B5B22104460068FFF759FF1A
:10C0F000C306054607D523695E0704D5636813B1F7
:10C10000A16801209847A80607D52369190704D517
:10C11000636813B1A168022098472A0607D52069F1
:10C1200010F0100003D163680BB1A1689847AB070A
:10C130000CD523680022C3F800250123237363680C
:10C1400023B1A1680320BDE87040184770BD08B551
:10C15000E8F79EFC00B1006808BD807A012803D092
:10C1600002280CBF032000207047837A012B03D0E4
:10C17000022B07D000207047407A40F0C06040F4A6
:10C1800000707047407A40F006207047807A01388E
:10C1900001288CBF0020012000037047FFF7DDBF9E
:10C1A000807A022803D8003818BF0120704704386D
:10C1B00001288CBF002001207047436D0A4613B14F
:10C1C000006D89081847704708B5836D3BB1006D55
:10C1D000984702284FF0FF3018BF002008BD1846CE
:10C1E000FCE710B5D0F8B0400434146040F2FC72A3
:10C1F0001A601623C0F8B430D0F8B030197000209F
:10C2000010BD10B442681A2A08DCC26B32B1D4687F
:10C21000016FD0F88420234610BC1847002010BCC2
:10C220007047D0F8A430DA1C0533C0E92B33C0F8CE
:10C23000A82029B1D1E90121521A1344C0F8B03025
:10C2400070470432C0F8B82000221146E8F7D0BF8A
:10C2500001221421C0E92D12D0F8B0100A704168F3
:10C260001144C9B241601146E8F7C2BF10B4B0B181
:10C270000468A4B1D0F8BC4014B110BCE8F70EBFFC
:10C2800002244FF0150CC0E92DC4D0F8B040217045
:10C29000D0F8B0305A7010BC0121E8F729BF6FF018
:10C2A000860010BC7047C36D0366436EDA1C05330D
:10C2B000C0E91B3382667047C26D08324266FFF7E1
:10C2C000F2BFD0F89C20C0F8A0200832C0F8A4200B
:10C2D0000021FFF7A6BF0346406F00B1D86F70473B
:10C2E00070B50E461546044668B303685BB34368F1
:10C2F0001B2B05D1204600F0E1F9002805DA70BDBE
:10C3000000F026FA0028F5D0F9E7D4F8BC308542D1
:10C3100028BF054633B12046E8F7C0FE0028EED11D
:10C320002846ECE71723C4F8B850C4F8B4302DB150
:10C33000D4F8B0002A46314606F03BF901212046E8
:10C34000E8F7D6FEEAE76FF08600D8E740B102686A
:10C3500032B143681A2B06DD00220121FFF786BFA8
:10C360006FF0860070470020704710B5044658B142
:10C37000806B02F0B8F9E06B02F0B5F92046442179
:10C38000BDE81040EFF768BD10BD52BA028070479B
:10C39000008840BA80B2704710B590F896300446D5
:10C3A00073B190F897200221FFF760FF10F5D14F8D
:10C3B00005D0002384F8963008B9D4F8980010BD51
:10C3C0001846FCE7012380F8963080F89710C0F8F3
:10C3D0009820704710B570220446002106F010F92D
:10C3E000204610BD0368D90444BF43F48063036052
:10C3F0009A0444BF43F400630360704708B5C06B00
:10C4000000F5A07002F0A7FABDE80840EEF742BEC2
:10C4100008B5C06B00F5A07002F09DFA18B1BDE838
:10C420000840EEF737BE08BD38B5D0F8C85004460E
:10C4300035B12846C0F730F80146284601F0F5FD31
:10C440000023C4F8C83038BD70B5C46B9CB004F587
:10C45000A07468460D461646FFF7BCFF20466946A5
:10C4600002F0B7FA044630B933462022294668461E
:10C4700002F088FA0446684602F03DFA2046EEF7DC
:10C4800009FE1CB070BD07B5130C8DF8053052BA0B
:10C49000C36BADF8062004228DF80410DB680DEBA9
:10C4A0000201984703B05DF804FB4422002106F026
:10C4B000A7B810B578220446002106F0A1F84FF085
:10C4C000FF33E36610BDE022002106F099B838B5CD
:10C4D00000210446FFF771FE20460025FFF7ECFE21
:10C4E0002046FFF7EEFE40F62D022946C4E91E5510
:10C4F000C4E92155E06D6567C4F88C50C4F89050CC
:10C500002564C4F8805006F07BF8C4E92D55D4F8B2
:10C510009C00A4F8945084F89650C4F8BC5040F69F
:10C520002D02294606F06CF8A06CC4F8C050C4F87F
:10C53000C450656428B1FFF718FFA06CEFF77CFCCE
:10C54000A56438BD81717047C0E90723009B8162F3
:10C5500043627047C1607047C162704770B504465E
:10C5600016460D4649B9006B10B92063002070BD16
:10C570008568EFF761FC2846F6E70C210120EFF70C
:10C5800055FC60B1C0E9005600238360236B002B8B
:10C59000EBD01A469B68002BFBD19060E6E76FF06A
:10C5A0008C00E4E7C0E90D127047036C03F0FE4312
:10C5B000B3F1A06F0CBF0320002070477FB505AB1F
:10C5C000007A009304AA0DF10E030021E9F762F945
:10C5D00050B9049B03F0FE43B3F1A06F0CBF0320DE
:10C5E000002007B05DF804FB0020FAE770B50446B0
:10C5F0000D4641B10846BFF74FFFFF28064603D955
:10C600006FF086000BE00E462046FFF70DFF3DB9A8
:10C61000C4F8C850A36843F00103A360002070BDB4
:10C62000711C0120EFF702FCC4F8C80040B132468B
:10C63000294605F0BEFFD4F8C83000229A55E9E734
:10C640006FF08C00EBE7042908B5024608D80846CD
:10C65000E9F720F8B0F5006F02D81172002008BD8C
:10C660006FF08600FBE7436B0BB1D86E7047836BAE
:10C67000002BFAD14FF0FF30704720B1406B10B162
:10C680008068E8F747BA0020704708B5036801469C
:10C69000187AE8F7FFFF0B6B02462BB11878E8F722
:10C6A000F9FF824228BF02468B6B2BB11878E8F75E
:10C6B000F1FF824228BF0246104608BD10B504466D
:10C6C000FFF7E3FF636CB0F5006F28BF4FF4006025
:10C6D0002BB19B8EB3F5417F08BF00F1FF3010BD39
:10C6E00010B5044688B303687BB3C36B6BB3436870
:10C6F0001B2B2AD0E8F7D2FC48BB2046FFF74CFEA4
:10C7000028BB23681B79EBB9606828B1012815D0D4
:10C710002046EAF73DF801E00123636023681B79B6
:10C72000012B02D12046EAF7DFFC80B194F8963065
:10C730006BB12046BDE81040FFF72EBE2046E8F75B
:10C74000F3F9EBE76FF08600E8E76FF0860010BDC5
:10C7500010B5044608B1036833B96FF0860007E0EE
:10C760002046FFF7BDFF18B963681B2BF8D10020E6
:10C7700010BD10B5C46BC4B104F5A07002F0BBF8D5
:10C78000D4F89800EFF758FB04F1A00001F0D8FBB3
:10C7900094F8503013B9E06C01F0A5FF20464FF437
:10C7A0001071BDE81040EFF757BB10BD10B504463F
:10C7B00078B1006E30B1EFF73FFB0023236684F8B9
:10C7C0006830636678212046EFF746FB4FF0FF3371
:10C7D000E36610BD38B50C460546FFF7E7FF782243
:10C7E0002146284605F0E5FE236E0BB9002038BD32
:10C7F000616E0120EFF71AFB286650B1D4E91812D8
:10C8000005F0D7FE94F8683085F86830636E6B6683
:10C81000ECE76FF08C00EAE738B5836803F00103BA
:10C82000836000250368456004461B888381FFF709
:10C830004EFE606BC4F8CC50C4E90B5528B1FFF72D
:10C84000B5FF606BEFF7F8FA65632046BDE8384046
:10C85000E9F70AB90021FFF7DFBF10B50446002849
:10C860003CD0D0F89C0030B140F62D0101F0DDFB4A
:10C870000023C4F89C30E06D28B140F62D0101F092
:10C88000D4FB0023E365A06C20B1FFF76EFDA06C24
:10C89000EFF7D2FAE36B8BB12046FFF76AFFE06B4C
:10C8A000EFF7CAFAE06CFFF760FDE06CEFF7C4FA4F
:10C8B000A06BFFF77BFFA06BEFF7BEFA606B20B1B8
:10C8C000FFF774FF606BEFF7B7FA2046FFF7ACFD98
:10C8D0002046E021BDE81040EFF7BEBA10BD5C2253
:10C8E000002105F08DBE38B5044660B1006B28B953
:10C8F00020465C21BDE83840EFF7AEBA8568EFF717
:10C900009BFA2846F3E738BD08B501F04EFB20F44A
:10C91000435020F03F00B0F5824F0CBF03200020B1
:10C9200008BD012802D0032818BF00207047032843
:10C9300018BF00207047022804D004280CBF09202B
:10C940000020704705207047052805D0A0F1090395
:10C9500058425841800070470220704703681B6CA2
:10C960001BB1023B33F8022F12B94FF0FF30704772
:10C970008A42F7D100207047172809D111B147F238
:10C9800012130B8012B14FF48073136000207047B4
:10C990006FF085007047A0F1170358425841704767
:10C9A00010B50446FFF7E5FEE06BEFF745FAA06C23
:10C9B0000023E36320B1FFF7D8FCA06CEFF73CFA4B
:10C9C000E36CA3640023E36410BD70B5C36B1E78F1
:10C9D000436B044643B1826B1B6F1367406BFFF7D9
:10C9E000E5FE606BEFF728FAA36B20686363002213
:10C9F000A263C56935B1DA6822B11EB9006A03F1D4
:10CA00001001A8472046FFF7CBFF1B23636070BDD2
:10CA100010B50446C16CFFF704FC2268D4F8B010CE
:10CA2000E36B12795B6904312046984740BB1623BB
:10CA30001022C4E92D32D4F8B03014221A70E36BFE
:10CA40001B78CBB123681A790AB90F2262601B796F
:10CA5000012B01D10A2363600023C4F8C030C4F85D
:10CA6000C430E36C6364A36B236301222046114648
:10CA7000BDE81040E8F7BCBB63680133DBB2EAE70E
:10CA800010BD49B18889984206D8C88990424FF0B4
:10CA9000FF3028BF002070474FF0FF307047C26B57
:10CAA000034612B1D2F89C0010B91B68186B00B194
:10CAB0004068704770B5049E00243460002B39D064
:10CAC000914202D96FF0890070BD531A052BF9DD30
:10CAD0004FF430630B800223CB7001238C704C71B8
:10CAE0000B718C1D03681D7A7DB19442EAD8131B2B
:10CAF000042BE7DD4FF4807323800023A370012310
:10CB0000E37003681B7A237105250068407A631976
:10CB100090B19A42D6D3D21A032AD3DD4FF4B05241
:10CB2000625300229A70DA70042213445B1A336055
:10CB30000020C9E70C46D5E70246F6E708B1C6F77C
:10CB4000B7BE704710B5436904463BB90020E268A0
:10CB5000537843F001035370404210BD98470028BA
:10CB6000F4D00028B8BF4042E368FF28A8BFFF20E8
:10CB70001870ECE7C3685B78DB0701D4FFF7E2BF0E
:10CB80006FF07700704740B1C368587810F001002B
:10CB90001EBF1878B0FA80F040097047EFF3118398
:10CBA000202383F31288BFF36F8FFEE72DE9F04F48
:10CBB00089B0DDE91268059243460546324606A86B
:10CBC0000F4600F041FDDDE90634CDE90234EFF314
:10CBD00011844FF0200989F31288BFF36F8F05F19C
:10CBE0000C0A05F1140B059A149B39462846984700
:10CBF00030B184F31188BFF36F8F09B0BDE8F08FB7
:10CC000056EA0806F5D0DDE9022306A800F041FD4A
:10CC1000DDE906685246CDE9006821465846ECF742
:10CC2000D3F9EFF3118489F31288BFF36F8FDAE73A
:10CC300010B400F10C04C0E903440024047510BCD6
:10CC4000F4F713BF38B50446EFF31185202383F3BF
:10CC50001288BFF36F8FC0F77DFA04F10C0000F06B
:10CC6000E6FB30B1294604F11400BDE8384000F07D
:10CC7000C3BB85F31188BFF36F8F38BD10B58269D0
:10CC80006AB1C36842EA0301890708D14169A2FB7E
:10CC9000011424B95B182CBF0121002102D36FF0CD
:10CCA000150005E001619B1A42698A4201D8002003
:10CCB00010BD02691A608269036101319B1AF3E7B2
:10CCC0002DE9F04105460F46EFF31188202383F349
:10CCD0001288BFF36F8F0669FEB90468A0421CD0AA
:10CCE000DCB1D4E9003213605A60237CA66023F0E3
:10CCF00002032374C4E9006604F1180000F04DFC3F
:10CD00002046C4F8C860676100F0FAFA414605F1B0
:10CD10000800BDE8F04100F06FBB3E60EB692F6199
:10CD2000013BEB6188F31188BFF36F8FBDE8F081A1
:10CD300008B52024EFF3118384F31288BFF36F8FBB
:10CD4000F7F702FCF6E7D0E9003213605A60027C84
:10CD5000002322F00202C0E90033027483607047AE
:10CD600013B501240094EBF709FA02B010BD90F955
:10CD70000E308B4201D0ECF749B9002070470346D2
:10CD80000020C3E90200C3E900337047D0E9003254
:10CD900013605A60027C002322F00202C0E90033D3
:10CDA0000274836070472DE9F041904604469DF877
:10CDB00018200D46EFF31186202181F31288BFF36E
:10CDC0006F8F02B14568224652F80C7F974217D008
:10CDD000B7B13846FFF7DAFF07F1180000F0DDFBC6
:10CDE0000023C7F8C830C7F81480384600F088FA26
:10CDF00004F10800314600F0FFFA0020BDE8F081A0
:10CE0000A3B10820ECF7D0FF002838D00122C0F8E9
:10CE100004800260016801F003015DB922680A43E1
:10CE20000260626820606AB960600BE0C8F8003098
:10CE30004046EFE72A68032A16D80160616869B99D
:10CE4000C4E90000042104F1140000F04FFD0028A3
:10CE5000CED186F31188BFF36F8FCFE70A6802F057
:10CE6000030202430A60DFE722F003020A43026082
:10CE70002A6802F0030240EA02032B60E2E76FF047
:10CE80000B00E6E70023C0E90033037200F10C0356
:10CE9000C0E9033300F11403C0E90533704770B5EE
:10CEA0000546EFF31186202383F31288BFF36F8FBB
:10CEB000034653F80C4F9C421BD074B12046FFF739
:10CEC00065FF04F1180000F068FB0023C4F8C830C7
:10CED0006361204600F014FA0124082105F11400D2
:10CEE00000F004FD38B934B986F31188BFF36F8FB1
:10CEF00070BD0024F1E7314605F10800BDE870403F
:10CF000000F07ABA07B50123009300230A461946B8
:10CF1000FFF749FF03B05DF804FB07B500230A469D
:10CF200000931946FFF73FFF03B05DF804FB08B517
:10CF300003681BB9FFF7E6FF012008BD8B4203D051
:10CF40001B6823F00303F4E70020F6E7EFF31183F7
:10CF5000202282F31288BFF36F8F006818B1026835
:10CF6000920718BF406883F31188BFF36F8F704733
:10CF7000EFF31183202282F31288BFF36F8F406892
:10CF800018B10268920718BF406883F31188BFF395
:10CF90006F8F70475AB18A4209D300F11003C0E97C
:10CFA0000212C0E90000C0E90433002070476FF0AE
:10CFB00015007047026801238B4022EA03030360D7
:10CFC00022FA01F000F00100704710B50321044679
:10CFD0000C30FFF7EFFF30B104F1100000F0DDFA84
:10CFE000B0FA80F0400910BD20B100221146DC30BB
:10CFF00000F065BA704770B5C368C3F340069B077D
:10D00000044616D4856802210C30FFF7D3FF80B1A7
:10D01000D5F8D4206AB194421DD122689EB9D5F8C2
:10D02000D830C5F8D4209C4201D1C5F8D8200023BF
:10D030002360E36813F01F001EBF43F00203E360A8
:10D0400040F0020070BD3260D5F8D820944208BF8D
:10D05000C5F8D860EBE716461268DBE773B50446FF
:10D06000EFF31185202383F31288BFF36F8F002322
:10D070000193D0E90423B3F1004F08BF012A05D082
:10D0800085F31188BFF36F8F02B070BDA0F1100659
:10D0900003210438FFF78EFF0028F1D0A369019324
:10D0A00001A93046EBF79CFBEAE738B504460D468C
:10D0B0001022002105F0A4FA656038BDEFF311835A
:10D0C000202282F31288BFF36F8FC06800F01F0028
:10D0D00083F31188BFF36F8F704713B50190084633
:10D0E000EFF31184202383F31288BFF36F8F01A91C
:10D0F000EBF776FB84F31188BFF36F8F02B010BD9E
:10D1000010B5FFF7EAFF041E08DDEFF311802023BE
:10D1100083F31288BFF36F8FEBF7E4FF204610BD57
:10D1200008B5F022002105F06BFA08BD38B53022B1
:10D1300004460D46002105F063FA4FF480736560E4
:10D14000E36038BDFFF7BABF38B50446EFF3118589
:10D15000202383F31288BFF36F8FFFF736FF20463B
:10D16000FFF749FF85F31188BFF36F8F38BDF8B51E
:10D1700004460D46EFF31187202383F31288BFF393
:10D180006F8FC36803F01F03002B14BF0126002616
:10D1900009D0FFF71AFF2046FFF72DFF294620464A
:10D1A000EBF700FB034687F31188BFF36F8F3BB1AA
:10D1B0004FF0FF324FF0FF3305F10800EBF7DEF9D7
:10D1C0003046F8BDD0E9003213605A60027C00237B
:10D1D00022F00202C0E90033027483607047C0E9A4
:10D1E000000000207047EFF30580003818BF0120D1
:10D1F00070479030704710B500238B4202D1136006
:10D20000002010BDC45CAA2CF9D10133F5E708B5A4
:10D210000A46D0E92C01FFF7EEFF002008BDECF72D
:10D22000EDBC08B520B119B1ECF756FD002008BDE2
:10D230006FF01500FBE710B5044686B028B318223E
:10D24000002105F0DDF969460020ECF701FDD4E985
:10D25000003200995B18019942EB0102C4E90032E7
:10D26000D4E9023202995B18039942EB0102C4E946
:10D270000232D4E9043204995B18059942EB0102A9
:10D28000C4E90432002006B010BD6FF01500FAE7C3
:10D29000D0E9003213605A600023C0E900337047C0
:10D2A00008B5FFF7F5FF037C23F0020303740023A6
:10D2B000836008BD38B504460D46EBF78BFD237C33
:10D2C00043F002032374D5B1A5602B689D4209D1B8
:10D2D0006B68C4E900531C606C6010E06A689A4295
:10D2E000F6D01B68002BF3D093F90E1094F90E20A2
:10D2F0009142F3DD5A68C4E9003214605C6038BDC5
:10D3000010B5EFF31184202383F31288BFF36F8FDE
:10D31000EBF720FD84F31188BFF36F8F10BD10B5BC
:10D32000EFF31184202282F31288BFF36F8F027C07
:10D33000D10604D484F31188BFF36F8F10BD22F09F
:10D3400010020274EBF706FD2046BDE81040EBF733
:10D3500079BD08B5EFF31181202282F31288BFF363
:10D360006F8F83680BB1FFF79BFF81F31188BFF3C9
:10D370006F8F08BD08B5037C13F0280F01460CD150
:10D3800083680BB1FFF78CFF0B7C23F004030B7455
:10D390000846BDE80840EBF7DDBC08BD10B5EFF36B
:10D3A0001184202383F31288BFF36F8F1838FFF79F
:10D3B000E1FF84F31188BFF36F8F10BD08B50346FA
:10D3C000EFF31181202282F31288BFF36F8F006880
:10D3D000834207D008B1FFF763FF81F31188BFF3E1
:10D3E0006F8F08BD0020F8E710B5FFF7B2FFBDE86A
:10D3F0001040183000F0D1B80846EBF723BD38B51F
:10D4000004680546AC424FF0000000D138BD002C46
:10D41000FCD02046FFF744FF04F1180000F0BDF8EF
:10D420002046EBF797FC2C680120A542EDE710B5EC
:10D43000EFF31184202383F31288BFF36F8FFFF77C
:10D44000DEFF84F31188BFF36F8F10BD38B50C4633
:10D450000546EBF7E3FEB4F1FF3F08BFB5F1FF3F30
:10D460001FBF47F6FF7300224FF47A71E0FB0132D1
:10D470001ABFD80B40EA42404FF0FF3038BD38B5F4
:10D480000446EFF31185202383F31288BFF36F8FD7
:10D49000037C5B070ED5183000F07FF8237C23F067
:10D4A000040320462374EBF755FC2846BDE83840BA
:10D4B000EBF7C8BC85F31188BFF36F8F38BD38B563
:10D4C000EFF31185202383F31288BFF36F8F046875
:10D4D000A04213D0A4B1C4F8C81062612046FFF77F
:10D4E000DFFE04F1180000F058F82046EBF732FC9C
:10D4F000012085F31188BFF36F8F38BD0020F8E756
:10D500002046F6E72DE9F04706460F4691469A4633
:10D51000EFF31188202383F31288BFF36F8F006825
:10D52000864206D028B17368984214BF056800256A
:10D5300068B90024B9F1000F02D051462046C8470F
:10D5400088F31188BFF36F8F2046BDE8F0875146FE
:10D55000B84704460028EDD135B17368AB4200D01E
:10D560002C6828462546E3E72C46FAE708B502462C
:10D57000ECF72CF870B1D0E904319B1A61EBE27240
:10D58000B3F1004F72F1000104DA002AACBF184673
:10D59000002008BD6FF00040FBE738B50246EFF30E
:10D5A0001185202383F31288BFF36F8F0368D3B1F3
:10D5B000ECF70CF804461046ECF71AF800224FF08E
:10D5C00000438442C0E9042305D0002085F311887C
:10D5D000BFF36F8F38BDECF701F8FFF7C7FF0021ED
:10D5E000E6F74EFDF1E7D0E90413B3F1004F08BFB1
:10D5F000012904D100204FF00041C2E904016FF07D
:10D600001500E3E770B5EFF31186202282F312884C
:10D61000BFF36F8F036873B1ECF706F804460D464D
:10D62000EBF7DCFF0346201A65EBE37186F3118804
:10D63000BFF36F8F70BD18461946F7E708B5ECF7D2
:10D64000F7F808BDECF7F4B8B3F1FF3F08BFB2F14B
:10D65000FF3F70B506461D46144614D01A4316D037
:10D66000002B08DBECF7E4F8041941EB0501C6E9EF
:10D670000041304670BD6FF001031C1B4FF0FF33BB
:10D6800063EB0501F3E74FF0FF342146EFE7002499
:10D69000FBE7B3F1FF3F08BFB2F1FF3FF8B5074624
:10D6A00016461C4610D054EA020311D0ECF7C0F81D
:10D6B000B0420A46A14103460AD2F31A64EB0204BF
:10D6C000C7E900343846F8BD4FF0FF331C46F7E792
:10D6D0000023FBE70023C0E9081200F11802C0E9AB
:10D6E0000622C0E9003303634363704730B5D0E9D5
:10D6F0000034984208D03CB1A568DDB112F9622C23
:10D7000015F9625CAA4207DDC1E9000421604160AD
:10D710000FE0A342F8D01B68002BF5D09D684DB1F7
:10D7200015F9625C9542F4DD5A68C1E90032116076
:10D73000596030BD00239B7BFFDE2DE9F84F0025AB
:10D740000F461446984601462E464FF0200AA94639
:10D75000BD4202DB3046BDE8F88FEFF3118B8AF350
:10D760001288BFF36F8F4B7B03F03F03082B09D860
:10D7700053B1013B072B07D8DFE803F0281C062232
:10D780000606062E102B2DD0B8F1000F3BD12378C2
:10D79000002B38D04B7B03F03F03082B3AD8002BEB
:10D7A0003AD0013B072B37D8DFE803F04339363F47
:10D7B000363636460B699B68002BE5D0022317E00E
:10D7C0000B691B68002BDFD0042311E00B699B68F9
:10D7D000002BD9D001230BE00B695B6A002BD3D05F
:10D7E000102305E00B69DA895B899A42CCD02023AB
:10D7F000CA68C1F80890C2F38630034363F39432D9
:10D80000CA6084F800908BF31188BFF36F8F0135E5
:10D8100014319DE7102B13D08C600136F3E70869B3
:10D8200022461030FFF762FFF6E7086922461430FF
:10D83000F8E708692246F5E7086922462830F1E74B
:10D84000086922463030EDE72DE9F041846805464D
:10D850000E46D4B16378012B22D114F8603C9A07AC
:10D8600011D5A4F170073846FFF7BEFD082E14BF8E
:10D8700000236FF00303A36514F8603CDB0602D1BC
:10D880003846FFF73DFD002323700023AB60EB68B3
:10D89000C3F38632164366F39433EB60BDE8F08140
:10D8A000022BF0D12378002BEDD054F8048CB8F182
:10D8B000000FE8D004F11400FFF76FFEA4F1140785
:10D8C0000023E36239464046FFF707FCDBE710B56B
:10D8D0005205090201F47C5102F400120A43017B53
:10D8E00000240A43C0E90323846010BD38B5EFF378
:10D8F0001185202383F31288BFF36F8F0468A04241
:10D9000011D0D4E9003213605A600023C4E9003317
:10D910002046FFF799FF85F31188BFF36F8F201E14
:10D9200018BF012038BD0024F5E70023C0E900003E
:10D93000836070470023836070472DE9F3470446F6
:10D94000DDE90A9815460E4659B302F0010AEBF7D5
:10D95000A1FC0746EFF31181202383F31288BFF364
:10D960006F8FA80744BF0023A360A36803EA0600E3
:10D97000BAF1000F0CD086420CD16A0744BF834332
:10D98000A36081F31188BFF36F8F02B0BDE8F08709
:10D990000028F2D159EA080305D181F31188BFF3B9
:10D9A0006F8F0020F1E7C7E91D652246CDE9009899
:10D9B00004F10C00EBF708FB0028F2D1786FE4E7E4
:10D9C00010B50446D0E91D020B6812F0010F03EAFE
:10D9D000000301D0984210D17BB16367520742BF68
:10D9E0004A681A434A6004F11800FFF7D6FD002385
:10D9F000C4F8C8302046FFF7BDFC002010BD00234E
:10DA0000C0E900008360037370470A46ECF7C4B8AE
:10DA10000A460021ECF7C0B85200FFF78EBF10B5E0
:10DA200083691A7A52B1D0E90242944206D0D3E90E
:10DA30000020521840F10000C3E9002010BD04325C
:10DA400070B504460ED2EFF31185202686F31288B6
:10DA5000BFF36F8F41F00401984785F31188BFF33E
:10DA60006F8F08B9002070BD40F8044BFBE720B170
:10DA7000011F50F8040CFFF7E5B8704770B500249B
:10DA8000944201D1002070BD035D0D5DAB4283EA7D
:10DA9000050606D0202E06D123F02003413B192B8A
:10DAA00001D80134ECE74FF0FF30ECE7F8B505465C
:10DAB0000C462A6823689A4234D163686A689A429D
:10DAC00030D1A168A86804F0AAFD58BBEF68E668E9
:10DAD000B74208D123692A699A4204D16169686909
:10DAE00004F09DFD80B10C2F01D0132F1AD10C2E04
:10DAF00001D0132E16D123692A699A4212D1616985
:10DB00006869FFF7BBFF68B92A7F237F9A4209D172
:10DB1000AD69A46925B9201E18BF01204042F8BD97
:10DB2000002CC6D14FF0FF30F9E770B5456895423B
:10DB300006460C4604D181682046FFF79FFF28B3B4
:10DB40002046BEF7A9FC022D024609D9B068037829
:10DB50002A2B05D143782E2B02D100239A4202D1E1
:10DB60004FF0FF3012E0E15C2E2901D00133F5E7E0
:10DB7000002BF5D0013DD21AAA42F1D1E1180130B3
:10DB8000FFF77CFF003818BF0120404270BD30B560
:10DB9000054687B008460C4600F021FA0338C0B2AB
:10DBA00002280ED8204600F01AFA06282DD10021AE
:10DBB0001822684604F024FDA068694600F0AFFD15
:10DBC00018B14FF0FF3007B030BDBDF8003003F49E
:10DBD0004F42B2F5824F02D0B2F5884F00D1D8B291
:10DBE000BDF8021000F07AF90446684601F07FF9AA
:10DBF000002CE6D00123013C03FA04F0AB68184086
:10DC0000B0FA80F040094042DDE7616D94F85800B9
:10DC100000F064F90446EBE738B50D463A210446B6
:10DC200004F024FD2A46214638B90120F6F7D7FC36
:10DC3000421E50425041800038BD0220F6F7CFFC12
:10DC4000431E584258410001F6E770B41A46DDE918
:10DC50000556DDE90334CDE90456039470BCECF7B6
:10DC600009B94FF4F472002104F0CABC70B505463E
:10DC7000044604B970BD04F1CC0000F061F9A06E57
:10DC800000F05DFBD4F8880000F059FBD4F8C8011F
:10DC900000F003FBD4F8580100F0FFFAD4F8A80113
:10DCA00000F0FBFAD4F8800100F0F7FAE06820B148
:10DCB000236813B1A16800F0B8F94FF4F47120465D
:10DCC000D4F8E461EEF7C8F8AC4202D02046EEF793
:10DCD000B3F83446CDE707B50023CDE90033ECF7C0
:10DCE000BBFA03B05DF804FB07B50023CDE90033B0
:10DCF0000123ECF7B1FA03B05DF804FB0378407838
:10DD0000303B092BA0F1300005D8092803D80A229E
:10DD100002FB030070474FF0FF30704738B50368CF
:10DD20001546CA1A002A044613DD1A7802F07F024B
:10DD3000022A11D15A1C02602A461B7842F8043B81
:10DD400000F097F920B923686A68AB601344236038
:10DD500038BD6FF05F00FBE76FF06100F8E700F09F
:10DD6000A4BA73B5154602688B1A002B04460DDD64
:10DD7000167801AA00F07DFA30B9019A2E606A6027
:10DD80002368AB601344236002B070BD6FF05F0086
:10DD9000FAE773B543F0A00614463346043205464D
:10DDA00000F096F990B926602968A16064680C4477
:10DDB000302301AA2146284600F08AF930B92B68A1
:10DDC000019A13449C4218BF6FF0650002B070BD09
:10DDD0001FB50023144601AA01938DF80830039360
:10DDE00000F0DFF910B9019B13B9207004B010BD29
:10DDF000012B03BF039B1B7823706FF06300F5E7D3
:10DE0000F0B585B00023144601AA01938DF80830BF
:10DE1000039300F0C6F910B9019D20600DB905B05B
:10DE2000F0BD039E02460346F15CDF00B9400133BA
:10DE30000A439D422260F2D0042BF5D1EFE703683C
:10DE4000042B02D1C06900F07ABA704773B5302351
:10DE5000164601AA04460D4600F03AF948B923686F
:10DE6000019A13449D4206D1324629462046EDF7D9
:10DE700073F802B070BD6FF06500FAE710F1860F1D
:10DE800010D010F1850F0ADA20F0020313F1930F7E
:10DE900007D010F1970F18BF6FF08300704700286C
:10DEA000F9E71846704730B40024944201D130BCE1
:10DEB000184731F92450854201D00134F5E701EBD0
:10DEC000840130BCB1F902007047012813BF002360
:10DED0004FF48073122018460B607047122804D14B
:10DEE000A1F580735842584170470020704710B424
:10DEF0000446084611461A4624B12378052B05D05E
:10DF0000092B06D06FF0860010BC704710BCF1F7EB
:10DF1000D1B810BC0023F1F7C5B900B14078704703
:10DF200038B5002504460560856085804122294674
:10DF30000C3004F065FBC4E9145584F8585038BD22
:10DF400010B5044668B103682BB11B78062B02D0CC
:10DF5000806800F0C8FB20465C21BDE81040EDF76A
:10DF60007BBF10BD034619B1006808B9196070473E
:10DF70006FF08600704708B5036D5BB900F1500380
:10DF800000F10C014122806800F01FFCBDE8084050
:10DF9000EDF746B8002008BD034608461BB11B68D4
:10DFA0000BB19B68184700207047808870471FB5E9
:10DFB00000240294079C0194069C0094EDF750F90C
:10DFC00004B010BD1FB500240394089C0294079C64
:10DFD0000194069C0094EDF79BF904B010BD10B1BC
:10DFE000006800B100787047033802288CBF002019
:10DFF00001207047043801288CBF002001207047A1
:10E00000C31E5842584170471FB50799039106999E
:10E010000092CDE901310C30836C90F84C20416CBA
:10E02000EDF75EFB05B05DF804FB10B5044608B1E2
:10E03000EDF712FF2046BDE81040EDF7FDBE2DE9DB
:10E04000F04144681F46A36805460E46904633B12A
:10E0500010210120EDF7EAFEE06038B10446C4E982
:10E060000178266000206C60BDE8F0816FF08C00C4
:10E07000FAE770B504680D1B002D02DC6FF05F003D
:10E0800070BD94F900602378002E0ADB631C0360E6
:10E09000237813600368C91A13688B42EED80020F6
:10E0A000EEE703F07F035C1E032C0ED89D42E5DDF6
:10E0B000002414600468013B013404605E1C156890
:10E0C000E8D0247844EA0524F3E76FF06300D7E74B
:10E0D00070B404680E1B002E07DD26789E4208D11E
:10E0E0000134046070BCFFF7C4BF6FF05F0070BC08
:10E0F00070476FF06100FAE773B51D46134601AA39
:10E100000446FFF7E5FF18B9019A1AB96FF06300EA
:10E1100002B070BD236893F90030002BF6DB014696
:10E1200023681E7846B1E9B9042AEFD80BD193F9D8
:10E130000030002B07DAE9E70133013A23604FF0A2
:10E140000101EDD1019200232B60019B013BDFD344
:10E1500022682968127842EA01222A602268013284
:10E160002260F3E70192DFE737B50123154601AAE4
:10E170000446FFF7ADFF58B9019B012B0AD1236874
:10E180001B78003B18BF01232B60236801332360F9
:10E1900003B030BD6FF06300FAE713460222FFF7C9
:10E1A000ABBF70B5032305460E46FFF791FF98B944
:10E1B000136893B1013B13602B681B781371072B15
:10E1C0000ED82B6801332B60936012681344B3425E
:10E1D0002B6018BF6FF0650070BD6FF05F00FBE74C
:10E1E0006FF06300F8E72DE9F04F85B017469846C9
:10E1F00003AA30239DF838A09DF83CB005460E4692
:10E20000FFF766FF0446F8B92B68039A1A44964252
:10E2100018D06FF0650417E05A1C2A6093F800903C
:10E2200009EA0703434521D103AA31462846FFF7EF
:10E2300020FFC8B909EA0A025A45039B08D02A6898
:10E2400013442B609E42E7D8204605B0BDE8F08F0E
:10E25000109A002AF3D0DDE910C02A6801934946DC
:10E26000E047019B0028EAD00446EDE76FF0610427
:10E27000EAE738B503230446FFF72AFF18B9136805
:10E2800013B96FF0670038BD013B136023681A783B
:10E29000002AF6D101332360F5E710B500B910BDAF
:10E2A000C468EDF7C9FD2046F8E72DE9F341904633
:10E2B0001F4601AA302305460E46FFF709FF044614
:10E2C000F0B92B68F61A002E34DD42461B7842F86E
:10E2D000043B019B2E681E44314606232846FFF767
:10E2E000F7FE044660B92B68D8F80420C8F8083057
:10E2F0009918B142296007D10C213846EDF7ACFDE1
:10E30000204602B0BDE8F0819B5C3A46314642F8B7
:10E31000043B2B6801332B602846FFF7AAFE60B947
:10E320002B687A68BB601344B3422B6018BF6FF050
:10E330006504E5E76FF05F04E2E70446E0E710B547
:10E3400000B910BD8469EDF777FD2046F8E77F2A14
:10E3500010B503461AD914460120240A00F1010021
:10E36000FBD11C68641A844212DB19684C1E1C60C5
:10E3700001F8012C120AF8D1012806D01A68511EA2
:10E38000196000F17F0302F8013C10BD0120E8E7AD
:10E390006FF08900F9E70368591A0029C1BF03F13A
:10E3A000FF310160012003F8012CD8BF6FF0890014
:10E3B000704770B5044600200346934200D170BDFB
:10E3C000E55CCE5C754028430133F6E76FF08500CD
:10E3D000704700F4E040B0F5805F04D0A0F5005332
:10E3E000584258417047012070473AB1002918BF80
:10E3F0000023D21A2121184404F002B9704738B51D
:10E4000013464FF480420D46EDF796FF044640B99F
:10E41000286843681B0A04D000F082FD2C606FF06E
:10E420008504204638BD00F0FE43B3F1106F02BFF3
:10E4300020F01F6020F4702040F0006070472DE94C
:10E44000F341D0F804804769044640460E4600F088
:10E4500069FD054660BB5FFA88F31BB93FB16FF0F9
:10E46000860525E0013F6FF040439F42F7D2A06848
:10E4700020F47F4020F003000028F0D162884FF69E
:10E48000F8739A4218D8277907B901A83146EEF7F0
:10E4900039FC054660B90FCCD6F800C066460FC6F9
:10E4A00094E8030086E8030017B9019BCCF8143008
:10E4B000284602B0BDE8F0816FF08505F8E700F668
:10E4C000FF7240F67E739A426FD9434213F07F0386
:10E4D00006D0202BC3F1000031D16FF085007047CA
:10E4E00010F1920F2BDA10F56A5FF6D022DC10F5EE
:10E4F000705F55D015DC10F5765F18D00BDC10F589
:10E50000994F14D010F57C5F11D010F5A14FE4D0D5
:10E510006FF08300704710F5745F08D010F5725FDC
:10E52000F5E710F56E5F3BD010F56C5FF0D16FF042
:10E530008600704720F0800010F5685FE7E710F173
:10E540001F0F1EDA10F1400F2DD010F13F0F0DDA22
:10E5500068300828DCD840F25513C34013F0010F8F
:10E560000CBF6FF083006FF08600704710F13D0F15
:10E5700019D010F1220F14BF6FF083006FF08500E7
:10E5800070470E300E28C3D80123834040F2151285
:10E590001342CCD10E2814BF6FF0830000207047C7
:10E5A0006FF0840070476FF09300704741F20523CD
:10E5B00098421AD8B0F5905F09D241F2010398420F
:10E5C0000CD0B0F5885F09D06FF085007047A0F5DA
:10E5D000905080B22923C340DB07F5D511F0070F17
:10E5E00014BF6FF0860000207047B0F5105FEBD1CC
:10E5F00021F04003802B06D0B1F5807F14BF6FF06F
:10E600008600002070470020704770B5046A0546F8
:10E610000E463CB90120EDF709FC286228B16E6274
:10E62000204670BD6FF08A00FBE76FF08C00F8E7C2
:10E630002DE9F0470446DDE9099A058888461F461A
:10E6400016460AB32846FFF7C4FE80B1D100CAF8C7
:10E6500000102088FFF7AAFF044628B94146384633
:10E6600003F0A7FFC9F800602046BDE8F0876B04FF
:10E670000AD505F44F45B5F5824F05D13B462046F6
:10E68000BDE8F04703F09FB86FF08504ECE710B5E4
:10E690000446006A10B1616AFFF7C7FC0020C4E9B4
:10E6A000080010BD38B50446FFF7F1FF237E012BAB
:10E6B0000FD0023B012B0FD8E369012B14BF6FF081
:10E6C0009605002528220021204603F099FF2846C0
:10E6D00038BDE369002BF1E76FF09605F2E708B16A
:10E6E000FFF7E0BF704713B5A0B101A9EEF750FBEB
:10E6F00080B90198037E022B0ED1032303760379A0
:10E70000FF2B0CBF6FF08404002400F0F4FB002802
:10E7100008BF204602B010BD6FF09604F5E773B550
:10E72000054608460C4600F0E2FB00231A4601A904
:10E730002846EDF701FE50B9019E35460FCD0FC4B6
:10E7400095E8030084E80300304600F0E9FB02B0DE
:10E7500070BD2DE9F0411446028802F4E047B7F598
:10E76000804FDDE9065622F4405C44F2010718D1DF
:10E77000BC4507D002F44F47B7F5824F02D0B7F53A
:10E78000844F10D1AC421AD82246184603F011FF2C
:10E790002A1B0021204403F033FF34600020BDE831
:10E7A000F081BC450ED002F44F42B2F5824F09D140
:10E7B000CDE906562246BDE8F04103F038B86FF0C7
:10E7C0008900ECE76FF08500E9E7F0B50F4685B00A
:10E7D0001E461546FAB1002333601A4603A9EDF729
:10E7E000ABFD044688B9039803885B0410D5CDE9D6
:10E7F00000563B46D0E9081200F0C1FC04460398DD
:10E8000000F08EFB002C08BF0446204605B0F0BD8A
:10E810006FF08604F3E76FF08904F6E72DE9F04125
:10E820001F4686B000230546884604933B60164683
:10E83000002A5AD0B2F1005F5AD204A9FFF7FFFDB7
:10E84000044668B90498436A73B104986A684388B7
:10E850000593120A036A50F8241F0FD06FF0860444
:10E860000498FFF73CFF39E06B681B0AF6D131468C
:10E87000FFF7CBFE04460028E7D0F1E705AACDE973
:10E8800001020091324641462846FFF7D1FE044678
:10E890000028E5D10499059B4A88D2B94B80059A96
:10E8A0004FF6F8739A421DD82B88049A13B1118839
:10E8B0009942D3D16B8813B151889942CED1536913
:10E8C0003B60137E012B07D000233B606FF0960462
:10E8D000C6E79A42C2D1E2E702231376204606B089
:10E8E000BDE8F0816FF08504BAE76FF08604F5E7C4
:10E8F0006FF08504F2E710B50446006830B10128D6
:10E9000005D1201DEFF766FA0023236010BD6FF0DC
:10E910008800F9E738B50C460168054691B904F05E
:10E92000FE43B3F1007F13D1031D6C22184603F0A0
:10E9300067FE2146EFF768FA044628B901232B60E9
:10E94000204638BD6FF088042846FFF7D4FFF7E76C
:10E950006FF08604F8E738B50546006878B112B95B
:10E960000024204638BD012809D1281DEFF7A2FA5E
:10E9700004460028F4D02846FFF7BDFFF1E76FF00A
:10E980008804F8E738B500241C600546006868B1C3
:10E99000012808D1281DEFF7A5FA04462846FFF7FD
:10E9A000AAFF204638BD6FF08804F7E76FF08804AF
:10E9B000F7E730B4039C0025256000F0FE44B4F175
:10E9C000007F02D130BC02F0BCBF6FF0860030BCCB
:10E9D000704738B5036804460D46C3B10968B1B93C
:10E9E0002B1D6C22184603F00BFE2268012A0BD166
:10E9F00001462A60201DEFF73DFA044610B1284673
:10EA0000FFF779FF204638BD6FF08804F7E76FF015
:10EA10008804F7E710B50446006858B101280AD108
:10EA200004F10800EFF7F4FA00232360A3886FF3E2
:10EA30000803A38010BD6FF08600F5E738B50546E2
:10EA4000006898B112B90024204638BD01280AD1C7
:10EA500005F10800EFF7BAFB04460028F3D028467A
:10EA6000FFF7D8FFF0E76FF08604F8E76FF088044F
:10EA7000EAE72DE9F041054600680F46164698463C
:10EA800010B36A79D2071FD52A79EAB1B2421ED8EB
:10EA900001281FD105F1080002F085FF044618B1D6
:10EAA0000023C8F800602B7137B1D8F80030324627
:10EAB00021463846FFF799FC2846FFF7ABFF002CAC
:10EAC00018BF2046BDE8F0816FF08804E8E76FF0DA
:10EAD0008904E5E76FF08604E2E72DE9F04F89B09D
:10EAE0000D46159F9846002382463B6011462846F6
:10EAF0001446EDF753FBDDE91396834680BB002EE9
:10EB000043D0002D23460CBF4FF480524FF4806257
:10EB100007A95046EDF710FC8346A0B90798038873
:10EB200003F4E043B3F5E04F2CD1D0E90812DDB196
:10EB3000129BCDF80890CDE90083CDE90367234609
:10EB4000EDF716FD834659463B6832464846FFF7C7
:10EB50004CFC079800F0E4F9BBF1000F08BF8346B6
:10EB6000584609B0BDE8F08F43681B0A0AD1129BD2
:10EB7000CDF80890CDE90083CDE903672346EDF792
:10EB8000C9FCDFE76FF0860BDDE76FF0890BE7E785
:10EB90001FB5089C0394079C0294069CCDE90034A1
:10EBA00013460A460021FFF798FF04B010BD2DE977
:10EBB000F041804686B000200D4616461F46EDF710
:10EBC000EDFA0446F0B92B464FF4005205A9404631
:10EBD000EDF7B2FB0446A8B9059843681B0AD0E9D3
:10EBE000081213D10D9B03930C9B0096CDE9017382
:10EBF0002B46EDF70FFD0446059800F091F9002C27
:10EC000008BF0446204606B0BDE8F0816FF08604D8
:10EC1000F2E703682BB183688B4205D38160002043
:10EC200070476FF0880070476FF086007047036888
:10EC30001943B1FA81F04009704707B500931346B4
:10EC40000022EDF7F1FD03B05DF804FB7FB505464A
:10EC50000E46104603A92A68FFF7D1FB044628B1E7
:10EC60002846EDF7BBFD204604B070BD6FF48073FD
:10EC7000F318012B9EBF2B7943F001032B71039BEB
:10EC8000596A1A8800911B6A31462846EDF7CCFD77
:10EC90000446039800F044F9002C08BF0446E2E75C
:10ECA0002DE9F04788B005469A460023079305F002
:10ECB000FE43B3F1106FDDE91067DDF848800846C8
:10ECC000914640D12A4607A9FFF799FB0446002840
:10ECD0003BD10798038823F0FF03B3F5E24F02D03E
:10ECE000B3F5E44F04D143880733B7EBD30F2FD3E9
:10ECF00025F47F03B3F1106F2DD143681B0AD0E9CF
:10ED0000081228D1CDE90378CDE901A6CDF800900D
:10ED10002B46EDF721FF044666B90023C8F8003002
:10ED2000079800F0FDF8002C08BF0446204608B004
:10ED3000BDE8F0870028F3D039463046EDF7E0FA19
:10ED4000C8F80070ECE76FF08604002EE5D0F3E71A
:10ED50006FF08904F9E76FF08504F6E7EDF7D0BAB4
:10ED600070B50488069905462046DDE90462FFF780
:10ED700030FB28B130461146BDE87040EDF7C0BA0F
:10ED800004F44F43B3F5824F0BD104F4E044B4F5DF
:10ED9000E04F06D10B4628463146BDE87040EEF7FD
:10EDA000D7BE6FF0850070BD2DE9F04387B01F46D8
:10EDB000DDF838900023C9F80030049343880546F5
:10EDC0000E469046002B00F08180038803F4E04358
:10EDD000B3F5804F7AD039463046FFF728FF002838
:10EDE00074D004A92846FFF72AFB044600284BD11B
:10EDF000049B5B6A63B16A68049B120A196A53F840
:10EE0000240F45D06FF086040498FFF740FC3BE0E8
:10EE10006B681B0A31D12A8869881046FFF7D9FA36
:10EE2000B8B11046FFF7C2FB044668BB47F20103C6
:10EE30009A421BD14C080134E40804EBC4043B346F
:10EE40000594DDE90401FFF7E0FB04460028D2D079
:10EE50001AE002F44F43B3F5824F04D102F4E043C9
:10EE6000B3F5E04F35D06FF085040DE044F20103B7
:10EE70009A4232D1CC081034E2E705A9284600F0C6
:10EE800079F904460028DCD00498FFF728FC19E043
:10EE9000CDE9010300913B46424631462846FFF743
:10EEA0005FFF04460028AFD1049B5A69C9F80020CF
:10EEB0001A7E012A04D0C9F800006FF09604E3E737
:10EEC00002221A76204607B0BDE8F0836FF0860470
:10EED000F8E747F201039A42ACD0CC1D22F0FF02C2
:10EEE000E408B2F5824F04BF64000134A8E7182299
:10EEF000002103F085BB034668B1017E8A1E012A0A
:10EF00000BD80329C26903D1012A01D1FFF7CABB7B
:10EF10001AB1013ADA61002070476FF0960070472D
:10EF2000FFF7E9BFC0B2002814BF6FF085000020D2
:10EF3000704773B50C46164602783AB19A1BA24246
:10EF40000BDA6FF08905284602B070BD013C00F174
:10EF50000100F1D16FF06705F5E71B1B2246014662
:10EF60001846019303F025FB90F90020002A08DAE7
:10EF7000821B002AE5DD421E0192002200F8012CCE
:10EF800001342246314601A8FFF7E1F9051EDADB1C
:10EF90000222314601A8FFF7FEF9002802DB2544D2
:10EFA0000544D0E70546CEE72DE9F34107469046F4
:10EFB0001E4600900144022301AA6846FFF788F824
:10EFC00018B9019D25B96FF0670002B0BDE8F08166
:10EFD000009B93F900101A780029F4DB3AB95A1C07
:10EFE000013D0092019525B15B78002BEBD0AE423C
:10EFF000E9D3009C761B21462A4608EB06002C44E8
:10F0000003F0D7FAE01BE0E708B508461146FFF722
:10F01000A5FE002818BF6FF0930008BDF0B593B0AF
:10F020001D46189CC31D2C440F46DE080194002881
:10F0300040D0B2EB460F3DD1B3F5847F3DD232468E
:10F0400002A803F0B6FA3246B9190AA803F0B1FAD9
:10F0500023462A4631460AA8FFF76BFF041E26DB2B
:10F06000019B2A461B1B314602A80193FFF761FF53
:10F070002746041E1BDB019B27441B1B3A462946DF
:10F0800001A80193FFF763F9041E10DB3022294623
:10F0900001A8FFF780F9002812DB3C440444224613
:10F0A0000199284603F093FA199B1C60002420461E
:10F0B00013B0F0BD6FF06704F9E76FF08904F6E76D
:10F0C0000446F4E72DE9F04792B0C51D0E4691467F
:10F0D0009A460091ED0800283FD01A9BB3EB450FEC
:10F0E0004FEA45073CD3402F3AD8302301AA494480
:10F0F0006846FEF7EDFF044658BB0DF108080146CF
:10F100003A46404603F07CFA4246DDE900012B46D0
:10F11000FFF74AFF021E26DB009801991044891A66
:10F120002B4608EB050200900191FFF73DFF051EFD
:10F130001BDB009B019A2B4400939B1B521B4B45EE
:10F14000019214D13A464146504603F032FA1B9BD5
:10F150001F60204612B0BDE8F0876FF06704F8E743
:10F160006FF08904F5E71446F3E72C46F1E76FF0FA
:10F170006504EEE700230B606FF08600704710B463
:10F180004468240A02D110BCFFF7E3BA6FF086008E
:10F1900010BC704700220123C0E90023704710B55E
:10F1A000044648B1006818B1E1888900FEF73DFFC8
:10F1B00000220123C4E9002310BD42F210739942DA
:10F1C00070B504460D4602D96FF08C0070BDC3883F
:10F1D0008B4201D30020F9E704212846ECF726FEF4
:10F1E00006460028F0D0216841B1E288920003F081
:10F1F000E0F9E18820688900FEF717FFE5802660C6
:10F20000E8E7F8B50D46C98804461646FFF7D5FF6E
:10F210000746A8B93046EDF7D1FDB4F90420B5F999
:10F2200004100646EDF7D6FDA0803346EA8829682B
:10F230002068EEF73BF8EB88F643E2889A4201D863
:10F240003846F8BD216851F82320324041F8232088
:10F250000133F2E738B504460D4619B9FFF79FFFB1
:10F26000002038BDC2888A4207D100689200002180
:10F2700003F0C6F90123A380F2E7FFF790FF2946C8
:10F280002046BDE83840FFF798BF42F2107399421C
:10F2900070B50A46054602D96FF08C0070BDC38870
:10F2A0008B4207D8BDE87040FFF787BF296851F847
:10F2B000231011B9013B002BF8D15C1C944238BFDC
:10F2C000144604212046ECF7B1FD06460028E3D0A1
:10F2D000296839B1A20003F06CF9E988286889002F
:10F2E000FEF7A3FEEC802E600020D7E7884270B5C1
:10F2F00005460E4609D0C98849B9C2882AB10123FA
:10F3000083809200006803F07BF9002070BD4C1EE2
:10F3100074B9EA88B6F90430AB800134A2420ED247
:10F3200021462846FFF749FF88B16FF08C00EDE7D2
:10F33000336853F82430002BEBD1013CE8E7286810
:10F34000121B9200002100EB840003F059F9316890
:10F350002868A20003F02DF9D7E770B50C4601210B
:10F360000546FFF72AFF064688B9EA88014692005B
:10F37000286803F045F984EAE472A2EBE472E40F32
:10F38000C4EBC4342B68640001341A60AC8030468E
:10F3900070BDC388B1EB431F3FBF03684A0901F04A
:10F3A0001F0153F822003ABFC84000F001000020BE
:10F3B0007047C188006800F063BC08B5FFF7F9FF2B
:10F3C0000730C00808BD70B50E4612F0030118BF23
:10F3D000012101EB920105461446FFF73BFF38B9C6
:10F3E000E988286823463246BDE8704000F06ABCD0
:10F3F0006FF08C0070BD13460A46C188006800F0AB
:10F4000086BC13460A46C188006800F0B2BC38B515
:10F4100004460D46FFF7CDFFE3882844B0EB431FB9
:10F4200006D82068E1882A4600F00DFD002038BD8E
:10F4300010F01F0118BF012101EB50112046FFF70A
:10F44000BCFE0028EDD06FF08C00F0E708B50A464E
:10F45000C18811B1006800F0BEFC002008BD10B5E5
:10F46000C38823B9CA885AB9ABB1012017E0026832
:10F4700002EB830252F8042C002AF3D1013BF0E79F
:10F480000C6804EB820454F8044C0CB9013AEAE726
:10F490009A42EAD30FD8013B5A1C01D1002010BD7B
:10F4A000026852F823400A6852F823209442DCD8BC
:10F4B00003F1FF33F0D24FF0FF30F0E730B5C388EF
:10F4C00023B9CA885AB9002B3DD136E0026802EB55
:10F4D000830252F8042C002AF3D1013BF0E70C68B8
:10F4E00004EB820555F8045C4DBB013AEAE7B1F93B
:10F4F000045003D2B1F90400404226E0B0F90420E0
:10F50000002A03DD002D0CDA01201EE0002D08DDAD
:10F510003AB14FF0FF3018E003F1FF330BD2504205
:10F5200013E0013B016851F8235054F823108D4239
:10F53000F2D9104609E0591CF4D1002005E0002B57
:10F54000D8D09342D3D9B0F9040030BD1FB581EAB9
:10F55000E173A3EBE173C90FC1EBC1314900019322
:10F5600001310123ADF80C10ADF80E3002A901AB4A
:10F570000293FFF7A3FF05B05DF804FB90422DE96D
:10F58000F04106460F46144602D0884206D127466F
:10F590000123B380FC884CB9002005E0FFF7A6FEEC
:10F5A0000028F4D06FF08C00BDE8F0813B6803EBDD
:10F5B00084034FEA840853F8043C0BB9013CEAE7A2
:10F5C00021463046FFF7F9FD0028EBD135683A684F
:10F5D00023462946284600F06CFC05EB0803074645
:10F5E000002FD9D0F288A24204F1010508D829469B
:10F5F0003046FFF7E2FD0028D4D1336803EB8403E3
:10F600001A68D2192CBF01270027003F43F8042BAA
:10F6100018BF01272C46E3E72DE9F041D4880546C1
:10F620000E4690466CBBF1882846FFF7C6FD07469C
:10F63000002842D1F288A2420BD9AE4209D02868F4
:10F640003168121B920001EB840100EB840002F090
:10F65000B0FFEA88F088824207D92B68121A92001C
:10F66000002103EB800002F0CBFFD8F800203168C6
:10F6700028682346EDF752FE024698B90123AB8075
:10F680000DE0D8F8003003EB840353F8043C0BB9C9
:10F69000013CC7E7F188A142C6D26FF0090738469E
:10F6A000BDE8F0812968EB8801EB84011B1B08464B
:10F6B00000F027FD0028E1D0EFE76FF08C07EEE7C0
:10F6C0002DE9F843B1F90440B2F804C01CFB04FC76
:10F6D00067467B4305460E4691461DD5114630468A
:10F6E000FFF7BDFEB0F1FF3F80460CD04A463146E1
:10F6F0002846FFF791FF68B9B8F1000F08BF012451
:10F70000AC80002006E032462846FFF785FF08B9A6
:10F710006442AC80BDE8F883FFF730FF0028EFD0EB
:10F720006FF08C00F6E70123FFF7CABF4FF0FF33FD
:10F73000FFF7C6BF1FB582EAE273A3EBE273D20FF5
:10F74000C2EBC2325200019301320123ADF80C200A
:10F75000ADF80E3002AA01AB0293FFF7E4FF05B04B
:10F760005DF804FB1FB582EAE273A3EBE273D20FEC
:10F77000C2EBC2325200019301320123ADF80C20DA
:10F78000ADF80E3002AA01AB0293FFF7CFFF05B030
:10F790005DF804FB2DE9F047012386B0144688424A
:10F7A0004FF00002CDE90223CDE9042306460D46C1
:10F7B00010D102A8FFF79AFD58B16FF08C0904A888
:10F7C000FFF7EDFC02A8FFF7EAFC484606B0BDE8EB
:10F7D000F08702ADA64206D1314604A8FFF786FDA8
:10F7E0000028EAD104ACEF884FBBB7FA87FAB4F827
:10F7F00006804FEA5A1AB8F1000F29D108EB070129
:10F800003046FFF7DAFCB8F1000F08BF4AF0010AF2
:10F8100001460028D1D13046FFF79FFD81460028E0
:10F82000CBD1CDF800802368296830683A4600F0D3
:10F8300072FBBAF1000F15D00123B380BFE72B682C
:10F8400003EB870353F8043C002BCED1013FCBE7F9
:10F85000236803EB880353F8043C002BCED108F156
:10F86000FF38C8E7AB88A28813FB02F39BB2E4E73A
:10F870002DE9F341CE8804460F46154636B13B6864
:10F8800003EB860353F8043C3BB145B90021204605
:10F8900002B0BDE8F041FFF760BD013EEEE7711C2C
:10F8A0002046FFF78AFC28B16FF08C08404602B072
:10F8B000BDE8F08139462046FFF718FD8046002854
:10F8C000F2D1013D00953A68E18820683346EDF7B2
:10F8D00055FDEBE770B504460D461046002116466F
:10F8E000FFF734FE002824DB2A4633462146002059
:10F8F000EDF77EFA054638B1284670BD32462146FE
:10F900002046FFF710FF90B900212046FFF71EFEAA
:10F910000028F3DB31462046FFF7D0FD0028EBDB63
:10F92000324621462046FFF701FF0028F2D0054667
:10F93000E2E76FF00905DFE72DE9F04F8BB0DDE975
:10F94000145706468B462846002191460793FFF739
:10F95000FDFD002805DC6FF0860420460BB0BDE8F5
:10F96000F08F2B681B68D907F5D500214846FFF7B3
:10F97000EDFD0028EFDB4846FFF71BFDB0F5005F0B
:10F98000E9D82846FFF715FDB0F5005FE3D8B9F8D0
:10F99000061031B9012130460BB0BDE8F04FFFF73A
:10F9A000DCBCE88800F081FB04210690ECF73EFA0D
:10F9B0008046002800F0988000220123CDE908232A
:10F9C00017B13B68002B68D10DF1200A294650463B
:10F9D00000F022FB0446002866D11FB19AE803001C
:10F9E00087E8030059463046FFF780FC002859D1CC
:10F9F0000123B38029463046FFF760FD002867DA0F
:10FA0000E9883046FFF7D9FB044600284AD1286828
:10FA100000F0A2FA089BCDF80880CDE90003316818
:10FA2000EB882A688246084600F08BFBEB8805933A
:10FA3000DDE9073E3168D9F80000B9F806C02A6848
:10FA4000B3F12A3FCDE9000CCDE902E8059B084659
:10FA500047D100F045FBCDE900A83168EB882A6862
:10FA6000084600F07AFBBBF904A0BAF1FF3F1BD1B6
:10FA7000D9F800301B68DB0716D5F188306800F034
:10FA800054FB01225146EDF7A5F93246B0802946D4
:10FA90003046FFF748FE044606E0E9883846FFF79F
:10FAA0008CFB78B16FF08C04069B40469900FEF702
:10FAB000BCFA1FB13B68002B7FF44FAF08A8FFF7DB
:10FAC0006EFB4AE797E803000AAB03E9030089E706
:10FAD0002A4631463046FFF7FDFE044600288FD007
:10FAE000E2E700F0EDFAB6E76FF08C0435E713B506
:10FAF000049CCDE900340023FFF71EFF02B010BDC7
:10FB00002DE9F047002688B00D1E07463146104605
:10FB10000CBF4FF004094FF0050990461C460596AE
:10FB2000FFF714FDB04213DB21464046FFF7C6FC49
:10FB3000B0420DDC31462046FFF72BFC0128014680
:10FB400006D1002D79D02046FFF700FD002850D1C6
:10FB50006FF086066DE0002D3ED1E08849468000BA
:10FB6000ECF764F98146002859D0002D3BD0296874
:10FB7000D8F80020002A38D10DF1140CB8F806305E
:10FB8000E088834233D2002A08BF0123CDE901096E
:10FB9000226800923868624600F0EFFA0123BB80C9
:10FBA00005B1AB80FA88E3889A4207D93868D21A3F
:10FBB0009200002100EB830002F022FD9DB3EA8851
:10FBC000E3889A422FD92868D21A9200002100EBCC
:10FBD000830002F015FD26E0E1882846FFF7EDFAE4
:10FBE0000028BAD01BE02946C2E79446C6E7034680
:10FBF000CCE7A045ACD0A542AAD0BC42A8D00DF11C
:10FC0000180A002F08BF574600220123E188384612
:10FC1000CDE90623FFF7D1FA064600289BD04FF026
:10FC200000096FF08C065046FFF7B9FA4846ECF72A
:10FC300003F9304608B0BDE8F087A045DEE7F7B528
:10FC40000E1E044615461F4614DB1046FFF77EFCC9
:10FC500000280FDDE9882046FFF7FCFA68B9089B09
:10FC6000CDE900733146E3882A682068EDF712FD7C
:10FC700003B0F0BD6FF08600FAE76FF08C00F7E795
:10FC80000139002901DA0020704750F82130002B9B
:10FC9000F6D0B3FA83F00131C0EB4110704739B1AF
:10FCA00001F18041013900EB81018142034600D21C
:10FCB00070471B680A681BBA12BA40F8042B41F857
:10FCC0000439F2E72DE9F0411C4613F0030318BF95
:10FCD000012303EB94038B4206460D46904613D84E
:10FCE00079B18F003A46002102F08AFC2CB1381B12
:10FCF00022464146304402F05CFC29463046FFF77C
:10FD0000CEFF0020BDE8F0816FF08900FAE7B3EB89
:10FD1000810FF8B516464FEA810415D81946A1425D
:10FD200007D31F4600218F4210D19C4218D30020D8
:10FD3000F8BD21F0030501F003024559D200D5407A
:10FD4000EDB29DB90131EAE72746EBE721F0030266
:10FD500001F003058258ED00EA4072540131E2E7F8
:10FD60001A1B0021301902F04BFCE0E76FF089000C
:10FD7000DEE7B3EB810F70B504464FEA810510460C
:10FD800019D95A1B8618002102F03AFC30462B463E
:10FD9000C21800218B4210D1002070BD22F0030157
:10FDA00002F003066158F600F140C9B281B9013290
:10FDB000AA42F3D3ECE71A46FAE721F0030001F078
:10FDC00003052058ED00E84002F8010D0131E1E79C
:10FDD0006FF08900E1E753098B42F0B402F01F0491
:10FDE00001D805D13CB38A00F0BC002102F008BC68
:10FDF0001F2A22D834B100EB81010022C4F1200671
:10FE000081420FD1F0BC704752F8047B45F8047F63
:10FE1000B242F9D1CB1A00228B42EBD240F8232018
:10FE20000133F9E751F8045D25FA04F313430B603D
:10FE300005FA06F2E4E71F2AE4D900EB8302051F66
:10FE400000EB8106E4E71F2AF0B54FEA521402F0F6
:10FE50001F0512D96FF0030606FB04060B469C42F1
:10FE600003F1FF3212D3631A8C4288BF00230B4484
:10FE700000EB8303002283420ED135B100EB8400F6
:10FE80000022C5F120078C4209D3F0BD56F822307C
:10FE900040F822301346E2E743F8042DEBE706680A
:10FEA00006FA05F3134340F8043B013426FA07F23F
:10FEB000E9E7F0B50024844620469C4200D1F0BD1D
:10FEC00051F8245052F824702E182CBF012500251B
:10FED000BF194CF8247045F100000134EDE7F8B586
:10FEE00004461846EDF77EF900278446231F38465E
:10FEF000974200D1F8BD51F8274053F8046F0CEA3F
:10FF0000040436182CBF01250025A41945F1000072
:10FF10001C600137ECE72DE9F347DDF82890154622
:10FF20004A440F46920000210646984602F068FBBC
:10FF3000002405F1010A4C4502D102B0BDE8F0876A
:10FF400058F82430009306EB84002B463A4651467D
:10FF5000EDF714FA0134EEE70068831C5B0003F050
:10FF60000803034403FB00F2C2F10202534303FB04
:10FF700000F2C2F10202534358430238584370471B
:10FF80002DE9F04F87B091460493109B0293DDE971
:10FF90001183139D05934FEAC80283468A460432B3
:10FFA0000021284602F02CFB08F102032E46002413
:10FFB0000393444516D105EB84052346029A55F870
:10FFC000247029465846EDF7A9F97840EDF70AF96B
:10FFD000A60000232A465946109607B0BDE8F04F08
:10FFE000EBF764BF5AF82430D9F80020376803993A
:10FFF000009302FB0377059A049B574330464A4619
:020000040005F5
:10000000EDF7BCF93046DDE9022100974346EDF7F4
:10001000B5F904360134CCE738B50D460121044664
:10002000FFF79BF988B9E98820468901FFF7EFF9C6
:1000300058B92A4621462046FFF74CFC28B9E988E2
:100040002046BDE83840FFF720B938BD2DE9F0471C
:1000500012F0030418BF012404EB92048C420646FC
:10006000884617461D464FEA840AC2EB840919D810
:100070004A46002102F0C4FAA8EB040292000021D3
:1000800006EB0A0002F0BCFA08983A4606EB0901B2
:10009000A847054618B921463046FFF700FE284616
:1000A000BDE8F0876FF08605F9E74901502934BFB4
:1000B0000122032201239340033358430130704748
:1000C00010B586B00B9C04940A9C039400240294FF
:1000D000099C0194089C0094EDF70CFA06B010BD41
:1000E00010B586B00B9C04940A9C03944FF02A34FC
:1000F0000294099C0194089C0094EDF7FBF906B06A
:1001000010BD70B50646002410469C4200D170BD5B
:1001100051F82420151A34BF01220022101E46F87F
:10012000245018BF01200134EFE7034600EB8101A2
:1001300000208B4201D1EDF755B853F8042B104342
:10014000F7E71FB5089C0394069C0092CDE90134A3
:10015000079AFFF715FF04B010BD30B587B01C46F5
:100160000B9D03950A9D00920123CDE9014505AA47
:100170000593FFF705FF07B030BD2DE9F04F89B0BB
:10018000DDE913499A4609EB84030F46019309EB15
:10019000C40380461146A600029303EB8405002F9A
:1001A0003AD005EB060BA24528BFA2464FEA8A03C8
:1001B0001A464846039302F0FCF9039BA4EB0A029B
:1001C00009EB03009200002102F01AFA129B9845F5
:1001D00004D032461946404602F0EBF967B1324688
:1001E0000021384602F00CFA32460021584602F04F
:1001F00007FA0123CBF80030A2444FEA4A130793D1
:10020000331FEB18069300230393039A079B934233
:1002100004D809B0BDE8F08FBB46C4E7D9F80000A8
:1002200000F00100ECF7DEFF0246D8F8000000F015
:100230000100ECF7D7FF22EA000302EA000A049368
:100240004A46234641460198EDF768F8DDE901107A
:10025000324602F0AEF95346494602982246EDF77F
:1002600025F83246284602F0A4F92246049B41466E
:100270002846EDF71BF8534601992846EDF716F886
:10028000012221462846FFF7A6FD0299324648463C
:1002900002F08FF932462946404602F08AF922469A
:1002A00049464046ECF7DEFF2246059003464146AC
:1002B0004846EDF713F8002F48D023465A463946F2
:1002C0000198EDF72BF81299034622460198FFF7A3
:1002D00006FEDDE90110324602F06BF9534659463D
:1002E00002982246ECF7E2FF3246284602F061F916
:1002F0002246049B39462846ECF7D8FF534601991D
:100300002846ECF7D3FF2B68129903F00103284627
:10031000FFF7E5FD0122824621462846FFF75BFDF7
:10032000069B069A1B68029943EACA7313605846F3
:10033000324602F03EF932462946384602F039F993
:10034000059B224639465846ECF7C8FF039B01330C
:100350005AE738B500EBC104A04200D138BD00F126
:100360000805FEF717FF2846F6E738B500EBC1048D
:10037000A04200D138BD00F10805FEF710FF284665
:10038000F6E770B50C460646114620461A46FFF7BA
:1003900001FA0546A8B9B36C33B9321D214620468F
:1003A000BDE87040FFF796BAB4F90430002B0ADBC1
:1003B0002046FEF7FEFFF36BB0EB430F0AD96FF058
:1003C0008605284670BD01462046FFF7BFF8002885
:1003D000EED0F4E7B36C2046984705460028F0D1EC
:1003E0000436B4F90430002B04DA00212046FFF76C
:1003F000ADF868B931462046FFF760F80028E0DB29
:10040000324621462046FFF707F90028F2D006E0E1
:10041000324621462046FFF786F90028E1D00546FE
:10042000CFE72DE9F34101F1100506460F462846B6
:100430000021FFF78BF80446A0B36846FEF7AAFE3A
:10044000331D2A4669460020FFF75AFB044630BB9D
:1004500007F108086B46424641463046FFF791FFD8
:100460000446E0B96B466A4669463046FFF789FFA5
:100470000446A0B96B463A4639463046FFF781FF3D
:10048000044660B96B46424641463046FFF779FF65
:10049000044620B901212846FEF75FFF044668465E
:1004A000FEF77DFE204602B0BDE8F0812DE9F04F59
:1004B000012A85B080460E46914605D8096805B0E8
:1004C000BDE8F04FFFF7ADBF08211046EBF7AEFCDB
:1004D0000746002800F0AA8002A8FEF75BFE494606
:1004E0003846FFF736FF316838461031FEF7FEFE1A
:1004F0000446002846D1B24607F108014FEAC90573
:1005000007EBC90B5AF8043F01911033A1F108021F
:100510004046FFF736FF0446A0BB01990831594514
:10052000F0D1A5F108023A4408F104031146FFF79F
:10053000E7FA044630BB103D09F1FF3A06EB8906A5
:100540003D44BAF1000F2BD005F1080B2B465A465B
:1005500002A94046FFF715FF044698B956F8043C37
:100560005A46103329464046FFF70BFF044648B968
:1005700056F8042C083202AB11464046FFF701FF43
:10058000044690B102A8FEF70AFE38464946FFF736
:10059000ECFE3846EBF750FC204605B0BDE8F08F86
:1005A000394602A8FEF7A2FEE0E702AB1A4619465A
:1005B0004046FFF7E6FE04460028E3D156F8042C37
:1005C00002AB11464046FFF7DCFE04460028D9D1B5
:1005D00056F8042C083202AB11464046FFF7D1FE14
:1005E00004460028CED1B8F80A1056F8040CFEF7DD
:1005F0004CFE04460028C5D156F8040CB8F80A1081
:100600000830FEF742FE04460028BBD156F8040D20
:1006100001211030FEF7A1FE04460028B2D1083DAA
:10062000BAF1000FAED00AF1FF3A8AE76FF08C04FE
:10063000B2E7F7B50D460446083568461646FEF79C
:10064000A9FD00212846FEF781FF211D07462A4605
:100650006846FFF76BF8044648B9002F0CBF00222C
:1006600006F0010269462846FEF7CBFD04466846BF
:10067000FEF795FD204603B0F0BD2DE9F74F9DF83C
:10068000308006460C461F46C8F3450915464FF014
:10069000000B01F1080A5FFA8BF2A2EB09035A4240
:1006A0005A41294620460192FEF7ABFDD8B9019A7E
:1006B00005F108015046FEF7A4FDA0B90BF1010BAE
:1006C000BB4505F11805E6D14FEAD8122146304660
:1006D000FFF7AFFF38B9012104F1100003B0BDE806
:1006E000F04FFEF73ABE03B0BDE8F08F70B50C4690
:1006F0000646114620461A46FFF718F8054648B93F
:100700000436B4F90430002B04DA00212046FEF749
:100710001DFF08B9284670BD324621462046FFF726
:1007200002F80028EDD00546F4E770B50C46054602
:10073000114620461A46FEF7F6FF064630B9043544
:1007400029462046FEF7BAFE002801DA304670BD81
:100750002A4621462046FEF75FFF0028F0D00646D5
:10076000F4E738B50C46051D29462046FEF7A6FEDF
:10077000002801DA002006E02A4621462046FEF73E
:100780004BFF0028F0D038BD10B50446FEF707FD3A
:1007900004F10800FEF703FD04F11000BDE810406D
:1007A000FEF7FDBC38B50C46054601212046FEF794
:1007B0002EFE28B921462846BDE83840FFF7D1BFB4
:1007C00038BD2DE9F041134605460C461646FFF7A5
:1007D000D8FD40BBEB6843BB032221462046FEF711
:1007E000C1FF00BB2F1DB4F90430002B04DA002137
:1007F0002046FEF7ABFE78B933462246214628460E
:10080000FFF7BFFD78B905F11403224621462846BB
:10081000BDE8F041FFF789BF3A4621462046FEF782
:1008200082FF0028DFD0BDE8F08105F10C032246ED
:1008300021462846FFF779FF0028DDD0F3E72DE9B0
:10084000F84F1E4603F10805C36804468A469046E1
:10085000002B40F0C08002F110031A462946FFF732
:1008600090FD002840F0EF8006F110072B4642462D
:1008700039462046FFF759FF002840F0E48006F192
:1008800018092B46424649462046FFF72FFF00280D
:1008900040F0D9804B463A4629462046FFF771FD85
:1008A000002840F0D080032229463046FEF7E0FFC2
:1008B000002840F0C88031462046FFF752FF00284C
:1008C00040F0C18008F1080B06F110075B465A465C
:1008D00039462046FFF755FD002840F0B4803946E0
:1008E0002046FFF75FFF002840F0AD803B464246C0
:1008F00029462046FFF745FD002840F0A480294600
:100900002046FFF74FFF002840F09D8006F11809B0
:100910003B463A4649462046FFF733FD002840F063
:10092000928049462046FFF73DFF002840F08B802B
:100930003346324639462046FFF723FD002840F073
:1009400082802B463A4639462046FFF7CFFE0028E4
:1009500079D12B463A4639462046FFF7C7FE002894
:1009600071D13B462A4629462046FFF7BFFE0028A4
:1009700069D133462A4629462046FFF702FD002862
:1009800061D14B462A4629462046FFF7AFFE002894
:1009900059D108F110035A4649462046FFF7F1FCA9
:1009A000002850D149462046FFF7FCFE00284AD1D6
:1009B00039465046FEF79AFC002844D129460AF1F0
:1009C0000800FEF793FCF0BB49460AF11000BDE8B1
:1009D000F84FFEF78BBC13462946FFF7D2FC90BBBD
:1009E000032229463046FEF743FF60BB31462046CE
:1009F000FFF7B7FE38BB04F10C0701463846FEF797
:100A0000A5FD00283FF45EAF08F110031A46294601
:100A10002046FFF7B6FCB0B906F110092B462A466E
:100A200049462046FFF7ADFC68B93B464A46294691
:100A30002046FFF7A6FC30B92B4632463146204609
:100A4000FFF773FE3BE7BDE8F88F0346C06920B1AE
:100A50005B6A002B14BF01200220704710B50446CA
:100A6000FEF798FB04F10800FEF794FB04F1100078
:100A7000BDE81040FEF78EBB38B50025044600F8EF
:100A8000045BFEF787FB04F10C00FEF783FB04F127
:100A90001400FEF77FFB04F11C00FFF7DFFF04F1F9
:100AA0003400FEF777FBC4E90F55C4E91155C4E9DA
:100AB0001355C4E91555E56538BD10B50446FFF773
:100AC000DBFF04F16000FEF765FB04F16800BDE8A0
:100AD0001040FFF7C3BF08B1FFF756BE704770B5AF
:100AE000044660B3436C012B11D00C30FEF757FB6A
:100AF00004F11400FEF753FB04F11C00FFF7EBFFB9
:100B000004F13400FEF74BFB201DFEF748FBA36DFC
:100B10004BB1E36D3BB100251826D4E91603AB4277
:100B200007D8EBF789F920466021BDE87040EBF764
:100B300093B906FB0500FFF7CEFF0135EDE770BD69
:100B400010B5044658B1FFF7CAFF04F16000FEF784
:100B500026FB04F16800BDE81040FFF7BCBF10BDE4
:100B600038B504460D46FEF7C1FB70B905F1080122
:100B700004F10800FEF7BAFB38B905F1100104F1E1
:100B80001000BDE83840FEF7B1BB38BD10B50121FB
:100B90000446FEF7E2FB60B9012104F10800FEF70C
:100BA000DCFB30B9014604F11000BDE81040FEF74F
:100BB000D4BB10BD2DE9F14F9A461B690A9D04462E
:100BC0000E46914623B96FF0860001B0BDE8F08F64
:100BD00002F1100700213846FEF7B8FC30B9514643
:100BE000304601B0BDE8F04FFFF7BABF0AF1100878
:100BF00000214046FEF7AAFC08B94946F0E701216A
:100C00004046FEF7A3FC0028DDD13B463A46294684
:100C10002046FFF7B6FB0028D7D105F108083B4670
:100C20002A4641462046FFF7ACFB0028CDD153466B
:100C30002A4629462046FFF7A4FB0028C5D10AF121
:100C40000803424641462046FFF79BFB0028BCD1E3
:100C50004B462A4629462046FFF748FD0028B4D1D6
:100C600009F1080B5B46424641462046FFF73EFD30
:100C70000028AAD100212846FEF768FC014690B959
:100C80004046FEF763FC40B92B464A4631462046B3
:100C900001B0BDE8F04FFFF7D2BD304601B0BDE86E
:100CA000F04FFFF773BF2B463A4606F1100120467E
:100CB000FFF767FB002888D105F110072B462A466D
:100CC00039462046FFF75DFB00287FF47EAF05F133
:100CD000180A2B463A4651462046FFF752FB002899
:100CE0007FF473AF4B463A4639462046FFF749FB3F
:100CF00000287FF46AAF39462846FEF7F7FA002845
:100D00007FF463AF29462046FFF74CFD00287FF4AF
:100D10005CAF4346424631462046FFF732FB00288F
:100D20007FF453AF2B46324631462046FFF7DEFCB8
:100D300000287FF44AAF5346324631462046FFF73B
:100D4000D5FC00287FF441AF33463A463946204669
:100D5000FFF7CCFC00287FF438AF43463A463946CB
:100D60002046FFF70EFB00287FF42FAF5B4652466C
:100D700051462046FFF705FB00287FF426AF534677
:100D80003A4606F10801204601B0BDE8F04FFFF7F2
:100D9000ADBC08B500211030FEF7D8FBB0FA80F0EA
:100DA000400908BD2DE9F047012ADDE908498246DE
:100DB0000E4690461F4645D80430FEF7FEFA05461B
:100DC0005046FFF742FE012882463ED1002106F13F
:100DD0001000FEF7BBFB50B9B9F1000F03D16FF063
:100DE0008900BDE8F0872070C7F800A0F9E7B8F1E6
:100DF000000F17D16B0001334B453B60EFD8214604
:100E0000042301F8013B2A463046FEF7FAFA00288F
:100E1000E7D1691C2A46214406F10800BDE8F047E5
:100E2000FEF7EFBA6B1C4B453B60D8D8002106F1AA
:100E30000800FEF7AEFA2146023001F8010B2A46FF
:100E40003046EBE76FF08600CBE76FF08500C8E730
:100E50002DE9F04F87B00D46039090461E462BB902
:100E60006FF08604204607B0BDE8F08F039B1F1D7E
:100E70003846FEF7A2FA81460398FFF7E6FD0128FF
:100E8000824641D198F800303BB9012EE8D128467E
:100E900007B0BDE8F04FFFF779BE09F1010BB3458C
:100EA000DED84A4608F101012846FEF78CFA0446CE
:100EB0000028D7D1514605F11000FEF74EFA04463E
:100EC0000028CFD198F800A0BAF1040F0ED14FEA54
:100ED00049020132B242C3D14A4608EB0B0105F187
:100EE000080007B0BDE8F04FFEF76DBAAAF10202A4
:100EF000012AB5D8B345B3D101463846FEF749FAC1
:100F0000012805F1080602D06FF08504AAE7012147
:100F10003846FEF73EFA01288046F5D104A8FEF7D0
:100F200039F903982A463146FFF74BFC044618BBB3
:100F30004246394604A8FEF7FDFB0446E0B902210B
:100F400004A8FEF783FA0446B0B900903B4604AA11
:100F500031463046FEF7CBFD044668B901463046BF
:100F6000FEF717FA0AF0010A824505D032463946E3
:100F70003046FEF7DBFB044604A8FEF710F971E7E4
:100F80002DE9F04FBDB005460291114606921C4670
:100F9000ECF722FC8046002840F0128121462846CA
:100FA000ECF7C2FB8046002840F00A812846FFF794
:100FB0004CFD0128834640F0338205F1240104F101
:100FC0000800FEF77BFA40B905F11C012046FEF748
:100FD00075FAB0FA80F84FEA58182F6CB7F5C07F51
:100FE00034BF04230523B8F1000F00F0A180AA6DDF
:100FF000002A00F09D80EA6D002A40F099800133BC
:101000009F4205939CBF02230593013B0793079AD8
:101010000123934004939DF810300393059B013FF7
:101020001F44B7FBF3F7B8F1000F03D0AE6D002EED
:1010300040F09F8004981821EAF7F8FE0646002841
:1010400000F0EB814FF000094FF0180A0AFB09602D
:10105000FFF704FD09F10109039A5FFA89F39A4247
:10106000F4D81C22002113A801F0CAFA04211BA8FD
:10107000FFF76FF921463046FFF772FD044600285E
:101080006CD1079B7B43089381464FF0180A089B5D
:1010900099454FD113AB0893194600220123182418
:1010A00004FB036041F8040B5B000398DBB2984239
:1010B00002F10102F4D813A92846FFF7F7F9044614
:1010C00000284BD11823DA4603FB0B63D1460AF103
:1010D000FF3AB9F1000F40F086804FEA4B035FFA08
:1010E00083FB039B5B45EDD8079918238B4006F1E2
:1010F00018023344089941F8042B18329A42089197
:10110000F8D1049B13A95A1E2846FFF7CFF90446CD
:1011100020BB06F1100A5046FEF741F809F101091B
:10112000039A5FFA89F39A420AF1180AF3D815E094
:10113000042365E70122B9FBF7F302FA03F1C9B210
:1011400007FB13930AFB0162002B3DD01BAB11463A
:101150002846FFF774FB0446002841D004211BA851
:10116000FFF703F9ACB9B8F1000F02D0049BAE65EC
:10117000EB6513A8FEF70EF805F134080DA8FEF78D
:1011800009F800214046FEF704F901283CD06FF031
:101190008604AB6DB3420ED06EB10025182707FB55
:1011A0000560FFF798FC0135039AEBB29A42F6D836
:1011B0003046EAF741FE14B10298FFF78CFCA046D6
:1011C00040463DB0BDE8F08F490810460AFB01617A
:1011D0000992FFF7C5FC099A04460028B6D0BDE77E
:1011E00009F1010953E7182202FB0AF11BAA009238
:1011F0002846721819440993FFF7DCFC099B044642
:1012000000283FF463AFA9E700210698FEF7C1F874
:101210000699B0FA80F913A8FEF768F84FEA591951
:101220000446F8B9069A41460DA8FEF77FFA04462F
:10123000C0B94A460DA913A8FDF7E3FF044688B9D3
:1012400001467A1C1BA801F0DBF90DF16C08C346BE
:10125000A246574540F0848000224FF0010CE24541
:1012600080F097800DA80DF14C08FDF798FF4046DF
:10127000FDF795FF002C8CD10DA8FFF7EFFB0421A3
:101280004046FFF766F807F1F0036B44029913F844
:10129000843C00933246039B2846FFF7EEF9044650
:1012A000002844D1469B002B00F095800BA8FDF749
:1012B00071FF479B00932A1D469B02210BA8FEF756
:1012C000BEFC834658BB029B03F1100211460BABD8
:1012D0002846FFF756F8834608BB029B03F1080A2D
:1012E00052460BAB51462846FFF74BF88346B0B940
:1012F0000BAB1A4619462846FFF743F8834670B9E8
:10130000029A0BAB11462846FFF73BF8834630B9EB
:101310000BAB524651462846FFF733F883460BA8DD
:10132000FDF73DFF1BF10E0F50D16FF093040DA898
:10133000FFF72AFA04214046FFF717F8002C7FF444
:1013400028AF02994A462846FFF773F90446002859
:101350007FF41FAF02992846FFF763F8044618E7A9
:101360005146002313A806930491FEF712F8069B3A
:101370009BF800200499984002438BF80020059ABE
:1013800001339A423944EDD10AF1010A0BF1010B04
:101390005FE798F8010098F800B080EA0201CB43BB
:1013A00003F0010E43F300030BEA0303104001EACC
:1013B0000302594008F8011F18F8013C43EACE1314
:1013C000024308F8013C0CF1010C48E7BBF1000FA7
:1013D00001D05C46ABE70DF16C0A002FA7D0029A52
:1013E000434611462846013FFFF729FA98B917F8F6
:1013F0000A3000933246039B0DA92846FFF73DF9BA
:1014000048B9029ACDF800800DAB11462846FFF787
:10141000D1FB0028E1D0044689E76FF08C04B8E6E0
:101420006FF08608CCE6F0B585B01446074602A8F2
:101430000D461E46FDF7AEFE00212046FEF786F85B
:1014400078B931463846ECF76FF9044618B92846A2
:10145000FFF79CFB044602A8FDF7A1FE204605B05D
:10146000F0BD01212046FEF771F858B931463846E3
:10147000ECF75AF904460028EDD131462846FFF72B
:101480006FFBE7E74FF0FF312046FEF75FF818BB30
:1014900031463846ECF748F904460028DBD131469E
:1014A0002846FFF75DFB04460028D4D108350146E5
:1014B0002846FEF74BF82A460646391D02A8FEF7D5
:1014C00035F904460028C6D1321E18BF012202A9F0
:1014D0002846FDF796FEBDE70023CDE900332246FE
:1014E000334629463846FFF74BFDB3E72DE9F04177
:1014F00090B005469846FFF7A8FA01280E46144614
:1015000030D102A808AFFFF7A9FA04213846FEF748
:1015100020FF2246434602A92846FFF784FF0446DF
:10152000A8B9DDE9162331462846FFF77CFF0446BB
:1015300068B90097334602AA31462846FFF73AFBBE
:10154000044620B931462846FEF76BFF044638466C
:101550000421FEF70AFF02A8FFF716F9204610B093
:10156000BDE8F0816FF08504F8E710B4019C14B178
:1015700010BCFFF705BD6FF0860010BC70471FB5AB
:1015800000240294079C0194069C0094FFF7EDFF51
:1015900004B010BD73B505461E46FFF756FA012884
:1015A0000C4601460DD11346009605F13402204643
:1015B000FEF745FB10F10E0F08BF6FF0930002B06D
:1015C00070BD6FF08600FAE72DE9F0410D46014647
:1015D000284617469846ECF71DF90446B0B9284648
:1015E000FFF733FA012805F1600612D14246394669
:1015F0003046FDF7E8FE044628B931462846ECF7A8
:10160000EBF8044610B13046FDF7C9FD2046BDE8B1
:10161000F0816FF08504F6E770B5066C0736B3EB22
:10162000D60F0D46044611464FEAD60204D20023D7
:101630002B606FF0890070BD2A60B0F866304BB146
:10164000FFF703FA012808D104F16000BDE87040FB
:10165000FDF7D7BE6FF08600EDE76FF09600EAE782
:101660002DE9F04700F4E04ABAF5804F089F06469E
:101670000C469146984617D100F44F43B3F5824F7C
:1016800002D0B3F5884F02D1F3B2412B0CD018F041
:10169000010F06D04FEA580344B1E21DB3EBD20F5D
:1016A00005D06FF0860665E04346F5E7DC00802153
:1016B0000120EAF7BBFB0546002800F08180FFF718
:1016C000FCF906F44F43B3F5824F02D0B3F5884FCF
:1016D00007D1F0B2302858D00DD8122815D01728CD
:1016E0005BD06FF086042846FFF72AFA2846EAF70F
:1016F000A3FB26463EE04128F3D1B4F5807F51D0CC
:10170000B4F5E07F0ED0FF2C0BE040F209239C42A1
:1017100008D035D8B4F5807F04D02ED824F020032B
:10172000C02BDED12146FCF7D9FB0146002842D070
:101730002846ECF76FF8FCF7C2FE064600283DD1BC
:10174000BAF5804F30D105F1680A43464A46514602
:101750002846FFF77DFBFCF7B2FE04460028C2D105
:1017600051462846EBF7E0FFFCF7A9FE04460028A7
:10177000B9D13D603046BDE8F087B4F5C07FD0E711
:10178000B4F5047FADD11C46CCE724F08003B3F55B
:10179000807FC7D0B4F5007FC3E7C02CC2D0B4F5BA
:1017A000807FBEE7FF24BDE7287843464A462946A6
:1017B000FFF70AFFD8E76FF0850494E7044692E745
:1017C0006FF08C06D6E77FB51E460023039303AB6C
:1017D0000093054613460A4641880088FFF740FFFC
:1017E0000446C0B92888039900F44F43B3F5824FEB
:1017F00002D0B3F5884F18D1C0B2412815D1086C7A
:1018000001300A9B1860099B00932888089B324688
:10181000ECF75AF90446039D2846FFF791F928464C
:10182000EAF70AFB204604B070BD086CE9E77FB513
:101830001E460023039303AB0093054613460A4656
:1018400041880088FFF70CFF0446D0B9288800F4CF
:101850004F43B3F5824F02D0B3F5884F14D1C0B2D5
:1018600040F48240039D099B00933246089B294621
:10187000ECF72AF904462846FFF762F92846EAF70A
:10188000DBFA204604B070BD4FF48240EAE72DE950
:10189000F04389B013460022039203AA00920A463D
:1018A00041880088DDF84890FFF7DAFE04460028FA
:1018B00040D1039DEA6B04AF0732384606AE4FEACB
:1018C000D208FDF767FC3046FDF764FC139BB3EBD1
:1018D000480F33D1424649463846FDF774FDFCF7C0
:1018E000EEFD0446D0B9424609EB08013046FDF74B
:1018F0006AFDFCF7E4FD044680B92846ECF7C6F91A
:10190000044658B9DDE9101205F16803CDE9007607
:10191000284600F062FAFCF7D2FD04463846FDF78F
:101920003EFC3046FDF73BFC2846FFF709F9284608
:10193000EAF782FA204609B0BDE8F0836FF094041C
:10194000ECE72DE9F0439DB0DDE9248904460E461D
:10195000174600216C2201A81D4600F051FE2146C9
:10196000C9F8008001A8ECF74FFA044668B93A4676
:10197000314601A8ECF79EFA044630B94B46424680
:10198000294601A8ECF7AEFA044601A8ECF722FAC2
:10199000002C18BF20461DB0BDE8F08311461A4642
:1019A000009BECF753BB38B51C460368154623B1C2
:1019B000ECF7D4FA00B9256038BD6FF08800FBE77A
:1019C0005C22002100F01CBE10B15C21EAF744BA91
:1019D000704708B55C2200F0ECFD08BD2DE9F84326
:1019E00005460E461446B2B3036803F03F07D3180A
:1019F000036022BF43680133436097B1C7F14009D8
:101A00004A450ED300F11C084A4608EB070000F0D7
:101A1000D0FD41462846ECF7EBFB3C444E44403CAD
:101A20000027A04604EB060904E02846ECF7E0FB9B
:101A3000A8F14008B8F13F0FA9EB0801F5D8A109BA
:101A40006FF03F035943621805D005F11C00711A6D
:101A5000384400F0AEFD0020BDE8F88370B503689F
:101A6000044603F03F03581C2344802238280D46C7
:101A70001A7704F11C0627D8C0F13802002130443F
:101A800000F0BEFDD4E900315A0F42EAC102DB008A
:101A900012BA1BBA6265A36531462046ECF7A8FB73
:101AA000A3681BBA2B60E3681BBA6B6023691BBA7F
:101AB000AB6063691BBAEB60A3691BBA20462B615C
:101AC000FFF782FF002070BDC0F1400200213044CA
:101AD00000F096FD31462046ECF78AFB38220021C3
:101AE0003046CDE76822002100F08ABD10B16821A0
:101AF000EAF7B2B9704708B5682200F05AFD08BD90
:101B00002DE9F04105460E46144612B3036C03F06E
:101B10003F079B18036422BF436C013343647FB1CA
:101B2000C7F1400842450FD34246384400F041FD1A
:101B300029462846EDF7EEFA27444644A7F140042B
:101B40003F2C09D82CB1002722463146E81900F075
:101B500030FD0020BDE8F081374606EB0408394629
:101B600028464037EDF7D6FAA8EB07033F2BF6D807
:101B7000A4F1400323F03F0340331E44E41ADFE79F
:101B800038B5036C03F03F035A1C0D46382A4FF05A
:101B90008001C154044610442FD8C2F138020021FC
:101BA00000F02EFDD4E910315A0F42EAC102DB00E9
:101BB00012BA1BBAA263E36321462046EDF7AAFAE4
:101BC000A36C1BBA2B60E36C1BBA6B60236D1BBA52
:101BD000AB60636D1BBAEB60A36D1BBA2B61E36D49
:101BE0001BBA6B61236E1BBAAB61636E1BBA2046D6
:101BF000EB61FFF77BFF002038BDC2F140020021FE
:101C000000F0FEFC21462046EDF784FA3822002140
:101C10002046C5E7F8B5046C0734E4089C420E463C
:101C200028BF1C461146054622463046FDF7CBFB31
:101C30000746D0B92B6CB3EBC40F4FEAC4010DD3E8
:101C4000343529463046FDF739FC00280DDB2A469D
:101C500031463046BDE8F840FDF768BDC91A304648
:101C6000FDF7F4FB0028EBD007463846F8BD70B509
:101C700088B0DDE90E45CDE9035402940D9C019432
:101C800000260C9C0094CDE90556EDF74DFB08B0FD
:101C900070BD2DE9F04792B005460CA898460C4659
:101CA0009246DDE91A69FEF7D9FE04A8FDF772FA3B
:101CB00006A8FDF76FFA08A8FDF76CFA0AA8FDF769
:101CC00069FA6B6B002B00F0858001213046FDF72F
:101CD0003DFC002813DB05F1340739463046FDF79B
:101CE000EDFB00280BDA01214846FDF72FFC002808
:101CF00005DB39464846FDF7E1FB002814DB6FF0B1
:101D000094040CA8FEF7E7FE04A8FDF748FA06A81D
:101D1000FDF745FA08A8FDF742FA0AA8FDF73FFAD1
:101D2000204612B0BDE8F0872246534604A9284653
:101D3000FFF770FF04460028E3D13B464A4606A958
:101D4000FDF7DEFE04460028DBD106AA04A908A898
:101D5000FDF720FD04460028D3D108A93A460846DD
:101D6000FDF7B8FD04460028CBD106AA31460AA8E3
:101D7000FDF710FD04460028C3D10DF128093A46AD
:101D800049464846FDF7A6FD04460028B9D1CDE9ED
:101D90000180CDF8009005F11C0308AA0CA9284683
:101DA000FFF7A4FB04460028ABD10CA8FEF7F1FF17
:101DB0000028A4D10CA93A460846FDF78BFD04463D
:101DC00000289ED131460CA8FDF778FB0446002878
:101DD00097D094E76FF08604A2E71FB50024029421
:101DE000079C0194069C0094FFF753FF04B010BDBC
:101DF0002DE9F84F8A4691460A4600F51071DDE953
:101E00000AB804461E46EDF7DBFB074630B1102149
:101E10005046EAF721F83846BDE8F88F94F860326A
:101E2000F3B1CA4400252A1D964233D2AE423AD8B5
:101E300094F86032012BEED104F5147404EB09021E
:101E40000021081D864202EB010335D28E42E2D901
:101E500018F801001A78424003F8012B0131F5E728
:101E600004F514724A440546291D8E4202EB05030F
:101E700009D2AE42D5D91BF805101A784A4003F8AA
:101E8000012B0135F5E75BF80530505943405351BC
:101E90000D46E9E75AF805305BF805104B4048F865
:101EA00005301546BFE71AF805301BF805205340EA
:101EB00008F805300135B9E758F801305458634047
:101EC00053500146BDE74FF41A72002100F098BB51
:101ED0002DE9F0431D4623F04003802B85B00446D6
:101EE0000F46164603D0B5F5807F40F0B7802046F8
:101EF00000F035FB3946204600F03DFB002840F05D
:101F0000AA802A4631462046EDF750FB002840F0D3
:101F1000A28001461022684600F072FB6A466946BC
:101F20002046EDF74DFB002840F09580DDE90023C9
:101F3000C4E96823DDE90223C4E96A2300220023FF
:101F4000C4E94823C4E94A2384F861020325042133
:101F50004FF0020C122711FB0C724FEA021804EB2F
:101F6000021201F1120ED2F80C90936899FA89F9D5
:101F70001BBA4FEA59094FEA0E1649EAC37904EB36
:101F80000E1E5B0899FA89F91BBACEF80830CEF814
:101F90000C9092F8079043EAC9138EF8083054F871
:101FA0000830D2F8048098FA88F81BBA4FEA58082B
:101FB00048EAC3785B081BBAA35198FA88F8CEF8B0
:101FC0000480D27B12F0010F0CBF00226FF01E02C2
:101FD0005340013DA3554FEA6101BCD104220821C1
:101FE00004EB0113013AD3F82051D3F824612DBA40
:101FF00036BAC3E94865D3F82851D3F82C612DBA15
:1020000036BAC3E94A654FEA6101E9D14FF0030CE2
:10201000022505F112031F0104EB031104F5987268
:10202000A7F5907701260FE007EB0208002351F88F
:1020300003E052F803908EEA090E48F803E00433F7
:10204000102BF4D101361032AE42EDDBBCF1010CA5
:102050004FEA4505DDD105B0BDE8F0836FF086009D
:10206000F9E72DE9FF470446884617461D46002B31
:102070006DD000F5107610220021304604F5147959
:1020800000F0BEFA10220021484600F0B9FA002202
:1020900000230C2DC4E98823C4E98A2384F86082D4
:1020A00012D13B68C4F840327B687360BB68B36090
:1020B000012384F84F3204F50C723146204604B0F7
:1020C000BDE8F047EDF77CBA0023CDE90033EA0024
:1020D0006B0F12BA1BBACDE9023204F50F7A102D3C
:1020E000A8464FF0000328BF4FF010081A1D904576
:1020F0001CD203F23F222244984521D83246314671
:102100002046EDF7ADF9B5EB08054744E7D16B463E
:10211000116853F8040B414042F8041B4A45F7D1BB
:10212000324631462046EDF79BF9C4E7BB185AF812
:10213000021053F8043C4B404AF802301346D5E7EE
:10214000F85C12F8011F414011700133D4E76FF0C1
:10215000860004B0BDE8F0872DE9F04114460E4634
:10216000D0E98A21151951F100054FF0000328BF6D
:102170000123002B75D16D0F73D112F00F071DD005
:10218000C7F11005A54200F5147228BF254602EBE1
:10219000070C03F1040E75450CEB03012DD29D4293
:1021A00034D82F44102F02D11146EDF759F9D0E958
:1021B0008A21AA1841F10001641B2E44A21841F1A2
:1021C0000001C0E98A21254600F5147237190F2D48
:1021D00026D814F00F010DD024F00F033344002251
:1021E000151D8D422ED904F00C0404F24F22104428
:1021F0008C422FD30020BDE8F081F1585CF80380B9
:1022000081EA08014CF803107346C2E716F803E0B0
:1022100091F800C08CEA0E0C01F801CB0133BEE747
:102220000023A7EB050E5EF8031052F803C081EA05
:102230000C01D1500433102BF5D11146EDF710F9F4
:10224000103DC4E702F514769A5887597A408251B6
:102250002A46C5E71A5D10F8015F6A400270013432
:10226000C6E76FF08600C6E72DE9F04F87B0144649
:1022700005460F461022002102A8984600F0C0F93A
:10228000109BA342C0F09380119B1C60002C38D09F
:10229000474504D2A8EB0703A342C0F08B80D5E9E1
:1022A000886B31195BF100024FF0000328BF012356
:1022B000002B7FD16FF01F038B424FF00F03934130
:1022C00078D356EA0B0320D1D5F828321B0705D066
:1022D00005F5147211462846EDF7C2F8A6194BF120
:1022E0000003C5E98863A04427440F2CA8EB040130
:1022F000A7EB040230D8002C47D1102102A8E9F73F
:10230000ABFD002007B0BDE8F08F16F00F0AE5D056
:10231000CAF11009A14528BFA146CDE900784B4676
:10232000524602A92846FFF763FD0028EAD109EBCF
:102330000A02102A05D105F5147211462846EDF758
:102340008FF8D5E9886319EB060643F1000BA4EB7F
:1023500009044F44C844C1E7D5F84C321BBA0133D5
:102360001BBAC5F84C322846CDE9002110230022C3
:1023700002A9FFF73DFD0028C4D105F514721146EE
:102380002846EDF76DF8103CAFE7D5F84C321BBA94
:1023900001331BBAC5F84C322846CDE9002123464B
:1023A000002202A9FFF724FD0028A6D0AAE76FF0BB
:1023B0008900A7E76FF08600A4E72DE9F04F00221F
:1023C00087B01A60D0E98831D0E98A264FEAC1097E
:1023D000F6001943DDE91078044649EA53794FEADB
:1023E000C30A46EA52764FEAC20B08D1120706D05A
:1023F00000F5147211460193EDF732F8019BA8F134
:1024000004050C2D4DD81B0705D004F51472114698
:102410002046EDF725F8424604F50C71384600F0E9
:10242000C8F84AEA0B0349EA0602134303D1002025
:1024300007B0BDE8F08F9BFA8BF3039399FA89F309
:1024400036BA049304F514729AFA8AF30296059345
:1024500002A8134604F51876196850F804CB81EAEF
:102460000C0143F8041BB342F6D111462046ECF7A9
:10247000F7FF0023E118F858D1F8501241401846F0
:1024800008308045F95003F10403F3D225F003032B
:1024900004339845CBD9F95CD05C4140F954013301
:1024A000F7E76FF08600C3E77FB515461A46089B2D
:1024B0000446FFF7D6FD38B9DDE909122046FFF7DB
:1024C0004BFE18B16FF0860004B070BD03AECDE9CD
:1024D00000560C9B0B992A462046FFF7C5FE0028A4
:1024E000F2D10D9B01930E9B0093024601463346A9
:1024F0002046FFF762FF0028E6D0E3E7F0B58DB095
:102500000C46169903911399159F02911299179DE4
:10251000049508AECDE90031CDE9057613460021DA
:102520002246FFF7C1FF58B914983A463146FBF7E7
:1025300040FF28B128462146E9F78EFC6FF0940051
:102540000DB0F0BD10B5044640B100F008F82046CB
:102550004FF41A71BDE81040E9F77EBC10BD10B50C
:10256000044638B10378012B02D1043000F01BF887
:102570000023237010BD08B58B1E022B09D801392A
:10258000C9B20129017004D1043000F007F800201D
:1025900008BD002303706FF08600F9E74FF48C72DA
:1025A000002100F02DB818B14FF48C71E9F754BC3C
:1025B00070470A44914200F1FF3300D1704710B5D3
:1025C00011F8014B03F8014F9142F9D110BD884237
:1025D00010B501EB020402D98442234607D8431EFA
:1025E000A14207D011F8012B03F8012FF8E70244AC
:1025F000824200D110BD13F8011D02F8011DF7E75A
:1026000002440346934200D1704703F8011BF9E7E7
:10261000044608B5EFF7B8F82046C0F77FF810B5C4
:1026200001390244904201D1002005E0037811F8FD
:10263000014FA34201D0181B10BD0130F2E710B5C5
:10264000024612F8013BA3F14100192811F8010BD1
:10265000A0F1410498BF2033192C98BF20301B1AD9
:1026600002D10028EDD110BD1846FCE7C9B20346DF
:10267000184613F8012B12B18A42F9D1704700298C
:1026800018BF0020704710B56AB10139841810F8DE
:10269000012B11F8013F9A4203D1A04201D0002A38
:1026A000F5D1D01A10BD1046FCE710B5013903462C
:1026B00032B111F8014F03F8014B013A002CF7D168
:1026C0001A440021934200D110BD03F8011BF9E721
:1026D00010B5024601448A42134603D01C780132E9
:1026E000002CF8D1181A10BD30B50346184613F85F
:1026F000012B42B14C1E01E0954205D014F8015F58
:10270000002DF9D1F2E7104630BD38B511F0FF04C5
:1027100003460ED12146BDE83840FFF7A7BF431C52
:10272000054621461846FFF7A1FF0028F7D12846A5
:1027300038BD0025F5E70A7870B56AB970BD9A42D0
:1027400009D10C46054614F8013F002BF6D015F8C8
:10275000016F9E42F7D001300378002BEFD118466D
:10276000ECE72DE9F843C3F13709074688465FFADD
:1027700089F903F01F051646384641462A460023CC
:10278000B9F75EFED4B2092C3A4688BF4C444346A2
:1027900088BFE4B2AA424FF0000204F13004934132
:1027A00006F8014B07468846E6D23046BDE8F88376
:1027B0002DE9F04F89B00518029304AB41EB0104F9
:1027C000009390462846D2E90023214600F0A8F85D
:1027D00006AB009307468946D8E9022328462146DE
:1027E00000F09EF8DDE90423841851EB0306069BF4
:1027F000D8E900124FF0000528BF0125ED18079B0E
:1028000043F10003791849EB0202B94272EB090265
:10281000D8E9022134BF01200020A21846EB0101B3
:102820008018029A41F10001A042A2F1410A71EB25
:10283000060234BF012200225219CDE90653CDF819
:1028400000A043F1000300F082F8129BC3E90001ED
:10285000D8E90221039114990129DDE90653D8E949
:1028600000E027D10399CDF800A0A21A66EB010180
:10287000774579EB000034BF01200020101A61F188
:102880000001844276EB010234BF01220022AA1A21
:1028900063F1000300F05BF8139BC3E90001DDE97D
:1028A0000623CDF800A02046314600F050F809B0CC
:1028B000BDE8F08F17EB070B49EB090C14EB04088C
:1028C00046EB0601BB457CEB090934BF0127002715
:1028D00018EB070741F10008F3457CEB000C34BF0F
:1028E00001200020381A68F10001801A039A61EB78
:1028F00002016D195B41A74278EB060234BF012249
:102900000022AD1843F10003874278EB010834BF81
:1029100001220022AA1A029DA5F140050095B7E701
:10292000F0B500240D4606469446A0FB020122465F
:10293000E5FB0C12A446E3FB061CE5FB032412EBAB
:102940000C02059F44F10004C7E90024F0BDF0B576
:10295000059CC4F14007C4F1200602FA06F6A4F172
:102960002005BB4022FA05F53343C4F120062B4372
:1029700001FA06F6A4F12005E04021FA05F53043FE
:10298000BA402843E14010431943F0BD2DE9F0411E
:102990000446CE0FC1F30A55C1F3130154EA0107EF
:1029A000167140F2FF706AD1002D70D12C46294675
:1029B000002B15605FDB0C2B5FDCC3F10D05AD0058
:1029C000012005F1FF3CA5F12107C5F1210620FA00
:1029D00006F600FA07F700FA0CF03743061847EB43
:1029E0000708D6F1000E68EB480C013E48F1FF38AD
:1029F000264008EA0108B04277EB08080FDBC5F172
:102A00002008B5F1200601FA08F824FA05F545EA90
:102A100008055CBF41FA06F63543ED0703D52018DB
:102A2000044641EB070104EA0E0401EA0C019DF89B
:102A3000186018460D250532C6F1270604F00F036D
:102A4000240944EA0174091163B9A8420DDA013D71
:102A5000F4D21AE01DB90125A5F2FF35A8E741F42B
:102A60008011F9E7092BC8BF9B193033A842535591
:102A7000B8BF2846EBE70023D9E70D23D7E7854207
:102A8000E8D146F0080616710020BDE8F0818542C5
:102A9000E5D146F00406F6E7D1E9043293421EBFC1
:102AA0005A1C0A6118707047009AFB7F01000000F1
:102AB000D538010000000000312D010000000000A9
:102AC000592D010000000000792D010000000000D8
:102AD000992D01000000000079380100000000007D
:102AE00000000000A82B05009D80030000000000EE
:102AF000F98003000000000000000000E82B050042
:102B000000000000C82B050000000000082C050094
:102B100000000000282C05000D2F0300000000001D
:102B2000213F0300000000009DE7000000000000BE
:102B30001D94010000000000552701000000000066
:102B4000B17C030000000000C59D030000000000F0
:102B500000000000682C050000000000482C050063
:102B600000000000882C050000000000A82C0500D3
:102B700000000000C82C0500C5FF00000000000098
:102B80005149010000000000B75C04000000000093
:102B900039CC000000000000350D030000000000EB
:102BA000997C010000000000490006003453050034
:102BB000042F05003C2400207CB600205D2C03007F
:102BC000000000002853050086000600645305003D
:102BD000A02E0500402400202CB70020D533030090
:102BE00000000000585305009A00060084530500B9
:102BF000A02E05004224002038B70020D533030062
:102C0000000000007853050072000600000000007C
:102C1000982E05003E240020D8B600202131030064
:102C2000000000004C530500F2010600505405005E
:102C3000202F05004A240020001D0020B93B03007E
:102C4000000000004454050017000600045305006E
:102C5000C05205003A2400202C1C00206D1E0300E9
:102C600000000000B0520500B8010600F453050052
:102C7000FC2E050048240020E01C0020A938030099
:102C800000000000E8530500068B0500000000006E
:102C9000643F0500382400203000002095570100D3
:102CA00000000000583F050037010600A053050052
:102CB000C42E050044240020000000000D35030050
:102CC000000000009853050034010600D0530500B1
:102CD000E02E0500462400200000000031360300ED
:102CE00000000000C85305002BBF04004BB80400CF
:102CF000000000002D450400282C0500D9B6040072
:102D0000000000002D450400000000002D450400D7
:102D1000000000002D4504008C14002033B4040092
:102D2000000000002D450400000000002D450400B7
:102D3000000000002D450400000000002D450400A7
:102D4000000000002D450400000000002D45040097
:102D5000D8B6002091310300000000002D4504008A
:102D6000000000002D450400000000002D45040077
:102D700000000000B13F0300000000002D450400EA
:102D8000000000002D450400000000002D45040057
:102D9000000000002D450400000000002D45040047
:102DA000000000002D450400000000002D45040037
:102DB000000000002D450400000000002D45040027
:102DC000000000002D450400E01C0020E5C00400C8
:102DD000000000002D450400000000002D45040007
:102DE000000000002D450400000000002D450400F7
:102DF000000000002D450400000000002D450400E7
:102E0000000000002D450400000000002D450400D6
:102E1000000000002D450400000000002D450400C6
:102E2000152503004BB80400000000002D450400E8
:102E3000000000002D450400000000002D450400A6
:102E4000000000002D450400000000002D45040096
:102E5000000000002D450400000000002D45040086
:102E6000000000002D45040080610020000C0220BD
:102E70000010000081E002000000000000000000DF
:102E800000000000FFFFFFFF00000000B0F605009B
:102E90000000000000000000CD3003001D300300E2
:102EA0000532030087B3040095B30400ADB30400FA
:102EB000B9B30400C5B3040011340300DFB3040048
:102EC0000000000000000000000000005FB40400EB
:102ED00000000000000000000000000000000000F2
:102EE0000000000000000000E7B40400A3B40400E8
:102EF0000000000000000000000000008D39030009
:102F000053B50400B52C0300FBB204005FB304000A
:102F10000000000097B20400000000000000000064
:102F20006DB50400013B03005FB504007FB70400EA
:102F300093B50400BBB50400F1B5040005B6040068
:102F400033B6040047B6040005B6040023B60400F7
:102F50005BB6040069B6040077B60400A9B60400A5
:102F6000ADB604008BDD0500B82A0020615C0400CA
:102F70000608000047A50500B82A00201B580400D9
:102F800000080000A1A90500B82A00201B58040071
:102F9000DD8600000000000000000000575504001E
:102FA000AD87010000000000000000000F51040088
:102FB000AD670100000000004E1D0020AC000020A5
:102FC00000000000030000000A000000B4780020A8
:102FD000344306006C4306000000000000000000BF
:102FE0000000000000000000000000004C1D002058
:102FF000A800002000000000030000000A000000FC
:10300000B07800206C430600A443060000000000D6
:1030100000000000183A05000400000041670500A8
:10302000030000001D8B0500030000006400060083
:10303000030000001DFD0500030000006DFE0500FB
:10304000030000007A9F0500030000001201060043
:10305000030000003C01060003000000CC9E0500B8
:10306000030000006567050003000000677F05009E
:10307000030000008FDD0500030000003280050022
:10308000030000003A8005000300000083ED050006
:103090000300000083E5050003000000AADD050031
:1030A0000300000071E30500030000003EDD0500A1
:1030B0000300000097DD0500030000002C8B0500D5
:1030C0000300000057F5050003000000F4F60500BA
:1030D000030000002D62050004000000ACE40500C0
:1030E00003000000ACE5050003000000C4E5050096
:1030F0000300000052E1050003000000B7E50500F1
:103100000300000028E6050003000000EFE70500CB
:103110000300000069E2050003000000CFE50500A0
:1031200003000000C8E20500030000007DE8050080
:1031300003000000D7900500040000001A8C050071
:10314000030000000C8C0500030000008E8F0500BA
:1031500003000000A0DD05000300000060E405009E
:1031600003000000CDEB050003000000D5EB0500D7
:1031700003000000ABE1050003000000FEFC0500B9
:103180000300000039000600030000005E03060093
:10319000030000009666050003000000CB7F0500D9
:1031A00003000000D57F0500030000001780050024
:1031B00003000000F07F050003000000FD7F050014
:1031C000030000000980050003000000E17F050006
:1031D00003000000CA01060003000000A2720500FF
:1031E00003000000A87205000300000049800500EC
:1031F0000300000052670500030000009B8F0500DC
:103200000300000006020600030000000EFF050098
:103210000200000031000600020000007B8605006D
:1032200002000000DC830500020000004B8705005F
:1032300002000000C584050002000000678205004E
:10324000020000005E82050002000000D687050033
:103250000200000087870500020000005785050076
:1032600002000000DE870500020000001166050074
:10327000030000001F80050003000000183C05004B
:10328000007C0020BC72050000000000B372050045
:1032900078070020F4780020680700200200000072
:1032A0009C3B0500F0780020B03B05007425002011
:1032B000A87205008032002080EC0120843C0500CB
:1032C000F43A0500943A0500483B0500043C05002B
:1032D0005C3C0500803A05004C400500983C050028
:1032E000483C0500343C0500703C0500000000002F
:1032F00000000000000000000000000000000000CE
:10330000736805007A680500000000005DF30000A6
:10331000000000005B6A0500656A0500000000000F
:10332000E1F3000003000000A9680500D2BF05001A
:103330000000000079F30000020000001880050082
:10334000846A05003436050000000000000000001B
:10335000E3610500326905000000000069C7000054
:103360000101000003F1050088690500000000006C
:10337000C9F3000000000000000000000000000091
:103380000000000000000000000000003191050076
:1033900038910500000000001197010001000000B5
:1033A00093DD0500C3920500604005005D970100B4
:1033B00001000000AE9305005E930500B8400500D3
:1033C0008599010001000000228B050043B0050033
:1033D000B8470500000000000100000076FE05006F
:1033E000F796050000000000B199010001000000FF
:1033F000649705006B970500504105000000000030
:10340000010000002A990500319905007842050065
:103410000000000001000000FE990500029A05006E
:10342000084305000956040001020000B39B050093
:10343000BA9B0500C04305001956040001010000B5
:10344000D16E050013C20500000000007DD8010008
:10345000010000003D9C0500419C0500184405004A
:1034600000000000010000004D9E0500529E050076
:10347000F045050051560400010100007D9F050044
:10348000829F050000000000ED9E01000100000089
:103490008C870500B5A50500384605009DA50100EF
:1034A00001010000BBE50500F8B50500084905006D
:1034B000ADBE0100010000002CE60500D2BB0500F6
:1034C0008049050085C4010001000000437105002A
:1034D000DDBD05000000000011CB0100010000006F
:1034E000D3E505000ABF0500F84905006DCD0100D0
:1034F000010000006B0306002FC00500304A0500E4
:1035000075D00100020C0000CCE205009BC1050053
:10351000684A050079D601000200000070C205006B
:1035200075C20500A04A050005570400010000000F
:10353000F2C20500F6C20500D84A0500CDD8010048
:1035400001000000CDD5050041D60500C04D0500A5
:10355000DDF3010001000000386D050080C30500A7
:103560000000000025D901000100000081E80500ED
:10357000B8C40500304B050041D90100010000002E
:10358000ABC50500B3C5050000000000B5DC0100B7
:1035900001000000B464050044CC0500884B050020
:1035A000D1E7010001040000D56C05001CCE050028
:1035B0000000000095E8010002000000D1EB0500CA
:1035C00008D00500E04B0500195704000100000079
:1035D000D9EB0500D2D20500784C05001D57040038
:1035E0000100000095D305009DD30500F04C0500B7
:1035F00075F2010001010000B8D40500BDD405003A
:10360000684D0500A1F201000100000002FD050067
:103610009ED5050000000000CDF201000100000071
:10362000CAD70500CDD70500584E050011F401009A
:103630000101000000000000000000000000000088
:103640000000000000000000996D05009E6D05005F
:103650000000000069F70000020000000B86050072
:10366000BB6B05000000000085F4000000000000B6
:10367000386D05003F6D05000000000005F70000F3
:10368000020000005C6C0500636C05000000000097
:10369000D5F5000000000000D56C0500DD6C0500CC
:1036A00000000000A1F60000020000000000000081
:1036B000000000000000000000000000000000000A
:1036C000CDF70000EDF7000035A6010005E8010088
:1036D000E9CC0100FFFFFFFFFFFFFFFFFFFFFFFF40
:1036E000FFFFFFFFFFFFFF7FFFC99A3B00000000C5
:1036F000FFFFFFFFFFFF0000CA529A3B00000000DF
:103700001B5B4A00001B5B4800001B5B324A000049
:103710001B5B4A00001B5B6D00001B3700001B3861
:1037200000001B5B3F336C00001B5B4800001B5B11
:10373000324A00001B3700001B3800001C0001004B
:103740000008000004000000040000000008000061
:103750000400000004000200000800000100000056
:10376000040100001A00000000551D250000551D31
:103770002000000000000000000000000000000029
:103780000338FDD870470000010000000000000071
:10379000050000000000000019000000000000000B
:1037A0007D00000000000000710200000000000029
:1037B000350C000000000000093D00000000000082
:1037C0002D31010000000000E1F5050000000000BF
:1037D00065CD1D0000000000F9029500000000000A
:1037E000DD0EE90200000000514A8D0E00000000CD
:1037F0009573C24800000000E941CC6B0100000055
:103800008D49FD1A07000000C16FF28623000000F9
:10381000C52EBCA2B1000000D9E9AC2D7803000090
:103820003D9160E45811000031D6E275BC560000AD
:10383000F52E6E4DAEB10100C9EA26836778080007
:10384000ED95C28F055A2A00A1EDCCCE1BC2D30044
:1038500025A4000A8BCA220400000000000000001A
:103860000000000000000010000000000000000048
:10387000B9340332B7F4AD1410DB1AB30892540E06
:103880000D307D951447BA1A66088F4D26ADC66D6A
:10389000F598BF85E2B74511CA96853D92BD1DEBEF
:1038A000FCA11860DCEF52163C92AE220BB8C1B4FA
:1038B000839D2D5B0562DA1C304C7E8F4E8BB25B94
:1038C00016F4529F8B56A512FBD4827643ED8AF0F4
:1038D0008FE7F9311565191850F19BD94A13EEB4E9
:1038E000284CF0A686C1251F035FC270CB9E4916E7
:1038F000E642889C44EB2014B0650836AD6EA58581
:1039000085F0CA14E2FD031A0B899979D5B13D09F6
:10391000D8DA973A35EBCF10AC363F5E73BB38CF71
:103920003E6752FA44AFBA150100000000000000E3
:103930000000000000000020345065C05FC9A6529E
:10394000BB13CBAEC440C21806C8DF7100D5A87C3B
:10395000F56F0FDA58FC27136E4756357D24206526
:1039600002C7E768E48CA41DE9E60268D7CD396197
:103970007977FCC2405BEF16798CDE43FFA751F9E3
:1039800091F3B278F5BDBE11E857E9D6E8BEE87B01
:10399000B054AC8F848D751BEA23A499E9F9D38BBD
:1039A000B7A3714061DA3E15CEE33ECB73F9480808
:1039B0008C97B427D51B7010A2BFEFB9EB853215D9
:1039C0004DB44DB49BBB6F1996B6076CF8E7EEADDE
:1039D00036D9B4F59135AE13222218AF4E6A684D30
:1039E00091DAAA3D4F40741E9FBD9EE006A1C0988B
:1039F00057C2A7FDA40E90170E7D497173E3208F67
:103A0000B220D87605143B12853D7434811343B03F
:103A1000AD297A5F27F4351C000000001B62050009
:103A20001E6000000400000000000000236205008A
:103A300026E80400010000000000000009660500FF
:103A400000000000402E002000010000EB2D0400CB
:103A50008D2D040002000000000000002668050013
:103A60002E680500000000000000000000000000BB
:103A7000366805003A6805003E68050042680500A2
:103A8000466805004D680500EC32050000000000A6
:103A900000000000A06E05007A6E0500A83A05003F
:103AA0000000000000000000AC3A05000B86050095
:103AB000E83A0500C036050071F800000101000079
:103AC0005C8505008A6E0500C43605000DF800000F
:103AD00002000000000000000000000000000000E4
:103AE0000000000000000000C40BD286A76E050095
:103AF000D86E0500956F05009A6F0500083B05001C
:103B000000000000000000000C3B0500ECE4050094
:103B1000A86F050000000000F9F900000000000097
:103B2000B86F0500BC6F05000000000021FB00001D
:103B30000000000000000000000000000000000085
:103B40000000000000000000407105004771050002
:103B50005C3B050065FB000002020000603B0500C5
:103B6000097205000E720500000000001DFC000037
:103B7000050200004AA7050046720500000000008B
:103B8000FDFE000002010000000000000000000037
:103B90000000000000000000000000005BE00020CA
:103BA0001E000000ED3C04008C3205006007002080
:103BB0007C320500DC3B0500EC7B0020640000004B
:103BC000C83B0500A87B0020503300208000000087
:103BD000000000004B300400020000000F40040011
:103BE000F47B00205BE000201E000000F5FF0000D9
:103BF0009930040075300400B930040087300400A7
:103C000000000000D0750500877505000000000069
:103C1000250D010001000000C73E04008F3E040096
:103C200063400400000000000000000000000000ED
:103C300000000000857605008C760500000000007D
:103C40003116010001000000B6760500BD760500C2
:103C5000AC3C0500D11601000101000062770500AF
:103C60006A77050000000000F11501000100000066
:103C7000DB9005007B770500D83C050000000000C4
:103C800000000000A1770500A777050000000000F4
:103C90009D16010001000000B5770500B977050009
:103CA000000000003F42040000000000B03C05009E
:103CB0000AED0500DC770500000000005D1501003D
:103CC00001000000000000000000000000000000F3
:103CD0000000000000000000DC3C0500207805002A
:103CE00029780500000000009D150100010000007A
:103CF00046780500557805007C3D05000000000071
:103D000000000000057905000C790500BC3E0500A7
:103D1000000000000000000023790500297905005B
:103D20007C3E050000000000000000004079050016
:103D3000477905003C3E050000000000000000003F
:103D4000D861050056790500FC3D05004D160100BF
:103D500001010000B464050069790500BC3D05005F
:103D60000000000000000000000000000000000053
:103D7000000000000000000000000000803D050081
:103D80007B7905008579050000000000934204005E
:103D900001000000BD790500C479050000000000A5
:103DA0001B430400010000000000000000000000B0
:103DB000000000000000000000000000C03D050001
:103DC000E4EA0500FB79050000000000434204001E
:103DD00001000000297A05002E7A0500000000008D
:103DE0008915010001000000000000000000000033
:103DF000000000000000000000000000003E050080
:103E0000187605005A7A050000000000F942040007
:103E10000100000077020600997A0500000000000A
:103E200071420400010000000000000000000000DA
:103E3000000000000000000000000000403E0500FF
:103E400018760500AC7A050000000000E1150100BD
:103E50000100000077020600BC7A050000000000A7
:103E600065420400010000000000000000000000A6
:103E7000000000000000000000000000803E05007F
:103E800018760500CB7A050000000000D742040038
:103E90000100000077020600E37A05000000000040
:103EA0005F4304000100000000000000000000006B
:103EB000000000000000000000000000C03E0500FF
:103EC00018760500FA7A050000000000B5420400EB
:103ED0000100000077020600127B050000000000D0
:103EE0003D4304000100000000000000000000004D
:103EF00000000000000000000000000000000020A2
:103F00000000000000000B0602000000103F05004A
:103F100000000000B77F0500260002060000002018
:103F2000BF7F050022000B11800700203D2E0100FD
:103F30000000000003460400694704008B470400AA
:103F400000000000B12F0100393501002D350100BE
:103F5000AD3301006D3201005C3F0500010000003F
:103F6000068B0500CB4F040000000000000000009D
:103F70007750040027500400934F0400AF4F040013
:103F80000000000000000000455801002C3F050023
:103F90009C3F05000008000000000000BC7D0020E0
:103FA0003F5404006F530400575304005569010047
:103FB0005B5304005F530400635304006753040021
:103FC000375404006B5304003B5404005554040060
:103FD0005954040033540400515404005D54040047
:103FE00061540400C7550400AD5504009D550400FC
:103FF00025810100235504001D550400A15504002E
:104000000F550400A5550400A9550400C35504002C
:10401000D9550400DD550400BF5504000000000020
:1040200009550400035504007390050083900500B2
:104030008D9005009790050055900500A290050011
:10404000AB900500B0900500B790050051900500B9
:10405000C390050078330500000000000000000058
:1040600064400500EB920500AC4005000000000034
:104070003D97010000000000F1920500A0400500FE
:104080000000000045980100000000000000000052
:104090000000000000000000000000000000000020
:1040A000C40BD286F59205000C930500C40BD28692
:1040B00029930500E5090600BC40050007830500BB
:1040C0004441050000000000E55504000000000028
:1040D000809305003841050000000000E955040008
:1040E00000000000889305002C410500000000003E
:1040F000ED550400000000008F93050020410500ED
:1041000000000000F1550400000000000000000065
:10411000000000000000000000000000000000009F
:10412000C40BD28697930500E5090600C40BD2861E
:10413000B693050033D50500C40BD286F293050073
:10414000E5090600C40BD286119405002E940500E3
:1041500054410500F7F505009C41050000420500AB
:104160000000000000000000249C050090410500B4
:10417000A841050000000000000000000000000051
:10418000000000000000000000000000000000002F
:10419000C40BD28682970500E5090600C40BD286BF
:1041A0009B970500E5090600AC410500BC9705009A
:1041B000F441050000000000719D010002000000B4
:1041C000C2970500E841050000000000F555040015
:1041D00002000000000000000000000000000000DD
:1041E0000000000000000000C40BD286C797050045
:1041F00033D50500C40BD286F997050033D50500E9
:1042000004420500BC9705006C4205000000000058
:104210009D9D010003000000C2970500604205005B
:1042200000000000F9550400020000002689050086
:104230005442050000000000FD550400010100008B
:10424000000000000000000000000000000000006E
:1042500000000000C40BD2862C98050033D5050061
:10426000C40BD2865C98050033D50500C40BD286FA
:104270008E980500C19805007C420500249C05002D
:10428000A4420500B042050000000000000000004C
:10429000000000000000000000000000000000001E
:1042A00000000000C40BD28649990500E50906000C
:1042B000B4420500BC970500FC4205000000000068
:1042C000C99D010002000000C2970500F0420500F0
:1042D0000000000001560400020000000000000081
:1042E00000000000000000000000000000000000CE
:1042F000C40BD2866299050033D50500C40BD28663
:104300009499050033D505000C430500489A050033
:10431000B4430500000000000D560400000000003A
:104320004F9A0500A843050000000000F59D01001C
:10433000000000007C9A05009C430500000000007E
:1043400005560400000000000B86050090430500A0
:1043500000000000219E010000000000569A0500A8
:104360008443050000000000115604000000000016
:10437000000000000000000000000000000000003D
:1043800000000000C40BD2865E9A0500829A0500E8
:10439000C40BD286989A0500E5090600C40BD286A4
:1043A000B79A0500F69A0500C40BD2860D9B05004E
:1043B000E5090600C40BD286299B05003D9B05003C
:1043C000C4430500770206000C440500000000000D
:1043D0004D9E010000000000187605000044050015
:1043E000000000001556040000000000000000005E
:1043F00000000000000000000000000000000000BD
:10440000C40BD286DD9B0500E5090600C40BD286ED
:10441000FF9B0500E50906001C4405004EFE050053
:10442000E445050000000000959E01000402000024
:1044300062FE0500D8450500000000004D5604004E
:104440000100000026890500CC45050000000000A1
:104450004956040001000000559C0500C0450500B8
:10446000000000004556040001000000A1080600FD
:10447000B4450500000000004156040001020000A0
:10448000599C0500A8450500000000003D560400A9
:10449000020000005C9C05009C4505000000000037
:1044A0003956040002000000629C0500904505009A
:1044B000000000003556040002000000689C050062
:1044C0008445050000000000315604000300000090
:1044D0006F9C050078450500000000002D56040083
:1044E00002000000B86F05006C45050000000000E8
:1044F0002956040002000000729C0500604505007A
:10450000000000002556040002000000769C050013
:104510005445050000000000215604000200000080
:1045200005A8050048450500000000001D560400D0
:104530000200000000000000000000000000000079
:104540000000000000000000C40BD2867D9C050026
:10455000939C0500C40BD286A29C0500B19C05006B
:10456000C40BD286BD9C0500B19C0500C40BD2864D
:10457000CE9C0500B19C0500C40BD286E19C0500D1
:10458000B19C0500C40BD286F09C0500FF9C050081
:10459000C40BD286159D0500279D0500C40BD2864D
:1045A000329D0500279D0500C40BD286449D050061
:1045B0005E9D0500C40BD286659D05008C9D05009F
:1045C000C40BD2869F9D0500E5090600C40BD28668
:1045D000B89D0500E5090600C40BD286D19D0500F3
:1045E000E5090600C40BD286ED9D0500049E05007A
:1045F000F44505009F9E05001C46050000000000D4
:10460000C19E01000000000000000000000000004A
:10461000000000000000000000000000C40BD28673
:10462000789E0500A49E05006C9F0500739F050001
:10463000EB61050002FD05003C46050024A70500CE
:1046400004470500C836050041A201000000000033
:1046500007A70500F8460500C8360500D9A20100E5
:1046600000000000297A0500EC460500C836050068
:104670009DA5010000000000E1A50500E046050041
:10468000C836050021A10100000000000AED050068
:10469000D4460500C836050055A3010000000000FF
:1046A000E9A50500C8460500C8360500E5A30100D8
:1046B00000000000000000000000000000000000FA
:1046C0000000000000000000C40BD286F2A5050027
:1046D0001CA60500C40BD28659A6050088A60500B5
:1046E000C40BD28692A60500BDA60500C40BD286D7
:1046F000CBA6050033D50500C40BD286EFA6050076
:1047000033D50500C40BD2860CA7050033D50500B0
:104710000100000027A70500020000003BA70500DC
:10472000040000004FA70500004000005BA7050043
:1047300008000000ACA2050010000000A2A20500C5
:10474000200000009AA20500400000006EA70500AE
:104750008000000070A705000001000078A7050098
:104760000002000090A7050000000200AFA70500AE
:1047700000000400D1A7050000000800F2A7050012
:1047800000040000F9A70500000800000AA80500C1
:10479000001000001AA805000080000030A80500E5
:1047A000000001003EA80500000008004FA8050019
:1047B0000000100060A80500BC4705002689050020
:1047C000E448050000000000C1B40100010200003F
:1047D00055B00500D84805000000000039B50100BB
:1047E000010200005CB00500CC480500000000009C
:1047F000E9B50100010200004EFE0500C0480500B9
:104800000000000099B601000102000062FE0500F0
:10481000B44805000000000089B701000102000053
:1048200024A70500A84805000000000079B8010091
:104830000102000007A705009C48050000000000D9
:1048400045B901000102000062B005009048050072
:104850000000000021BA010001050000118D0500D3
:104860008448050000000000E9BC010001040000CC
:104870000000000000000000000000000000000038
:1048800000000000C40BD28667B005009CB0050094
:10489000C40BD286B7B00500E7B00500C40BD286C2
:1048A00009B1050032B10500C40BD2863BB1050049
:1048B00032B10500C40BD28662B1050032B10500E9
:1048C000C40BD28686B1050032B10500C40BD28676
:1048D000A7B1050032B10500C40BD286C7B10500EF
:1048E00032B10500C40BD286E7B1050032B1050034
:1048F000C7AD050000000000D2AD050001000000BA
:10490000E2AD0500020000000C490500F19205002F
:104910007449050000000000FDBF01000000000018
:104920003DB60500684905000000000059C10100BE
:104930000000000041B605005C49050000000000D1
:104940006DBF01000000000000000000000000003A
:10495000000000000000000000000000C40BD28630
:1049600049B605006DB60500C40BD28682B60500B7
:10497000D4B40500C40BD286A9B60500CBB6050099
:1049800084490500F1920500EC4905000000000093
:10499000FDC50100000000003DB60500E04905002E
:1049A0000000000039C70100000000004B060600AF
:1049B000D44905000000000055C4010000000000BB
:1049C00000000000000000000000000000000000E7
:1049D00000000000C40BD28617BC050043BC0500D4
:1049E000C40BD28682B60500D4B40500C40BD286AF
:1049F000A9B60500D4B40500FC4905006F9C05006C
:104A0000244A0500D0360500A9CD010000000000B1
:104A10000000000000000000000000000000000096
:104A200000000000C40BD28626BF0500DCB40500E0
:104A3000344A05006B0306005C4A050000000000D4
:104A400075D0010000000000000000000000000020
:104A5000000000000000000000000000C40BD2862F
:104A600044C0050079C005006C4A0500CE750500FC
:104A7000944A05000000000079D601000000000003
:104A80000000000000000000000000000000000026
:104A900000000000C40BD286B0C10500D6C10500DD
:104AA000A44A0500EB920500CC4A05000000000076
:104AB0000F5704000000000000000000000000008C
:104AC000000000000000000000000000C40BD286BF
:104AD0008CC20500E5090600DC4A05006B030600F0
:104AE000244B050000000000F9D801000000000080
:104AF00026890500184B050000000000CDD80100F4
:104B000000000000000000000000000000000000A5
:104B10000000000000000000C40BD28607C305009F
:104B2000E5090600C40BD28624C3050033D5050071
:104B3000344B0500F19205007C4B0500000000009D
:104B4000C5DB0100000000003DB60500704B05000C
:104B5000000000001DDB010000000000000000005C
:104B60000000000000000000000000000000000045
:104B7000C40BD286CCC40500F1C40500C40BD28698
:104B800007C5050029C505008C4B050027AA0500AF
:104B9000D44B050000000000A1DD01000000000072
:104BA0008C870500C84B0500CC3605003DE70100A9
:104BB00000000000000000000000000000000000F5
:104BC0000000000000000000C40BD2865DCC050090
:104BD00099CC0500C40BD286BBCD0500EECD0500F7
:104BE000E44B05004EFE05006C4C05000000000083
:104BF00019EB0100000000002BD00500604C0500FF
:104C0000000000008DE901000000000030D0050028
:104C1000544C05000000000021E9010000000000E4
:104C200035D00500484C050000000000B1E8010047
:104C30000000000000000000000000000000000074
:104C40000000000000000000C40BD2863BD005002D
:104C5000E5090600C40BD28651D00500E50906001F
:104C6000C40BD28669D0050086D00500C40BD2865D
:104C70008DD00500A2D005007C4C050036D1050082
:104C8000E44C050000000000C9ED01000000000038
:104C900035D00500D84C05000000000081EF010070
:104CA000000000002BD00500CC4C050000000000E7
:104CB00089F001000000000000000000000000007A
:104CC000000000000000000000000000C40BD286BD
:104CD000E7D205000AD30500C40BD28622D3050013
:104CE000E5090600C40BD2863FD3050057D3050063
:104CF000F44C0500C9D305005C4D05000000000020
:104D00002157040003000000D0D30500504D0500DA
:104D1000000000002557040002000000297A050069
:104D2000444D05000000000075F201000101000083
:104D30000000000000000000000000000000000073
:104D400000000000C40BD286D7D30500E509060099
:104D5000C40BD286FAD305002CD40500C40BD2862E
:104D600048D4050078D405006C4D0500F19205008B
:104D7000B44D0500000000002957040003000000A6
:104D80003DB60500A84D0500000000002D570400A9
:104D90000200000000000000000000000000000011
:104DA0000000000000000000C40BD286D4D405002F
:104DB00000D50500C40BD28606D505002DD505000B
:104DC000C44D0500889305004C4E0500000000000E
:104DD00031570400030000004ED60500404E050088
:104DE00000000000355704000800000059D60500F7
:104DF000344E050000000000395704000500000093
:104E000060D60500284E0500000000003D57040054
:104E10000200000000000000000000000000000090
:104E20000000000000000000C40BD28669D6050017
:104E300033D50500C40BD28679D605008AD6050085
:104E4000C40BD286B2D60500C8D60500C40BD286E4
:104E500037D7050042D705005C4E0500F1920500EA
:104E6000244F050000000000415704000109000024
:104E70003DB60500184F050000000000455704002E
:104E80000104000003D805000C4F050000000000DD
:104E90004957040001010000297A0500004F050070
:104EA0000000000011F4010001010000078305006B
:104EB000F44E0500000000004D57040001070000FB
:104EC000B4640500E84E0500000000003DF4010058
:104ED00001010000000000000000000000000000D0
:104EE0000000000000000000C40BD2860DD80500B1
:104EF00087D80500C40BD2868FD80500B1D805002D
:104F0000C40BD28618D90500A3D90500C40BD286DC
:104F1000AAD90500E5090600C40BD286CBD9050045
:104F200000DA0500C40BD28615DA050047DA050061
:104F30007DF4050028E105003DE1050033E10500B1
:104F400042E105004AE105008CA20500FFFFFFFFDA
:104F50000000000000000000000000000000000051
:104F6000000000002C3F0500744F05008000000089
:104F700000000000BC4D02202C3F0500884F0500BA
:104F80008000000000000000BC9B0220E000000246
:104F9000E0000001C8E70500D3E70500DDE70500F4
:104FA000E3E70500E9E705006C9F05002AEB050033
:104FB00035EB050040EB05004BEB050058EB050019
:104FC00069EB050079EB050088EB050097EB050020
:104FD000A6EB0500B2EB0500BFEB05009FF4050052
:104FE000A6F40500AAF40500AFF40500B4F405002A
:104FF000DAAD0500B8F40500C0F40500C6F40500FC
:10500000EBF40500CBF40500D1F40500D6F405005F
:10501000DFF4050025F50500E9F40500F2F40500CC
:10502000F0F40500F7F40500FEF4050002F50500B4
:1050300009F5050014F505001DF5050023F505002B
:105040002CF5050035F5050033F50500E3F4050002
:105050003FF5050045F5050052F5050050F5050042
:1050600000000000000000005EFA050000000000E3
:1050700050FA0500A6F4050050FA0500AFF405004B
:1050800058FA05001768050058FA0500DCF7050016
:1050900069FA05007D9F050069FA050071FA0500AF
:1050A000B6F9050077FA0500B6F905007BFA0500A8
:1050B000B6F905007FFA0500B6F9050083FA050088
:1050C000B6F9050087FA0500B6F905008BFA050068
:1050D000B6F905008FFA050093FA050000000000FC
:1050E000A2FA0500B2FA0500C0FA050000000000AF
:1050F000D0FA050000000000DEFA05000000000004
:10510000E5FA0500000000004E6705000000000001
:1051100001FB050000000000DEFB050000000000B0
:1051200007FB05000000000015FB05000000000063
:10513000BEF905000000000029FB0500000000008A
:10514000A8ED0500000000003AFB0500000000008B
:10515000B7ED050000000000CFF9050000000000D9
:105160000CFC050000000000956F05000000000029
:105170004BFB05000000000050FB05000000000094
:1051800057FB0500000000005FFB05000000000069
:1051900093F105000000000064FB05000000000022
:1051A0006DFB0500000000007FFB05000000000013
:1051B0008DFB05000000000096FB050000000000CC
:1051C000AAFB050000000000EDA50500000000009E
:1051D00042FB050000000000B8FB050000000000D5
:1051E000C5FB050000000000D8FB05000000000022
:1051F00090FB050000000000ECFB05000000000033
:10520000F4FB050000000000FCFB050000000000AE
:10521000F7F505000000000008FC05000000000094
:1052200013FC050000000000C5ED050000000000B3
:105230002DFC05000000000038FC05000000000007
:105240003DFC05000000000041FC050000000000DE
:10525000790B0300C50703009907030059030300F6
:10526000000000000000000000000000000000003E
:10527000000000005D070300B50B03000000000004
:10528000000000000000000000000000000000001E
:105290000000000036FE050042FE050056FE050037
:1052A000105305007C2600200000000000000000D4
:1052B000B452050002000000046605002500060047
:1052C00000000000B91D0300711D0300811B0300D5
:1052D000E51D030000000000191B0300091E030068
:1052E000AD290300511D030000000000252A030022
:1052F000C9230300791C03000FB2040041B204006B
:1053000039B204000000000003000000C51C0300C7
:1053100069B204000000000051B20400212C030017
:10532000F92B0300000000002C53050001000000D1
:105330008AA705006D2D0300ED2C03005800060020
:1053400083B304007FB304005E00060050530500E1
:1053500001000000820006005C530500010000000F
:1053600094000600FFFF0000000300508C14002092
:1053700000000000010000007C5305000100000057
:10538000A8000600BCF801FF000000508C140020AB
:1053900000000000000000009C5305000000000019
:1053A00004000000A8530500E82B05000D000100D3
:1053B000E82B05000E000100E82B05000F0001009E
:1053C000E82B050010000100CC5305000000000090
:1053D00001000000D8530500682C05000000000003
:1053E000002D310101000000EC5305000100000018
:1053F000C5010600000000000000000000000000E1
:10540000000000000000000000040000E8030201AA
:105410000101000074DA0020040000000000000018
:10542000000000002C5405000024F40000C00140DE
:105430003854050001000000405405000100000040
:105440000D0001164854050001000000000206008E
:105450000020004001000000000000007054050022
:105460000000D6010000000023E4002022E4002018
:10547000002000407C540500010000008454050019
:1054800004000000060000000500000208060001FC
:105490000706000308000000030000002BC0000006
:1054A000160206000E0902000303030300000000B9
:1054B000E50906000000000000000000A8CC000084
:1054C000A9CC00002CC0000030C00000ADC000001E
:1054D00024C0000028C000000AC0000014C0000062
:1054E000AFC0000087C000008BC0000073C0000088
:1054F00077C000005DC0000061C0000049C000002E
:105500004DC000002BC000002FC00000ACC0000048
:1055100023C0000027C0000009C0000013C0000025
:10552000AEC0000086C000008AC0000072C000004B
:1055300076C000005CC0000060C0000048C00000F1
:105540004CC00000ACCC000038C0000036C00000E9
:105550009BC0000071C0000037C0000035C00000D3
:105560009AC0000070C00000FFC00000ABCC00007B
:10557000A9000000A5C00000AF0000008D000000E1
:105580008FC0000095C00000A9C000006BC00000E3
:1055900065C00000A8000000A4C00000AE0000002C
:1055A0008C0000008EC0000094C00000A8C0000065
:1055B0006AC0000064C0000006C0000010C0000007
:1055C0003BC000003AC0000039C00000B10000003C
:1055D000B00000002C000000000000002BC0000004
:1055E0002CC00000000000000A030600180306009B
:1055F0002C0306003B03060047030600B02A050003
:10560000B82A0500202B0500282B0500902B05004B
:10561000A82B0500610306000100050081030600B8
:10562000020007006703060004000800700306007C
:10563000080004009C87050010000900750306009F
:10564000200008007E03060040000A0089030600CF
:1056500080000600B8030600000100000000000002
:10566000000300000C000000030000000000000028
:1056700000070000FFFFFF0F3F00000000080000D0
:10568000C503060007000000CD030600DD03060089
:1056900005030000ED03060008000000F603060005
:1056A00008040600090300000000000000000000DC
:1056B000000000000000000000000000820506005D
:1056C00003000000860506009D050600000100009D
:1056D000AF05060003000000B3050600E105060063
:1056E00004000000C205060003000000C605060015
:1056F000D805060000080000EB05060003000000C6
:10570000EF0506000406060020000000150606004E
:10571000090000001F060600340606000000010014
:105720004E06060003000000520606006C06060046
:105730000800000081060600030000008506060040
:10574000A006060002000000B706060003000000E5
:10575000BB060600D806060001000000000000009D
:105760000000000000000000000000000000000039
:105770007C570500A4570500905705000300000062
:10578000C709060001E0040009E0040045B6030073
:1057900005000000CD090600F5DF04000000000050
:1057A000000000000400000028900500E9DF04006C
:1057B00009E0040045B6030001260500D3090600F0
:1057C00008000000010000000000000000000000D0
:1057D00000000000DC0906000900000001000000D4
:1057E000E60906000700000004000000EE090600BC
:1057F000050000000500000000000000000000009F
:105800000000000000000000685D050001000800C5
:10581000485D050001000800285E05000100010048
:10582000285D050001000800085D05000100080072
:105830000000000001000000E85C05000100080015
:10584000C85C050001000800000000000100000025
:10585000A85C050001000800885C05000100080044
:105860000000000001000000685C05000100080065
:10587000485C050001000800000000000100000075
:10588000285C050001000800085C05000100080014
:105890000000000001000000E85B050001000800B6
:1058A000C85B0500010008000000000001000000C6
:1058B000A85B050001000800885B050001000800E6
:1058C0000000000001000000685B05000100080006
:1058D000485B050001000800000000000100000016
:1058E000285B050001000800085B050001000800B6
:1058F0000000000001000000E85A05000100080057
:10590000C85A050001000800000000000100000066
:10591000A85A050001000800885A05000100080087
:105920000000000001000000685A050001000800A6
:10593000485A0500010008000000000001000000B6
:10594000285A050001000800085A05000100080057
:105950000000000001000000E859050001000800F7
:10596000C859050001000800000000000100000007
:10597000A859050001000800885905000100080029
:105980000000000001000000393770EF1FA1F0DBBC
:105990006A105BCEC49B6F10501111244F4C79617B
:1059A000173A72BCFE7258432765695B66A2752E72
:1059B0009C16005AB030251A42FB864280C1C4763C
:1059C0005B1D838E94015F8224C639165DA31E6D14
:1059D000BA073726362AFE6051BCF3D0DE50FC975A
:1059E000802E0610154DFAF756B2AAFD8815DF5223
:1059F0004C35273144CDC06853F891A57194842A61
:105A000092CBD093E988DAE444918BD8D0D7E7E2FF
:105A10001FF948626FA8935DEA3A9902D50B3DE3FE
:105A20001ED30031E60C9F441D4C64C755023FE372
:105A3000D80290BBC3EC30409F6F64F4166948A451
:105A4000FA449C950C7D675EF47FBA585A846F5F68
:105A5000ADA6367EDCF7E167044DAAEE57763AD361
:105A60004E7E261822239FFF8D45E64B3F4F1E1F7B
:105A700047655E5922CC725FF1931A271E34C55BCD
:105A800063F2A5585C152EC67FE51C4F6024F72AEB
:105A9000EDD8E2917F89499297A72E8D6AB339811B
:105AA0001389B59AB88D429CDD3830DB702C0AA280
:105AB0007C5C9DE9D5460B5F830B604B377DB9C994
:105AC0005E24F33D797F6C1861F99B32964158381A
:105AD000F95A2AB8960EB24CC1782CC708991924E5
:105AE000B75928E98454E616C9D23AE803C56D5D72
:105AF000BE35D0AE1D7A9FCA331ED2CBAC88275597
:105B0000F0B99CE031DD9986A1CAA8B3BF29998E6E
:105B1000D1F205C1CF5D91489F0149DB82DF5F3A39
:105B2000E10690ADE338A4C4C8CFEF3F831A88E8FC
:105B30000B29B5B9E0C9A3AE88461E77CD7EB31058
:105B4000B621D0D4A31608EE289EB1F16E4CADB3A9
:105B5000B7E3C258C0FB3443259CDF350741BD196C
:105B6000B66E10EC0EECBBD6F1B3BB5169A211932B
:105B7000654F0F8DBD260FE8B9CBEC6B34C33D9D4F
:105B8000E45D1E10D544E2545B9B830A814FADACAB
:105B90000FFF42416EA9A2A02FA14F1F8982AA3EEA
:105BA000F3B80F6B8F8CD668995D165F7BBCBBCE4C
:105BB00061EE4E8AC151CC501F0D4D1B53231DB3B6
:105BC000DA2A38665284E195FC952973A1673E0272
:105BD000E33054358E0ADD6703D7A197613BF80C9B
:105BE000F2333C58553423A383F6E8F887F7FC6D6D
:105BF00090BE7F3F7A2BD713CF32F22D946D42FDAA
:105C0000AD9AE35F42BB84EDD498E7FAA57D8B5350
:105C10009135D200D11B9F1B3F69089A72F0A911E0
:105C2000B3FE0E14DA7C0ED3EECFB87EF792968DCB
:105C30003D018C0D23F2E305592EE384527A34762C
:105C4000E5A1B01590E2533CF2D055DF000AF54AC9
:105C50006ABF56812D20EBB511C12852ABE3D1406C
:105C60002434794557A512032A37B9C0AA59C68BDF
:105C70003F58D9ED589965F7887D268C4AF9059FDC
:105C80009D739AC9E746DC00F085F49E4CDC3989A7
:105C9000636DC457D8035D22707F2D526FC9DA4FF0
:105CA0009D64FAB4FEA4C4D7BF6A5D5235D7BFAEB7
:105CB0005AA2BE96F4F802C3A4204954EAB382DB88
:105CC0002EDBEA02D1751C6296D5DAAD9249F09FBF
:105CD000F973439EAFA7D1F3674107DF78953EA1E3
:105CE000223DD1E63CA5E2207D7DEF86FFE337DD56
:105CF000DB868B08277CD7F691544C254F9AFE28DB
:105D00005EFDF06D370369D64069F2400BA398CE73
:105D1000AFA848020D1C12629BAF098380AA58A746
:105D2000C612BE709476E3E470C8BA04B74BD2F7DB
:105D3000ABC6233AA0093A591D9D4CF95823CCDF34
:105D400002ED7B29870FFA3CF551BF376840B6CB8F
:105D5000CE5E316B5733CE2B169E0F7C4AEBE78E0F
:105D60009B7F1AFEE242E34F96C298D84539A1F4D0
:105D7000A033EB2D817D0377F240A463E5E6BCF808
:105D800047422CE1F2D1176B512563FCC2CAB9F32B
:105D9000849E17A7ADFAE6BCFFFFFFFFFFFFFFFFE2
:105DA00000000000FFFFFFFFF551BF376840B6CB92
:105DB000CE5E316B5733CE2B169E0F7C4AEBE78EAF
:105DC0009B7F1AFEE242E34F96C298D84539A1F470
:105DD000A033EB2D817D0377F240A463E5E6BCF8A8
:105DE00047422CE1F2D1176B4B60D2273E3CCE3BB1
:105DF000F6B053CCB0061D65BC86987655BDEBB3A6
:105E0000E7933AAAD835C65AFFFFFFFFFFFFFFFF0F
:105E1000FFFFFFFF00000000000000000000000086
:105E200001000000FFFFFFFF01000000982F8A42E1
:105E300091443771CFFBC0B5A5DBB5E95BC25639DC
:105E4000F111F159A4823F92D55E1CAB98AA07D8F4
:105E5000015B8312BE853124C37D0C55745DBE7217
:105E6000FEB1DE80A706DC9B74F19BC1C1699BE497
:105E70008647BEEFC69DC10FCCA10C246F2CE92D27
:105E8000AA84744ADCA9B05CDA88F97652513E984B
:105E90006DC631A8C82703B0C77F59BFF30BE0C652
:105EA0004791A7D55163CA0667292914850AB727E0
:105EB00038211B2EFC6D2C4D130D385354730A657D
:105EC000BB0A6A762EC9C281852C7292A1E8BFA254
:105ED0004B661AA8708B4BC2A3516CC719E892D1BC
:105EE000240699D685350EF470A06A1016C1A4193F
:105EF000086C371E4C774827B5BCB034B30C1C393E
:105F00004AAAD84E4FCA9C5BF36F2E68EE828F74FC
:105F10006F63A5781478C8840802C78CFAFFBE9016
:105F2000EB6C50A4F7A3F9BEF27871C60000000034
:105F30000000000000000000000000000000004021
:105F400095596959555554551555555604051541DA
:105F500010545540455155444045504450555545C1
:105F60000040004040044496655556554540455410
:105F70005141154055915555555540510501000069
:105F800054455454455505040010041014044000B1
:105F90000000014055551541540400004400010023
:105FA0000000004041000044504445505400555505
:105FB00054556551004000400100000100050100FA
:105FC00011545151545555050015415000000440DD
:105FD0001001040500000000090473FF6DFF6DFF50
:105FE00079FF79FF6DFF6DFF80AF000200040008AC
:105FF0000010170000000304000003040000030465
:106000000000170000000000000073FF73FF7AFF1C
:10601000808F6BFF808E79FF79FF77FF009476FF8A
:1060200076FF000000007BFF79FF79FF79FF78FFA2
:106030007AFF76FF76FF6CFF6CFF6BFF6BFF000053
:1060400000007AFF80AF79FF79FF73FF73FF0000D4
:10605000201C403860248070A06CC048E05400E1EF
:1060600020FD40D960C58091A08DC0A9E0B5257301
:106070003A20557074696D652068616E646C657254
:106080002073746174757320256400256C6C640042
:1060900025733A205472616E73616374696F6E2068
:1060A00061626F7274656420616674657220257A1E
:1060B000642062797465732E0025732072656365B0
:1060C000697665642028257A64206279746573296D
:1060D0000025733A2025730025733A20416C6C200B
:1060E0006461746120726563656976656420282542
:1060F0007A64206279746573292E0025733A204CE6
:1061000045442068616E646C6572207374617475B7
:10611000732025642C2073697A6520257A750046E2
:1061200061696C656420746F2066756C6C79207091
:1061300061727365204A534F4E207061796C6F61B4
:10614000642C207265743D256400504F53542072B6
:106150006571756573742073657474696E67204C1E
:10616000454420256420746F207374617465202574
:106170006400496E697469616C697A696E67206E42
:106180006574776F726B004661696C656420746F2B
:10619000207265676973746572207075626C6963DB
:1061A0002063657274696669636174653A20256469
:1061B000004661696C656420746F2072656769735D
:1061C0007465722070726976617465206B65793AC6
:1061D000202564002F77735F6563686F002F6C65FF
:1061E00064002F757074696D65002F64796E616D40
:1061F0006963002F6D61696E2E6A7300677A69703A
:1062000000746578742F6A61766173637269707463
:1062100000746578742F68746D6C006C65645F6ED3
:10622000756D006C65645F7374617465006E657490
:106230005F687474705F7365727665725F73616DA9
:10624000706C650077735F6E657473746174735FEF
:1062500071004572726F7220696E20706F6C6C3ABB
:1062600025640025733A20436C69656E74202325EC
:10627000642068617320646973636F6E6E65637414
:106280006564005B25645D20436F6E6E65637469B1
:106290006F6E20636C6F736564005B25645D2043E3
:1062A0006F6E6E656374696F6E206572726F7220B7
:1062B0002564005B25645D204661696C656420741B
:1062C0006F2073656E6420646174612C20636C6F51
:1062D00073696E6720736F636B65740025733A2072
:1062E0005B25645D20526563656976656420616E37
:1062F00064207265706C6965642077697468202514
:1063000064206279746573005B25645D2053656E5B
:1063100074202575207061636B657473007B226245
:10632000797465735F72656376223A25752C2262F3
:10633000797465735F73656E74223A25752C2269D2
:106340007076365F706B745F72656376223A25757E
:106350002C22697076365F706B745F73656E742281
:106360003A25752C22697076345F706B745F7265A4
:106370006376223A25752C22697076345F706B74CF
:106380005F73656E74223A25752C227463705F62A8
:10639000797465735F72656376223A25752C227471
:1063A00063705F62797465735F73656E74223A25FA
:1063B000757D00436F756C646E27742073656E6421
:1063C00020776562736F636B6574206D7367202837
:1063D0002564292C20636C6F73696E6720636F6E70
:1063E0006E656374696F6E004661696C65642074E4
:1063F0006F207363686564756C65206E6574737473
:1064000061747320776F726B2C2065727220256423
:106410000043616E6E6F7420616363657074206DFC
:106420006F726520636F6E6E656374696F6E730063
:106430005B25645D20416363657074656420612041
:10644000576562736F636B657420636F6E6E65630F
:1064500074696F6E0077735B25645D0043616E6ED7
:106460006F7420616363657074206D6F7265206E58
:106470006574737461747320776562736F636B65A1
:106480007420636F6E6E656374696F6E7300416331
:1064900063657074656420776562736F636B6574A0
:1064A00020636F6E6E656374696F6E20666F722015
:1064B0006E6574207374617473004661696C656401
:1064C00020746F20696E697469616C697A65206CEB
:1064D000616E677561676520646573637269707466
:1064E0006F722028256429004661696C65642074F8
:1064F0006F20696E697469616C697A65206D616E7F
:106500007566616374757265722064657363726920
:1065100070746F722028256429004661696C656477
:1065200020746F20696E697469616C697A65207086
:10653000726F647563742064657363726970746FDD
:10654000722028256429004661696C656420746F97
:1065500020696E697469616C697A6520534E2064A4
:10656000657363726970746F722028256429004610
:1065700061696C656420746F206164642046756C89
:106580006C2D537065656420636F6E666967757204
:106590006174696F6E004661696C656420746F2078
:1065A00061646420726567697374657220636C61ED
:1065B00073736573004661696C656420746F207243
:1065C00065676973746572206D65737361676520B3
:1065D00063616C6C6261636B004661696C65642029
:1065E000746F20696E697469616C697A652064658D
:1065F0007669636520737570706F72740073616D76
:10660000706C655F75736264006466755F6466755F
:1066100000757362645F73616D706C655F636F6E4C
:10662000666967006865617020636F727275707467
:10663000696F6E20286E6F7420696E207573653FD8
:1066400029206174202570006865617020636F7275
:1066500072757074696F6E20286275666665722047
:106660006F766572666C6F773F29206174202570A4
:10667000006865617020636F7272757074696F6E07
:106680002028646F75626C6520667265653F2920FD
:106690006174202570006F735F68656170002875F4
:1066A0006E7369676E6564292063686172202A20B1
:1066B0007573656420666F7220252570206172678E
:1066C000756D656E742E2049742773207265636F33
:1066D0006D6D656E64656420746F206361737420F2
:1066E000697420746F20766F6964202A2062656364
:1066F00061757365206974206D61792063617573BC
:1067000065206D69736265686176696F7220696E74
:10671000206365727461696E20636F6E6669677568
:10672000726174696F6E732E20537472696E673A6A
:106730002225732220617267756D656E743A256437
:106740000063627072696E74665F7061636B61672B
:1067500065007379735F6765746F7074006C6F6741
:1067600067696E67006C6F675F6D676D74004D657C
:106770007373616765202822257322292064726F54
:10678000707065642062656361757365206974204B
:10679000657863656564732073697A65206C696DDB
:1067A00069746174696F6E2028257529004D6573C1
:1067B000736167652064726F7070656420626563E1
:1067C00061757365206974206578636565647320FD
:1067D00073697A65206C696D69746174696F6E2084
:1067E00028257529001B5B306D005B2530386C75E2
:1067F0005D20005B253032753A253032753A253000
:1068000032752E253033752C253033755D20003CD4
:1068100025733E200025732F0025733A2000253074
:10682000327820007C001B5B313B33316D001B5BF9
:10683000313B33336D006572720077726E00696EA2
:106840006600646267006B65726E656C004B657212
:106850006E656C20636F6D6D616E64730063796348
:106860006C65733A202575206877206379636C65C1
:10687000730A006379636C6573004B65726E656CB7
:10688000206379636C65732E00556E61626C6520C0
:10689000746F20706172736520696E707574202842
:1068A000657272202564290A00736C656570005555
:1068B0007074696D653A20256C6C75206D730A00E3
:1068C0002D70002D2D70726574747900556E73757E
:1068D00070706F72746564206F7074696F6E3A20A7
:1068E00025730A00757074696D653A20256C6C75A6
:1068F00020646179732C20256C6C7520686F75722B
:10690000732C20256C6C75206D696E757465732C05
:1069100020256C6C75207365636F6E64732C202565
:106920006C6C75206D696C6C697365636F6E6473F4
:106930000A004B65726E656C20757074696D652E0A
:106940002043616E2062652063616C6C6564207712
:1069500069746820746865202D70206F72202D2D59
:10696000707265747479206F7074696F6E7300341F
:106970002E342E32005A65706879722076657273F3
:10698000696F6E2025730A004B65726E656C207608
:10699000657273696F6E2E005468697320636F6D42
:1069A0006D616E64206973206465707265636174E3
:1069B00065642061732069742069732061206475A7
:1069C000706C69636174652E2055736520276C6F48
:1069D0006720656E61626C652720636F6D6D616E07
:1069E000642066726F6D206C6F6767696E672063E5
:1069F0006F6D6D616E6473207365742E0A00556E41
:106A000061626C6520746F207061727365206C6FB9
:106A100067207365766572697479202865727220C3
:106A20002564290A00496E76616C6964206C6F6781
:106A3000206C6576656C3A2025640A00556E6162AB
:106A40006C6520746F2066696E64206C6F672073BC
:106A50006F757263653A2025730A006C6F675F6C0F
:106A60006576656C003C6D6F64756C65206E616D5C
:106A7000653E203C73657665726974792028302DF7
:106A800034293E004B65726E656C207468726561D6
:106A900064732E005363686564756C65723A2025D3
:106AA000752073696E6365206C6173742063616C1B
:106AB0006C0A00546872656164733A0A004E4100C2
:106AC0002573257020252D3130730A00096F7074ED
:106AD000696F6E733A20307825782C207072696F58
:106AE000726974793A2025642074696D656F7574D4
:106AF0003A20256C6C640A000973746174653A204D
:106B000025732C20656E7472793A2025700A00096D
:106B1000546F74616C20657865637574696F6E205D
:106B20006379636C65733A202575202825752025C7
:106B300025290A0009546F74616C206578656375B6
:106B400074696F6E206379636C65733A203F202807
:106B50003F202525290A00556E61626C6520746FFF
:106B60002064657465726D696E6520756E757365F8
:106B70006420737461636B2073697A6520282564CF
:106B8000290A0A0009737461636B2073697A6520AE
:106B9000257A752C20756E7573656420257A752CA1
:106BA00020757361676520257A75202F20257A75F9
:106BB00020282575202525290A0A004C6973742090
:106BC0006B65726E656C20746872656164732E000B
:106BD00025702049525120253032642025732872B7
:106BE00065616C2073697A652025347A75293A09C4
:106BF000756E757365642025347A750975736167E0
:106C0000652025347A75202F2025347A7520282593
:106C1000327A75202525290A00257020252D33324A
:106C20007320287265616C2073697A652025347A37
:106C300075293A09756E757365642025347A75096E
:106C400075736167652025347A75202F2025347A85
:106C5000752028253275202525290A007374616363
:106C60006B73004C6973742074687265616473207F
:106C7000737461636B2075736167652E005468726D
:106C8000656164204944202570206973206E6F740B
:106C90002076616C69640A004572726F723A5368BB
:106CA000656C6C207468726561642063616E6E6FE0
:106CB000742062652073757370656E6465640A0084
:106CC0005468726561642025702073757370656EF9
:106CD0006465640A0073757370656E64006B657239
:106CE0006E656C207468726561642073757370657D
:106CF0006E64203C7468726561645F69643E00453F
:106D000072726F723A5368656C6C20746872656158
:106D1000642063616E6E6F742062652072657375A6
:106D20006D65640A00546872656164202570207284
:106D30006573756D65640A00726573756D65006BCA
:106D400065726E656C20746872656164207265732B
:106D5000756D65203C7468726561645F69643E00AE
:106D60004572726F723A5368656C6C207468726514
:106D700061642063616E6E6F74206265206B696C64
:106D80006C65640A000A205468726561642025708D
:106D9000206B696C6C65640A006B696C6C006B65D8
:106DA000726E656C20746872656164206B696C6CCE
:106DB000203C7468726561645F69643E0044657676
:106DC00069636520756E6B6E6F776E202825732959
:106DD0000A00446576696365202573206973206124
:106DE0006C726561647920696E697469616C697A35
:106DF00065640A0044657669636520257320696EC1
:106E0000697469616C697A6174696F6E2066616921
:106E10006C65642077697468206572723D25640A28
:106E20000044657669636520257320696E6974691D
:106E3000616C697A656420737563636573736675E5
:106E40006C6C790A0052454144590044495341420F
:106E50004C454400646576696365733A0A005B25B6
:106E6000705D002D2025730020204454206E6F6437
:106E700065206C6162656C733A0044657669636590
:106E800020636F6D6D616E6473004D616E75616C32
:106E90006C7920696E697469616C697A652061201A
:106EA000646576696365004C69737420636F6E6610
:106EB00069677572656420646576696365732C2003
:106EC0007769746820616E206F7074696F6E616C91
:106ED0002066696C746572005B3C64657669636505
:106EE0002066696C7465723E5D00496E76616C69FE
:106EF0006420686F75720A00496E76616C6964205F
:106F00006D696E7574650A00496E76616C696420FE
:106F10007365636F6E640A00496E76616C69642004
:106F20006D6F6E74680A00496E76616C69642064E6
:106F300061790A004661696C656420746F20636141
:106F40006C63756C617465207365636F6E64732028
:106F500073696E63652045706F63680A00436F75DF
:106F60006C64206E6F742073657420646174652096
:106F700025640A0025642D253032752D25303275A3
:106F800020253032753A253032753A253032752059
:106F90005554430A0064617465004461746520635C
:106FA0006F6D6D616E6473005B592D6D2D645D2096
:106FB0003C483A4D3A533E00676574005B6E6F6E15
:106FC000655D005573696E6720646174612077693F
:106FD0006474682025640A00496E636F7272656389
:106FE0007420646174612077696474680A00526572
:106FF00061642076616C7565203078256C6C780A48
:107000000057726974696E672076616C756520300F
:1070100078256C6C780A00696E76616C6964206111
:1070200064647220272573270A00696E76616C6993
:10703000642073697A6520272573270A00696E76B4
:10704000616C696420776964746820272573270A56
:1070500000613A733A773A00272D61203C616464FD
:10706000726573733E27206973206D616E6461746D
:107070006F72790A00272D73203C73697A653E2769
:10708000206973206D616E6461746F72790A0049C2
:107090006E636F72726563742064617461207769D6
:1070A0006474683A2025750A006465766D656D2004
:1070B0006C6F616420737570706F72747320736588
:1070C0007474696E6720627970617373206F6E20CB
:1070D000612073696E676C6520696E7374616E639D
:1070E000652E0A004C6F6164696E672E2E2E0A7041
:1070F00072657373206374726C2D78206374726C84
:107100002D7120746F206573636170650A004E7580
:107110006D626572206F6620627974657320726596
:1071200061643A2025640A002D6500556E6B6E6F10
:10713000776E206F7074696F6E20222573220A00AB
:107140006465766D656D00526561642F7772697450
:107150006520706879736963616C206D656D6F720D
:10716000790A55736167653A0A52656164206D65F5
:107170006D6F72792061742061646472657373202D
:1071800077697468206F7074696F6E616C207769BD
:107190006474683A0A6465766D656D203C61646468
:1071A000726573733E205B3C77696474683E5D0A68
:1071B0005772697465206D656D6F727920617420F6
:1071C000616464726573732077697468206D616EA1
:1071D0006461746F727920776964746820616E6489
:1071E0002076616C75653A0A6465766D656D203C44
:1071F000616464726573733E203C77696474683EB1
:10720000203C76616C75653E0064756D7000557349
:107210006167653A0A6465766D656D2064756D70A9
:10722000202D61203C616464726573733E202D7370
:10723000203C73697A653E205B2D77203C7769643A
:1072400074683E5D0A0055736167653A0A64657645
:107250006D656D206C6F6164205B6F7074696F6E1B
:10726000735D205B616464726573735D0A4F707453
:10727000696F6E733A0A2D65096C6974746C652DBB
:10728000656E6469616E207061727365005258208A
:1072900072696E67206275666665722066756C6CD1
:1072A0002E007368656C6C2E7368656C6C5F75611D
:1072B000727400756172743A7E2420007368656C84
:1072C0006C5F756172745F6261636B656E640053BD
:1072D0007562636F6D6D616E64733A0A006E6F74F0
:1072E000207465726D696E617465643A2025630A65
:1072F00000506C6561736520737065636966792001
:107300006120737562636F6D6D616E642E0A004556
:1073100072726F723A20726571756573746564205C
:107320006D756C7469706C652066756E6374696FD9
:107330006E20657865637574696F6E730A003A2014
:10734000636F6D6D616E64206E6F7420666F756E15
:107350006400546F6F206D616E7920617267756D86
:10736000656E747320696E2074686520636F6D6D3F
:10737000616E642E0A0025733A2077726F6E672063
:10738000706172616D6574657220636F756E740AE9
:10739000005741524E494E473A2041207072696E63
:1073A00074207265717565737420776173206465EC
:1073B000746563746564206F6E206E6F7420616302
:1073C00074697665207368656C6C206261636B65B7
:1073D0006E642E0A000A2573257300506C65617374
:1073E0006520707265737320746865203C54616217
:1073F0003E20627574746F6E20746F207365652013
:10740000616C6C20617661696C61626C6520636F90
:107410006D6D616E64732E0A00596F752063616E25
:1074200020616C736F2075736520746865203C540F
:1074300061623E20627574746F6E20746F2070728A
:107440006F6D7074206F72206175746F2D636F6D36
:10745000706C65746520616C6C20636F6D6D616E1E
:107460006473206F722069747320737562636F6D2B
:107470006D616E64732E0A00596F752063616E2012
:1074800074727920746F2063616C6C20636F6D6D12
:10749000616E64732077697468203C2D683E206FAC
:1074A00072203C2D2D68656C703E20706172616D9C
:1074B0006574657220666F72206D6F726520696EEB
:1074C000666F726D6174696F6E2E0A000A5368658B
:1074D0006C6C20737570706F72747320666F6C6C57
:1074E0006F77696E67206D6574612D6B6579733A8E
:1074F0000A20204374726C202B202861206B657950
:107500002066726F6D3A206162636465666B6C6EB3
:1075100070747577290A2020416C7420202B202854
:1075200061206B65792066726F6D3A206266290A68
:10753000506C6561736520726566657220746F209A
:107540007368656C6C20646F63756D656E746174CF
:10755000696F6E20666F72206D6F7265206465744E
:1075600061696C732E0A000A417661696C61626C14
:107570006520636F6D6D616E64733A0A0025303863
:10758000583A20007C0A005072696E747320746847
:10759000652068656C70206D6573736167652E008A
:1075A0001B5B25642563001B5B313B3325646D0049
:1075B0001B5B34303325646D0055736167653A2079
:1075C000257320002573252D2A73002D68002D2D8D
:1075D00068656C70004C6F7374206C6F67733A2031
:1075E000256C750A00416374697665207368656C63
:1075F0006C206261636B656E64733A0A002020251B
:1076000032642E203A257320282573290A005B2531
:1076100033645D2025730A006F66660020756E6B0B
:107620006E6F776E20706172616D657465723A205D
:107630000025733A257325730A004563686F20732C
:1076400074617475733A2025730A004E6F20726559
:1076500073706F6E73652066726F6D20746865203D
:107660007465726D696E616C2C20617373756D65E4
:10767000642038307832342073637265656E20730D
:10768000697A650A0072657476616C005072696E81
:10769000742072657475726E2076616C7565206FEA
:1076A00066206D6F737420726563656E7420636FFE
:1076B0006D6D616E6400726573697A6500436F6E0B
:1076C000736F6C652067657473207465726D696E85
:1076D000616C2073637265656E2073697A65206FD3
:1076E0007220617373756D65732064656661756C76
:1076F0007420696E2063617365207468652072650B
:1077000061646F7574206661696C732E2049742002
:107710006D75737420626520657865637574656442
:107720002061667465722065616368207465726D9E
:10773000696E616C207769647468206368616E6744
:107740006520746F20656E7375726520636F727249
:10775000656374207465787420646973706C6179F2
:107760002E00686973746F727900436F6D6D616E7E
:107770006420686973746F72792E0055736566753D
:107780006C2C206E6F7420556E69782D6C696B655A
:10779000207368656C6C20636F6D6D616E64732E11
:1077A00000636C65617200436C6561722073637283
:1077B00065656E2E0072656D0049676E6F7265209B
:1077C0006C696E657320626567696E6E696E6720AD
:1077D00077697468202772656D202700417373757F
:1077E0006D65203830206368617273207363726541
:1077F000656E20776964746820616E642073656EBD
:107800006420746869732073657474696E6720748A
:107810006F20746865207465726D696E616C2E00EE
:107820006261636B656E6473004C6973742061639D
:1078300074697665207368656C6C206261636B6542
:107840006E64732E0A006261636B73706163655FBF
:107850006D6F646500546F67676C65206261636B70
:107860007370616365206B6579206D6F64652E0AA6
:10787000536F6D65207465726D696E616C73206104
:107880007265206E6F742073656E64696E67207315
:1078900065706172617465206573636170652063F2
:1078A0006F646520666F72206261636B73706163E1
:1078B0006520616E642064656C6574652062757412
:1078C000746F6E2E205468697320636F6D6D616EE6
:1078D0006420666F72636573207368656C6C2074D6
:1078E0006F20696E746572707265742064656C6572
:1078F0007465206B6579206173206261636B7370BE
:107900006163652E00636F6C6F727300546F6767FD
:107910006C6520636F6C6F7265642073796E74613F
:10792000782E00767431303000546F67676C6520B4
:10793000767431303020636F6D6D616E64732E002C
:1079400070726F6D707400546F67676C6520707231
:107950006F6D70742E00546F67676C652073686577
:107960006C6C206563686F2E005368656C6C2073C7
:107970007461746973746963732E006261636B73FD
:10798000706163650053657420646966666572653D
:107990006E742065736361706520636F6465206633
:1079A0006F72206261636B737061636520616E64E6
:1079B0002064656C657465206B65792E0064656C68
:1079C00065746500536574207468652073616D6526
:1079D0002065736361706520636F646520666F72F4
:1079E000206261636B737061636520616E64206403
:1079F000656C657465206B65792E005265736574DE
:107A0000207368656C6C2073746174697374696346
:107A10007320666F7220746865204C6F67676572AB
:107A2000206D6F64756C652E0073686F7700476515
:107A300074207368656C6C20737461746973746905
:107A4000637320666F7220746865204C6F6767658A
:107A500072206D6F64756C652E0044697361626C91
:107A600065207368656C6C206563686F2E204564C3
:107A70006974696E67206B65797320616E64206D2F
:107A80006574612D6B65797320617265206E6F740A
:107A90002068616E646C656400456E61626C65208F
:107AA0007368656C6C206563686F2E004469736150
:107AB000626C652070726F6D70742E00456E61622D
:107AC0006C652070726F6D70742E00446973616212
:107AD0006C6520767431303020636F6D6D616E643B
:107AE000732E00456E61626C6520767431303020F3
:107AF000636F6D6D616E64732E0044697361626CB7
:107B00006520636F6C6F7265642073796E74617841
:107B10002E00456E61626C6520636F6C6F726564E8
:107B20002073796E7461782E00436F6D6D616E64A1
:107B30002062756666657220697320746F6F2073AA
:107B4000686F727420746F20657870616E64206154
:107B50006C6C20636F6D6D616E6473206D61746316
:107B600068696E672077696C646361726420706114
:107B7000747465726E3A2025730A0072302F613179
:107B80003A2020307825303878202072312F613229
:107B90003A2020307825303878202072322F613317
:107BA0003A20203078253038780072332F61343A0B
:107BB0002020307825303878207231322F69703AA1
:107BC0002020307825303878207231342F6C723A8A
:107BD00020203078253038780020787073723A2071
:107BE00020307825303878004661756C74696E678E
:107BF00020696E737472756374696F6E206164645A
:107C00007265737320287231352F7063293A2030E2
:107C1000782530387800556E68616E646C65642034
:107C20004952516E3A202564002A2A2A2A2A2055D0
:107C300053414745204641554C54202A2A2A2A2A96
:107C40000020204469766973696F6E206279207A1A
:107C500065726F002020556E616C69676E656420E7
:107C60006D656D6F727920616363657373002020A9
:107C70004E6F20636F70726F636573736F722069EC
:107C80006E737472756374696F6E73002020496C33
:107C90006C6567616C206C6F6164206F662045586D
:107CA000435F52455455524E20696E746F205043C5
:107CB000002020496C6C6567616C20757365206FCE
:107CC000662074686520455053520020204174742A
:107CD000656D707420746F206578656375746520B8
:107CE000756E646566696E656420696E737472751D
:107CF0006374696F6E002A2A2A2A2A20425553206B
:107D00004641554C54202A2A2A2A2A0020205374FE
:107D100061636B696E67206572726F720020205517
:107D20006E737461636B696E67206572726F720047
:107D300020205072656369736520646174612062FC
:107D40007573206572726F72002020424641522086
:107D5000416464726573733A20307825780020207E
:107D6000496D707265636973652064617461206236
:107D70007573206572726F72002020496E73747281
:107D8000756374696F6E20627573206572726F72AD
:107D9000002020466C6F6174696E672D706F696E8C
:107DA00074206C617A7920737461746520707265D7
:107DB000736572766174696F6E206572726F72009E
:107DC0002A2A2A2A2A204D5055204641554C542013
:107DD0002A2A2A2A2A002020537461636B696E675D
:107DE000206572726F722028636F6E7465787420DC
:107DF00061726561206D69676874206265206E6FCD
:107E0000742076616C6964290020204461746120CB
:107E10004163636573732056696F6C6174696F6E3B
:107E20000020204D4D4641522041646472657373B9
:107E30003A2030782578002020496E73747275637B
:107E400074696F6E204163636573732056696F6C4C
:107E50006174696F6E005265736572766564204562
:107E60007863657074696F6E20280053707572694D
:107E70006F757320696E746572727570742028490D
:107E800052512000535053454C20696E2074687243
:107E9000656164206D6F646520646F6573206E6F2B
:107EA0007420696E64696361746520505350002AC0
:107EB0002A2A2A2A2048415244204641554C54201F
:107EC0002A2A2A2A2A002020427573206661756CAE
:107ED00074206F6E20766563746F72207461626CBB
:107EE00065207265616400202044656275672065C5
:107EF00076656E740020204661756C74206573632E
:107F0000616C6174696F6E20287365652062656CB1
:107F10006F772900415243485F45584345505420EC
:107F20007769746820726561736F6E2025780A0026
:107F30002A2A2A2A2A204465627567206D6F6E6995
:107F4000746F7220657863657074696F6E202A2A79
:107F50002A2A2A002A2A2A2A2A2025732025642947
:107F6000202A2A2A2A2A006D7075004661696C65EC
:107F70006420746F20616C6C6F63617465206E6542
:107F800077204D505520726567696F6E2025750A00
:107F900000506172746974696F6E2025753A2063B0
:107FA0006F686572656E636520636865636B2066E4
:107FB00061696C65642E00464C4153485F30005344
:107FC00052414D5F30006578697400706F73697855
:107FD0005F656E7600706F7369785F74696D657246
:107FE00000707468726561645F72776C6F636B00B8
:107FF000707468726561645F636F6E64007074684A
:10800000726561645F6B6579007074687265616444
:108010005F6D75746578007074687265616400786E
:1080200073695F73696E676C655F70726F636573A8
:1080300073006E65745F627566006E65745F62756D
:10804000665F73696D706C6500736F6300696E764F
:10805000616C69642066696C65206E616D652121C3
:10806000006D6F756E7420706F696E74206E6F7422
:1080700020666F756E6421210066696C65207368E7
:108080006F756C64206265206F70656E6564206634
:108090006F7220777269746520746F207472756EC8
:1080A0006361746521210066696C65207472756E68
:1080B000636174696F6E206E6F7420737570706F7A
:1080C0007274656421210066696C65206F70656E4D
:1080D000206572726F7220282564290066696C65BC
:1080E000207472756E636174696F6E206661696C6D
:1080F00065642028256429006661696C65642066D2
:10810000696C6520636C6F736520616674657220AD
:108110007472756E63617465206661696C757265F1
:1081200020282564290066696C6520636C6F73657F
:10813000206572726F7220282564290066696C655B
:108140002072656164206572726F7220282564292F
:1081500000696E76616C69642066696C65206F7277
:1081600020646972206E616D652121006661696C11
:108170006564206765742066696C65206F72206491
:108180006972207374617420282564290055534254
:108190002064657669636520737570706F727420F2
:1081A000697320616C726561647920696E697469B4
:1081B000616C697A65640055534220646576696331
:1081C0006520636F6E74726F6C6C657220697320CA
:1081D0006E6F742072656164790055534220646546
:1081E0007669636520737570706F7274206973208F
:1081F0006E6F7420696E697469616C697A65640078
:108200005553422064657669636520737570706F9D
:10821000727420697320616C726561647920656E87
:1082200061626C6564004661696C656420746F20EE
:10823000656E61626C6520636F6E74726F6C6C65E5
:10824000720042756666657220707265616C6C6F53
:10825000636174696F6E206661696C656400757333
:1082600062645F64657600757362645F64657363FE
:10827000004661696C656420746F20656E71756578
:1082800075652053746174757320494E206275665C
:10829000666572004661696C656420746F20656E66
:1082A0007175657565205345545550206275666635
:1082B00065720043616E206F6E6C792068616E6438
:1082C0006C6520636F6E74726F6C2072657175657A
:1082D000737473004D616C666F726D6564207365B5
:1082E000747570207061636B657400556E6578708D
:1082F000656374656420627566666572206C696E7C
:108300006B656420746F20736574757000466169D5
:108310006C656420746F207365742064657669638E
:108320006520616464726573732030782578004637
:1083300061696C656420746F2073657420636F6E6F
:1083400066696775726174696F6E2025752C2025CA
:108350006400436F6E66696775726174696F6E2041
:1083600064657363726970746F72202575206E6F17
:108370007420666F756E64004857494E464F206EF4
:108380006F7420696D706C656D656E746564206FC7
:108390007220656E61626C6564004661696C65643B
:1083A00020746F20656E71756575652053746174F6
:1083B0007573204F5554206275666665720046617C
:1083C000696C656420746F20656E61626C65205411
:1083D0004553545F4D4F44452025750075736264C5
:1083E0005F636839004661696C656420746F20675B
:1083F0006574206366675F6E642C206465737069C2
:10840000746520636F6E6669677572656420737446
:1084100061746500556E7265636F76657261626C3A
:1084200065206572726F722025642C206570203083
:1084300078253032782C20627566202570004661E0
:10844000696C656420746F2073657420646566616F
:10845000756C742061646472657373206166746501
:108460007220627573207265736574004661696C71
:10847000656420746F207365742064656661756C33
:10848000742073746174652061667465722062750E
:108490007320726573657400554443206572726F72
:1084A00072206576656E74004661696C656420743F
:1084B0006F20696E697420646576696365206472F3
:1084C0006976657200757362645F636F72650045FB
:1084D0006E64706F696E6720307825303278206E58
:1084E0006F742061737369676E6564004661696CBF
:1084F000656420746F2061737369676E20656E64B4
:10850000706F696E74206164647265737365730063
:108510004661696C656420746F20696E6974696175
:108520006C697A6520636C61737320696E73746122
:108530006E6365004661696C656420746F20696EC6
:10854000697420465320636F6E6669677572617443
:10855000696F6E20257500757362645F696E69745A
:10856000004661696C656420746F20726573657480
:1085700020636F6E66696775726174696F6E00461D
:10858000656174757265206E6F7420737570706F9D
:108590007274656420627920636F6E74726F6C6CA4
:1085A0006572005553422064657669636520737572
:1085B00070706F727420697320696E697469616C80
:1085C000697A656400537461636B2077617320631B
:1085D0006F6D70696C656420776974686F7574205D
:1085E000486967682D537065656420737570706F96
:1085F000727400465320636F6E66696720616C7207
:1086000065616479206F6E204853206C6973740033
:10861000556E737570706F7274656420636F6E66EB
:10862000696775726174696F6E2073706565640047
:10863000436F6E66696775726174696F6E20257528
:108640002072652D696E7365727465640046616998
:108650006C656420746F2061646420636F6E66696A
:108660006775726174696F6E20737472696E6720CA
:1086700064657363726970746F7200757362645FAE
:1086800063666700555342206465766963652063BD
:108690006C617373202573206E6F7420666F756E26
:1086A00064004E6F20636F6E6669677572617469EE
:1086B0006F6E207365742028416464726573732043
:1086C00073746174652900436C61737320696E7300
:1086D00074616E636520616C726561647920726596
:1086E000676973746572656400436C6173732072AB
:1086F00065676973746572656420746F206F746850
:10870000657220636F6E746578742061742064698B
:1087100066666572656E7420737065656400466197
:10872000696C656420746F20726567697374657223
:1087300020257320746F20465320636F6E6669672F
:1087400075726174696F6E20257500757362645F60
:10875000636C617373004661696C656420746F209B
:1087600068616E646C65206F702025642C206570D4
:10877000203078253032782C20626D2030782530FA
:1087800038782C20256400757362645F69666163C4
:10879000650064657669636520697320737573701D
:1087A000656E646564005365742068616C74203084
:1087B0007825303278206661696C656400436C65A9
:1087C00061722068616C74203078253032782066C0
:1087D00061696C656400757362645F6570007573D0
:1087E00062645F6D7367004661696C656420746FD5
:1087F0002061646420694D41434164647265737310
:1088000020737472696E6720646573637269707433
:108810006F7200547279696E6720746F2073656E91
:108820006420746F6F206C61726765207061636B88
:1088300065742C2064726F70004661696C656420F9
:10884000746F20616C6C6F6361746520627566661D
:108850006572004661696C656420636F7079206E93
:1088600065745F706B74004661696C656420746F39
:1088700020656E7175657565206E65745F627566DD
:1088800020666F72203078253032780055534220B0
:10889000636F6E66696775726174696F6E20697364
:1088A000206E6F7420656E61626C65640055534282
:1088B00020646576696365206973207375737065DC
:1088C0006E64656420284649584D45290044697303
:1088D00061626C656420257300456E61626C65643D
:1088E0002025730043616E6E6F742073656E642083
:1088F00025732028256429007370656564206368EA
:10890000616E6765005370656564206368616E67BA
:1089100065207375626D697474656400636F6E6E53
:1089200065637465642073746174757300436F6E5E
:108930006E656374656420737461747573207375F8
:10894000626D697474656400436F6E6E656374650F
:10895000642073746174757320646F6E6500636165
:108960006E63656C6C65640042756C6B204F55548A
:10897000207472616E73666572206572726F722008
:1089800028256429206F72207A65726F206C656ECD
:10899000677468004F5554204E54482077536571D2
:1089A00075656E6365202575206D69736D617463EF
:1089B000682065787065637465642025750046617C
:1089C000696C656420746F20766572696679204EE3
:1089D0005448313600636865636B206672616D656B
:1089E000206661696C6564202825642900737263C0
:1089F000207061636B657420616C6C6F63206661CD
:108A0000696C004E6F206D656D6F727920666F72B4
:108A1000206E65745F706B740043616E6E6F7420BE
:108A2000616476616E636520706B742062792025C5
:108A30007520627974657320282564290043616E6E
:108A40006E6F7420636F70792064617461202825D3
:108A50006429005061636B65742025702064726F17
:108A600070706564206279206E6574776F726B2018
:108A7000737461636B004E6F7469666963617469D6
:108A80006F6E207265717565737420257300537065
:108A9000656564206368616E67652073656E740048
:108AA000436F6E6E656374696F6E20737461747565
:108AB000732073656E74004E657720636F6E666910
:108AC0006775726174696F6E2C20696E7465726669
:108AD00061636520257520616C7465726E617465D3
:108AE000202575004661696C656420746F2073747D
:108AF000617274204F5554207472616E7366657292
:108B00002028256429006364635F6E636D5F65746C
:108B10006830006364635F6E636D5F30006364633D
:108B20005F6E636D007A6570687972006E65745F60
:108B3000686F73746E616D65004541495F49444ECD
:108B40005F454E434F4445004541495F414C4C44CD
:108B50004F4E45004541495F4E4F5443414E4345BA
:108B60004C4544004541495F43414E43454C4544D3
:108B7000004541495F494E50524F475245535300BB
:108B80004541495F4F564552464C4F570045414974
:108B90005F53595354454D004541495F4D454D4F35
:108BA0005259004541495F4144445246414D494C68
:108BB00059004541495F5345525649434500454197
:108BC000495F534F434B54595045004541495F4617
:108BD000414D494C59004541495F4E4F4441544134
:108BE000004541495F4641494C004541495F414785
:108BF00041494E004541495F4E4F4E414D4500456C
:108C000041495F424144464C414753006E65745FA1
:108C1000736F636B5F61646472006E65745F736F22
:108C2000636B004E6F206C6F636B20706F696E74A6
:108C300065722073657420666F7220636F6E746551
:108C40007874202570002D2D2D2D2D424547494E3D
:108C50002043455254494649434154452D2D2D2D1D
:108C60002D00544C5320756E6465726C79696E6783
:108C700020736F636B657420706F6C6C206572720B
:108C80006F72202564004661696C656420746F20F2
:108C9000706172736520434120636572746966690F
:108CA000636174652C206572723A202D30782578C6
:108CB000002573206461746120636865636B2065BF
:108CC00072726F723A202D257800544C5300466121
:108CD000696C656420746F20706172736520257300
:108CE000206F6E207461672025642C206572723AB3
:108CF000202D307825780063657274696669636138
:108D0000746500544C532068616E647368616B65D0
:108D10002074696D656F757400544C532068616EE2
:108D2000647368616B65206572726F723A202D30D2
:108D300078257800544C53207265736574206572F1
:108D4000726F723A202D30782578004661696C6523
:108D50006420746F20616C6C6F6361746520544C87
:108D6000532073657373696F6E20636F6E746578DB
:108D700074004661696C656420746F20616C6C6F6F
:108D80006361746520544C5320636F6E746578740E
:108D900000496E76616C696420544C5320636F6E99
:108DA00074657874004465616C6C6F636174696E9E
:108DB0006720756E7573656420544C5320636F6E25
:108DC00074657874004661696C656420746F206C0A
:108DD0006F616420544C532073657373696F6E2008
:108DE0002564004661696C656420746F2073657446
:108DF0002073657373696F6E20666F722025700033
:108E00004661696C656420746F206F627461696E7D
:108E10002073657373696F6E20666F722025700012
:108E20004661696C656420746F20616C6C6F63616E
:108E300074652073657373696F6E2062756666650D
:108E4000722E004661696C656420746F20736572D0
:108E500069616C697A652073657373696F6E2C2024
:108E60006572723A202D307825782E004661696C43
:108E7000656420746F207361766520736573736910
:108E80006F6E20666F7220257000544C53207365FE
:108E90006E64206572726F723A202D257800544CF2
:108EA000532072656376206572726F723A202D25A9
:108EB000780070726976617465206B657900544C36
:108EC0005320776974682050534B20646973616242
:108ED0006C65642E205265636F6E66696775726596
:108EE000206D62656420544C5320746F207375703C
:108EF000706F72742050534B206261736564206BF5
:108F000065792065786368616E67652E004E6F2015
:108F1000544C532063726564656E7469616C20669D
:108F20006F756E64207769746820746167202564AA
:108F300000544C535F434552545F5645524946597D
:108F40005F43414C4C4241434B206F7074696F6EDC
:108F500020726571756972657320434F4E464947AB
:108F60005F4E45545F534F434B4554535F544C53EE
:108F70005F434552545F5645524946595F43414C01
:108F80004C4241434B20656E61626C6564006E65C6
:108F9000745F736F636B5F746C7300746C735F6387
:108FA000726564656E7469616C7300496E74657294
:108FB0006661636520696E646578206973206D69F8
:108FC0007373696E672E0A00496E76616C6964205E
:108FD000696E6465782025730A00496E76616C6954
:108FE0006420696E6465782025640A003C696E76A9
:108FF000616C696420747970653E003C696E7661CD
:109000006C69642073746174653E005B25735D3A1E
:1090100025750025733A2564005B25735D3A256448
:109020000041465F554E535045430041465F504115
:10903000434B45540041465F43414E0041465F5516
:109040004E4B2825642900576946690045746865B8
:10905000726E6574003C756E6B6E6F776E207479FE
:1090600070653E003D3D3D3D3D3D3D3D3D3D3D3D11
:109070003D3D003C756E6B6E6F776E20737461744E
:10908000653E0074656E7461746976650070726522
:1090900066657272656400646570726563617465AB
:1090A00064006175746F636F6E66004448435000DE
:1090B0006D616E75616C006F766572726964616274
:1090C0006C65004E6574776F726B696E6720636FB5
:1090D0006D6D616E6473006E65745F7368656C6C52
:1090E000006E65745F706B7420616C6C6F6361748B
:1090F000696F6E00434F4E4649475F4E45545F448B
:10910000454255475F4E45545F504B545F414C4C70
:109110004F430053657420257320746F20656E6182
:10912000626C6520257320737570706F72742E0ADF
:1091300000616C6C6F6373005072696E74206E65B1
:1091400074776F726B206D656D6F727920616C6CD6
:109150006F636174696F6E732E00466C7573686916
:109160006E67204152502063616368652E0A00419A
:10917000525020636163686520697320656D707467
:10918000792E0A002020202020496E7465726661C5
:10919000636520204C696E6B202020202020202039
:1091A000202020202020416464726573730A005BD4
:1091B0002532645D202564202020202020202020CE
:1091C0002025732025730A0055736167653A206E68
:1091D00065742061727020616464205B3C69666123
:1091E00063655F696E6465783E5D203C4950763406
:1091F0003E203C4D41433E0A00496E76616C6964F5
:1092000020696E7465726661636520696E64657855
:109210003A2025640A004E6F207375636820696EDA
:109220007465726661636520696E6465783A2025AD
:10923000640A004E6F2064656661756C7420696E07
:10924000746572666163653B2073706563696679F6
:1092500020696661636520696E6465782E0A00493D
:109260006E76616C69642049507634206164647262
:109270006573733A2025730A00496E76616C6964E0
:10928000204D414320616464726573733A202573F5
:109290000A004164646564207374617469632041E9
:1092A000525020656E747279202573202D3E202542
:1092B00073206F6E20696E74657266616365202528
:1092C000640A005072696E7420696E666F726D6117
:1092D00074696F6E2061626F757420495076342016
:1092E0004152502063616368652E00666C75736837
:1092F0000061646400416464206120737461746976
:10930000632041525020656E747279005B3C69663F
:109310006163655F696E6465783E5D203C495076A7
:10932000343E203C4D41433E0052656D6F766520D2
:10933000616C6C20656E74726965732066726F6D06
:109340002041525020636163686500434F4E464997
:10935000475F4E45545F4341505455524500436F5B
:109360006E666967757265206E6574776F726B20C3
:109370007061636B657420636170747572652E0033
:10938000636C65616E757000656E61626C6500642A
:10939000697361626C650044697361626C65206E1B
:1093A0006574776F726B207061636B6574206361A5
:1093B000707475726500456E61626C65206E6574CF
:1093C000776F726B207061636B657420636170747A
:1093D00075726520666F72206120676976656E2000
:1093E0006E6574776F726B20696E74657266616307
:1093F0006500436C65616E7570206E6574776F7281
:109400006B207061636B6574206361707475726545
:10941000005365747570206E6574776F726B207081
:1094200061636B65742063617074757265003C7272
:10943000656D6F74652D69702D616464723E203CAA
:109440006C6F63616C2D616464723E203C70656575
:10945000722D616464723E0A3C72656D6F74653E84
:109460002069732074686520286F757465722920DF
:10947000656E64706F696E74204950206164647217
:109480006573732C0A3C6C6F63616C3E20697320BA
:109490007468652028696E6E657229206C6F63613F
:1094A0006C20495020616464726573732C0A3C70AF
:1094B0006565723E206973207468652028696E6E48
:1094C000657229207065657220495020616464725C
:1094D0006573730A4C6F63616C20616E6420506524
:1094E0006572206164647265737365732063616E75
:1094F00020686176652055445020706F7274206E2C
:10950000756D62657220696E207468656D20286FC4
:109510007074696F6E616C290A6C696B65203139F2
:10952000382E302E35312E323A39303030206F72AD
:10953000205B323030313A6462383A3130303A3A76
:10954000325D3A34323432002020202020436F6EC6
:10955000746578742020200949666163652020467F
:109560006C616773202020202020202020202020D4
:109570004C6F63616C2020202020202020202020A0
:10958000202052656D6F74650A004E6F20636F6E08
:109590006E656374696F6E730A000A2020202020B4
:1095A00048616E646C65722020202043616C6C629F
:1095B00061636B202050726F746F20202020202068
:1095C0002020202020204C6F63616C202020202050
:1095D0002020202020202020202020202052656DC7
:1095E0006F74650A004E6F20636F6E6E65637469F9
:1095F0006F6E2068616E646C65727320666F756E45
:10960000642E0A000A5443502020202020202020CD
:10961000436F6E7465787420202053726320706FDE
:1096200072742044737420706F727420202053650C
:109630006E642D53657120202053656E642D416347
:109640006B20204D53532020202053746174650AF1
:10965000004E6F2054435020636F6E6E65637469D3
:109660006F6E730A005443502064656275676769C2
:109670006E6700434F4E4649475F4E45545F544323
:10968000505F4C4F475F4C4556454C5F4442470046
:1096900025702025702020202535752020202025AC
:1096A00035752025313075202531307520253575EB
:1096B00020202025730A005B2532645D2025702060
:1096C000257020202573092531367309253136731D
:1096D0000A005B2532645D20257009256420202066
:1096E0002020202563256325632020202531367323
:1096F00009253136730A005072696E7420696E66EE
:109700006F726D6174696F6E2061626F7574206E27
:109710006574776F726B20636F6E6E656374696FCB
:109720006E732E0044484350763400434F4E4649F2
:10973000475F4E45545F44484350563400444843C5
:109740005076342073657276657200434F4E4649F9
:10975000475F4E45545F4448435056345F5345522B
:1097600056455200646863707634004D616E6167DF
:10977000652044485043763420736572766963658A
:10978000730044484350763420636C69656E7420DE
:109790006D616E6167656D656E7400444843507617
:1097A00034207365727665722073657276696365BD
:1097B000206D616E6167656D656E740073746172B2
:1097C000740073746F700053746F70207468652038
:1097D00044484350763420636C69656E74206F7022
:1097E00065726174696F6E206F6E207468652069A0
:1097F0006E7465726661636500537461727420747F
:1098000068652044484350763420636C69656E7403
:10981000206F7065726174696F6E206F6E2074685E
:109820006520696E74657266616365005072696E69
:109830007420746865204448435076342073657200
:1098400076657220737461747573206F6E2074680E
:109850006520696E746572666163650053746F702C
:1098600020746865204448435076342073657276CE
:109870006572206F7065726174696F6E206F6E2003
:1098800074686520696E74657266616365005374FF
:1098900061727420746865204448435076342073A4
:1098A0006572766572206F7065726174696F6E2083
:1098B0006F6E2074686520696E7465726661636599
:1098C000003C696E6465783E203C6261736520618E
:1098D0006464726573733E0A3C62617365206164FF
:1098E00064726573733E20697320746865206669CD
:1098F000727374206164647265737320666F722082
:10990000746865206164647265737320706F6F6C36
:109910000044686370763600434F4E4649475F4EB9
:1099200045545F4448435056360064686370763649
:10993000004D616E61676520444850437636207360
:10994000657276696365732E0044686370763620AD
:10995000636C69656E74206D616E6167656D656EBF
:10996000740053746F702074686520446863707667
:109970003620636C69656E74206F706572617469FE
:109980006F6E206F6E2074686520696E74657266F4
:109990006163650053746172742074686520446863
:1099A0006370763620636C69656E74206F706572C3
:1099B0006174696F6E206F6E2074686520696E74C3
:1099C00065726661636500444E53207265736F6C07
:1099D00076657200434F4E4649475F444E535F528F
:1099E00045534F4C56455200444E53207365727692
:1099F00069636520646973636F7665727900646E6C
:109A0000730053686F7720686F7720444E53206946
:109A10007320636F6E666967757265642E204F7080
:109A200074696F6E616C6C7920646F206120717550
:109A3000657279207573696E672061206769766544
:109A40006E206E616D652E0062726F7773650063C4
:109A5000616E63656C007365727669636500457855
:109A6000656375746520444E53207365727669632F
:109A70006520646973636F766572792071756572AC
:109A800079003C736572766963652D6465736372F2
:109A9000697074696F6E3E004C697374206C6F63FB
:109AA000616C20444E532073657276696365207241
:109AB00065636F72647300517565726965732049DF
:109AC000507634206164647265737320286465661F
:109AD00061756C7429206F7220495076362061645C
:109AE000647265737320666F72206120686F73748F
:109AF000206E616D65003C686F73746E616D653ECC
:109B0000205B41206F7220414141415D0043616E05
:109B100063656C20616C6C2070656E64696E672093
:109B200072657175657374730042726F7773652027
:109B3000444E53207365727669636573005B3C73B2
:109B40006572766963652D646573637269707469A3
:109B50006F6E3E5D004E6574776F726B206D616E47
:109B60006167656D656E74206576656E74732061DE
:109B70007265206E6F7420737570706F7274656497
:109B80002E2053657420434F4E4649475F4E45543F
:109B90005F4D474D545F4556454E545F4D4F4E49BE
:109BA000544F5220746F20656E61626C6520697439
:109BB0002E0A006576656E7473004D6F6E69746F62
:109BC00072206E6574776F726B206D616E61676570
:109BD0006D656E74206576656E74732E00547572B3
:109BE0006E206F6666206E6574776F726B20657687
:109BF000656E74206D6F6E69746F72696E67005464
:109C000075726E206F6E206E6574776F726B206553
:109C100076656E74206D6F6E69746F72696E670021
:109C200046545020636C69656E7400434F4E46493C
:109C3000475F4654505F434C49454E54006674702C
:109C40000046545020636C69656E7420636F6D6DBF
:109C5000616E647300707764006364006D6B6469A7
:109C60007200726D6469720072656E616D6500727A
:109C70006D0070757400617070656E640053656C82
:109C8000656374207472616E736665722074797096
:109C9000652E003C61736369692F62696E61727938
:109CA0003E00417070656E6420612066696C652EAF
:109CB000003C66696C655F6E616D653E0057726958
:109CC000746520746F20612066696C652E00526592
:109CD00061642066696C6520636F6E74656E742EB6
:109CE0000044656C65746520612066696C652E00B2
:109CF00052656E616D6520612066696C652E003C61
:109D00006F6C645F6E616D653E203C6E65775F6E63
:109D1000616D653E0044656C6574652064697265BB
:109D200063746F72792E003C6469725F6E616D6559
:109D30003E00437265617465206469726563746F87
:109D400072792E004368616E676520776F726B6968
:109D50006E67206469726563746F72792E003C705F
:109D60006174683E004C69737420696E666F726D31
:109D70006174696F6E2061626F757420666F6C64C8
:109D80006572206F722066696C652E005B3C6F7097
:109D900074696F6E733E203C706174683E5D005064
:109DA00072696E7420776F726B696E672064697276
:109DB0006563746F72792E005072696E7420636FE0
:109DC0006E6E656374696F6E207374617475732E43
:109DD00000446973636F6E6E6563742066726F6DA5
:109DE00020465450207365727665722E00436F6E64
:109DF0006E65637420746F204654502073657276CC
:109E000065722E003C757365726E616D653E203C17
:109E100070617373776F72643E203C686F73746E09
:109E2000616D653E205B3C706F72743E203C7365D3
:109E3000635F7461673E5D006750545000434F4E4E
:109E40004649475F4E45545F475054500067707411
:109E500070005072696E7420696E666F726D617405
:109E6000696F6E2061626F75742067505450207363
:109E70007570706F72742E005072696E7473206406
:109E8000657461696C656420696E666F726D61747A
:109E9000696F6E2061626F75742067505450207036
:109EA0006F7274005B3C706F72743E5D003C616E5B
:109EB000793E003C756E6B6E6F776E3E00436F6E41
:109EC00063757272656E742F4261636B6C6F6700AD
:109ED000486F73743A506F727400252D31357309D1
:109EE000252D3132730A00095265736F75726365EF
:109EF0002074797065094D6574686F64730909454C
:109F00006E64706F696E740A0025733A25640925C2
:109F10007A752F257A750A00092531327309004EAA
:109F20006F204854545020736572766963657320BE
:109F3000616E64207265736F757263657320666FFE
:109F4000756E642E0A000A25642073657276696353
:109F5000652573616E64202564207265736F757268
:109F600063652573666F756E642E0A007374617481
:109F70006963007374617469635F66730068747405
:109F8000700053686F772048545450207365727680
:109F9000696365732E00556E737570706F727465AA
:109FA0006420636F6D6D616E642C20706C656173ED
:109FB0006520656E61626C6520434F4E4649475F80
:109FC0004E45545F4C325F45544845524E455420EF
:109FD000616E6420434F4E4649475F4E45545F4C87
:109FE000325F45544845524E45545F4D474D540AE3
:109FF00000504F494E544F504F494E542C00505230
:10A000004F4D4953432C004E4F5F4155544F5F53C2
:10A01000544152542C004D434153545F464F5257C4
:10A020004152442C00495076342C00495076362C4D
:10A03000004E4F5F4E442C004E4F5F4D4C442C0061
:10A040004E6F207375636820696E74657266616314
:10A050006520696E20696E6465782025640A004970
:10A060006E74657266616365202564206973206182
:10A070006C72656164792075702E0A0043616E6EA2
:10A080006F742074616B6520696E746572666163BC
:10A090006520256420757020282564290A00496EF2
:10A0A000746572666163652025642069732075702C
:10A0B0000A0043616E6E6F742074616B6520696E77
:10A0C0007465726661636520256420646F776E2015
:10A0D000282564290A00496E7465726661636520EB
:10A0E000256420697320646F776E0A004E6F2064C8
:10A0F000656661756C7420696E746572666163650E
:10A100000A0044656661756C7420696E74657266D8
:10A110006163653A2025640A004661696C656420C4
:10A12000746F207365742064656661756C74206952
:10A130006E7465726661636520746F2025640A0021
:10A1400055736167653A206E657420696661636561
:10A15000207365745F6C696E6B203C696E64657812
:10A160003E203C53706565643A31302F3130302FDA
:10A17000313030302F323530302F353030303E20D6
:10A180005B4475706C65785D3A682F663E0A0049DD
:10A190006E74657266616365202564206973206E44
:10A1A0006F742045746865726E657420747970658B
:10A1B0000A004E6F20504859206465766963652017
:10A1C000666F756E6420666F7220696E7465726664
:10A1D0006163652025640A006E6F2D6175746F6E72
:10A1E00065670032353030424153452068616C6606
:10A1F0002D6475706C6578206E6F74207375707047
:10A200006F727465640A0035303030424153452026
:10A2100068616C662D6475706C6578206E6F742053
:10A22000737570706F727465640A00556E73757023
:10A23000706F727465642073706565642025640AAC
:10A24000004E6F2073706565642073706563696686
:10A250006965640A00486F73746E616D653A202504
:10A26000730A0044656661756C7420696E7465726A
:10A27000666163653A2025640A0A002573205B2520
:10A28000735D2028257029003C3F3E005550004F4B
:10A290004646003C6E6F6E653E0031204762697431
:10A2A0007300313030204D62697473003130204DBD
:10A2B000626974730066756C6C0068616C6600207E
:10A2C000696E66696E69746500206D6573686C6F90
:10A2D00063616C002074656D706F7261727900202B
:10A2E000203C6E6F74206A6F696E65643E003F00AB
:10A2F0000A496E746572666163652025732028259E
:10A3000070292028257329205B25645D0A00496E89
:10A310007465726661636520697320646F776E2E61
:10A320000A004C696E6B2061646472203A202573C8
:10A330000A004D5455202020202020203A2025645A
:10A340000A00466C61677320202020203A20257384
:10A350000A00446576696365202020203A20257331
:10A3600020282570290A00537461747573202020F9
:10A37000203A206F7065723D25732C2061646D69F1
:10A380006E3D25732C20636172726965723D257381
:10A390000A0045746865726E65742063617061625D
:10A3A000696C697469657320737570706F72746518
:10A3B000643A0A0045746865726E657420504859A5
:10A3C000206465766963653A202573202825702905
:10A3D0000A004661696C656420746F2067657420AB
:10A3E0006C696E6B20737461746520282564290A7A
:10A3F0000045746865726E6574206C696E6B2073BD
:10A40000706565643A202573200025732D6475708E
:10A410006C65780A002573206E6F742025732066A2
:10A420006F72207468697320696E74657266616307
:10A43000652E0A004950763620756E696361737423
:10A440002061646472657373657320286D61782080
:10A450002564293A0A0009257320257320257325D0
:10A4600073257325730A00093C6E6F6E653E0A0002
:10A4700049507636206D756C746963617374206120
:10A48000646472657373657320286D617820256438
:10A49000293A0A0009257325730A004950763620A7
:10A4A000707265666978657320286D61782025640F
:10A4B000293A0A00495076362064656661756C74E5
:10A4C00020726F75746572203A0A00495076362002
:10A4D000686F70206C696D69742020202020202016
:10A4E000202020203A2025640A0049507636206238
:10A4F00061736520726561636861626C652074696F
:10A500006D65203A2025640A004950763620726530
:10A5100061636861626C652074696D65202020202C
:10A5200020203A2025640A0049507636207265744E
:10A5300072616E736D69742074696D65722020207C
:10A54000203A2025640A0049507634004950763478
:10A5500020756E69636173742061646472657373DE
:10A56000657320286D6178202564293A0A00092541
:10A57000732F257320257320257325730A004950F6
:10A580007634206D756C74696361737420616464E2
:10A5900072657373657320286D6178202564293A8C
:10A5A0000A00495076342067617465776179203AF2
:10A5B0002025730A005072696E7420696E666F728E
:10A5C0006D6174696F6E2061626F7574206E657461
:10A5D000776F726B20696E74657266616365732E46
:10A5E000007365745F6D6163007365745F6C696EA1
:10A5F0006B0053657473206C696E6B2073706565B6
:10A600006420666F7220746865206E6574776F725F
:10A610006B20696E74657266616365003C696E6487
:10A6200065783E203C53706565642031302F3130B1
:10A63000302F313030302F323530302F3530303010
:10A640003E203C4475706C65785B6F7074696F6E0A
:10A65000616C5D3A682F663E00446973706C617985
:10A6600073206F722073657473207468652064654D
:10A670006661756C74206E6574776F726B20696E9D
:10A6800074657266616365005B3C696E6465783E03
:10A690005D0053657473204D4143206164647265AD
:10A6A000737320666F7220746865206E6574776FAF
:10A6B000726B20696E74657266616365003C696ED9
:10A6C0006465783E203C4D41433E0053686F77738C
:10A6D000206E6574776F726B20696E746572666147
:10A6E000636520696E666F726D6174696F6E005488
:10A6F000616B6573206E6574776F726B20696E7421
:10A7000065726661636520646F776E0054616B6586
:10A7100073206E6574776F726B20696E74657266F4
:10A7200061636520757000545820636865636B73BE
:10A73000756D206F66666C6F6164005258206368A7
:10A7400065636B73756D206F66666C6F6164005630
:10A7500069727475616C204C414E00564C414E201C
:10A7600054616720737472697070696E6700322E6D
:10A7700035204762697473004945454520383032B9
:10A780002E314153206750545020636C6F636B002F
:10A7900049454545203830322E31516176202863B5
:10A7A00072656469742073686170696E6729004915
:10A7B000454545203830322E31516276202873636A
:10A7C000686564756C656420747261666669632986
:10A7D0000049454545203830322E315162752028D8
:10A7E0006672616D6520707265656D7074696F6EFB
:10A7F0002900545854494D450050726F6D69736378
:10A80000756F7573206D6F6465005072696F726942
:10A81000747920717565756573004D4143206164DD
:10A8200064726573732066696C746572696E670023
:10A83000445341207573657220706F7274004453E5
:10A840004120636F6E6475697420706F7274005478
:10A850005854494D4520737570706F72746564006B
:10A8600054582D496E6A656374696F6E20737570F4
:10A87000706F7274656400494E56414C49440050F3
:10A880006C656173652073706563696679207468AF
:10A89000652074617267657420696661636520690B
:10A8A0006E6465782E0A0022257322206973206E5B
:10A8B0006F7420612076616C6964206966616365EC
:10A8C00020696E6465782E0A006966616365207789
:10A8D00069746820696E646578202225732220647B
:10A8E0006F6573206E6F742065786973742E0A002B
:10A8F00056616C6964207461726765742073706559
:10A90000636966696572732061726520276966698B
:10A91000205B696E6465785D272C20276966205B63
:10A920006E616D655D272C206F7220275B696E64F8
:10A9300065785D272E0A00756E6E616D6564002571
:10A940006420282570202D202573202D2025732993
:10A95000006966616365202573206E6F77206967E3
:10A960006E6F7265642E0A006966616365202573E7
:10A97000206E6F7720776174636865642E0A0050DB
:10A980006C656173652073706563696679206765BE
:10A9900074206F72207365740A0049507634202B3E
:10A9A0002049507636006E6F2049500069676E6FFF
:10A9B0007265640077617463686564006E6F74200B
:10A9C000626F756E64006F7065722D7570006F70C8
:10A9D00065722D646F776E006E6F7420636F6E6E9C
:10A9E0006563746564006966616365202573206E24
:10A9F0006F7420747261636B65642E0A006966610E
:10AA00006365202573207374617475733A20257310
:10AA10002C2025732C2025732C2025732C202573A6
:10AA20002C2025732E0A00616C6C006E6F6E650021
:10AA3000506C656173652073706563696679207415
:10AA4000686520746172676574206966616365205A
:10AA50006E616D652E0A00696661636520776974B1
:10AA600068206E616D65202225732220646F6573F6
:10AA7000206E6F742065786973742E0A00696669A8
:10AA8000002573206973206E6F7420612076616CDD
:10AA90006964207461726765742074797065206FD1
:10AAA000722074617267657420737065636966698A
:10AAB00065722E0A00546F6F206D616E792061728D
:10AAC00067732E0A00496E76616C69642074617246
:10AAD0006765742073656C65637465642E0A005045
:10AAE0006C656173652073706563696679206120A8
:10AAF0007461726765742E0A0049676E6F72696EC1
:10AB00006720616C6C206966616365732E0A00576B
:10AB100061746368696E6720616C6C20696661634B
:10AB200065732E0A00496E737472756374696E677B
:10AB300020616C6C206E6F6E2D69676E6F7265643C
:10AB40002069666163657320746F20636F6E6E6544
:10AB500063742E0A0069666163652025732069733A
:10AB6000206E6F7420626F756E6420746F20612098
:10AB7000636F6E6E656374697669747920696D7050
:10AB80006C656D656E746174696F6E2C2063616EA7
:10AB90006E6F7420636F6E6E6563742E0A00496E6B
:10ABA000737472756374696E67206966616365208A
:10ABB000257320746F20636F6E6E6563742E0A00B8
:10ABC000496E737472756374696E6720616C6C2072
:10ABD0006E6F6E2D69676E6F726564206966616362
:10ABE000657320746F20646973636F6E6E65637440
:10ABF0002E0A006966616365202573206973206EE3
:10AC00006F7420626F756E6420746F206120636FB3
:10AC10006E6E656374697669747920696D706C65B0
:10AC20006D656E746174696F6E2C2063616E6E6FFA
:10AC30007420646973636F6E6E6563742E0A0049D5
:10AC40006E737472756374696E672069666163659B
:10AC500020257320746F206469736F6E6E65637452
:10AC60002E0A0054616B696E6720616C6C206E6FF8
:10AC70006E2D69676E6F72656420696661636573C6
:10AC80002061646D696E2D75702E0A0054616B69C8
:10AC90006E672069666163652025732061646D6954
:10ACA0006E2D75702E0A005468697320636F6D6D88
:10ACB000616E64206475706C6963617465732027CC
:10ACC0006E6574206966616365207570272069660A
:10ACD000205B7461726765745D20213D20616C6C3E
:10ACE0002E0A0054616B696E6720616C6C206E6F78
:10ACF0006E2D69676E6F7265642069666163657346
:10AD00002061646D696E2D646F776E2E0A00546148
:10AD10006B696E67206966616365202573206164D5
:10AD20006D696E2D646F776E2E0A0054686973200A
:10AD3000636F6D6D616E64206475706C69636174BE
:10AD4000657320276E657420696661636520646F92
:10AD5000776E27206966205B7461726765745D2079
:10AD6000213D20616C6C2E0A0043616E6E6F742071
:10AD70006765742F73657420666C61677320666FF6
:10AD80007220616C6C206966616365732E0A0050E5
:10AD90006C656173652073706563696679206120F5
:10ADA000666C61672E0A0056616C696420666C618E
:10ADB00067206B6579776F726473206172653A0AF8
:10ADC000000925732C0A0050455253495354454EEF
:10ADD00054004E4F5F4155544F5F434F4E4E4543D5
:10ADE00054004E4F5F4155544F5F444F574E00251E
:10ADF00073206973206E6F7420612076616C6964C2
:10AE000020666C61672E0A0079657300747275653F
:10AE1000006E6F0066616C736500506C65617365F0
:10AE200020737065636966792074727565206F722E
:10AE30002066616C73652E0A006966616365202572
:10AE400073206973206E6F7420626F756E64207456
:10AE50006F206120636F6E6E6563746976697479C3
:10AE600020696D706C656D656E746174696F6E2CB0
:10AE70002063616E6E6F74206765742F7365742034
:10AE8000636F6E6E656374697669747920666C6150
:10AE9000672E0A005365742074686520636F6E6EB8
:10AEA000656374697669747920257320666C6167BF
:10AEB00020746F202573206F6E20696661636520A2
:10AEC00025732E0A005468652063757272656E746E
:10AED0002076616C7565206F662074686520257327
:10AEE00020636F6E6E656374697669747920666C31
:10AEF0006167206F6E206966616365202573206934
:10AF0000732025732E0A0020286E6F2074696D65EA
:10AF10006F7574290043616E6E6F74206765742FBE
:10AF20007365742074696D656F757420666F722027
:10AF3000616C6C206966616365732E0A00506C65F4
:10AF40006173652073706563696679206120746937
:10AF50006D656F75742028696E207365636F6E640C
:10AF600073292E0A002573206973206E6F74206187
:10AF70002076616C69642074696D656F75742E0A42
:10AF8000006966616365202573206973206E6F74A4
:10AF900020626F756E6420746F206120636F6E6E27
:10AFA000656374697669747920696D706C656D6527
:10AFB0006E746174696F6E2C2063616E6E6F7420A5
:10AFC0006765742F73657420636F6E6E6563746953
:10AFD000766974792074696D656F75742E0A0053F3
:10AFE00065742074686520636F6E6E65637469763E
:10AFF0006974792074696D656F757420666F72204D
:10B00000696661636520257320746F20256425734C
:10B010002E0A0054686520636F6E6E6563746976EE
:10B020006974792074696D656F757420666F72201C
:10B030006966616365202573206973202564257323
:10B040002E0A00436F6E74726F6C20636F6E6E5FBA
:10B050006D67722E0069676E6F7265007761746349
:10B060006800666C61670047657473206F722073B7
:10B07000657473207468652074696D656F757420DC
:10B08000666F7220746865207370656369666965B0
:10B090006420696E74657266616365005B746172D9
:10B0A0006765745D205B6765742F7365745D205BF5
:10B0B00076616C75655D0047657473206F722073EF
:10B0C000657473206120666C616720666F722074FE
:10B0D00068652073706563696669656420696E746C
:10B0E000657266616365005B7461726765745D209B
:10B0F0005B6765742F7365745D205B666C61675D6B
:10B10000205B76616C75655D0054616B65732074BE
:10B1100068652073706563696669656420696E742B
:10B120006572666163652061646D696E2D646F7719
:10B130006E005B7461726765745D0054616B65736A
:10B140002074686520737065636966696564206949
:10B150006E746572666163652061646D696E2D75DC
:10B160007000446973636F6E6E65637473207468F6
:10B17000652073706563696669656420696E7465CE
:10B18000726661636500436F6E6E656374732074ED
:10B1900068652073706563696669656420696E74AB
:10B1A00065726661636500576174636865732074D6
:10B1B00068652073706563696669656420696E748B
:10B1C0006572666163650049676E6F7265732074AE
:10B1D00068652073706563696669656420696E746B
:10B1E0006572666163650053686F77732074686584
:10B1F00020636F6E6E656374697669747920737409
:10B2000061747573206F6620746865207370656360
:10B21000696669656420696E74657266616365005C
:10B220004950763420737570706F7274202020201E
:10B23000202020202020202020202020202020200E
:10B24000202020202020202020203A2025730A00C2
:10B250004950763420667261676D656E74617469F9
:10B260006F6E20737570706F727420202020202004
:10B27000202020202020202020203A2025730A0092
:10B280004950763420636F6E666C69637420646520
:10B2900074656374696F6E20737570706F7274205B
:10B2A000202020202020202020203A2025730A0062
:10B2B00050617468204D545520446973636F7665FE
:10B2C00072792028504D54552920202020202020FC
:10B2D000202020202020202020203A2025730A0032
:10B2E0004D6178206E756D626572206F66204950E1
:10B2F0007634206E6574776F726B20696E74657238
:10B30000666163657320696E207468652073797364
:10B3100074656D202020202020202020203A202528
:10B32000640A004D6178206E756D626572206F66EB
:10B3300020756E69636173742049507634206164AE
:10B340006472657373657320706572206E657477BF
:10B350006F726B20696E7465726661636520202070
:10B360003A2025640A004D6178206E756D62657221
:10B37000206F66206D756C74696361737420495029
:10B3800076342061646472657373657320706572CE
:10B39000206E6574776F726B20696E74657266617A
:10B3A0006365203A2025640A00436F7272656374F6
:10B3B0002075736167653A206E6574206970763414
:10B3C0002067617465776179203C696E6465783EB9
:10B3D000203C676174657761795F69703E0A004956
:10B3E0006E76616C696420616464726573733A207F
:10B3F00025730A00436F7272656374207573616709
:10B40000653A206E6574206970763420616464202A
:10B410003C696E6465783E203C6164647265737358
:10B420003E205B3C6E65746D61736B3E5D0A006A25
:10B430006F696E0043616E6E6F74202573206D75A9
:10B440006C7469636173742067726F757020257303
:10B4500020666F7220696E7465726661636520256F
:10B460006420282564290A004E65746D61736B2081
:10B470006973206D697373696E672E0A0043616E8C
:10B480006E6F7420616464206164647265737320FC
:10B49000257320746F20696E746572666163652020
:10B4A00025640A00496E76616C6964206E65746D6E
:10B4B00061736B3A20257300436F72726563742069
:10B4C00075736167653A206E657420697076342003
:10B4D00064656C203C696E6465783E203C61646400
:10B4E000726573733E006C65617665004661696CD8
:10B4F000656420746F2064656C6574652025730A2B
:10B50000000A495076342061646472657373657310
:10B5100020666F7220696E746572666163652025AE
:10B5200064202825702920282573290A003D3D3DE7
:10B530003D3D3D3D3D3D3D3D3D3D3D3D3D3D3D3D3B
:10B540003D3D3D3D3D3D3D3D3D3D3D3D3D3D3D3D2B
:10B550003D3D3D3D3D3D3D3D3D25730A004E6F2047
:10B560004950763420636F6E66696720666F756E2A
:10B570006420666F72207468697320696E746572E6
:10B58000666163652E0A00556E69636173743A0AD9
:10B590000A0054797065202020202020095374610E
:10B5A0007465202020200952656609416464726533
:10B5B00073730A0025732020092573202020200999
:10B5C000256C640925732F25730A000A4D756C7468
:10B5D00069636173743A0A0A004A6F696E656409A7
:10B5E00052656609416464726573730A00257309C4
:10B5F000256C640925730A005072696E7420696EA7
:10B60000666F726D6174696F6E2061626F75742010
:10B610004950763420737065636966696320696E8A
:10B62000666F726D6174696F6E20616E6420636F06
:10B630006E66696775726174696F6E2E0064656C01
:10B6400000676174657761790053657473204950B0
:10B650007634206761746577617920666F72207433
:10B66000686520696E74657266616365003C696E29
:10B670006465783E203C676174657761795F6970C5
:10B680003E0044656C657465732074686520616470
:10B6900064726573732066726F6D207468652069CB
:10B6A0006E746572666163650041646473207468DA
:10B6B00065206164647265737320746F20746865BB
:10B6C00020696E74657266616365003C696E6465CD
:10B6D000783E203C616464726573733E205B3C6E0F
:10B6E00065746D61736B3E5D0049507636207072F3
:10B6F000697661637920657874656E73696F6E2011
:10B7000066696C74657220737570706F72742069ED
:10B71000732064697361626C65642E0A00536574FA
:10B7200020434F4E4649475F4E45545F4950563679
:10B730005F50455F46494C5445525F50524546491B
:10B74000585F434F554E54203E203020746F206583
:10B750006E61626C652069742E0A0049507636204D
:10B76000737570706F72742020202020202020209C
:10B7700020202020202020202020202020202020C9
:10B7800020202020203A2025730A004950763620B8
:10B79000667261676D656E746174696F6E20737532
:10B7A00070706F7274202020202020202020202004
:10B7B00020202020203A2025730A004D756C7469E2
:10B7C00063617374204C697374656E65722044699B
:10B7D00073636F7665727920737570706F72742001
:10B7E00020202020203A2025730A004E65696768D2
:10B7F000626F7220636163686520737570706F7229
:10B8000074202020202020202020202020202020E4
:10B8100020202020203A2025730A004E65696768A1
:10B82000626F7220646973636F76657279207375D5
:10B8300070706F7274202020202020202020202073
:10B8400020202020203A2025730A004475706C695E
:10B8500063617465206164647265737320646574E8
:10B86000656374696F6E20284441442920737570A4
:10B87000706F7274203A2025730A00526F757465D8
:10B8800072206164766572746973656D656E74208B
:10B8900052444E5353206F7074696F6E20737570ED
:10B8A000706F7274203A2025730A00366C6F20681E
:10B8B000656164657220636F6D7072657373696F23
:10B8C0006E20737570706F727420202020202020ED
:10B8D00020202020203A2025730A005072697661CA
:10B8E000637920657874656E73696F6E2073757007
:10B8F000706F727420202020202020202020202003
:10B9000020202020203A2025730A004555492D3655
:10B9100034202852464320343836322900534C41D3
:10B920004143204949442067656E65726174696FBF
:10B930006E206D6574686F642020202020202020F8
:10B94000202020202020203A2025730A004D6178F5
:10B95000206E756D626572206F66204950763620C4
:10B960006E6574776F726B20696E74657266616361
:10B97000657320696E207468652073797374656DD2
:10B98000202020202020202020203A2025640A008A
:10B990004D6178206E756D626572206F6620756EE0
:10B9A00069636173742049507636206164647265FE
:10B9B0007373657320706572206E6574776F726B38
:10B9C00020696E746572666163652020203A2025C7
:10B9D000640A004D6178206E756D626572206F6635
:10B9E000206D756C746963617374204950763620DC
:10B9F00061646472657373657320706572206E652F
:10BA000074776F726B20696E74657266616365200E
:10BA10003A2025640A004D6178206E756D6265726A
:10BA2000206F6620495076362070726566697865A9
:10BA30007320706572206E6574776F726B20696E0B
:10BA400074657266616365202020202020202020FC
:10BA50002020203A2025640A00436F7272656374C7
:10BA60002075736167653A206E657420697076365B
:10BA700020616464203C696E6465783E203C6164AA
:10BA800064726573733E0A006A6F696E696E67005F
:10BA9000456E61626C6520434F4E4649475F4E4597
:10BAA000545F495056365F4D4C4420666F722025D6
:10BAB00073206D756C7469636173742067726F7540
:10BAC000700A004661696C656420746F206164646B
:10BAD000202573206164647265737320746F20691C
:10BAE0006E746572666163652025700A00436F722B
:10BAF000726563742075736167653A206E657420A2
:10BB0000697076362064656C203C696E6465783EA9
:10BB1000203C616464726573733E0A006C656176F3
:10BB2000696E6700202874656D706F726172792983
:10BB3000000A4950763620616464726573736573D8
:10BB400020666F7220696E74657266616365202578
:10BB500064202825702920282573290A004E6F208B
:10BB60004950763620636F6E66696720666F756E22
:10BB70006420666F72207468697320696E746572E0
:10BB8000666163652E0A00547970652020202020AC
:10BB90002009537461746520202020094C69666572
:10BBA00074696D65202873656329095265660941CA
:10BBB0006464726573730A00257320200925730974
:10BBC0002531347309256C640925732F2564257389
:10BBD0000A005072696E7420696E666F726D6174CE
:10BBE000696F6E2061626F757420495076362073DC
:10BBF0007065636966696320696E666F726D6174F2
:10BC0000696F6E20616E6420636F6E66696775721E
:10BC10006174696F6E2E004164642F64656C657495
:10BC200065204950763620616464726573732074B0
:10BC30006F2F66726F6D2066696C746572206C6917
:10BC4000737400616464205B616C6C6F777C646505
:10BC50006E795D203C495076362070726566697851
:10BC60003E0A70652064656C203C49507636207031
:10BC700072656669783E0A54686520616C6C6F77FE
:10BC80002F64656E7920706172616D6574657220D4
:10BC900074656C6C732069662074686973206973BD
:10BCA00020616C6C6F77206C697374656420286107
:10BCB0006363657074656429206F722064656E79B2
:10BCC000206C697374656420286465636C696E65B3
:10BCD0006429207072656669782E0A44656661750C
:10BCE0006C7420697320746F20616C6C6F77206CAA
:10BCF000697374207468652070726566697800469F
:10BD00007261676D656E74206C656E67746820255E
:10BD1000642062797465730A004E6574776F726B84
:10BD20002062756666657220706F6F6C733A0A00E8
:10BD3000416464726573730909546F74616C094ED0
:10BD4000616D650A0025700925640952580A0025AD
:10BD5000700925640954580A0025700925640952A0
:10BD60005820444154410A0025700925640954585B
:10BD700020444154410A006E65745F62756620611B
:10BD80006C6C6F636174696F6E00434F4E46494738
:10BD90005F4E45545F4255465F504F4F4C5F555381
:10BDA000414745004E6F2065787465726E616C2066
:10BDB0006D656D6F727920706F6F6C7320666F7533
:10BDC0006E642E0A002570092564094554580A003E
:10BDD00025700925640945444154410A005072699F
:10BDE0006E7420696E666F726D6174696F6E20612A
:10BDF000626F7574206E6574776F726B206D656D00
:10BE00006F72792075736167652E004E6F206E65C5
:10BE1000696768626F72732E0A004E6569676862AF
:10BE20006F722049507636206164647265737320A6
:10BE30006D697373696E672E0A0043616E6E6F746D
:10BE400020706172736520272573270A0043616E95
:10BE50006E6F742072656D6F7665206E65696768B8
:10BE6000626F722025730A004E65696768626F729F
:10BE70002025732072656D6F7665642E0A00202080
:10BE800020200020202020204E65696768626F72A4
:10BE90002020496E746572666163652020466C617E
:10BEA0006773202020205374617465202020202097
:10BEB00052656D61696E20204C696E6B20202020D8
:10BEC000202020202020202020202573416464721F
:10BED0006573730A005B2532645D20257020202580
:10BEE000642020202020202535642F25642F256400
:10BEF0002F256420202573257320253664202025D6
:10BF000031377325732025730A005072696E7420CF
:10BF10006E65696768626F7220696E666F726D61C7
:10BF200074696F6E2E0052656D6F766573206E6555
:10BF3000696768626F722066726F6D206361636803
:10BF400065003078005061727365206572726F729F
:10BF50003A2025730A00556E7265636F676E697AC1
:10BF6000656420617267756D656E743A2025730A89
:10BF70000054617267657420686F7374206D697313
:10BF800073696E670A0043616E6E6F7420696E6933
:10BF90007469616C697A652049434D5020636F6E06
:10BFA0007465787420666F722025730A00496E7676
:10BFB000616C696420495020616464726573730A1E
:10BFC0000050494E472025730A0074696D653D2570
:10BFD00064206D7300256420627974657320667235
:10BFE0006F6D20257320746F2025733A2069636D6F
:10BFF000705F7365713D25642074746C3D25642009
:10C0000025730A0050696E672074696D656F7574D9
:10C010000A004661696C656420746F2073656E6404
:10C020002070696E672C206572723A20256400507A
:10C03000696E672061206E6574776F726B20686F20
:10C0400073742E0053656E642049434D507634203E
:10C050006F722049434D507636204563686F2D52EC
:10C0600065717565737420746F2061206E657477D7
:10C070006F726B20686F7374005B2D6320636F7544
:10C080006E745D205B2D6920696E74657276616CDB
:10C09000206D735D205B2D49203C696661636520DE
:10C0A000696E6465783E5D0A5B2D5120746F735D27
:10C0B000205B2D73207061796C6F61642073697AE5
:10C0C000655D205B2D70207072696F726974795D97
:10C0D000203C686F73743E00496E76616C69642021
:10C0E0007074722076616C756520282573292E2066
:10C0F0004578616D706C653A20307830313032307F
:10C100003330340A00506F696E7465722069732091
:10C110006E6F74207265636F676E697A6564206103
:10C1200073206E65745F706B7420282573292E0A46
:10C13000006E65745F706B74202570206275666692
:10C14000657220636861696E3A0A0025705B256C30
:10C15000645D002D3E0025705B256C642F257520E5
:10C160002825752F2575295D006E65745F706B74C9
:10C170002025702062756666657220636861696E4D
:10C180002068657864756D703A0A006E65745F6248
:10C1900075665B25645D2025700A006E65745F70AE
:10C1A0006B7420696E666F726D6174696F6E2E00BC
:10C1B0005072696E7420696E666F726D6174696F1A
:10C1C0006E2061626F757420676976656E206E659A
:10C1D000745F706B74003C70747220696E206865C7
:10C1E000783E007061636B65742066696C7465727B
:10C1F00020696E666F726D6174696F6E00434F4E99
:10C200004649475F4E45545F504B545F46494C5436
:10C210004552005072696E7420696E666F726D616E
:10C2200074696F6E2061626F7574206E6574776FCC
:10C23000726B207061636B65742066696C746572E3
:10C24000732E00434F4E4649475F4E45545F495059
:10C2500056365F504D5455206F7220434F4E46491D
:10C26000475F4E45545F495056345F504D5455001A
:10C27000706D74750053686F7720504D5455206968
:10C280006E666F726D6174696F6E2E0052656D6FB0
:10C29000766520616C6C20656E74726965732066CA
:10C2A000726F6D20504D54552064657374696E61D2
:10C2B00074696F6E20636163686500434F4E464941
:10C2C000475F4E45545F4C325F50505020616E6462
:10C2D00020434F4E4649475F4E45545F50505000F3
:10C2E000434F4E4649475F4E45545F4C325F505076
:10C2F00050007070700050505020696E666F726D03
:10C300006174696F6E2E005072696E747320696E6D
:10C31000666F726D6174696F6E2061626F757420F3
:10C320005050500053656E6473204563686F2D72E2
:10C3300065717565737420746F2050505020696E5C
:10C340007465726661636500596F75206E6565641A
:10C350002061206E6574776F726B206472697665F8
:10C360007220737570706F7274696E6720506F778A
:10C370006572204D616E6167656D656E742E0A0091
:10C38000526573756D652061206E6574776F726B91
:10C3900020696E74657266616365000A495076367D
:10C3A00020726F7574657320666F7220696E746594
:10C3B0007266616365202564202825702920282560
:10C3C00073290A00495076362070726566697820B4
:10C3D0003A2025732F25640A00096E656967686233
:10C3E0006F72203A202570090061646472203A203F
:10C3F0003C756E6B6E6F776E3E09006164647220EF
:10C400003A2025730900257520736563006C696601
:10C410006574696D65203A2025730A00436F727256
:10C420006563742075736167653A206E6574207268
:10C430006F7574652064656C203C696E6465783E38
:10C44000203C64657374696E6174696F6E3E0A00A6
:10C45000436F72726563742075736167653A206E0D
:10C46000657420726F75746520616464203C696E28
:10C470006465783E203C64657374696E6174696FAD
:10C480006E3E203C676174657761793E0A00496EB3
:10C4900076616C696420676174657761793A2025FB
:10C4A000730A004661696C656420746F206164647E
:10C4B00020726F7574650A0053686F77206E65741B
:10C4C000776F726B20726F7574652E0044656C65B2
:10C4D0007465732074686520726F75746520746F5D
:10C4E000207468652064657374696E6174696F6E29
:10C4F000003C696E6465783E203C64657374696EC7
:10C500006174696F6E3E00416464732074686520D5
:10C51000726F75746520746F20746865206465732C
:10C5200074696E6174696F6E003C696E6465783E13
:10C53000203C64657374696E6174696F6E3E203C63
:10C54000676174657761793E00736F636B65742012
:10C55000696E666F726D6174696F6E00434F4E460F
:10C5600049475F4F424A5F434F524520616E642006
:10C57000434F4E4649475F4E45545F534F434B45EB
:10C5800054535F4F424A5F434F524500536F636BB2
:10C5900065742073657276696365206E6F742073AD
:10C5A0007570706F727465642E0A00736F636B65CB
:10C5B00074730053686F77206E6574776F726B20A9
:10C5C000736F636B6574732E006B65792D76616C88
:10C5D0007565006865782D626C6F6200626F7468C3
:10C5E0000076656E646F72000A496E7465726661EA
:10C5F00063652025702028257329205B25645D0A4A
:10C60000000A476C6F62616C2073746174697374A3
:10C610006963730A003D3D3D3D3D3D3D3D3D3D3D32
:10C620003D3D3D3D3D3D0A004950763620726563F3
:10C630007620202020202025750973656E74092539
:10C64000750964726F7009257509666F727761727A
:10C650006465640925750A0049507636204E4420E9
:10C660007265637620202025750973656E7409252F
:10C67000750964726F700925750A00495076362075
:10C680004D4C442072656376202025750973656ED4
:10C69000740925750964726F700925750A0049507F
:10C6A00076342072656376202020202020257509AD
:10C6B00073656E740925750964726F7009257509B3
:10C6C000666F727761726465640925750A00495066
:10C6D0002076686C65727220202020202025750944
:10C6E00068626C656E6572092575096C626C656EB1
:10C6F00065720925750A0049502066726167657286
:10C7000072202020202025750963686B65727209EC
:10C7100025750970726F746F65720925750A004975
:10C72000434D5020726563762020202020202575FF
:10C730000973656E740925750964726F7009257532
:10C740000A0049434D50207479706565722020209D
:10C750002025750963686B6572720925750A0049A1
:10C76000474D5020726563762020202020202575BB
:10C770000973656E740925750964726F70092575F2
:10C780000A00554450207265637620202020202026
:10C790002025750973656E740925750964726F70BB
:10C7A0000925750A005544502063686B6572722034
:10C7B0002020202025750A0054435020627974659A
:10C7C00073207265637620256C6C750973656E74D1
:10C7D00009256C6C7509726573656E740925750A97
:10C7E00000544350207365672072656376202020D3
:10C7F00025750973656E740925750964726F700972
:10C8000025750A005443502073656720726573656F
:10C810006E742025750963686B6572720925750948
:10C8200061636B6572720925750A00544350207369
:10C83000656720727374657272202575097273744E
:10C840000925750A0054435020636F6E6E20647290
:10C850006F702020257509636F6E6E7273740925E1
:10C86000750A0054435020706B742064726F7020FE
:10C87000202025750A00427974657320726563650E
:10C880006976656420256C6C750A0042797465735D
:10C890002073656E742020202020256C6C750A00A2
:10C8A00050726F63657373696E67206572722025BD
:10C8B000750A005374617469737469637320666FD9
:10C8C000722045746865726E657420696E74657255
:10C8D00066616365202570205B25645D0A004279EE
:10C8E0007465732072656365697665642020203AFB
:10C8F00020256C6C750A0042797465732073656E2F
:10C9000074202020202020203A20256C6C750A00FD
:10C910005061636B657473207265636569766564E5
:10C92000203A2025750A005061636B65747320738B
:10C93000656E7420202020203A2025750A0042636D
:10C940006173742072656365697665642020203A9E
:10C950002025750A0042636173742073656E74202C
:10C960002020202020203A2025750A004D63617385
:10C97000742072656365697665642020203A2025FD
:10C98000750A004D636173742073656E74202020F6
:10C99000202020203A2025750A0053656E6420650A
:10C9A00072726F72732020202020203A2025750A91
:10C9B0000052656365697665206572726F727320D7
:10C9C00020203A2025750A00436F6C6C6973696FEB
:10C9D0006E73202020202020203A2025750A005345
:10C9E000656E642044726F70732020202020202008
:10C9F0003A2025750A0053656E642074696D656F71
:10CA0000757473202020203A2025750A0053656E26
:10CA100064207265737461727473202020203A2040
:10CA200025750A00556E6B6E6F776E2070726F748D
:10CA30006F636F6C203A2025750A00436865636B4D
:10CA400073756D206F66666C6F6164203A20525872
:10CA500020676F6F64202575206572726F72732076
:10CA600025750A00466C6F7720636F6E74726F6C69
:10CA700020202020203A20525820786F6E202575E3
:10CA800020786F666620257520545820786F6E20B8
:10CA9000257520786F66662025750A00454343207A
:10CAA0006572726F7273202020202020203A20753A
:10CAB0006E636F7272656374656420257520636FA1
:10CAC000727265637465642025750A004857207486
:10CAD000696D657374616D7020202020203A2052AA
:10CAE0005820636C65617265642025752054582058
:10CAF00074696D656F757420257520736B6970702E
:10CB000065642025750A004F766572004C656E00DD
:10CB10005258206572726F7273203A202535732047
:10CB20002535732025357320253573202535732051
:10CB30002535732025357320253573202535732041
:10CB4000253573202535730A00416C6C6F630044F2
:10CB50004D4100416C69676E0053686F7274004C00
:10CB60006F6E67004D697373004E6F4275660046C5
:10CB700072616D6500435243002020202020202058
:10CB80002020202020253575202535752025357558
:10CB900020253575202535752025357520253575D9
:10CBA00020253575202535752025357520253575C9
:10CBB0000A00436172726965720041626F727400AB
:10CBC0005458206572726F7273203A202535732095
:10CBD0002538732025357320253130732025377390
:10CBE000202535730A0057696E646F7700486561C8
:10CBF000727462656174004669666F0020202020AF
:10CC00002020202020202020253575202538752043
:10CC1000253575202531307520253775202535754A
:10CC20000A004E6574776F726B20696E7465726668
:10CC300061636520696E646578206D697373696EE0
:10CC400067210A0053686F77206E6574776F726B87
:10CC500020737461746973746963732E0053686F11
:10CC60007773206E6574776F726B2073746174696B
:10CC7000737469637320666F72206F6E65207370C2
:10CC8000656369666963206E6574776F726B20698E
:10CC90006E74657266616365003C696E6465783EBA
:10CCA000205B6F7074696F6E735D0A5479706520D4
:10CCB00066696C7465723A0A636F6D6D6F6E3A20C7
:10CCC0004F6E6C7920636F6D6D6F6E20737461743D
:10CCD000732028736B6970732046572071756572D5
:10CCE00079290A76656E646F723A204F6E6C7920EE
:10CCF00076656E646F722D73706563696669632013
:10CD000073746174730A616C6C3A20202020416C4A
:10CD10006C207374617473202864656661756C742B
:10CD2000290A56656E646F7220737461747320668D
:10CD30006F726D617420286F6E6C79206170706CF9
:10CD4000696573207768656E2076656E646F722002
:10CD500073746174732073686F776E293A0A6B6518
:10CD6000792D76616C75653A204B65792D76616C0D
:10CD70007565207061697273202864656661756CE1
:10CD800074290A6865782D626C6F623A20204865C4
:10CD90007820626C6F6220666F72207061727369B6
:10CDA0006E670A626F74683A202020202020426F4C
:10CDB000746820666F726D6174730053686F7720BA
:10CDC0006E6574776F726B207374617469737469C4
:10CDD000637320666F7220616C6C206E6574776F70
:10CDE000726B20696E7465726661636573005B6364
:10CDF0006F6D6D6F6E7C76656E646F727C616C6C4E
:10CE00005D205B6B65792D76616C75657C686578F6
:10CE10002D626C6F627C626F74685D005375737015
:10CE2000656E642061206E6574776F726B20696E29
:10CE300074657266616365004E6F7420636F6E6E19
:10CE400065637465640A0043616E6E6F7420636C81
:10CE50006F73652074686520636F6E6E65637469B7
:10CE60006F6E20282564290A00436F6E6E65637417
:10CE7000696F6E20636C6F7365642E0A0043616E88
:10CE80006E6F74207265637620646174612028255A
:10CE900064290A004E6F206461746120746F2073EE
:10CEA000656E642E0A0043616E6E6F742073656E4A
:10CEB00064206D736720282564290A004D6573730B
:10CEC0006167652073656E740A0054435020636F78
:10CED0006E6E656374696F6E206661696C6564204F
:10CEE000282564290A0054435020636F6E6E6563E1
:10CEF0007465640A00436F6E6E656374696F6E20BB
:10CF0000636C6F7365642062792072656D6F746500
:10CF100020706565722E0A00257A75206279746525
:10CF2000732072656365697665640A00416C726599
:10CF300061647920636F6E6E65637465640A005086
:10CF40006565722049502061646472657373206D59
:10CF5000697373696E672E0A005065657220706F81
:10CF60007274206D697373696E672E0A00496E765C
:10CF7000616C696420706F72742025730A00436FBE
:10CF80006E6E656374696E672066726F6D202573BF
:10CF90003A25752000746F2025733A25750A0043E1
:10CFA0006F6E6E656374696E672066726F6D205B6D
:10CFB00025735D3A25752000746F205B25735D3AFB
:10CFC00025750A0043616E6E6F7420676574205486
:10CFD000435020636F6E7465787420282564290A95
:10CFE0000043616E6E6F742062696E64205443501A
:10CFF00020282564290A00436F6E6E6563742066DD
:10D0000061696C6564210A00436F6E6E6563742FFD
:10D0100073656E642F636C6F736520544350206397
:10D020006F6E6E656374696F6E2E0073656E64005B
:10D030007265637600636C6F736500436C6F736534
:10D04000732054435020636F6E6E656374696F6E16
:10D05000005265636569766573206461746120754B
:10D0600073696E67205443500053656E6473206487
:10D0700061746120746F2070656572207573696ECC
:10D080006720544350003C646174613E00436F6EFE
:10D090006E6563747320746F20544350207065650F
:10D0A00072003C616464726573733E203C706F7201
:10D0B000743E004E6F7420656E6F756768206172F4
:10D0C00067756D656E747320676976656E20666F2F
:10D0D00072207564702062696E6420636F6D6D618B
:10D0E0006E640A00496E76616C696420706F7274B8
:10D0F000206E756D6265720A004E6574776F726B93
:10D1000020636F6E7465787420616C7265616479F8
:10D1100020696E207573650A0043616E6E6F74201E
:10D120006765742055445020636F6E746578742071
:10D13000282564290A0062696E6400495076362009
:10D14000616E642049507634206172652064697391
:10D1500061626C65642C2063616E6E6F7420257350
:10D160002E0A004E6F20696E7465726661636520D9
:10D17000746F2073656E6420746F20676976656EC6
:10D1800020686F73740A0042696E64696E67207468
:10D190006F2055445020706F7274206661696C6511
:10D1A0006420282564290A00526563656976696EE2
:10D1B000672066726F6D2055445020706F72742026
:10D1C0006661696C656420282564290A0043616EE4
:10D1D0006E6F74207075742055445020636F6E74A8
:10D1E00065787420282564290A004E6574776F726B
:10D1F0006B20636F6E74657874206973206E6F7432
:10D2000020757365642E2043616E6E6F7420636CAD
:10D210006F73652E0A0043616E6E6F7420636C6FCE
:10D2200073652055445020706F727420282564293E
:10D230000A00526563656976656420554450207024
:10D2400061636B65743A20004E6F7420656E6F7574
:10D25000676820617267756D656E747320676976A3
:10D26000656E20666F72207564702073656E642031
:10D27000636F6D6D616E640A0053657474696E67E7
:10D28000207263762063616C6C6261636B206661FF
:10D29000696C656420282564290A0053656E6469F9
:10D2A0006E67207061636B6574206661696C65648C
:10D2B00020282564290A00554450207061636B655D
:10D2C000742073656E64696E67206661696C65645D
:10D2D0000A0053656E642F726563762055445020B2
:10D2E0007061636B65740053656E647320554450C0
:10D2F000207061636B657420746F2061206E6574AB
:10D30000776F726B20686F7374003C686F73743E44
:10D31000203C706F72743E203C7061796C6F616468
:10D320003E00436C6F7365732070726576696F752C
:10D33000736C7920626F756E6420706F7274004236
:10D34000696E647320746F20554450206C6F636164
:10D350006C20706F7274003C616464723E203C709B
:10D360006F72743E007669727475616C206E6574BC
:10D37000776F726B20696E746572666163650043D6
:10D380004F4E4649475F4E45545F4C325F564952B7
:10D390005455414C007669727475616C0053686F26
:10D3A000772F6D616E6970756C6174652076697236
:10D3B0007475616C206E6574776F726B20696E7422
:10D3C000657266616365732E0061747461636800E1
:10D3D0006465746163680053686F7720766972745E
:10D3E00075616C20696E7465726661636520696E33
:10D3F000666F726D6174696F6E0044657461636815
:10D400002061206E6574776F726B20696E7465722F
:10D41000666163652066726F6D20616E6F7468650A
:10D420007220696E74657266616365003C75707028
:10D430006572207669727475616C206966616365D6
:10D4400020696E6465783E00417474616368206190
:10D45000206E6574776F726B20696E746572666199
:10D46000636520746F20616E6F7468657220696EE9
:10D4700074657266616365003C75707065722076D4
:10D4800069727475616C20696661636520696E6498
:10D4900065783E203C6C6F776572206966616365D4
:10D4A00020696E6465783E00434F4E4649475F4EA3
:10D4B00045545F564C414E00766C616E0053686F68
:10D4C0007720564C414E20696E666F726D617469AB
:10D4D0006F6E2E0044656C6574657320564C414E2A
:10D4E000207461672066726F6D20746865206E65B8
:10D4F00074776F726B20696E746572666163650024
:10D500003C7461673E004164647320564C414E2078
:10D5100074616720746F20746865206E6574776F1E
:10D52000726B20696E74657266616365003C74613C
:10D53000673E203C696E6465783E00496E76616C9A
:10D5400069642066642025640052656D6F7465000F
:10D550004C6F63616C002020202020776562736F20
:10D56000636B65742F6E65745F637478202009495E
:10D570006661636509252D31367309252D313673B2
:10D580000A005B2532645D2025702F257009256413
:10D5900009252D31367309252D3136730A00507255
:10D5A000696E7420696E666F726D6174696F6E204A
:10D5B00061626F757420576562536F636B65742089
:10D5C000636F6E6E656374696F6E732E0071627641
:10D5D00000434F4E4649475F4E45545F5142560007
:10D5E00053657420257320746F20656E61626C65CD
:10D5F00020257320737570706F72742E0A0A0045AF
:10D60000746865726E6574206E6574776F726B20D6
:10D610006D616E6167656D656E7420696E746572AB
:10D620006661636500434F4E4649475F4E45545F10
:10D630004C325F45544845524E45545F4D474D541A
:10D640000051627620636F6D6D616E647300736567
:10D65000745F636F6E666967007365745F6763000C
:10D660006765745F696E666F0047657420696E66F2
:10D670006F726D6174696F6E0053657420676174B9
:10D680006520636F6E74726F6C003C696E646578C0
:10D690003E203C726F773E203C676174655F636F2C
:10D6A0006E74726F6C3E203C696E74657276616C4C
:10D6B0003E005365742051627620636F6E66696721
:10D6C00075726174696F6E003C696E6465783E20A6
:10D6D0003C626173655F74696D652873293E203C07
:10D6E000626173655F74696D6528322A282D313651
:10D6F000296E73293E0A3C6379636C655F74696DBA
:10D70000652873293E203C6379636C655F74696D9D
:10D7100065286E73293E203C6379636C655F74698C
:10D720006D655F657874286E73293E203C6C697363
:10D73000745F6C656E3E00456E61626C652051627F
:10D7400076003C696E6465783E203C6F6E2C206FDD
:10D7500066663E005769726567756172642056504F
:10D760004E005769726567756172642056504E208D
:10D770007374617469737469637300434F4E4649EF
:10D78000475F4E45545F53544154495354494353A2
:10D790005F56504E2C20434F4E4649475F4E4554EE
:10D7A0005F535441544953544943535F5553455271
:10D7B0005F41504920616E6420434F4E4649475FA8
:10D7C0005749524547554152440077670053686FA7
:10D7D0007720696E666F726D6174696F6E20616229
:10D7E0006F7574207468652057697265677561721A
:10D7F000642056504E20636F6E6E656374696F6E61
:10D80000732E006B656570616C6976650053686F97
:10D8100077207374617469737469637320696E66C9
:10D820006F726D6174696F6E2061626F75742074C0
:10D830006865205769726567756172642056504E3D
:10D8400020636F6E6E656374696F6E732E2054680B
:10D850006520737461746973746963732063616EA6
:10D860002062652072657365742062792075736922
:10D870006E6720746865202772657365742720635E
:10D880006F6D6D616E64005B72657365745D0053EE
:10D8900065747570206C6F63616C2056504E206EFD
:10D8A0006574776F726B20696E746572666163650B
:10D8B000005B2D692C202D2D69666163653D3C69F7
:10D8C0006E7465726661636520696E6465783E5D3D
:10D8D0003A20496E7465726661636520696E64659D
:10D8E000780A2D6B2C202D2D707269766174652D50
:10D8F0006B6579203C6B65793E3A205072697661A0
:10D900007465206B657920696E20626173653634B9
:10D9100020666F726D61740053686F7720696E6660
:10D920006F726D6174696F6E2061626F75742074BF
:10D930006865205769726567756172642056504E3C
:10D9400020636F6E6E656374696F6E732E20546F03
:10D95000206765742064657461696C656420696E14
:10D96000666F726D6174696F6E2061626F7574208D
:10D970006120737065636966696320636F6E6E65AD
:10D980006374696F6E2C2075736520746865202739
:10D9900073686F77203C69643E2720636F6D6D610B
:10D9A0006E64005B3C69643E5D0053656E6420619B
:10D9B000206B656570616C697665206D6573736158
:10D9C000676520746F20706565720044656C6574CE
:10D9D00065206120706565722E20416E7920657822
:10D9E000697374696E6720636F6E6E656374696FC7
:10D9F0006E206973207465726D696E617465640070
:10DA00005B2D692C202D2D6964203C706565722D7D
:10DA100069643E5D00416464206120706565722028
:10DA2000696E206F7264657220746F206573746113
:10DA3000626C69736820612056504E20636F6E6E71
:10DA4000656374696F6E002D6B2C202D2D707562CF
:10DA50006C69632D6B6579203C6B65793E0A2D6599
:10DA60002C202D2D656E64706F696E74203C69707A
:10DA7000206164647265737320616E6420706F72DC
:10DA8000743E0A5B2D612C202D2D616C6C6F7765C7
:10DA9000642D697073203C6970616464722F6D61DC
:10DAA000736B2D6C656E3E5D0A5B2D742C202D2DE5
:10DAB0006B656570616C697665203C7365636F6E3C
:10DAC00064733E5D0A5B3C7065657220656E6470D0
:10DAD0006F696E7420495076342F36206164647209
:10DAE0006573733E3A3C706F72743E5D0A506565B3
:10DAF00072207075626C69632F70726976617465EB
:10DB0000206B6579206D75737420626520696E20C5
:10DB100062617365363420666F726D61742E0A41DE
:10DB20006C6C6F77656420495076342F36206164C1
:10DB3000647265737365732063616E206265207320
:10DB400070656369666965642077697468206F70C1
:10DB500074696F6E616C206D61736B206C656E67AC
:10DB60007468202864656661756C742033322066A1
:10DB70006F72204950763420616E64203132382033
:10DB8000666F722049507636292E20536570617277
:10DB9000617465206D756C7469706C652061646476
:10DBA00072657373657320627920636F6D6D612098
:10DBB0006F722073706163650A5065657220656ECF
:10DBC00064706F696E742069732073706563696631
:10DBD00069656420696E2074686520666F726D6186
:10DBE000740A3C4950763420616464726573733EF4
:10DBF0003A3C706F72743E206F72205B3C495076E5
:10DC00003620616464726573733E5D3A3C706F7276
:10DC1000743E0A4B656570616C6976652074696D48
:10DC2000652069732073706563696669656420693E
:10DC30006E207365636F6E64732E20496620736572
:10DC40007420746F2030202864656661756C7429B7
:10DC50002C206E6F206B656570616C697665206D38
:10DC600065737361676573206172652073656E7497
:10DC70002E0A4578616D706C65733A0A6E65742082
:10DC8000776720616464202D6B20626D39304948CC
:10DC90004E6C64413D3D202D61203139382E3531A7
:10DCA0002E3130302E312F32342C323030313A6434
:10DCB00062383A3130303A3A312F3634202D6520EF
:10DCC0005B323030313A6462383A3A325D3A35315B
:10DCD000383230202D742036300A6E657420776714
:10DCE00020616464202D6B205A47563249473531F4
:10DCF0006247773D202D61203139382E35312E3164
:10DD000030302E312F3234202D65203139322E30F3
:10DD10002E322E323A3531383230004E6F2070724A
:10DD20006F746F636F6C2073657420666F72207000
:10DD30006B742025700006FFFFFFFFFFFF006E657C
:10DD4000745F65746865726E6574004761746577A9
:10DD50006179206E6F742073657420666F7220691C
:10DD6000666163652025642C20636F756C64206E8A
:10DD70006F742073656E6420415250207265717516
:10DD800065737420666F7220257300415250006ED7
:10DD900065745F617270006E65745F65746865724A
:10DDA0006E65745F7374617473006E65745F636F26
:10DDB0007265004D756C746963617374206164648D
:10DDC00072657373202570206973206672656564BF
:10DDD00020616C7265616479004E6F2064656661D4
:10DDE000756C7420696E7465726661636520666F18
:10DDF000756E64210043616E6E6F742066696E6497
:10DE0000202573206164647265737320696E2069D4
:10DE10006E7465726661636520257000496E746575
:10DE20007266616365202570206661696C65642097
:10DE3000746F2073656E642044414420717565726F
:10DE40007920666F722025730043616E6E6F7420B7
:10DE50006A6F696E20616C6C206E6F6465732061FF
:10DE600064647265737320257320666F7220256465
:10DE700020282564290043616E6E6F74206A6F69E3
:10DE80006E20736F6C69636974206E6F64652061C6
:10DE900064647265737320257320666F7220256435
:10DEA00020282564290043616E6E6F7420646F2002
:10DEB000444144204950763620636F6E666967207E
:10DEC0006973206E6F742076616C69642E0049500E
:10DED0007636204949442067656E65726174696FC2
:10DEE0006E20697373756520282564290043616E6F
:10DEF0006E6F7420616464202573206164647265B0
:10DF0000737320746F20696E746572666163652037
:10DF100025702C20444144206661696C7300466181
:10DF2000696C656420746F20757064617465206F1E
:10DF300070657220737461746520746F20256400AD
:10DF400043616E6E6F74206A6F696E206D636173DA
:10DF500074206164647265737320257320666F7228
:10DF6000202564202825642900536B69707065643E
:10DF7000202564206D657373616765730069666150
:10DF8000636520256420706B742025702073656E96
:10DF900064206661696C7572652073746174757351
:10DFA000202564003C696E76616C69643E004966B8
:10DFB0006163652025702064726976657220415026
:10DFC0004920696E6974204E554C4C00776C616E27
:10DFD0002564006574682564006E657425640043DB
:10DFE000616E6E6F74207365742064656661756C14
:10DFF00074206E616D6520666F7220696E74657243
:10E000006661636520256420282570292028256401
:10E0100029005468657265206973206E6F206E65F3
:10E0200074776F726B20696E7465726661636520C8
:10E03000746F20776F726B20776974682100596F55
:10E0400075206861766520257A75204950763620DE
:10E050006E65745F6966206164647265737365736D
:10E0600020627574202564206E6574776F726B2052
:10E07000696E746572666163657300436F6E736980
:10E0800064657220696E6372656173696E672043AF
:10E090004F4E4649475F4E45545F49465F4D415894
:10E0A0005F495056365F434F554E542076616C752C
:10E0B000652E00596F75206861766520257A752078
:10E0C00049507634206E65745F69662061646472BD
:10E0D000657373657320627574202564206E6574A2
:10E0E000776F726B20696E74657266616365730029
:10E0F000436F6E736964657220696E6372656173E4
:10E10000696E6720434F4E4649475F4E45545F490D
:10E11000465F4D41585F495056345F434F554E540A
:10E120002076616C75652E004E4F54505245534514
:10E130004E54004C4F5745524C41594552444F574D
:10E140004E0054455354494E4700444F524D414EA2
:10E1500054006E65745F6966004E45545F4F4B0016
:10E160004E45545F434F4E54494E5545004E45541D
:10E170005F44524F500049434D507634005544504F
:10E180000049434D5076360043414E5F524157009F
:10E19000554E4B5F50524F544F0041465F494E45DC
:10E1A000540041465F494E455436006E65745F75B4
:10E1B00074696C73004576656E74203078256C6CDC
:10E1C0007820696E666F206C656E67746820257AAA
:10E1D00075203E206D61782073697A6520257A75F7
:10E1E000004661696C75726520746F207075736884
:10E1F000206576656E7420283078256C6C78292C23
:10E200002074727920696E6372656173696E67202C
:10E210007468652027434F4E4649475F4E45545F1B
:10E220004D474D545F4556454E545F5155455545F4
:10E230005F53495A4527206F722027434F4E464966
:10E24000475F4E45545F4D474D545F4556454E54CC
:10E250005F51554555455F54494D454F555427200D
:10E260006F7074696F6E732E006E65745F6D676D8D
:10E270007400506F727420256420697320696E20C9
:10E28000757365210043616E6E6F742062696E6400
:10E2900020746F2025730044524F503A20737263EC
:10E2A000206164647220697320756E7370656369A0
:10E2B00066696564004661696C656420746F2061FD
:10E2C0006C6C6F63617465206E65745F706B740055
:10E2D000417661696C61626C65207061796C6F6117
:10E2E00064206275666665722028257A7529206922
:10E2F00073206E6F7420656E6F75676820666F722D
:10E300002072657175657374656420444752414D90
:10E310002028257A7529004164647265737320662C
:10E32000616D696C7920256420646F6573206E6F60
:10E3300074206D61746368206E6574776F726B20F2
:10E34000636F6E746578742066616D696C792025E1
:10E350006400434F4E4E454354494E4700434F4E91
:10E360004E4543544544004C495354454E494E474D
:10E37000006E65745F6374780052657175657374BF
:10E38000656420746F6F206C6172676520667261CE
:10E39000676D656E742E20496E63726561736520CA
:10E3A000434F4E4649475F4E45545F4255465F4492
:10E3B0004154415F53495A452E00446174612062C3
:10E3C00075666665722028257A642920616C6C6FF9
:10E3D000636174696F6E206661696C65642E0044C8
:10E3E000617461206275666665722028257A7529D8
:10E3F00020616C6C6F636174696F6E206661696C1B
:10E4000065642E00556E636F6E746967756F757302
:10E4100020646174612063616E6E6F742062652098
:10E420006C696E656172697A65640043616E6E6FD6
:10E4300074206372656174652054432068616E6462
:10E440006C6572207468726561642025640074785C
:10E450005F715B25645D0072785F715B25645D00B0
:10E460006E65745F7463005072696F7269747920AD
:10E47000256420697320746F6F206C617267652C4E
:10E48000206D6178696D756D20616C6C6F77656466
:10E490002069732025640057726F6E672061646481
:10E4A000726573732066616D696C79006E65745F67
:10E4B00069636D70004C6F63616C206164647265A8
:10E4C00073732066616D696C79206E6F742073655B
:10E4D000740052656D6F7465206164647265737356
:10E4E0002066616D696C79206E6F742073657400AD
:10E4F0004964656E746963616C20636F6E6E6563F9
:10E5000074696F6E2068616E646C6572202570207E
:10E51000616C726561647920666F756E642E004E61
:10E520006F7420656E6F75676820636F6E6E6563CC
:10E5300074696F6E20636F6E74657874732E2043F8
:10E540006F6E736964657220696E63726561736969
:10E550006E6720434F4E4649475F4E45545F4D41DD
:10E56000585F434F4E4E2E004164647265737320B2
:10E5700066616D696C69657320646966666572655C
:10E580006E74006E65745F636F6E6E0043616E6ED5
:10E590006F742072656769737465722025732068D3
:10E5A000616E646C65722028256429006E65745F55
:10E5B00069636D707634006E65745F6970763400DF
:10E5C000313238006E65745F69636D707636006E47
:10E5D00065745F6E6272005041444E206F766572C2
:10E5E00072756E7320706879736963616C206275EF
:10E5F0006666657200496E76616C6964206C696E4E
:10E600006B206C617965722061646472657373203C
:10E610006C656E67746820257A752C206578706546
:10E620006374696E672038006E65745F6970763652
:10E6300000444144206661696C65642C206E6F2043
:10E640006C6C204950763620616464726573732166
:10E650000044524F503A204E554C4C204E412068B9
:10E6600065616465720044524F503A20436F727284
:10E670007570746564204E41206D657373616765C4
:10E6800000756E6B6E6F776E00436F756C64206EF5
:10E690006F742061646420726F75746572206E659A
:10E6A000696768626F72202573205B25735D004483
:10E6B000524F503A204E554C4C20524120686561D3
:10E6C0006465720044524F503A20556E73757070F5
:10E6D0006F72746564204D54552025752C206D692A
:10E6E0006E2069732025752C206D61782069732058
:10E6F00025750044524F503A20496E76616C69642A
:10E70000202573206C656E677468202825642900B5
:10E71000707265666978206F707400507265666902
:10E72000782025732F256420636F756C64206E6FCD
:10E730007420626520616464656420746F2069667A
:10E740006163652025702F256400726F75746520E4
:10E75000696E666F206F7074004572726F722072FE
:10E76000656164696E67207072656669782C202522
:10E77000640044524F503A204E554C4C204E53208A
:10E780006865616465720044524F503A2066616961
:10E790006C656420746F2072656164204C4C414F3D
:10E7A0000044524F503A20436F7272757074656422
:10E7B000204E53206D6573736167650031333500FA
:10E7C0003133360031333400696E636F6D706C65C0
:10E7D000746500726561636861626C650073746181
:10E7E0006C650064656C61790070726F6265006EC3
:10E7F00065745F697076365F6E6400313330006334
:10E800006F756C64206E6F7420676574206E656927
:10E810006768626F7220646174612066726F6D2038
:10E820006E65787420686F70004E65696768626F06
:10E830007220726F75746520616C6C6F6320666105
:10E84000696C656421004E6F206E657874686F7026
:10E8500020726F75746520617661696C61626C65A8
:10E860002100537263206C6C20616E6420447374C9
:10E87000206C6C206172652073616D65006E65743B
:10E880005F726F757465006E65745F73656E645F4B
:10E8900064617461282900496E73756666696369ED
:10E8A000656E74207061636B6574206C656E3D25C8
:10E8B0007A642028706F732B6C656E3D257A7529FC
:10E8C00000556E6B6E6F776E206164647265737352
:10E8D0002066616D696C793A2025687500746F74E3
:10E8E000616C3D257A752C20756E61636B65645F84
:10E8F0006C656E3D25640043616E6E6F7420616CC3
:10E900006C6F6361746520736C6162005B25705D80
:10E91000207061636B657420616C6C6F63617469F6
:10E920006F6E206661696C65642C206C656E3D2598
:10E93000640054435020657863657074696F6E207D
:10E9400077697468206E6F206461746120666F72ED
:10E950002072657472616E736D697373696F6E0096
:10E96000544350206661696C656420746F20616C4B
:10E970006C6F636174652062756666657220696E8E
:10E980002072657472616E736D697373696F6E0066
:10E99000636F6E746578742D3E746370203D3D2006
:10E9A0004E554C4C006E65745F636F6E7465787481
:10E9B0005F67657428293A202564006E65745F637B
:10E9C0006F6E6E5F726567697374657228293A208D
:10E9D00025640043616E6E6F7420616C6C6F6361BF
:10E9E00074652061206E65772054435020636F6EFC
:10E9F0006E656374696F6E00496E76616C69642040
:10EA0000706172616D6574657273004661696C65F1
:10EA10006420746F206765742054435020686561DA
:10EA200064657200496C6C6567616C206F70746915
:10EA30006F6E2025642077697468206C656E67743A
:10EA40006820257A6400496E76616C6964205443BD
:10EA500050206F7074696F6E73005B25705D204984
:10EA60006E76616C6964206C656E5F61636B656472
:10EA70003D25752028746F74616C3D257A752900D9
:10EA8000496E636F7272656374206F726465722081
:10EA9000696E206F7574206F66206F7264657220D6
:10EAA00073657175656E636520666F7220636F6E46
:10EAB0006E202570005B25705D206E657720627981
:10EAC00074657320257520647572696E6720434CE8
:10EAD0004F53494E472073746174652073656E64AB
:10EAE000696E67207265736574005B25705D206ECA
:10EAF0006577206279746573202575206475726965
:10EB00006E672054494D452D574149542073746117
:10EB100074652073656E64696E67207265736574D1
:10EB2000007463705F776F726B005443505F554E93
:10EB300055534544005443505F434C4F53454400A4
:10EB40005443505F4C495354454E005443505F5317
:10EB5000594E5F53454E54005443505F53594E5FD6
:10EB60005245434549564544005443505F4553542C
:10EB700041424C4953484544005443505F46494E36
:10EB80005F574149545F31005443505F46494E5FDF
:10EB9000574149545F32005443505F434C4F5345F3
:10EBA0005F57414954005443505F434C4F53494EC3
:10EBB00047005443505F4C4153545F41434B005412
:10EBC00043505F54494D455F57414954006E657449
:10EBD0005F746370006E65745F75647000496E7475
:10EBE000657266616365202564202825702920638D
:10EBF0006F6D696E672075700049507636206164CC
:10EC000064726573733A202573004C696665746994
:10EC10006D653A202573207365636F6E64730057CA
:10EC2000616974696E6720696E7465726661636597
:10EC3000202564202825702920746F2062652075A6
:10EC4000702E2E2E003139322E302E322E310049C8
:10EC50006E76616C696420616464726573733A20D6
:10EC60002573004950763420616464726573733A89
:10EC7000202573003235352E3235352E3235352E7E
:10EC800030003139322E302E322E3200496E76610C
:10EC90006C696420676174657761793A2025730037
:10ECA000323030313A6462383A3A310043616E6E44
:10ECB0006F742061646420257320746F20696E7402
:10ECC0006572666163650054696D656F7574207760
:10ECD00068696C652077616974696E67206E657418
:10ECE000776F726B202573004E6F20696E746572AA
:10ECF0006661636520666F7220646576696365206E
:10ED000025702C207573696E672064656661756C6B
:10ED100074004E6F206175746F2D73746172746529
:10ED200064206E6574776F726B20696E74657266AD
:10ED3000616365202D206E6574776F726B2D626F35
:10ED4000756E642061707020696E697469616C69A8
:10ED50007A6174696F6E20736B69707065642E00E0
:10ED60004E6574776F726B20696E697469616C6946
:10ED70007A6174696F6E206661696C65642028250C
:10ED80006429006E65745F636F6E666967007072F8
:10ED90006F78792D636F6E6E656374696F6E006353
:10EDA0006F6E74656E742D00636F6E74656E742D76
:10EDB0006C656E67746800636F6E74656E742D7237
:10EDC000616E6765007472616E736665722D656E43
:10EDD000636F64696E670075706772616465006374
:10EDE00068756E6B6564006B6565702D616C697626
:10EDF00065004850455F4F4B0073756363657373DF
:10EE0000004850455F43425F6D6573736167655F9E
:10EE1000626567696E00746865206F6E5F6D65730B
:10EE2000736167655F626567696E2063616C6C62C0
:10EE300061636B206661696C6564004850455F439F
:10EE4000425F75726C00746865206F6E5F75726CDE
:10EE50002063616C6C6261636B206661696C6564E0
:10EE6000004850455F43425F6865616465725F6654
:10EE700069656C6400746865206F6E5F68656164C5
:10EE800065725F6669656C642063616C6C62616366
:10EE90006B206661696C6564004850455F43425F62
:10EEA0006865616465725F76616C7565007468653C
:10EEB000206F6E5F6865616465725F76616C756511
:10EEC0002063616C6C6261636B206661696C656470
:10EED000004850455F43425F686561646572735FD7
:10EEE000636F6D706C65746500746865206F6E5F2C
:10EEF000686561646572735F636F6D706C6574657E
:10EF00002063616C6C6261636B206661696C65642F
:10EF1000004850455F43425F626F647900746865E2
:10EF2000206F6E5F626F64792063616C6C626163F5
:10EF30006B206661696C6564004850455F43425FC1
:10EF40006D6573736167655F636F6D706C65746524
:10EF500000746865206F6E5F6D6573736167655FD0
:10EF6000636F6D706C6574652063616C6C62616366
:10EF70006B206661696C6564004850455F43425F81
:10EF800073746174757300746865206F6E5F737459
:10EF9000617475732063616C6C6261636B20666180
:10EFA000696C6564004850455F43425F6368756EF5
:10EFB0006B5F68656164657200746865206F6E5F81
:10EFC0006368756E6B5F6865616465722063616C10
:10EFD0006C6261636B206661696C656400485045D2
:10EFE0005F43425F6368756E6B5F636F6D706C65E6
:10EFF000746500746865206F6E5F6368756E6B5F23
:10F00000636F6D706C6574652063616C6C626163C5
:10F010006B206661696C6564004850455F494E56D7
:10F02000414C49445F454F465F535441544500733A
:10F03000747265616D20656E646564206174206121
:10F040006E20756E65787065637465642074696D93
:10F0500065004850455F4845414445525F4F56451D
:10F0600052464C4F5700746F6F206D616E79206867
:10F070006561646572206279746573207365656E7D
:10F080003B206F766572666C6F772064657465638C
:10F09000746564004850455F434C4F5345445F439B
:10F0A0004F4E4E454354494F4E0064617461207287
:10F0B0006563656976656420616674657220636F57
:10F0C0006D706C6574656420636F6E6E65637469E2
:10F0D0006F6E3A20636C6F7365206D657373616743
:10F0E00065004850455F494E56414C49445F56457E
:10F0F0005253494F4E00696E76616C6964204854E2
:10F1000054502076657273696F6E004850455F49B0
:10F110004E56414C49445F53544154555300696E17
:10F1200076616C696420485454502073746174751E
:10F130007320636F6465004850455F494E56414CEB
:10F1400049445F4D4554484F4400696E76616C698F
:10F15000642048545450206D6574686F64004850B2
:10F16000455F494E56414C49445F55524C00696ECB
:10F1700076616C69642055524C004850455F494E99
:10F1800056414C49445F484F535400696E76616C58
:10F19000696420686F7374004850455F494E56415A
:10F1A0004C49445F504F525400696E76616C6964FB
:10F1B00020706F7274004850455F494E56414C496B
:10F1C000445F5041544800696E76616C69642070F8
:10F1D000617468004850455F494E56414C49445F50
:10F1E00051554552595F535452494E4700696E7606
:10F1F000616C696420717565727920737472696ECF
:10F2000067004850455F494E56414C49445F46525D
:10F2100041474D454E5400696E76616C69642066C5
:10F220007261676D656E74004850455F4C465F457E
:10F2300058504543544544004C4620636861726110
:10F240006374657220657870656374656400485006
:10F25000455F494E56414C49445F484541444552FB
:10F260005F544F4B454E00696E76616C6964206354
:10F27000686172616374657220696E20686561649B
:10F280006572004850455F494E56414C49445F43C2
:10F290004F4E54454E545F4C454E47544800696E9E
:10F2A00076616C6964206368617261637465722061
:10F2B000696E20636F6E74656E742D6C656E677415
:10F2C0006820686561646572004850455F554E4529
:10F2D000585045435445445F434F4E54454E545F48
:10F2E0004C454E47544800756E657870656374658B
:10F2F0006420636F6E74656E742D6C656E677468E0
:10F3000020686561646572004850455F494E56410A
:10F310004C49445F434F4E54454E545F52414E4713
:10F320004500696E76616C6964206368617261632F
:10F3300074657220696E20636F6E74656E742D72D1
:10F34000616E676520686561646572004850455F5D
:10F35000554E45585045435445445F434F4E5445E0
:10F360004E545F52414E474500756E657870656337
:10F3700074656420636F6E74656E742D72616E6760
:10F380006520686561646572004850455F494E5666
:10F39000414C49445F4348554E4B5F53495A4500E1
:10F3A000696E76616C69642063686172616374651B
:10F3B0007220696E206368756E6B2073697A6520B0
:10F3C000686561646572004850455F494E56414C1E
:10F3D00049445F434F4E5354414E5400696E766129
:10F3E0006C696420636F6E7374616E7420737472E1
:10F3F000696E67004850455F494E56414C49445F2D
:10F40000494E5445524E414C5F535441544500655A
:10F410006E636F756E746572656420756E65787065
:10F42000656374656420696E7465726E616C2073C7
:10F4300074617465004850455F5354524943540009
:10F44000737472696374206D6F6465206173736592
:10F450007274696F6E206661696C6564004850451E
:10F460005F50415553454400706172736572206965
:10F470007320706175736564004850455F554E4B4D
:10F480004E4F574E00616E20756E6B6E6F776E201B
:10F490006572726F72206F63637572726564004487
:10F4A000454C4554450047455400484541440050AB
:10F4B0004F535400505554004F5054494F4E530031
:10F4C000545241434500434F5059004D4B434F4C1C
:10F4D000004D4F56450050524F5046494E44005043
:10F4E000524F50504154434800554E4C4F434B00EF
:10F4F000524542494E4400554E42494E4400414314
:10F500004C005245504F5254004D4B4143544956C4
:10F5100049545900434845434B4F5554004D4552BB
:10F520004745004D2D534541524348004E4F5449E5
:10F53000465900554E535542534352494245005097
:10F5400055524745004D4B43414C454E44415200B6
:10F55000554E4C494E4B006E65745F687474705F15
:10F56000636C69656E74006576656E7466642066AA
:10F5700061696C6564202825642900736F636B657D
:10F58000743A20256400736574736F636B6F7074D5
:10F590003A202564006C6F63616C686F737400625D
:10F5A000696E643A20256400676574736F636B6EDF
:10F5B000616D653A202564006C697374656E3A204C
:10F5C000256400416C6C20736572766963657320F5
:10F5D0006661696C65642028256429004661696C50
:10F5E000656420746F20696E697469616C697A65FD
:10F5F00020485454503220736572766572004E650F
:10F6000074776F726B20697320646F776E004C693A
:10F610007374656E696E6720736F636B65742065C4
:10F6200072726F722C2061626F7274696E672E2025
:10F630002825642900505249202A20485454502F2C
:10F64000322E300D0A0D0A534D0D0A0D0A00485492
:10F65000545020726571756573742068616E646CB6
:10F66000696E67206572726F7220282564290052C6
:10F67000582062756666657220746F6F20736D61C5
:10F680006C6C20746F2068616E646C6520726571AB
:10F69000756573740052652D7374617274696E6759
:10F6A000207365727665722028256429003F230047
:10F6B000687474705F7365727665725F74696400F4
:10F6C00073766700696D6167652F7376672B786D58
:10F6D0006C00696D6167652F706E67006A70670006
:10F6E000696D6167652F6A70656700746578742F4E
:10F6F000637373006E65745F687474705F736572B2
:10F700007665720055706772616465005365632D9C
:10F71000576562536F636B65742D4B657900683272
:10F720006300485454502F312E3120256425732511
:10F73000730D0A00485454502F312E312025642572
:10F740007325730D0A5472616E736665722D456E72
:10F75000636F64696E673A206368756E6B65640DEC
:10F760000A00416C72656164792073656E7420686B
:10F770006561646572732C2064726F7070696E6766
:10F78000206E6577206865616465727320616E64C0
:10F790002F6F7220726573706F6E736520636F6474
:10F7A00065005472616E736665722D456E636F6499
:10F7B000696E6700436F6E74656E742D5479706561
:10F7C00000436F6E74656E742D547970653A202510
:10F7D000730D0A00257A780D0A0025732F696E646F
:10F7E00065782E68746D6C0066735F737461742045
:10F7F00025733A2025640066735F6F70656E20255F
:10F80000733A20256400485454502F312E31203251
:10F810003030204F4B0D0A436F6E74656E742D4C63
:10F82000656E6774683A20257A640D0A436F6E74BA
:10F83000656E742D547970653A2025732573257390
:10F840000D0A0D0A0046696C6573797374656D2045
:10F8500072656164206572726F72202825642900C8
:10F86000485454502F312070617273657220657254
:10F87000726F722C20746F6F206D756368206461E5
:10F88000746120636F6E73756D65640048545450E5
:10F890002F312070617273696E67206572726F72AA
:10F8A0002C202564006832630D0A00436F6E746576
:10F8B0006E742D547970653A2000485454502F319D
:10F8C0002E3120323030204F4B0D0A257325730D19
:10F8D0000A436F6E74656E742D4C656E6774683A7A
:10F8E0002025640D0A436F6E74656E742D456E633A
:10F8F0006F64696E673A2025730D0A0D0A0048543B
:10F9000054502F312E3120323030204F4B0D0A25EC
:10F910007325730D0A436F6E74656E742D4C656E9E
:10F920006774683A2025640D0A0D0A004854545043
:10F930002F312E3120323030204F4B0D0A257325C8
:10F94000730D0A0D0A00485454502F312E312035C2
:10F95000303020496E7465726E616C20536572762A
:10F960006572204572726F720D0A436F6E74656E18
:10F97000742D547970653A20746578742F706C61B9
:10F98000696E0D0A436F6E74656E742D4C656E67FB
:10F9900074683A2025640D0A0D0A496E7465726E0A
:10F9A000616C20536572766572204572726F7225A4
:10F9B0007325730D0A003A73746174757300636F75
:10F9C0006E74656E742D656E636F64696E67006337
:10F9D0006F6E74656E742D7479706500496E746510
:10F9E000726E616C20536572766572204572726F1B
:10F9F000722573257300436F6E74696E7561746947
:10FA00006F6E206672616D652065787065637465E0
:10FA10006400496E636F6D706C6574652068656124
:10FA2000646572206669656C640050726F746F6300
:10FA30006F6C206572726F722C206672616D65202A
:10FA40006C656E67746820657863656564656400DD
:10FA50003A6D6574686F64003A70617468003A6169
:10FA60007574686F72697479003A736368656D655F
:10FA700000687474707300323030003230340032F9
:10FA80003036003330340034303000343034003518
:10FA90003030006163636570742D636861727365F3
:10FAA00074006163636570742D656E636F64696E65
:10FAB0006700677A69702C206465666C6174650004
:10FAC0006163636570742D6C616E67756167650055
:10FAD0006163636570742D72616E67657300616345
:10FAE00063657074006163636573732D636F6E7417
:10FAF000726F6C2D616C6C6F772D6F726967696EB8
:10FB000000616C6C6F770063616368652D636F6E75
:10FB100074726F6C00636F6E74656E742D646973BC
:10FB2000706F736974696F6E00636F6E74656E7465
:10FB30002D6C616E677561676500636F6E74656ECD
:10FB4000742D6C6F636174696F6E0065746167001A
:10FB500065787065637400657870697265730066B6
:10FB6000726F6D0069662D6D617463680069662D42
:10FB70006D6F6469666965642D73696E636500699C
:10FB8000662D6E6F6E652D6D617463680069662DFC
:10FB900072616E67650069662D756E6D6F6469666A
:10FBA0006965642D73696E6365006C6173742D6D96
:10FBB0006F646966696564006D61782D666F727740
:10FBC000617264730070726F78792D617574686505
:10FBD0006E7469636174650070726F78792D6175F8
:10FBE00074686F72697A6174696F6E0072656665B8
:10FBF0007265720072656672657368007265747210
:10FC0000792D6166746572007365742D636F6F6B17
:10FC10006965007374726963742D7472616E7370B8
:10FC20006F72742D7365637572697479007573658D
:10FC3000722D6167656E7400766172790076696114
:10FC4000007777772D61757468656E746963617488
:10FC500065004E6F2073796D626F6C20666F756EF4
:10FC60006400656F732072656163686564207072FB
:10FC7000656D61747572656C7900496E76616C6949
:10FC8000642073796D626F6C207573656420666F94
:10FC9000722070616464696E67004E6F7420656ED7
:10FCA0006F7567682062756666657220746F206480
:10FCB00065636F646520737472696E6700323538EE
:10FCC00045414641352D453931342D343744412D98
:10FCD000393543412D433541423044433835423173
:10FCE00031005A6570687972000D0A557365722D7E
:10FCF0004167656E743A2025730D0A0D0A006E6522
:10FD0000745F776562736F636B657400636F6E6EAB
:10FD10005F6D67725F6D6F6E69746F7200636F6E97
:10FD20006E5F6D6772006966616365206175746FEF
:10FD30002D636F6E6E656374206661696C65643AED
:10FD400020256400696E76616C6964006E65745F7D
:10FD500069665F7570002573206661696C65642053
:10FD6000666F7220696661636520256420282570AE
:10FD7000292E204572726F723A2025640046617404
:10FD8000616C20636F6E6E65637469766974792047
:10FD90006572726F72206F6E2069666163652025DF
:10FDA0006420282570292E20526561736F6E3A20D9
:10FDB00025642E00556E6B6E6F776E2066617461E0
:10FDC0006C20636F6E6E6563746976697479206503
:10FDD00072726F72206F6E206966616365202564A0
:10FDE00020282570292E00436F6E6E656374697636
:10FDF00069747920696D706C656D656E7461746984
:10FE00006F6E20686173204E554C4C204150492C38
:10FE100020616E642077696C6C2062652074726565
:10FE200061746564206173206E6F6E2D65786973EF
:10FE300074656E742E006E65745F69665F646F77BB
:10FE40006E00636F6E6E5F6D67725F69665F636F92
:10FE50006E6E65637400636F6E6E5F6D67725F696F
:10FE6000665F646973636F6E6E65637400636F6E63
:10FE70006E5F6D67725F636F6E6E0053707572694F
:10FE80006F7573202573206576656E74006570202C
:10FE900030782530327820616C7265616479206534
:10FEA0006E61626C656400456E64706F696E74208B
:10FEB0003078253032782076616C69646174696FBE
:10FEC0006E206661696C656400657020307825304D
:10FED000327820616C726561647920646973616253
:10FEE0006C6564004661696C656420746F20616CA8
:10FEF0006C6F63617465206E65745F627566202542
:10FF00007A642C2065702030782530327800756452
:10FF10006300556E6B6E6F776E20706F7765722021
:10FF20006576656E74202564007564635F6E726625
:10FF300078004661696C656420746F20726567693A
:10FF40007374657220656E64706F696E740065709D
:10FF50002030782530327820717565756520697399
:10FF600020656D70747900657020307825303278A6
:10FF7000206F6B2C20717565756520697320656D28
:10FF8000707479004661696C656420746F206469DF
:10FF90007361626C6520636F6E74726F6C20656E46
:10FFA00064706F696E74004661696C656420746F7B
:10FFB0002073746F70204846584F20256400627586
:10FFC0006666657220746F6F20736D616C6C3A2089
:10FFD000723A2025752C206C3A20257500466169FF
:10FFE0006C656420746F20656E61626C6520636F60
:10FFF0006E74726F6C20656E64706F696E7400460B
:020000040006F4
:1000000061696C656420746F207374617274204838
:1000100046584F2025640075736264403430303296
:1000200037303030007A65706879725F756463309C
:10003000007564635F6E7266006E72665F757362F0
:10004000645F636F6D6D6F6E00636C6F636B4034E4
:1000500030303030303030006866636C6B006C6676
:10006000636C6B00636C6F636B5F636F6E74726F56
:100070006C0072616E646F6D4034303030643030CB
:100080003000726E67006770696F40353030303015
:10009000333030006770696F31006770696F4035C9
:1000A00030303030303030006770696F3000257389
:1000B0003A206E6F204C45447320666F756E642045
:1000C000284454206368696C64206E6F64657320F3
:1000D0006D697373696E67290043616E6E6F74207A
:1000E000636F6E666967757265204750494F2028B7
:1000F000657272202564290025733A204750494FC4
:1001000020646576696365206E6F74207265616432
:1001100079006C65645F6770696F0025733A2070C1
:10012000776D20646576696365206E6F74207265F3
:100130006164790070776D6C656473006C65645FF1
:1001400070776D004661696C656420746F20696E1C
:10015000697469616C697A65206465766963653A7A
:1001600020257300496E76616C6964206368616E56
:100170006E656C3A2025752E00496E636F6D706157
:100180007469626C6520706572696F642E005072CC
:10019000657363616C657220666F72207065726949
:1001A0006F645F6379636C6573202575206E6F746F
:1001B00020666F756E642E0070776D40343030317C
:1001C000633030300070776D300070776D5F6E7225
:1001D0006678004661696C656420746F20616C6CA0
:1001E0006F6361746520505049204368616E6E658D
:1001F0006C00756172744034303030323030300011
:10020000756172743000756172745F6E7266785FCA
:10021000756172746500544C532D45434448452D17
:1002200045434453412D574954482D4145532D31A1
:1002300032382D47434D2D53484132353600636CDB
:1002400069656E742066696E6973686564007365BC
:10025000727665722066696E6973686564006D61A7
:100260007374657220736563726574006B657920C1
:10027000657870616E73696F6E002B060105050766
:100280000301002B060105050703020048616C7499
:10029000696E672073797374656D00556E6B6E6F50
:1002A000776E206572726F72003E3E3E205A455056
:1002B00048595220464154414C204552524F5220F9
:1002C00025643A202573206F6E2043505520256405
:1002D000004661756C7420647572696E6720696E82
:1002E000746572727570742068616E646C696E6793
:1002F0000A0043757272656E742074687265616479
:100300003A20257020282573290043505520657810
:1003100063657074696F6E00556E68616E646C65BC
:100320006420696E746572727570740053746163D1
:100330006B206F766572666C6F77004B65726E65C9
:100340006C206F6F7073004B65726E656C2070610E
:100350006E69630069646C65006D61696E006F733E
:100360000064756D6D7900736C656570696E67000A
:10037000646561640061626F7274696E67007375B1
:100380007370656E64696E6700717565756564008C
:100390002A2A2A20426F6F74696E67205A65706836
:1003A0007972204F53206275696C642076342E3444
:1003B0002E32202A2A2A0A00737973776F726B71A2
:1003C00000550403002A8648CE3D0401006563649D
:1003D00073612D776974682D53484131004543445A
:1003E000534120776974682053484131002A864878
:1003F000CE3D0403020065636473612D7769746800
:100400002D534841323536004543445341207769E6
:1004100074682053484132353600616E79506F6CF4
:1004200069637900416E7920506F6C696379006966
:10043000642D6B702D7365727665724175746800FA
:10044000544C532057656220536572766572204183
:10045000757468656E7469636174696F6E00696450
:100460002D6B702D636C69656E74417574680054F2
:100470004C532057656220436C69656E742041754A
:100480007468656E7469636174696F6E002B060130
:1004900005050703030069642D6B702D636F6465A8
:1004A0005369676E696E6700436F646520536967BF
:1004B0006E696E67002B0601050507030400696479
:1004C0002D6B702D656D61696C50726F746563740E
:1004D000696F6E00452D6D61696C2050726F746597
:1004E0006374696F6E002B06010505070308006938
:1004F000642D6B702D74696D655374616D70696ED8
:10050000670054696D65205374616D70696E670092
:100510002B060105050703090069642D6B702D4F3B
:100520004353505369676E696E67004F43535020C1
:100530005369676E696E67002B0601040182E4252A
:10054000010069642D6B702D776973756E2D66617E
:100550006E2D6465766963650057692D53554E208D
:10056000416C6C69616E6365204669656C6420410D
:10057000726561204E6574776F726B202846414E1C
:100580002900551D130069642D63652D626173692F
:1005900063436F6E73747261696E7473004261734A
:1005A000696320436F6E73747261696E7473005572
:1005B0001D0F0069642D63652D6B65795573616747
:1005C0006500551D250069642D63652D6578744BA4
:1005D0006579557361676500457874656E64656417
:1005E000204B657920557361676500551D110069C1
:1005F000642D63652D7375626A656374416C744E16
:10060000616D65005375626A65637420416C742086
:100610004E616D65006086480186F84201010069FF
:10062000642D6E657473636170652D636572747497
:10063000797065004E6574736361706520436572FF
:100640007469666963617465205479706500551D2D
:10065000200069642D63652D636572746966696342
:10066000617465506F6C696369657300436572748A
:100670006966696361746520506F6C69636965734D
:1006800000551D0E0069642D63652D7375626A65E2
:1006900063744B65794964656E7469666965720057
:1006A0005375626A656374204B6579204964656E91
:1006B00074696669657200551D230069642D636560
:1006C0002D617574686F726974794B6579496465D9
:1006D0006E74696669657200417574686F726974D9
:1006E00079204B6579204964656E74696669657225
:1006F0000069642D61742D636F6D6D6F6E4E616D59
:100700006500436F6D6D6F6E204E616D6500434EE9
:10071000005504060069642D61742D636F756E7455
:1007200072794E616D6500436F756E747279005514
:1007300004070069642D61742D6C6F63616C6974CA
:1007400079004C6F63616C69747900550408006925
:10075000642D61742D7374617465005374617465E4
:100760000055040A0069642D61742D6F7267616E13
:10077000697A6174696F6E4E616D65004F72676171
:100780006E697A6174696F6E0055040B0069642D9F
:1007900061742D6F7267616E697A6174696F6E61E1
:1007A0006C556E69744E616D65004F726720556EB1
:1007B0006974004F55002A864886F70D010901002B
:1007C000656D61696C4164647265737300452D6D7C
:1007D00061696C206164647265737300550405007F
:1007E00069642D61742D73657269616C4E756D62FB
:1007F00065720053657269616C206E756D62657219
:10080000005504100069642D61742D706F7374615C
:100810006C4164647265737300506F7374616C2013
:1008200061646472657373005504110069642D611D
:10083000742D706F7374616C436F646500506F73D7
:1008400074616C20636F6465005504040069642D55
:1008500061742D7375724E616D65005375726E61B2
:100860006D6500534E0055042A0069642D61742D96
:10087000676976656E4E616D6500476976656E20C5
:100880006E616D6500474E0055042B0069642D6153
:10089000742D696E697469616C7300496E6974695D
:1008A000616C730055042C0069642D61742D6765BB
:1008B0006E65726174696F6E5175616C69666965A8
:1008C000720047656E65726174696F6E2071756143
:1008D0006C69666965720055040C0069642D617469
:1008E0002D7469746C65005469746C650055042E30
:1008F0000069642D61742D646E5175616C6966695F
:1009000065720044697374696E67756973686564BC
:10091000204E616D65207175616C69666965720054
:100920005504410069642D61742D70736575646FA1
:100930006E796D0050736575646F6E796D00099204
:10094000268993F22C6401010069642D75696400A5
:1009500055736572204964000992268993F22C64CC
:1009600001190069642D646F6D61696E436F6D706C
:100970006F6E656E7400446F6D61696E20636F6D9C
:10098000706F6E656E740044430055042D006964F9
:100990002D61742D756E697175654964656E746934
:1009A0006669657200556E69717565204964656E8A
:1009B000746966696572002B060105050708040065
:1009C0004F70617175650045434453410045435F75
:1009D0004448002A8648CE3D030107002A864886FF
:1009E000F70D010101002A8648CE3D0201002B814E
:1009F00004010C006E616E00286E756C6C29006C31
:100A000065645F68616E646C657200757074696DB1
:100A1000655F68616E646C6572006563686F5F68CE
:100A2000616E646C65720030770201010420E1BBE5
:100A300018206DBF157E907C71D49C347CE5AE434C
:100A4000797A210DFC5874331DDCA04D20A6A00A34
:100A500006082A8648CE3D030107A144034200044C
:100A60005C7A8F3403A464E2CAD67DD4EF915A3401
:100A7000D070C0378AEF01AFD7C0444026B4E0EF52
:100A80005B22E648A15AFB252E9451E985AC839957
:100A900078D3B6458F076B3A08C7C71FB72E4D7579
:100AA0003082021B308201C1A00302010202142322
:100AB000B8C6000A0421790350BBF486AEC006977D
:100AC000D995C5300A06082A8648CE3D040302306F
:100AD0004631163014060355040A0C0D5A65706829
:100AE000797270726F6A656374312C302A0603550F
:100AF00004030C235A657068797270726F6A6563BB
:100B0000742053616D706C6520446576656C6F7000
:100B10006D656E742043413020170D32343131320F
:100B2000373131353931305A180F323132343131B1
:100B300030333131353931305A30293116301406DD
:100B40000355040A0C0D5A657068797270726F6AE9
:100B5000656374310F300D06035504030C067A6586
:100B6000706879723059301306072A8648CE3D02E4
:100B70000106082A8648CE3D030107034200045CB3
:100B80007A8F3403A464E2CAD67DD4EF915A34D06C
:100B900070C0378AEF01AFD7C0444026B4E0EF5BA6
:100BA00022E648A15AFB252E9451E985AC83997819
:100BB000D3B6458F076B3A08C7C71FB72E4D75A32D
:100BC00081A73081A4301D0603551D0E04160414A0
:100BD000F389AB0C96E0938368196B235EC665902E
:100BE000FC775805301F0603551D23041830168066
:100BF00014D142F6A77F49262AEDA0EF2C6B1CE00A
:100C00005BBB167E5C300C0603551D130101FF040F
:100C1000023000300E0603551D0F0101FF040403CE
:100C200002078030130603551D25040C300A060800
:100C30002B06010505070301302F0603551D11047E
:100C4000283026820C7A65706879722E6C6F636129
:100C50006C8704C0000201871020010DB80000005D
:100C6000000000000000000001300A06082A864843
:100C7000CE3D04030203480030450221008C6B5135
:100C8000F37A7C96DF262A4AF2D411F28C701CEE9D
:100C9000A4996D78C5577D4DB46A85105A0220011C
:100CA000C4DEE95E08FB67B5C2B497DCD5159B834B
:100CB000F12FBF660A939410E454D79A1C1A137745
:100CC000735F6563686F5F68616E646C6572004630
:100CD0005320436F6E66696775726174696F6E0049
:100CE000555342442073616D706C65005A6570689D
:100CF00079722050726F6A656374004142434445C3
:100D0000464748494A4B4C4D4E4F5051525354550B
:100D1000565758595A6162636465666768696A6BB9
:100D20006C6D6E6F707172737475767778797A30D6
:100D30003132333435363738392B2F206D657373A4
:100D4000616765732064726F70706564202D2D2D4E
:100D50000D0A1B5B306D001B5B313B33316D2D2D5C
:100D60002D2000202D20002020001B5B366E00303F
:100D70003132333435363738394142434445460001
:100D80003030303035453030353330310053445217
:100D9000FFFFFFFFFFFF33330000000000000000F3
:100DA00000000000FFFFFFFFFFFFFFFFFFFFFFFF4F
:100DB000FFFFFFFFFFFFFFFFFFFFFFFFFFFFFFFF43
:100DC000FFFFFFFFFFFFFFFFFFFFFFFFFFFFFFFF33
:100DD000FFFFFFFF00010203040506070809FFFFEC
:100DE000FFFFFFFFFF0A0B0C0D0E0FFFFFFFFFFFC2
:100DF000FFFFFFFFFFFFFFFFFFFFFFFFFFFFFFFF03
:100E0000FFFFFFFFFF0A0B0C0D0E0FFFFFFFFFFFA1
:100E1000FFFFFFFFFFFFFFFFFFFFFFFFFFFFFFFFE2
:100E2000FFFFFFFF000000000000000000000000C6
:100E300000000000000000000000000000000000B2
:100E400000000000000000000000000000000000A2
:100E50000000000000000000000000000000000092
:100E60000000000000000000000000000000000082
:100E70000000000000000000000000000000000072
:100E80000000000000000000000000000000000062
:100E90000000000000000000000000000000000052
:100EA0000000000000000000000000000000000042
:100EB0000000000000000000000000000000000032
:100EC00000000000002100232425262700002A2BF3
:100ED000002D2E00303132333435363738390000AA
:100EE00000000000006162636465666768696A6BA0
:100EF0006C6D6E6F707172737475767778797A0035
:100F000000005E5F606162636465666768696A6B62
:100F10006C6D6E6F707172737475767778797A0014
:100F20007C007E00000000000000000000000000C7
:100F300000000000000000000000000000000000B1
:100F400000000000000000000000000000000000A1
:100F50000000000000000000000000000000000091
:100F60000000000000000000000000000000000081
:100F70000000000000000000000000000000000071
:100F80000000000000000000000000000000000061
:100F90000000000000000000000000000000000051
:100FA0000000000000120000F6FFFF7FFFFFFFFFC0
:100FB000FFFFFF7F000000000000000000000000B5
:100FC00000000000436F6E74656E742D4C656E6793
:100FD00074683A2031330D0A0D0A57726F6E67201C
:100FE0007570677261646500485454502F312E311A
:100FF00020343236205570677261646520726571E5
:1010000075697265640D0A557067726164653A208E
:1010100000300D0A0D0A00485454502F312E312053
:1010200034303920436F6E666C6963740D0A0D0AA3
:1010300000485454502F312E3120343035204D6526
:1010400074686F64204E6F7420416C6C6F776564B8
:101050000D0A436F6E74656E742D4C656E6774680F
:101060003A2031380D0A0D0A4D6574686F64204EC0
:101070006F7420416C6C6F77656400485454502F36
:10108000312E3120343034204E6F7420466F756E0F
:10109000640D0A436F6E74656E742D4C656E6774D3
:1010A000683A20390D0A0D0A4E6F7420466F756E2E
:1010B0006400485454502F312E31203130312053A8
:1010C0007769746368696E672050726F746F636FBD
:1010D0006C730D0A436F6E6E656374696F6E3A20B0
:1010E000557067726164650D0A5570677261646559
:1010F0003A206832630D0A0D0A0005300000000036
:1011000005310800000005321000000005611800DC
:101110000000056320000000056528000000056947
:1011200030000000056F380000000573400000002B
:1011300005744800000006205000000006255400F9
:101140000000062D58000000062E5C000000062F4F
:1011500060000000063364000000063468000000F0
:1011600006356C000000063670000000063774007B
:10117000000006387800000006397C000000063DBB
:1011800080000000064184000000065F8800000027
:1011900006628C0000000664900000000666940061
:1011A000000006679800000006689C000000066CBE
:1011B000A0000000066DA4000000066EA80000005C
:1011C0000670AC0000000672B00000000675B400A6
:1011D0000000073AB80000000742BA0000000743C9
:1011E000BC0000000744BE0000000745C00000002E
:1011F0000746C20000000747C40000000748C600B9
:1012000000000749C8000000074ACA000000074B59
:10121000CC000000074CCE000000074DD0000000BD
:10122000074ED2000000074FD40000000750D60040
:1012300000000751D80000000752DA0000000753F1
:10124000DC0000000754DE0000000755E00000004D
:101250000756E20000000757E40000000759E600C7
:101260000000076AE8000000076BEA000000077151
:10127000EC0000000776EE0000000777F0000000A9
:101280000778F20000000779F4000000077AF60002
:1012900000000826F8000000082AF9000000082CC9
:1012A000FA000000083BFB0000000858FC000000AA
:1012B000085AFD0000000A21FE0000000A22FE403C
:1012C00000000A28FE8000000A29FEC000000A3F34
:1012D000FF0000000B27FF4000000B2BFF60000009
:1012E0000B7CFF8000000C23FFA000000C3EFFB031
:1012F00000000D00FFC000000D24FFC800000D40DD
:10130000FFD000000D5BFFD800000D5DFFE0000086
:101310000D7EFFE800000E5EFFF000000E7DFFF482
:1013200000000F3CFFF800000F60FFFA00000F7B89
:10133000FFFC0000135CFFFE000013C3FFFE200053
:1013400013D0FFFE40001480FFFE60001482FFFEF9
:1013500070001483FFFE800014A2FFFE900014B8FA
:10136000FFFEA00014C2FFFEB00014E0FFFEC000AC
:1013700014E2FFFED0001599FFFEE00015A1FFFE6C
:10138000E80015A7FFFEF00015ACFFFEF80015B051
:10139000FFFF000015B1FFFF080015B3FFFF1000AD
:1013A00015D1FFFF180015D8FFFF200015D9FFFF4A
:1013B000280015E3FFFF300015E5FFFF380015E6B4
:1013C000FFFF40001681FFFF48001684FFFF4C001E
:1013D0001685FFFF50001686FFFF54001688FFFF9A
:1013E00058001692FFFF5C00169AFFFF6000169CE3
:1013F000FFFF640016A0FFFF680016A3FFFF6C004C
:1014000016A4FFFF700016A9FFFF740016AAFFFFC5
:10141000780016ADFFFF7C0016B2FFFF800016B506
:10142000FFFF840016B9FFFF880016BAFFFF8C008B
:1014300016BBFFFF900016BDFFFF940016BEFFFF16
:10144000980016C4FFFF9C0016C6FFFFA00016E41C
:10145000FFFFA40016E8FFFFA80016E9FFFFAC009D
:101460001701FFFFB0001787FFFFB2001789FFFFCA
:10147000B400178AFFFFB600178BFFFFB800178C68
:10148000FFFFBA00178DFFFFBC00178FFFFFBE00E4
:101490001793FFFFC0001795FFFFC2001796FFFFCD
:1014A000C4001797FFFFC6001798FFFFC800179BDF
:1014B000FFFFCA00179DFFFFCC00179EFFFFCE0065
:1014C00017A5FFFFD00017A6FFFFD20017A8FFFF48
:1014D000D40017AEFFFFD60017AFFFFFD80017B438
:1014E000FFFFDA0017B6FFFFDC0017B7FFFFDE00D3
:1014F00017BCFFFFE00017BFFFFFE20017C5FFFFAB
:10150000E40017E7FFFFE60017EFFFFFE800180908
:10151000FFFFEA00188EFFFFEB001890FFFFEC00C2
:101520001891FFFFED001894FFFFEE00189FFFFFDA
:10153000EF0018ABFFFFF00018CEFFFFF10018D747
:10154000FFFFF20018E1FFFFF30018ECFFFFF400CB
:1015500018EDFFFFF50019C7FFFFF60019CFFFFFD9
:10156000F68019EAFFFFF70019EBFFFFF7801AC0BA
:10157000FFFFF8001AC1FFFFF8401AC8FFFFF8800C
:101580001AC9FFFFF8C01ACAFFFFF9001ACDFFFF02
:10159000F9401AD2FFFFF9801AD5FFFFF9C01ADA15
:1015A000FFFFFA001ADBFFFFFA401AEEFFFFFA8096
:1015B0001AF0FFFFFAC01AF2FFFFFB001AF3FFFF59
:1015C000FB401AFFFFFFFB801BCBFFFFFBC01BCCC8
:1015D000FFFFFBE01BD3FFFFFC001BD4FFFFFC2041
:1015E0001BD6FFFFFC401BDDFFFFFC601BDEFFFF87
:1015F000FC801BDFFFFFFCA01BF1FFFFFCC01BF406
:10160000FFFFFCE01BF5FFFFFD001BF6FFFFFD20C9
:101610001BF7FFFFFD401BF8FFFFFD601BFAFFFFFC
:10162000FD801BFBFFFFFDA01BFCFFFFFDC01BFDA2
:10163000FFFFFDE01BFEFFFFFE001C02FFFFFE2080
:101640001C03FFFFFE301C04FFFFFE401C05FFFFD4
:10165000FE501C06FFFFFE601C07FFFFFE701C080B
:10166000FFFFFE801C0BFFFFFE901C0CFFFFFEA087
:101670001C0EFFFFFEB01C0FFFFFFEC01C10FFFF83
:10168000FED01C11FFFFFEE01C12FFFFFEF01C133A
:10169000FFFFFF001C14FFFFFF101C15FFFFFF20C2
:1016A0001C17FFFFFF301C18FFFFFF401C19FFFF36
:1016B000FF501C1AFFFFFF601C1BFFFFFF701C1C6C
:1016C000FFFFFF801C1DFFFFFF901C1EFFFFFFA000
:1016D0001C1FFFFFFFB01C7FFFFFFFC01CDCFFFFD4
:1016E000FFD01CF9FFFFFFE01E0AFFFFFFF01E0DF9
:1016F000FFFFFFF41E16FFFFFFF8485454502F3130
:101700002E312031303120537769746368696E67F8
:101710002050726F746F636F6C730D0A436F6E6E3F
:10172000656374696F6E3A20557067726164650D08
:101730000A557067726164653A20776562736F63FA
:101740006B65740D0A5365632D576562536F636B48
:1017500065742D4163636570743A200002040000D3
:101760000000000810200001020304050607002005
:1017700030303030303030303030303030300001C8
:10178000040100001A092040051440101414000040
:101790001C2030401C2000001C203040101414007D
:1017A000001C2030401C2000001C203040404040E5
:1017B00000004040808080800000908868481014BD
:1017C0001400001C2030401C2000001C2030400071
:1017D00000000000115601000000000000010000A0
:1017E00000000000000000000000000000000000F9
:1017F00000000000000000000000000000000000E9
:101800002415002038150020CB230020801500204F
:101810005015002000000000000000000000000043
:101820000000000000000000000000005C0000203C
:101830005C00002000000000010000006C0000209F
:101840006C0000200000000000000000000000000C
:101850000000000000000000000000000000000088
:101860000000000000000000000000000000000078
:101870000000000000000000FFFFFFFFFFFFFFFF70
:101880000200000003000000000000000000000053
:10189000000000000000000091CF0000D3DA00201B
:1018A00080000000000000000200000003000000B3
:1018B0000000000000000000000000000000000028
:1018C000F5CE000053DB0020000400000000000003
:1018D00008000000020000000000000000000000FE
:1018E0000000000091CA000000000000000000009D
:1018F00002000000020000000000000000000000E4
:1019000000000000EDC80000000000000000000022
:101910000A000000020000000000000000000000BB
:101920000000000071C9000000000000000000007D
:10193000020000000000000000000000FC61050043
:1019400001620500501D0020EC02000002000000B2
:101950000000000000000000FC61050011620500AD
:101960003C20002074030000FFFFFFFF0000000088
:1019700000000000FFFFFFFF00000000000000006B
:101980000000000000000000000000000000000057
:101990000000000000000000000000000000000047
:1019A0000000000000000000000000000000000037
:1019B0000000000000000000000000000000000027
:1019C0000000000000000000000000000000000017
:1019D0000000000000000000000000000000000007
:1019E00000000000000000000000000000000000F7
:1019F00000000000000000000000000000000000E7
:101A000000000000000000000000000000000000D6
:101A100000000000000000000000000000000000C6
:101A200000000000000000000000000000000000B6
:101A300000000000000000000000000000000000A6
:101A40000000000000000000000000000000000096
:101A50000000000000000000000000000000000086
:101A60000000000000000000000000000000000076
:101A70000000000000000000000000000000000066
:101A80000000000000000000000000000000000056
:101A90000000000000000000000000000000000046
:101AA0000000000000000000000000000000000036
:101AB0000000000000000000000000000000000026
:101AC0000000000000000000000000000000000016
:101AD0000000000000000000000000000000000006
:101AE00000000000000000000000000000000000F6
:101AF00000000000000000000000000000000000E6
:101B000000000000000000000000000000000000D5
:101B100000000000000000000000000000000000C5
:101B200000000000000000000000000000000000B5
:101B300000000000000000000000000000000000A5
:101B40000000000000000000000000000000000095
:101B50000000000000000000000000000000000085
:101B60000000000000000000000000000000000075
:101B70000000000000000000000000000000000065
:101B80000000000000000000000000000000000055
:101B90000000000000000000000000000000000045
:101BA0000000000000000000000000000000000035
:101BB0000000000000000000000000000000000025
:101BC0000000000000000000000000000000000015
:101BD0000000000000000000000000000000000005
:101BE00000000000000000000000000000000000F5
:101BF00000000000000000000000000000000000E5
:101C000000000000000000000000000000000000D4
:101C100000000000000000000000000000000000C4
:101C200000000000000000000000000000000000B4
:101C300000000000000000000000000000000000A4
:101C40000000000000000000000000000000000094
:101C50000000000000000000000000000000000084
:101C60000000000000000000000000000000000074
:101C70000000000000000000000000000000000064
:101C80000000000000000000000000000000000054
:101C90000000000000000000000000000000000044
:101CA0000000000000000000000000000000000034
:101CB0000000000000000000000000000000000024
:101CC0000000000000000000000000000000000014
:101CD0000000000000000000000000000000000004
:101CE00000000000000000000000000000000000F4
:101CF00000000000000000000000000000000000E4
:101D000000000000000000000000000000000000D3
:101D100000000000000000000000000000000000C3
:101D200000000000000000000000000000000000B3
:101D300000000000000000000000000000000000A3
:101D40000000000000000000000000000000000093
:101D50000000000000000000000000000000000083
:101D60000000000000000000000000000000000073
:101D70000000000000000000000000000000000063
:101D80000000000000000000000000000000000053
:101D90000000000000000000000000000000000043
:101DA0000000000000000000000000000000000033
:101DB0000000000000000000000000000000000023
:101DC0000000000000000000000000000000000013
:101DD0000000000000000000000000000000000003
:101DE00000000000000000000000000000000000F3
:101DF00000000000000000000000000000000000E3
:101E000000000000000000000000000000000000D2
:101E100000000000000000000000000000000000C2
:101E200000000000000000000000000000000000B2
:101E300000000000000000000000000000000000A2
:101E40000000000000000000000000000000000092
:101E50000000000000000000000000000000000082
:101E60000000000000000000000000000000000072
:101E70000000000000000000000000000000000062
:101E8000B0230020C0060020000000000000000079
:101E9000000000000000000000040100000000003D
:101EA000CF0C06002203000000000000000000002C
:101EB0000003030000000000000000000003000019
:101EC000000000000000000000020100000000000F
:101ED000E00C0600180300000000000000000000F5
:101EE0000001010000000000EC0C06001E030000D1
:101EF00000000000000000000000000000000000E2
:101F0000D85F050004030000E91B04000100000085
:101F100001000000000000000000000000000000C0
:101F2000E50906000100000001000000AD2D0400DD
:101F30000000000001000000942600206C07002033
:101F40006C07002000000000EC3B0500503500202D
:101F500000000000AD45040000000000000000008B
:101F60009007002090070020000000000000000003
:101F70000E000000A4070020A4070020AC070020EA
:101F8000AC070020B4070020B407002000000000C8
:101F9000383F050001000000C8070020C8070020E6
:101FA00000000000000000000E000000DC07002020
:101FB000DC0700200000000000000000000000001E
:101FC000383F050001000000F8070020F807002056
:101FD00000000000000000000E0000000C080020BF
:101FE0000C080020000000000000000000000000BD
:101FF000383F0500010000002808002028080020C4
:1020000000000000000000000E0000003C0800205E
:102010003C0800200000000000000000000000005C
:1020200000000000000000000000000000000000B0
:1020300000000000000000000000000000000000A0
:102040000000000000000000000000000000000090
:102050000000000000000000000000000000000080
:102060000000000000000000000000000000000070
:102070000000000000000000000000000000000060
:102080000000000000000000000000000000000050
:102090000000000000000000000000000000000040
:1020A0000000000000000000000000000000000030
:1020B0000000000000000000000000000000000020
:1020C0000000000000000000000000000000000010
:1020D0000000000000000000000000000000000000
:1020E00000000000000000000000000000000000F0
:1020F00000000000000000000000000000000000E0
:1021000000000000000000000000000000000000CF
:1021100000000000000000000000000000000000BF
:1021200000000000000000000000000000000000AF
:10213000000000000000000000000000000000009F
:10214000000000000000000000000000000000008F
:10215000000000000000000000000000000000007F
:10216000000000000000000000000000000000006F
:10217000000000000000000000000000000000005F
:10218000000000000000000000000000000000004F
:10219000000000000000000000000000000000003F
:1021A000000000000000000000000000000000002F
:1021B000000000000000000000000000000000001F
:1021C000000000000000000000000000000000000F
:1021D00000000000000000000000000000000000FF
:1021E00000000000000000000000000000000000EF
:1021F00000000000000000000000000000000000DF
:1022000000000000000000000000000000000000CE
:1022100000000000000000000000000000000000BE
:1022200000000000000000000000000000000000AE
:10223000000000000000000000000000000000009E
:10224000000000000000000000000000000000008E
:10225000000000000000000000000000000000007E
:10226000000000000000000000000000000000006E
:10227000000000000000000000000000000000005E
:10228000000000000000000000000000000000004E
:10229000000000000000000000000000000000003E
:1022A000000000000000000000000000000000002E
:1022B000000000000000000000000000000000001E
:1022C000000000000000000000000000000000000E
:1022D00000000000000000000000000000000000FE
:1022E00000000000000000000000000000000000EE
:1022F00000000000000000000000000000000000DE
:1023000000000000000000000000000000000000CD
:1023100000000000000000000000000000000000BD
:1023200000000000000000000000000000000000AD
:10233000000000000000000000000000000000009D
:10234000000000000000000000000000000000008D
:10235000000000000000000000000000000000007D
:10236000000000000000000000000000000000006D
:10237000000000000000000000000000000000005D
:10238000000000000000000000000000000000004D
:10239000000000000000000000000000000000003D
:1023A000000000000000000000000000000000002D
:1023B000000000000000000000000000000000001D
:1023C000000000000000000000000000000000000D
:1023D00000000000000000000000000000000000FD
:1023E00000000000000000000000000000000000ED
:1023F00000000000000000000000000000000000DD
:1024000000000000000000000000000000000000CC
:1024100000000000000000000000000000000000BC
:1024200000000000000000000000000000000000AC
:10243000000000000000000000000000000000009C
:10244000000000000000000000000000000000008C
:10245000000000000000000000000000000000007C
:10246000000000000000000000000000000000006C
:10247000000000000000000000000000000000005C
:10248000000000000000000000000000000000004C
:10249000000000000000000000000000000000003C
:1024A000000000000000000000000000000000002C
:1024B000000000000000000000000000000000001C
:1024C000000000000000000000000000000000000C
:1024D00000000000000000000000000000000000FC
:1024E00000000000000000000000000000000000EC
:1024F00000000000000000000000000000000000DC
:1025000000000000000000000000000000000000CB
:1025100000000000000000000000000000000000BB
:1025200000000000000000000000000000000000AB
:10253000000000000000000000000000000000009B
:10254000000000000000000000000000000000008B
:10255000000000000000000000000000000000007B
:10256000000000000000000000000000000000006B
:10257000000000000000000000000000000000005B
:10258000000000000000000000000000000000004B
:10259000000000000000000000000000000000003B
:1025A000000000000000000000000000000000002B
:1025B000000000000000000000000000000000001B
:1025C000000000000000000000000000000000000B
:1025D00000000000000000000000000000000000FB
:1025E00000000000000000000000000000000000EB
:1025F00000000000000000000000000000000000DB
:1026000000000000000000000000000000000000CA
:1026100000000000000000000000000000000000BA
:1026200000000000000000000000000000000000AA
:10263000000000000000000000000000000000009A
:10264000000000000000000000000000000000008A
:10265000000000000000000000000000000000007A
:10266000000000000000000000000000000000006A
:10267000000000000000000000000000000000005A
:10268000000000000000000000000000000000004A
:10269000000000000000000000000000000000003A
:1026A000000000000000000000000000000000002A
:1026B000000000000000000000000000000000001A
:1026C000000000000000000000000000000000000A
:1026D00000000000000000000000000000000000FA
:1026E00000000000000000000000000000000000EA
:1026F00000000000000000000000000000000000DA
:1027000000000000000000000000000000000000C9
:1027100000000000000000000000000000000000B9
:1027200000000000000000000000000000000000A9
:102730000000000000000000000000000000000099
:102740000000000000000000000000000000000089
:102750000000000000000000000000000000000079
:102760000000000000000000000000000000000069
:102770000000000000000000000000000000000059
:102780000000000000000000000000000000000049
:102790000000000000000000000000000000000039
:1027A0000000000000000000000000000000000029
:1027B0000000000000000000000000000000000019
:1027C0000000000000000000000000000000000009
:1027D00000000000000000000000000000000000F9
:1027E00000000000000000000000000000000000E9
:1027F00000000000000000000000000000000000D9
:1028000000000000000000000000000000000000C8
:1028100000000000000000000000000000000000B8
:1028200000000000000000000000000000000000A8
:102830000000000000000000000000000000000098
:102840000000000000000000000000000000000088
:102850000000000000000000000000000000000078
:102860000000000000000000000000000000000068
:102870000000000000000000000000000000000058
:102880000000000000000000000000000000000048
:102890000000000000000000000000000000000038
:1028A0000000000000000000000000000000000028
:1028B0000000000000000000000000000000000018
:1028C0000000000000000000000000000000000008
:1028D00000000000000000000000000000000000F8
:1028E00000000000000000000000000000000000E8
:1028F00000000000000000000000000000000000D8
:1029000000000000000000000000000000000000C7
:1029100000000000000000000000000000000000B7
:1029200000000000000000000000000000000000A7
:102930000000000000000000000000000000000097
:102940000000000000000000000000000000000087
:102950000000000000000000000000000000000077
:102960000000000000000000000000000000000067
:102970000000000000000000000000000000000057
:102980000000000000000000000000000000000047
:102990000000000000000000000000000000000037
:1029A0000000000000000000000000000000000027
:1029B0000000000000000000000000000000000017
:1029C0000000000000000000000000000000000007
:1029D00000000000000000000000000000000000F7
:1029E00000000000000000000000000000000000E7
:1029F00000000000000000000000000000000000D7
:102A000000000000000000000000000000000000C6
:102A100000000000000000000000000000000000B6
:102A200000000000000000000000000000000000A6
:102A30000000000000000000000000000000000096
:102A40000000000000000000000000000000000086
:102A50000000000000000000000000000000000076
:102A60000000000000000000000000000000000066
:102A70000000000000000000000000000000000056
:102A80000000000000000000000000000000000046
:102A90000000000000000000000000000000000036
:102AA0000000000000000000000000000000000026
:102AB0000000000000000000000000000000000016
:102AC0000000000000000000000000000000000006
:102AD00000000000000000000000000000000000F6
:102AE00000000000000000000000000000000000E6
:102AF00000000000000000000000000000000000D6
:102B000000000000000000000000000000000000C5
:102B100000000000000000000000000000000000B5
:102B200000000000000000000000000000000000A5
:102B30000000000000000000000000000000000095
:102B40000000000000000000000000000000000085
:102B50000000000000000000000000000000000075
:102B60000000000000000000000000000000000065
:102B70000000000000000000000000000000000055
:102B80000000000000000000000000000000000045
:102B90000000000000000000000000000000000035
:102BA0000000000000000000000000000000000025
:102BB0000000000000000000000000000000000015
:102BC0000000000000000000000000000000000005
:102BD00000000000000000000000000000000000F5
:102BE00000000000000000000000000000000000E5
:102BF00000000000000000000000000000000000D5
:102C000000000000000000000000000000000000C4
:102C100000000000000000000000000000000000B4
:102C200000000000000000000000000000000000A4
:102C30000000000000000000000000000000000094
:102C40000000000000000000000000000200000082
:102C5000010000008C7D00200000000000600040AA
:102C60000000000000000000000000000000000064
:102C70000000000000000000000000000000000054
:102C80000000000000000000000000000000000044
:102C90000000000000000000000000000000000034
:102CA0000000000000000000000000000000000024
:102CB0000000000000000000000000000000000014
:102CC0000000000000000000000000000000000004
:102CD00000000000000000000000000000000000F4
:102CE0000000000000000000000000001C15002093
:102CF0001C150020138B050000000000B0150020FB
:102D000000000000882C050000000000000000000A
:102D10000005010000000000800D06001A030000FD
:102D2000CB230020D3230020DC230020E12300203C
:102D3000E6230020F32300200024002007240020A5
:102D400010240020272400202E24002035240020D9
:102D5000CB230020D3230020DC230020E12300200C
:102D6000E6230020F3230020F9230020072400207D
:102D700010240020192400202024002035240020C5
:102D8000000000008D60010005570100CD570100D3
:102D9000115D0100B75004001B500400000000004A
:102DA000215B0100B55A010035570100714F040045
:102DB0008B4F040000000000A93202000000000058
:102DC0000000000000160020218B04000800000015
:102DD00000FF58000000000000000000278A0400E7
:102DE00000000000000000000000000000000000E3
:102DF00000000000000000000000000000000000D3
:102E000000000000000000000000000000000000C2
:102E100000000000000000000000000000000000B2
:102E200000000000000000000000000000000000A2
:102E3000000000000000000000FF5800000000003B
:102E400000000000278A04000000000000000000CD
:102E50000000000000000000000000000000000072
:102E60000000000000000000000000000000000062
:102E70000000000000000000000000000000000052
:102E80000000000000000000000000000000000042
:102E90000000000000000000000000000000000032
:102EA00000FF58000000000000000000278A040016
:102EB0000000000000000000000000000000000012
:102EC0000000000000000000000000000000000002
:102ED00000000000000000000000000000000000F2
:102EE00000000000000000000000000000000000E2
:102EF00000000000000000000000000000000000D2
:102F0000000000000000000000FF5800000000006A
:102F100000000000278A04000000000000000000FC
:102F200000000000000000000000000000000000A1
:102F30000000000000000000000000000000000091
:102F40000000000000000000000000000000000081
:102F50000000000000000000000000000000000071
:102F60000000000000000000000000000000000061
:102F700000FF58000000000000000000278A040045
:102F80000000000000000000000000000000000041
:102F90000000000000000000000000000000000031
:102FA0000000000000000000000000000000000021
:102FB0000000000000000000000000000000000011
:102FC0000000000000000000000000000000000001
:102FD000000000000000000000FF5800000000009A
:102FE00000000000278A040000000000000000002C
:102FF00000000000000000000000000000000000D1
:1030000000000000000000000000000000000000C0
:1030100000000000000000000000000000000000B0
:1030200000000000000000000000000000000000A0
:103030000000000000000000000000000000000090
:1030400000FF58000000000000000000278A040074
:103050000000000000000000000000000000000070
:103060000000000000000000000000000000000060
:103070000000000000000000000000000000000050
:103080000000000000000000000000000000000040
:103090000000000000000000000000000000000030
:1030A000000000000000000000FF580000000000C9
:1030B00000000000278A040000000000000000005B
:1030C0000000000000000000000000000000000000
:1030D00000000000000000000000000000000000F0
:1030E00000000000000000000000000000000000E0
:1030F00000000000000000000000000000000000D0
:1031000000000000000000000000000000000000BF
:103110004C190020218F04000800000000FF34003B
:1031200000000000000000001F8F040000000000ED
:10313000000000000000000000000000000000008F
:10314000000000000000000000000000000000007F
:10315000000000000000000000000000000000006F
:1031600000FF340000000000000000001F8F04007A
:10317000000000000000000000000000000000004F
:10318000000000000000000000000000000000003F
:10319000000000000000000000000000000000002F
:1031A0000000000000FF34000000000000000000EC
:1031B0001F8F04000000000000000000000000005D
:1031C00000000000000000000000000000000000FF
:1031D00000000000000000000000000000000000EF
:1031E000000000000000000000FF340000000000AC
:1031F000000000001F8F040000000000000000001D
:1032000000000000000000000000000000000000BE
:1032100000000000000000000000000000000000AE
:1032200000000000000000000000000000FF34006B
:1032300000000000000000001F8F040000000000DC
:10324000000000000000000000000000000000007E
:10325000000000000000000000000000000000006E
:10326000000000000000000000000000000000005E
:1032700000FF340000000000000000001F8F040069
:10328000000000000000000000000000000000003E
:10329000000000000000000000000000000000002E
:1032A000000000000000000000000000000000001E
:1032B0000000000000FF34000000000000000000DB
:1032C0001F8F04000000000000000000000000004C
:1032D00000000000000000000000000000000000EE
:1032E00000000000000000000000000000000000DE
:1032F000000000000000000000FF3400000000009B
:10330000000000001F8F040000000000000000000B
:1033100000000000000000000000000000000000AD
:10332000000000000000000000000000000000009D
:1033300000000000000000000000000000FF080086
:103340000000000000000000B98E04000000000032
:103350000000000000FF0800000000000000000066
:10336000B98E0400000000000000000000FF08000B
:103370000000000000000000B98E04000000000002
:103380000000000000FF0800000000000000000036
:10339000B98E0400000000000000000000FF0800DB
:1033A0000000000000000000B98E040000000000D2
:1033B0000000000000FF0800000000000000000006
:1033C000B98E0400000000000000000000FF0800AB
:1033D0000000000000000000B98E040000000000A2
:1033E0000000000000FF08000000000000000000D6
:1033F000B98E040000000000000000000000000082
:1034000000000000000000000000000000000000BC
:1034100000000000000000000000000000000000AC
:10342000000000000000000000000000000000009C
:10343000000000000000000000000000000000008C
:10344000000000000000000000000000000000007C
:10345000000000000000000000000000000000006C
:10346000000000000000000000000000000000005C
:10347000000000000000000000000000000000004C
:10348000B01C0020B01C0020000000000000000064
:103490000E0000000000000000000000000000001E
:1034A000000000000000000000000000000000001C
:1034B00000C001400000000000000000000000000B
:1034C00000000000000000000000000000000000FC
:1034D000101D00200000000000000000000000009F
:1034E000000000000000000024E400202000000094
:1034F000000000000090D003FF00000090020000D8
:10350000301D0020301D0020381D0020381D0020F7
:1035100011260500CD270100E9270100BB0150005D
:103520001F8B08000000000002FFA5545D4FDB4028
:10353000107C8E7FC5D6EA8303C1A408F50144A59B
:10354000B650952A7CA8A1A25255858BBD4EAE716E
:10355000EEACBB4DAC08E5BF77EF8E38500141F4BF
:10356000C9E7F5ECDCECECAE77B722D882CFBA5ADB
:1035700018391A1324591BF6BA7BFB1DB89684130D
:10358000A9F9B343F42F8F7FEEF46486CAE2CE69C3
:103590008E8A6421D11CC0C74A6463DCD94BBB0C42
:1035A000DB8D845DA80C8A99CA486A05055236FEEF
:1035B00051919C62D28E6EA3169905F0A395696510
:1035C000090CDA8A0F0847206A2129E0937877E608
:1035D00053E2F621436501C99B1532D593B627689E
:1035E000D1D8E81A14D670628C36C9CDF715992552
:1035F00041337B006F6F9BAC105ADE78C265D408F4
:10360000F86359E4EAF206EDA28987065450C3B87C
:103610005C67B329D79E8E904E4A74C74F8BD33CBC
:1036200089EFEB0DE7542A85E6EBD5598FF3E2607D
:10363000C101C4B01DEEDCE6E35496A5B4C877E43E
:10364000368E5A4BC804570F09BA7ADA8D4DBAC470
:10365000D487C287748AD68A11BABB9611D7F28FE3
:10366000E595B6D4C33C7125E3239E5762516A9118
:10367000B3AA6FFD8B7376C6483592C522B98D4BC0
:10368000CC076A368DE100BA1DF0AF9EC505FC611E
:10369000C9976E6E1EE7C51DB89D228D75CEA9F126
:1036A000E545FF8A23439D2FF8F54EC0F295CDDD09
:1036B000D4DB57FBD8386891CE91FA4C9BB85E0D9D
:1036C0007241A2E30D1828310D9E3E35096BD4835B
:1036D0000168787E3580DF87EED25AAA5CD7A9C808
:1036E000F3933973F4A425E4B4243EBE38FBAC153F
:1036F000B9189BE51D4D70DE86A30FAEA0DD2DF839
:10370000E2DC061AE36A3CB5CA102A341046CA6DD8
:10371000638B4B396512331765726F173BF0AEDB65
:10372000EDFA6632936B0F90F65CBD93634095574C
:103730005A2A827A8CCA47873322761084E11BD8B2
:10374000788B813E0C829B132E6F48EAB9150928AD
:10375000BF22EB84470ACF4A994D42B51C5F15DC66
:1037600074B0D4A3151778285BE33BBF9A7B32B3C0
:10377000D0D376F4406051BC486151AC258694FFAB
:10378000D158148F8B2C4469D72AB9077DA45905C9
:10379000350EAD6634EF923630162A2F7939790F0F
:1037A000A8D666E247D0DE33BEB65C8E5B926B1C59
:1037B000F67D1E6F5FECDB5ADB54ABBB0967D02391
:1037C0004209DC3CAE7E03953016032A7571AFF6D4
:1037D000DE22841D88870B423B3098CDE36711962B
:1037E000799E42C86AFE7E504DE8599A06B48169B6
:1037F000FF254CFB1B9928AB069B6B5BA31A2EFE87
:1038000073B4A3BF6F3D1C9F450700001F8B0800CA
:103810000000000002FFA5566D8FE23610FEBEBF0D
:10382000622E55BF6D6039D1D595867CE8DEAA57EA
:10383000E9AE87B454555B552B134F12771DDBB59A
:1038400007385AF5BF7792F01238A0DC6E40C28E6E
:103850001FCF3CCF8C674CF2EAEDC7BBE9AF937B3F
:1038600028A9D2E95552FF8016A6184768A2FA0582
:103870000A995E013F498524202B850F48E3684E55
:1038800079FC26EA2E1951E1385A285C3AEB298254
:10389000CC1A42C3D0A592548E252E54867133B9CA
:1038A00006651429A1E390098DE3C1C650C8BC7216
:1038B00004C167E3A812CAF4FE0C519AF4DBD76B7B
:1038C0000C29D298FE86AE5C7978379D4EE001FDDA
:1038D000027DD26F57D69668B519D7CFCCCA15FCE2
:1038E000B39DD64F257CA1CC086EBEDB7BED8494C6
:1038F000CA142318DCBA4FFB4B392B8A735129BDEC
:103900001A411026C401BDCAF7415A198C4B5445BF
:10391000496CA337DCADFE7BB51D9683EBDD787873
:103920008A187FDE7439740CB8337B06AF4F6C5243
:10393000C6CDE9775A39CED36C4E644DF4C7819D1C
:10394000263DCCFBE6E6EB5361797D1896937C37F8
:10395000311BB1E79223454759919869BC94C6CC75
:103960007A893ECEACD6C2051CC16674245341FD93
:10397000CD809BDEB7DF78AC8EBB96077EB72A3949
:10398000F78707838F18293EAEB1D0AA60B964DDEE
:10399000516E33CB91AD983C9B08562B095F49295A
:1039A0004FF81F691128CE4AA50FA9107EA28D2BB2
:1039B0005F9FA6A3F98835E6742C29CB5211C6C1A6
:1039C000898C6360ECD20BD7A5D0D4487F5D2449A5
:1039D000BF2DF3A4AE9275FD9483F417D499AD90E6
:1039E00085C2E7D5F68A370DD658974E4B1580BF5E
:1039F0000282AA1CA7F3DDF4C37BC895C65ED2770A
:103A0000E9D5DAE6307D7FFF16EE3839DE6A3630EA
:103A1000EC1840688F6480196ABB64AF45C1868822
:103A200017EA4DD634C399155E5E83F5E0BC32C407
:103A30000E2B0C41140DCB1AC05D87838EA0F21D96
:103A40001EA4C5C0412028C5024198DA620F1AD2CF
:103A5000122BDE415E1043E48A9B98CA186624D775
:103A6000710136670F938F0F53F0F8D71C03B572AF
:103A70001AD24D358192E348A37CE45A82BDCA82B2
:103A800085D0739EB6E4A3E39BF2FCDC2E5EED844E
:103A9000EE67478AB37167E7DC57FD5EF4BE6F22BD
:103AA000C66A6AC96DA3857903BF5CE50FF75B91B0
:103AB0003B8DAEA1DA9AAA1B7137953F212DAD7FC0
:103AC000820712A402974638C249F83685660D0E61
:103AD0005BF03166FC8B4C8D2949C1374AEE6D0590
:103AE000A1396E757A33ADF83E8179A80102963816
:103AF0000B367BC26E4E9A5EB2EBFA09F974AF2AAE
:103B00001292E9D492D0305BD50E3D66A81628F902
:103B1000EE909F211BED0DEE91718B5A7F17C533EF
:103B2000FF05AE0273FF3F3735E6196E7E9C2C6EA3
:103B3000B921D4B1B84492728BDB47F744CF55B565
:103B4000E7EEBCACADABE72B1B7E99B2E10B950D5C
:103B50002F57367C89B2E9DDE4E23348997B7CD982
:103B600039DC3A3B2F6AE7E8BC2A1EB58596F4DBC0
:103B70002B832BBFF903F91F0EF6BB6D510A000012
:103B800009020000000100C07D12010002EF0201E5
:103B900040E32F0100040400000000080B000202B3
:103BA0000D00000904000001020D000005240010B2
:103BB0000105240600010D240F0000000000EA05A5
:103BC00000000006241A0001000705810340000AD6
:103BD0000705820340000709040100000A000100F4
:103BE00009040101020A00010007058102400000EA
:103BF00007050102400000070582020002000705D8
:103C000002020002000000000000000000000000AE
:103C100000000000000000000000000000000000A4
:103C20000000000000000000000000000000000094
:103C30000000000000000000000000000000000084
:103C40000000000000000000000000000000000074
:103C50000000000000000000000000000000000064
:103C60000000000000000000000000000000000054
:103C70000000000000000000000000000000000044
:103C80000000000000000000000000000000000034
:103C90000000000000000000000000000000000024
:103CA0000000000000000000000000000000000014
:103CB0000000000000000000000000000000000004
:103CC00000000000000000000000000000000000F4
:103CD00000000000000000000000000000000000E4
:103CE00000000000000000000000000000000000D4
:103CF00000000000000000000000000000000000C4
:103D000000000000000000000000000000000000B3
:103D100000000000000000000000000000000000A3
:103D20000000000000000000000000000000000093
:103D30000000000000000000000000000000000083
:103D40000000000000000000000000000000000073
:103D50000000000000000000000000000000000063
:103D60000000000000000000000000000000000053
:103D70000000000000000000000000000000000043
:103D80000000000000000000000000000000000033
:103D900000000000C4250020C42500200000000011
:103DA000FCED0220000000001000000044000000B4
:103DB00000000000E4250020E425002000000000B1
:103DC0003CF202200000000020000000A8020000D9
:103DD000000000000426002004260020000000004F
:103DE0000041022000000000060000001001000059
:103DF00000000000242600202426002000000000EF
:103E0000BCE9022000000000100000004400000097
:103E1000000000004426002044260020000000008E
:103E20003C4B0220000000000800000010000000D1
:103E30000000000000000000604702206403000052
:103E40000000000000000000000000000000000072
:103E50003C470320000400000000000000000000B8
:103E60000000000000000000003F022000020000EF
:103E7000000000000000000000000000AC26002050
:103E8000AC26002000000000000000000E00000032
:103E9000C0260020C0260020000000000000000016
:103EA0000E000000D4260020D426002000000000D0
:103EB000000000000E000000E8260020E826002098
:103EC00000000000000000000E000000FC260020A2
:103ED000FC26002000000000000000000E00000092
:103EE0001027002010270020000000000000000024
:103EF0000E000000242700202427002000000000DE
:103F0000000000000E0000003827002038270020A5
:103F100000000000000000000E0000004C27002000
:103F20004C27002000000000000000000E000000F0
:103F30006027002060270020000000000000000033
:103F40000E000000742700207427002000000000ED
:103F5000000000000E0000008827002088270020B5
:103F6000000000005800000005000000044C022082
:103F7000BC4D0220044C0220044C02200000000032
:103F8000B0270020B027002000000000BC27002040
:103F9000BC270020000000000C0000000A00000008
:103FA000C44A02203C4B0220C44A0220C44A0220D8
:103FB00000000000E4270020E427002000000000AB
:103FC000F0270020F0270020010000000100000081
:103FD00000280020002800200828002008280020B1
:103FE00000000000FFFFFFFF182800201828002015
:103FF00020280020202800200100000001000000EF
:1040000030280020302800203828002038280020C0
:10401000000000000100000048280020482800207F
:10402000502800205028002000000000010000005F
:1040300060280020602800206828002068280020D0
:1040400000000000010000007828002078280020EF
:1040500080280020802800200000000001000000CF
:1040600090280020902800209828002098280020E0
:104070000000000000000000A8280020A828002060
:10408000000000000000000000000000BC2800202C
:10409000BC280020C4280020C42800200000020002
:1040A00002000A00000000008C3F0500BC4B02200B
:1040B000000000000000000000000000EC280020CC
:1040C000EC280020F4280020F428002000008000C4
:1040D0008000040000000000784F0500BCDB0220D7
:1040E0000000000000000000000000001C2900206B
:1040F0001C29002024290020242900200000800001
:104100008000040000000000644F0500BC8D022008
:104110000000000000000000000000004C2900200A
:104120004C290020542900205429002000001000B0
:1041300010000A00B3AA0400A05205003C4B032063
:10414000902A002000000000000000000000000095
:10415000000000000000000000000000000000005F
:10416000000000000000000000000000000000004F
:10417000000000000000000000000000000000003F
:10418000000000000000000000000000000000002F
:10419000000000000000000000000000000000001F
:1041A000000000000000000000000000000000000F
:1041B00000000000000000000000000000000000FF
:1041C00000000000000000000000000000000000EF
:1041D00000000000000000000000000000000000DF
:1041E00000000000000000000000000000000000CF
:1041F00000000000000000000000000000000000BF
:1042000000000000000000000000000000000000AE
:10421000000000000000000000000000000000009E
:10422000000000000000000000000000000000008E
:10423000000000000000000000000000000000007E
:10424000000000000000000000000000000000006E
:10425000000000000000000000000000000000005E
:10426000882C0500B82A0020A07D00200002000054
:104270000000000000000000DC050000000000005D
:10428000000000000000000001F50100CDF6010073
:10429000B9570400AF57040000000000FD65050099
:1042A000000000000000000000000000000000000E
:1042B00000000000482C0500000000000000000085
:1042C00000000000000000000000000000000000EE
:1042D00000000000000000000000000000000000DE
:1042E00000000000000000000000000000000000CE
:1042F00000000000000000000000000000000000BE
:1043000000000000000000000000000000000000AD
:10431000B9230020000000000000000000000000A1
:104320002415002000000000000000000000000034
:1043300000000000EA610500400100201768050048
:104340007C010020DD61050000010020F361050013
:1043500060010020E261050020010020D461050019
:10436000D800002017680500B0000020EA610500B1
:1043700040010020176805007C010020DD61050078
:1043800000010020F361050060010020E2610500EA
:1043900020010020D4610500D80000201768050026
:1043A000B0000020F0F6050003000000EBF6050069
:1043B000E3F705000400000011620500DCF60500CB
:1043C00003000000E0F60500F961050002000000AE
:1043D00001620500D8F6050003000000D2F60500D2
:1043E000C0F6050003000000C4F6050015E015E066
:1043F0000769500110002000F89C24171F7A8C9642
:10440000B8909ED725630B9E26FE83FC1A9101E18E
:1044100019D7052E2E7BA79D01002000FC5701DC3B
:104420006135E1323847BDC40F04D2E5BEE5833BB8
:1044300023C29F93593D00018CFA999420000001FA
:1044400077A81BFD905B5115B3024B81212CC14015
:1044500084C1993642015DE0D1DA8EA2BCD7B8EAB8
:104460009B34432371EEBBAFCF75E3ED90B9687316
:10447000E1B47F4F6E7C39D7C1B7A345CC20EAAFFA
:10448000EAFFCD4BD88EEEF7C7C367E0855BB42E4D
:10449000200FBE80721386AF1A408587FD1F02C3AE
:1044A0004EA3E1B74080E0A1452554394F979429A8
:1044B00010112DC2B90C9A9FB233011CEEC50A1A15
:1044C00092DE60E5A688AF6FA4F83C184ADB9B2318
:1044D000B9E68EEA65BEBB1EC434277318797FAE79
:1044E0009D20E707C0EB393173C738E73A149DA028
:1044F000C33C6453E1F694FEEBA25CE9FB27F5C2F2
:10450000D13A73DD790A09DBB3739740F1E8F420FF
:104510006D489CDEF7879809679C9CC3B63D24CD07
:10452000B1CBE3B329A58CDECA92E805AF3AF839DE
:104530008B0C152883DC4612BDDDEE5A0DA02251EE
:00000001FF
