:020000040000FA
:10C000003DB8F3960000000000020000EC32020090
:10C010000000000000000000000000000000000020
:10C020000000000000000000000000000000000010
:10C030000000000000000000000000000000000000
:10C0400000000000000000000000000000000000F0
:10C0500000000000000000000000000000000000E0
:10C0600000000000000000000000000000000000D0
:10C0700000000000000000000000000000000000C0
:10C0800000000000000000000000000000000000B0
:10C0900000000000000000000000000000000000A0
:10C0A0000000000000000000000000000000000090
:10C0B0000000000000000000000000000000000080
:10C0C0000000000000000000000000000000000070
:10C0D0000000000000000000000000000000000060
:10C0E0000000000000000000000000000000000050
:10C0F0000000000000000000000000000000000040
:10C10000000000000000000000000000000000002F
:10C11000000000000000000000000000000000001F
:10C12000000000000000000000000000000000000F
:10C1300000000000000000000000000000000000FF
:10C1400000000000000000000000000000000000EF
:10C1500000000000000000000000000000000000DF
:10C1600000000000000000000000000000000000CF
:10C1700000000000000000000000000000000000BF
:10C1800000000000000000000000000000000000AF
:10C19000000000000000000000000000000000009F
:10C1A000000000000000000000000000000000008F
:10C1B000000000000000000000000000000000007F
:10C1C000000000000000000000000000000000006F
:10C1D000000000000000000000000000000000005F
:10C1E000000000000000000000000000000000004F
:10C1F000000000000000000000000000000000003F
:10C20000C05B002099FD00000F7B020085FD00004F
:10C2100085FD000085FD000085FD00000000000098
:10C2200000000000000000000000000075FE00009B
:10C2300085FD0000000000006900010085FD000090
:10C24000E500010055FD0100E5000100E5000100E9
:10C25000E5000100E5000100E5000100E500010046
:10C26000E5000100E5000100E5000100E500010036
:10C27000E5000100E5000100E5000100E500010026
:10C28000E5000100E5000100E5000100E500010016
:10C29000E5000100E5000100E5000100E500010006
:10C2A000E5000100E5000100E5000100E5000100F6
:10C2B000E5000100E5000100E5000100E5000100E6
:10C2C000E5000100E5000100E5000100E5000100D6
:10C2D000E5000100E5000100E5000100E5000100C6
:10C2E000E5000100E5000100E5000100E5000100B6
:10C2F000E5000100E5000100E5000100E5000100A6
:10C3000053B94AB9002908BF00281CBF4FF0FF31BC
:10C310004FF0FF3000F00CB8ADF1080C6DE904CE21
:10C3200000F022F8DDF804E0DDE9022304B07047F4
:10C33000704700BF10F8012B11F8013B012A28BFFC
:10C340009A42F7D0D01A7047034611F8012B03F830
:10C35000012B002AF9D17047034613F8012B002A5C
:10C36000FBD1181A013870472DE9F0478C468E46EC
:10C37000089E154604461946002B40F0D0807245B1
:10C3800047D9B2FA82F74FB1C7F120030EFA07FC82
:10C3900020FA03F3BD4043EA0C0CBC404FEA154EB3
:10C3A000A8B2BCFBFEF8230C0EFB18CC08FB00F96E
:10C3B00043EA0C43994528D9EB1808F1FF3204D21F
:10C3C000994502D9A8F102022B44A3EB0903A4B2B8
:10C3D000B3FBFEFC0EFB1C330CFB00F044EA0344F1
:10C3E000A04214D92C190CF1FF3304D2A04202D977
:10C3F000ACF102032C44241A43EA02401EB1FC4073
:10C40000002334607360BDE8F0874246DDE7634691
:10C41000F1E7002A79D0B2FA82F3002B3FD0194617
:10C42000C1F1200302FA01F52EFA03F20EFA01FE21
:10C4300020FA03F343EA0E034FEA154E00FA01F423
:10C44000B2FBFEFCAFB20EFB1C201A0C0CFB07F873
:10C4500042EA004290455AD9AA180CF1FF3004D2A2
:10C46000904502D9ACF102002A44A2EB08029BB22B
:10C47000B2FBFEFC0EFB1C220CFB07F743EA024357
:10C480009F4246D9EB180CF1FF3204D29F4202D9E9
:10C49000ACF102022B44DB1B42EA004202E0AEEBAD
:10C4A000020301224FEA154EAFB2B3FBFEFC200C93
:10C4B0000EFB1C330CFB07F840EA034398452AD9CE
:10C4C000EB180CF1FF3004D2984502D9ACF1020010
:10C4D0002B44A3EB0803A4B2B3FBFEFC0EFB1C33FE
:10C4E0000CFB07F744EA0344A74216D92C190CF1B8
:10C4F000FF3304D2A74202D9ACF102032C44E41B5F
:10C5000043EA00400F46114678E71F2188E760465E
:10C51000ABE76246BFE76046DBE76346EFE773459C
:10C5200006D916B9002108466DE7C6E9000EF9E7FD
:10C53000B3FA83F787B9734501D3824207D8841AC7
:10C540006EEB030301209C461EB900215BE73846D1
:10C55000FAE7C6E9004CF8E7C7F1200CBB4022FA25
:10C560000CF51D4320FA0CF12EFA0CF30EFA07FE1F
:10C5700041EA0E014FEA154900FA07F4B3FBF9F856
:10C580001FFA85FE09FB18300B0C08FB0EFA43EA74
:10C5900000439A4502FA07F240D9EB1808F1FF3040
:10C5A00004D29A4502D9A8F102002B44A3EB0A0356
:10C5B00089B2B3FBF9F809FB183308FB0EFE41EA18
:10C5C00003418E452CD9691808F1FF3304D28E45FA
:10C5D00002D9A8F10203294443EA0040A0FB0298D3
:10C5E000A1EB0E014145CE46434602D306D14C4550
:10C5F00004D2B9EB020E68EB05030138002EA4D07B
:10C60000B4EB0E0261EB030101FA0CFC22FA07F312
:10C610004CEA0303F940C6E9003196E74046C5E716
:10C620004346D9E7000000002DE9F843D0E9073878
:10C63000856903EB08042F34A5420F46164619D826
:10C64000DFF86C80A3FB080117A3D3E90023FFF7F1
:10C6500057FE0346601BA0FB080123F07F4412A392
:10C66000D3E90023FFF74CFE20F07F403C603060B0
:10C67000BDE8F883DFF838900BA3D3E90023A5FBCE
:10C680000901FFF73DFE20F07F440A480A2106A376
:10C69000D3E90023E8FB0901FFF732FE20F07F40D9
:10C6A0003C603060BDE8F8838D49FD1A070000004A
:10C6B00000CA9A3B00166BF1002800F03E812DE97C
:10C6C000F04FC54C94F85E30DA078DB000F131813F
:10C6D000627F94F8293004EB820204EB8303166A2C
:10C6E000D3F82C800EB3354615F8020BC0F380103A
:10C6F0000CF03EFB0368C6F802308388AB803378C9
:10C700005B0606D5062128460AF0B2FF002800F095
:10C710004681454615F8020BC0F380100CF028FB4B
:10C720000368C8F802308388AB80337813F00E0FAB
:10C7300040F08B8063691BB10C200DB0BDE8F08F19
:10C740000CF096FF8146002800F032810CF09CFF2F
:10C750008246002800F029810FF062F90546002882
:10C7600000F02C81C06E4FF6FF73AB8405F1100B07
:10C77000002800F01F8105F1600205F15C010AF05C
:10C7800083FFB5F8583023F4EF6323F0070343F435
:10C790008C7343F00103A5F8583095F8373003F057
:10C7A0003F0363F07F0385F8373095F8723023F04C
:10C7B000070385F8723095F83C3023F00F0300270B
:10C7C00085F83C304FF4C023C5F86E312846C5E9E2
:10C7D0001277EF66A5F8707085F839706F85C5F827
:10C7E0002E702F65A5F84071A5F87471A5F86A71CF
:10C7F00010F096FD85F84471C5F848910FF084FB60
:10C8000095F87C3160F3020385F87C310FF082FBF0
:10C8100095F87C3160F3C50385F87C3195F8423199
:10C8200067F3410385F8423105F1C40010F0B2FB13
:10C83000C4E9159AC4F814B0C5E902772F702D61C8
:10C8400013F02EFF002840F0AC80237E0121C3F3BB
:10C8500042030DF12B008DF82B300BF0B7F8024698
:10C8600000286CD0414630460EF004FD5B4A5C4B1C
:10C87000B4F85C800721E0FB023100251846C4E9CA
:10C88000025553A3D3E900232570FFF739FD6060FB
:10C890000CF032FA00F10907B8F1000F07D1357832
:10C8A00005F00F05A5F10105B5FA85F56D09207EA6
:10C8B000636865F3000010F00105207646D0494A10
:10C8C0000992002010600225474ADFF82081049376
:10C8D0000BAE019305920321CDE90200069400906E
:10C8E0003B46CDF81C8008962A460B950CF028F99B
:10C8F00031460CF053FF10BB3D4905914AF2D83345
:10C900000093CDE90300CDE90100CDF81C80089625
:10C9100006943B46012203210B950CF0F5F83146B5
:10C920000CF03CFF58B994F85E3043F0010384F8F2
:10C930005E3000200DB0BDE8F08F0EF035BC6369AD
:10C94000002B3FF4F9AE0EF005FCF5E6254A294828
:10C95000049303F247130694029591211360A8FBF8
:10C96000000301FB0831214B07931F4B05934FF642
:10C97000FF7309924FF0020803930BAE14A3D3E99F
:10C980000023CDF82C800896FFF7BAFC3B46CDE992
:10C9900000504246284603210CF0D2F8BFE712208F
:10C9A000CBE60EF0D7FB0320C7E648460CF066FE48
:10C9B0000720C2E605F16400E866DCE650460CF0AC
:10C9C00069FE48460CF05AFEF2E700BFAFF3008064
:10C9D0008D49FD1A07000000DC24002000CA9A3BA4
:10C9E0008C49FD1AD0240020EDB20100F58D010024
:10C9F00011B00100002AE78470B5037E8AB0C3F34A
:10CA000042030D46044601210DF1230016468DF820
:10CA100023300AF0DBFF3146024628460EF02AFC9E
:10CA20001D4A1E4B0721E0FB0231184618A3D3E92B
:10CA30000023FFF765FC63689842054621D21B1A64
:10CA400000220192164A0293164BA21AA3FB02324D
:10CA50000221920900230A4409AE09911249059165
:10CA6000CDE9033303210696D2B2009318460CF0A9
:10CA7000BDF831460CF092FE38B9656000200AB06E
:10CA800070BDFBD9C21A0023DBE70C200AB070BDD1
:10CA90008D49FD1A0700000000CA9A3B8C49FD1A17
:10CAA000DC240020ABAAAAAAF58D0100000000003A
:10CAB0002DE9F04F05468BB08B46012002219946A7
:10CAC000144615F081FA00220221824601200AF064
:10CAD0002FFE2F494FF4C07228460AF0B5FDC61C40
:10CAE0002C4B0093F6B201954B46324601210020B3
:10CAF0000CF0CAF810F0FD0F42D1274BA4FB0348FD
:10CB0000204621A3D3E900234146FFF7F9FB08950E
:10CB100006956B680493214B20F07F47A7FB0331F8
:10CB2000E01A1F4B07934FF007021E4B059302FBC1
:10CB300007114FF6FE7368EB010103934FF47A720D
:10CB40000023FFF7DDFBCDF800B0CDE901704B46C7
:10CB50003246012100200BF0D7FF10F0FD0F0DD160
:10CB6000BAF1000F02D10BB0BDE8F08F0122022113
:10CB700010460BB0BDE8F04F0AF0DABD00DEEFE77B
:10CB800000DEBAE7AFF300808D49FD1A0700000010
:10CB900010110020F9B8010000CA9A3B8D49FD1A16
:10CBA000E1B8010025F901002DE9F0418468A28C6B
:10CBB0004FF6FF739A428CB000F0DA8005462046AB
:10CBC00010F000FE2B7D012B00F00081022B00F005
:10CBD000D28033B994F8723003F01803182B00F0A8
:10CBE000378194F84471002F40F0C8802B8AE68D7D
:10CBF00094F93720CDE90A77002B00F0C680002A8F
:10CC0000C0F23C810023A4F87031AB7CA28D03F00C
:10CC10000303551C012BADB200F0D480B4F874317D
:10CC2000002B00F0D980AB4240F252815B1B9BB2DB
:10CC3000062BA4F874314FF000028CBF00230123AF
:10CC4000E2851F4694F83C2063F3820284F83C207E
:10CC500029460DF12702204610F09EFB743000F0AB
:10CC60003181B4F86E312BB1AB4240F2DA805B1BFC
:10CC7000A4F86E31B4F86A312BB1AB4240F2E180D6
:10CC80005B1BA4F86A31E58D17B9AE4200F0C7808E
:10CC90000135ADB294F8B53013F001060AD1DDE9E3
:10CCA0000AC3002B4FD1BCF1000F00F003811E46D8
:10CCB000194649E094F9372023F00103002A84F84B
:10CCC000B530C0F2A38094F85800C0F3C00100F062
:10CCD000070013F067FB014694F8583094F8596048
:10CCE00003F003022832C3F34003D200DA40E38B9F
:10CCF00003F23F10B2F5A07F2CBF801800F5A070A2
:10CD000006F003022832D200C6F34006F240B2F524
:10CD1000A07F2CBF831800F5A07358188E4A8F4B44
:10CD20000721E0FB0231184689A3D3E90023FFF76E
:10CD3000E7FA616820F07F408142DDE90AC380F0B4
:10CD4000B380461A60600021A28C24690694CDE964
:10CD500003570332824D0291CDE900C6D2B20121C0
:10CD6000002005950BF042FF10F0FD0F40F0B5805C
:10CD70000CB0BDE8F0813D2784F844713946204667
:10CD80000CB0BDE8F0410FF07FB9002AB8BF84F8BD
:10CD9000B970AB7CA28D03F00303551C012BADB21F
:10CDA00010D0B4F87031002B3FF438AFAB4240F2F2
:10CDB0009B805B1BA4F87031B4F87431002B7FF4B6
:10CDC00032AF3FE70023A4F874313BE70023A4F817
:10CDD0006E31A4F86A3104E7E38C052B8BBF40F277
:10CDE000E2424FF4FA725A4303FB0222B4F8723162
:10CDF00042F2107101FB0323013BB3FBF2F39BB240
:10CE0000A4F87431002B7FF40EAF1BE794F859009F
:10CE1000012100F0070013F0C7FA01465CE73D4628
:10CE200038E70CF077FC0146002864D00023A4F812
:10CE30006E31A38CC3801B23037100680CF03CFC93
:10CE400018E70023A4F86A31204610F037FB1AE7F0
:10CE5000218DB4F86C218B1D9A42C4BF931F5B1ABD
:10CE6000B4F86811CCBF9BB21346994256D0A4F8CF
:10CE70006831A4F86A31A4F86E21B2E694F8B930AA
:10CE8000002B3CD0013B84F8B93004F1C408404683
:10CE900010F0C2F8002855D0404610F0BDF8002828
:10CEA00042D00023E385ADE6091A6060A3BB51EAD6
:10CEB0000C021ED115B9002F3FF45AAF002631469F
:10CEC000334641E79DF8271020460FF0DDF84FE785
:10CED000082120460FF0D8F84AE70CF089FC84427C
:10CEE0003FF446AF00DE43E73E2120460FF0CCF88A
:10CEF0003EE71E4628E70123A4F86E31BAE60AAAE7
:10CF00000BA92846FFF790FBDDE90A231343BCD0A9
:10CF1000237884F8B930B8E7002615E7B4F86E1125
:10CF200000297FF45EAEA4E70246D4E917010AF0B7
:10CF3000C3FB0028B5D194F83C301B0744BF238DB8
:10CF4000E3855FE6FF200FF061F8A5E7AFF300800F
:10CF50008D49FD1A0700000000CA9A3B8C49FD1A52
:10CF600039B90100000000002DE9F04F87B0B0F89A
:10CF70004071BDF84C900091CDE90423B0F8043124
:10CF8000BDF840A01F44BFB20446A7EB090390F8C8
:10CF90005800D4F8FC809EB2BDF844300193C0F331
:10CFA000C001BDF84830039600F00700029313F06B
:10CFB000F9F9E58C052D40F2BE8015FB06F5ADB202
:10CFC00040F2E24BBAF1050F40F2A98094F85920E3
:10CFD00094F8581002F003032833C2F34002DB0038
:10CFE000D34001F003022832B3F5A47FC1F340011E
:10CFF0004FEAC20222FA01F238BF4FF4A473B2F52D
:10D00000A47F2CBF9B1803F5A47303F2D513184417
:10D01000774A784B0721E0FB023118464FF0961310
:10D02000E3619623238470A3D3E90023FFF768F913
:10D03000564620F07F4040F2E2430BFB05F103FB34
:10D0400006F64B1E3344B3FBF6F31FFA83FB06FBD5
:10D050000BF3994260605D4653D26548591AA1FBB3
:10D06000000161A3D3E90023FFF74AF920F07F40D4
:10D070008044B4F80421B4F84031A9EB07094D44C9
:10D08000ADB213442B44A4F84031638D13441D44C6
:10D0900094F837306585DB0955D100DE0027354629
:10D0A000019B2385029BA4F8723131462046A4F8E7
:10D0B00026A010F09DF9504B218D3344881DB3FB01
:10D0C000F6F39AB29042A4F86C2104D2C1F57F41E4
:10D0D000FA310A4492B2009BA4F8682113B10023EC
:10D0E000A4F8743143462A4639462046FFF7E0FC4F
:10D0F00094F8423143F0010384F8423107B0BDE8AF
:10D10000F08F3B48C91AA1FB000137A3D3E90023E4
:10D11000FFF7F6F820F07F40A8EB0008A9E74FF0F2
:10D1200096130AF10106E36196232384B6B20A201E
:10D130004FF4FA7381E7039B013515FB03F5ADB29C
:10D140004FF4FA7B3EE7216CA36C294F01FB0233BD
:10D15000039A01FB1233A3640023C4F8C03013F018
:10D16000F1FA054694F8B800C0F3420013F0ECFA67
:10D17000054406FB05F5214B1E4805F5742505F20F
:10D180003F25A3FB0535AD0CA36C25640BFB05FB0C
:10D1900072085B44963A934228BF1346C4E91123B0
:10D1A000049B40F2E24909FB03F307212365EBFBF3
:10D1B00007010DA3D3E90023FFF7A2F8104B059A4E
:10D1C000A8EB0008A3FB0230800A09FB00F0A0FBDB
:10D1D000070105A3D3E90023FFF792F8751B20F0A0
:10D1E0007F475DE7AFF300808D49FD1A070000001F
:10D1F00000CA9A3B8C49FD1A7FC3C90183DE1B43D9
:10D200005917B7D1000000002DE9F04F0D4609680D
:10D21000B0F82EE0D1F800900146144651F82EAB3C
:10D2200052F8086B91F802C0834691B0D0F81E0006
:10D23000BBF822109BF81C70A4F808E082F802C02A
:10D24000DBF82A206260DBF83A20C4F82220ADF82F
:10D250003C109BF83E100E9084F8261010AB13E99A
:10D26000030004F122020C90ADF8341010460521A1
:10D270000AF0ACFB94F8272000F03F0060F30502B1
:10D2800084F827209BF83F20C2F3040184F828107B
:10D29000BBF83410E1820128C7F380170DD902F0E2
:10D2A0001F021B3202F01F020B2A06D889B2063970
:10D2B00089B240F67A42914219D90021C9F8081082
:10D2C00094F82C2061F3000284F82C200125DBF86F
:10D2D0000C408BF80450504659460CF0E1F9206898
:10D2E0002571214611B0BDE8F04F0CF0E5B92A6870
:10D2F00000215160BBF836202283B4F81680BBF8B9
:10D3000032300A9340F2E242304602FB08F810F055
:10D3100083F89BF83F1096F8B800490961F3430081
:10D3200086F8B80013F00EFA0B9096F8B800C0F328
:10D33000420013F009FA0B99084408FB00F0A649D3
:10D3400000F5742000F23F20A1FB00104FEA5801C5
:10D35000800C9639206361639BF8311040F2E24201
:10D3600001FB02F26264BBF83820A6F87221414644
:10D37000304610F03DF8994A9949C6F87811424470
:10D38000B2FBF8F290B2A6F86C01218B01F1060C09
:10D39000604504DDC1F57F41FA31014488B2594648
:10D3A000A6F8680111F81C2FC907C2F3401200F15A
:10D3B0000381BDF83410ABF823100C988BF81E7065
:10D3C0004FF48071CBF81F00ABF81C10E18AABF86A
:10D3D0002610218BABF82810B6F87211ABF82A1082
:10D3E00096F8B8100B92C1F342018BF82C1030461E
:10D3F0000EF022FB5946A082ABF8060050466F683B
:10D400000CF04EF90B9AA18AD7F800A0F9801C23E2
:10D410003B71002A40F0BC803A77394650460CF008
:10D420004BF994F849A094F848200AF0070A02F052
:10D430000702012150460B9212F0B6FF0B9A02F040
:10D4400003032833C2F34002DB00D3400AF0030297
:10D450002832B3F5A47FCAF3400A4FEAC20238BFAC
:10D460004FF4A47322FA0AF2B2F5A47F2CBF9B18E2
:10D4700003F5A47303F2D513DFF868A1074603444C
:10D4800059480721E3FB0A014FF09613C4E903331F
:10D490004FA3D3E90023FEF733FF20F07F407060F5
:10D4A000EB680A98226B40F2E24101FB003404F27F
:10D4B000B3440221A41A0120A8EB020800220AF0BA
:10D4C00037F948460EF0A2F8E41B41A3D3E9002344
:10D4D0000746A4FB0A01FEF713FFCDF80490AB68E2
:10D4E0004249009120F07F4ABA1C363BD2B25344E5
:10D4F000012100200BF0C8FB01285FD099F81830FB
:10D50000DB0751D430460EF097FA364CA8FB04489E
:10D510002FA3D3E90023834641462046FEF7F0FEC1
:10D52000AB68334A0792A3F13609324B069620F0D6
:10D530007F47A7FB0331E01A2F4B05934FF4F87395
:10D540000893736804934FF0070303FB071168EB1C
:10D55000010100244FF47A7200230394FEF7D0FEF9
:10D560000BF10305EDB2CDE90170CDF800A04B46FB
:10D570002A46012120460BF0C7FA10F0FD0F23D1F7
:10D5800001220221104611B0BDE8F04F0AF0D0B8D8
:10D5900094F8273043F0400384F82730201D12F020
:10D5A000AFFA0122208537E70023012200931846B5
:10D5B00011460BF033FBA5E700DEFAE60CF018F994
:10D5C00081459BD000DE99E700DED9E7AFF300800C
:10D5D0008D49FD1A0700000083DE1B437FC3C9018C
:10D5E000404B4C0000CA9A3B8C49FD1AADF9010032
:10D5F000FDF801008D49FD1A25F901000000000029
:10D600002DE9F04F8DB0484E484D82460BF074FB2B
:10D61000F16807460BF072FB7168F76040A3D3E92D
:10D6200000230446A1FB0501FEF76AFE20F07F43BC
:10D630009C4257D30DF12F010DF12E000CF09AF8FA
:10D64000DFF8E8803568A5FB085935A3D3E9002346
:10D6500028464946FEF754FECDF818A004467068E7
:10D66000334B0593A0FB08012DA3D3E900234FF012
:10D670000008CDE90788FEF743FE2E4BCDF80C805D
:10D6800024F07F44A4FB033120F07F40072202FBFB
:10D6900004110490E81A69EB01014FF47A72002337
:10D6A000FEF72EFE9DF82FB09DF82EA0CDF800803D
:10D6B000CDE901403B465A46504603210BF024FA7F
:10D6C00010F0FD0404D06FF08B000DB0BDE8F08FBA
:10D6D00019481A4A002317F0ABFE90B930690DB013
:10D6E000BDE8F08F30680EA3D3E90023A0FB05014D
:10D6F000FEF706FE20F07F4138460BF0FFFA0746A2
:10D7000098E79DF82F209DF82E00009423460321D2
:10D710000BF084FA6FF07300D7E700BFAFF300801F
:10D720008D49FD1A07000000A012002000CA9A3B94
:10D73000EDFC01008D49FD1A28280020447B0B00D8
:10D7400038B50F4D04460BF0D7FAA9680BF0D6FA9E
:10D75000696803460B48B3FBF4F4A1FB00011C44C9
:10D7600005A3D3E90023FEF7CBFD20F07F408442E0
:10D7700094BF0020012038BD8D49FD1A070000002C
:10D78000A012002000CA9A3BF0B5C468636883B059
:10D790000546002B40D114F011F8002014F032F8A7
:10D7A0000021084614F020F800222521082014F05A
:10D7B00087F8374B019301A814F06EF8354940F211
:10D7C0005B6014F01FF9237AC3F3420262F306137D
:10D7D0002372204613F03CF927682E68384612F071
:10D7E0009BFD06446A6806F10901012014F032FA33
:10D7F00014F0F2FA20460DF015FF811C3246C9B232
:10D80000384612F08BFD054698B9204612F060FDAF
:10D8100068B9002003B0F0BD93F82C309B07BAD054
:10D820001D48214613F09EFF14F096F8F1E700DE44
:10D83000EFE71A4A1A491B4840F2114319F090FACF
:10D84000194B0721A5FB030301FB05310EA3D3E907
:10D850000023FEF755FD15490246154819F080FAD8
:10D86000002585F31188BFF36F8F0323184602DF6D
:10D870001048214613F076FF14F06EF86FF08B001D
:10D88000C8E700BFAFF3008000CA9A3B0000000069
:10D89000D6BE898E555555005904020028C4020091
:10D8A00074C40200CCC302008D49FD1ABCC502003D
:10D8B00078C40200550702002DE9F043C468A28A2B
:10D8C0004FF6FF739A4283B000F0FD80064613F0D6
:10D8D000E5FA3389628B208C94F82710A3831A44CD
:10D8E00092B2104480B2431C23840023638301F06E
:10D8F0003F034906E28300F1A48094F828100093C6
:10D9000004F1290004F1220312F0BCF80546D4E921
:10D910000C31A26BA08BA36303FB0022E36B8A4252
:10D9200094BF9B185B188B4228BF0B46626CE36365
:10D93000236C94F849101A4494F82C3061F30613C0
:10D940000021C4E9101294F8622084F82C3012F0FF
:10D95000040200F0898013F031FF002013F052FF21
:10D96000201D13F099FF2389A17A40F25B6043EAFE
:10D97000014114F047F8284612F0E0FC21465848CF
:10D9800013F0F0FEA08914F059F994F8482094F8A7
:10D990004900C2F3C003002102F0070200F00700B3
:10D9A00014F096F8204613F013FBD4F80080376883
:10D9B000404612F0B1FC0744726807F109010020EB
:10D9C00014F048F9814614F0DBF9002014F0F2F964
:10D9D000E36B94F8490003F12F02636C012100F01E
:10D9E000070003EB420513F0A9FF4D44054494F8EA
:10D9F000490000F00700022834D004280CBF4FF47F
:10DA0000BC73282301211D4413F09AFF284414F00D
:10DA1000A9F9A18A03313A46C9B2404612F07EFC08
:10DA20000546A8B1B37A13F002062BD000252D4885
:10DA3000214613F097FE13F08FFF284603B0BDE890
:10DA4000F083218D04F1220212F05EF805465EE7B4
:10DA5000204612F03DFC00283CD10025284603B0AA
:10DA6000BDE8F0831823CDE7D4E9130109F024FEC3
:10DA700000287FF470AF94F8623043F0040384F818
:10DA8000623068E7184A194919484FF4AC7319F025
:10DA900067F918480721A5FB000301FB05310EA318
:10DAA000D3E90023FEF72CFC13490246134819F072
:10DAB00057F986F31188BFF36F8F0323184602DFEF
:10DAC0006FF08B05B3E70E48214613F04BFE13F0C1
:10DAD00043FFC2E700DEC0E700CA9A3B0000000037
:10DAE000E911020039040200A4C4020074C4020057
:10DAF000CCC302008D49FD1AC8C5020078C40200DB
:10DB00005904020013B5114B01930124104B114825
:10DB100000942246042119F09FFE031E04DA0E4AE7
:10DB20000E48214619F067FD00F0B6F80C4A0B4884
:10DB3000084C032119F056FD4FF4004000211DF060
:10DB400008FCA3690133A361F6E700BF8CC702009C
:10DB5000A6EB0200681500209AC70200F4BB020081
:10DB6000BFC70200014817F015BE00BF8415002092
:10DB700098B500AF6C468AB06A460C4BCDE90530CB
:10DB80000B4B079340F20133ADF82030094B42F8BC
:10DB9000103F00234FF41151074801F099F907484D
:10DBA000A54617F0F7FDBD4698BD00BFF1C70200BE
:10DBB000C4CA020004000001ECBB0200841500206E
:10DBC00080B500AF8AB06A46094BCDE90531094BF3
:10DBD000079340F20133ADF82030074B42F8103F75
:10DBE000064800234FF4135101F072F9BD4680BD81
:10DBF00012C80200C4CA020004000001ECBB02000B
:10DC0000084609B1FFF7B4BF024A0348032119F0DF
:10DC1000E9BC00BF31C80200ECBB02000346024A67
:10DC20000248012119F0E7BC3BC80200ECBB02002E
:10DC300008B1FFF7F3BF014817F0ACBD8415002011
:10DC400030B50F4D0FCD89B003AC0FC42B682360E6
:10DC500001240C4B0C490094022203A806F014FA8C
:10DC6000034630B1094A0A48214619F0C4FC09B0FC
:10DC700030BD084A0648032119F0B4FCF7E700BF9D
:10DC800040BC0200C8BC0200D0BC02005EC802005A
:10DC9000ECBB020082C8020010B5084908481DF01C
:10DCA00007FA084805F066FD034630B1064A074802
:10DCB000BDE81040012119F09EBC10BD41DC000000
:10DCC0008415002031DC0000A3C80200ECBB020078
:10DCD0002DE9F84F8A4600AF002974D004680E1F62
:10DCE000361BF50826F0070604EB0608B8F802B064
:10DCF0001BF0010B16D1E94688B06A46334BCDE9DB
:10DD00000531032342F8103F31485B464FF4C251BE
:10DD100001F0DEF8CD468BF31188BFF36F8F04233B
:10DD2000184602DF2946204618F089FE284434F8B8
:10DD30003030C01A854217D0E94688B06A46254B74
:10DD4000CDE9053A032342F8103F214800234FF460
:10DD5000C25101F0BDF80023CD4683F31188BFF313
:10DD60006F8F0423184602DFB8F8023023F0010356
:10DD7000A8F802302946204618F061FE05EB00089D
:10DD800004EBC8035B88DA0708D44146204618F044
:10DD90009FFE42462946204618F0DFFEA65BAE1BDA
:10DDA00004EBC6035B88DB0709D43146204618F034
:10DDB0008FFE2A463146204618F0CFFE35462946CA
:10DDC000204618F041FEBD46BDE8F88F21C902008B
:10DDD000DCBB0200F8C802002DE9F04F91B08407C7
:10DDE000009302F004030293C2F3C20303F10103A0
:10DDF000DDF868A0039205460E46059340F09D812C
:10DE0000041D00284AD101F00706341DC6F108069A
:10DE1000009B00275A1E4FF004084FF0FF33019378
:10DE20000497B946BB4643460DB100992160059859
:10DE3000002800F3D78090480099814203D38F488F
:10DE40008142C0F0CF80039911F0020CA4EB0500D1
:10DE500040F0D680B9F10F0F00F2CF80002D00F016
:10DE6000D68009F140010DEB010EC0F38700019946
:10DE70000EF8200C0EF8101CBCF1000F00F0C3804F
:10DE800060F07F000EF8200C013709F10109C5F19F
:10DE90000801043406914FF6DA7E8CE00729B7D8E2
:10DEA0006FF01B0011B0BDE8F08F7A285BD84B28CB
:10DEB0000FD8472857D829282ED8252850D052D8EF
:10DEC000202818BF23280CBF4FF0010B4FF0000B88
:10DED00071E04C382E2846D8DFE800F06D45454506
:10DEE00045454545454545454845454545454545DF
:10DEF00045564548485656566D486A456D4518483A
:10DF00001845457F7C48454548457C0000204FF03A
:10DF1000000B4FF0040835E02A38C0B2012101FAA5
:10DF200000F010EA0E0F46D110F0625C2CD110EA1E
:10DF3000010B40D06046013C4444B4FBF8F408FBBC
:10DF400004F425B1A3EB050CA444B445A8D80028DB
:10DF500070D00599013905915AF8041B009163E7C7
:10DF60000199013901914FF0000B24E012F8010CE6
:10DF70006C2834D112F8023C00206C2B8346C8D1A7
:10DF80004FF008084346D6E70AF1070A2AF0070AC5
:10DF90000734FAE802BC24F0070435B1069820449F
:10DFA000B0423FF67DAFC4E900BC08344FF0000B2F
:10DFB0004FF00808434612F8010F002853D0BBF178
:10DFC000000F7FF472AF2528F5D1019B0133019337
:10DFD0004FF0010B4FF00408ECE7584697E700209C
:10DFE0008346A8E7039988077FF551AF601B4FF080
:10DFF000010CB0F5007FFFF42DAF6FF0150051E775
:10E000004FF0000CF5E70498013004903DE7BCF1B7
:10E01000000F01D0013638E70298023600287FF45D
:10E0200034AF0098CDE90632FEF796F9DDE9063205
:10E0300006442AE7042B08D10AF1040015B1DAF8E6
:10E040000010216004348246B5E70AF1070323F08B
:10E05000070303F1080A1DB1D3E90001C4E9000177
:10E0600008340823A7E7631BB3F5806FC5D23DB919
:10E07000A6F10804E01815E7A4B602009CED020022
:10E08000029A28609B082B709DF81030AAB1EB70A3
:10E09000AF702FB108A80022C5F1010C91450ED137
:10E0A000C5F101030DF120084FF0000A01930DF1B5
:10E0B000300BD14512D1601BF4E66B70E8E710F825
:10E0C000013B190608D50CEB040EB64503F07F039F
:10E0D0003FF6E6AE04F8013B0132DFE71FB198F9E5
:10E0E0000020002A17DB029BD3B11AF80B2004F89A
:10E0F000012B0022019B18191044B0423FF6D0AE0C
:10E1000098F8000004F8010B0099039220461DF0D6
:10E1100027FA039A14440AF1010A08F10108C8E732
:10E1200098F8002055F822300093029B45F82230E1
:10E130000098FEF711F9421CDCE76FF00D00B1E624
:10E140002DE9F04F97B000AFC7E90A3205468A467D
:10E1500049B903784678807800EB83002844564517
:10E1600024D8A0EB050AD7F8803095F80280D7F8BC
:10E17000804003F00103FB61EB787B62B8F1000F94
:10E180000CBF002404F001041BB1D7F880309A07BB
:10E1900015D4A4B9FB6A1BB1BA6A51462846984700
:10E1A000564630465C37BD46BDE8F08F441C2046DD
:10E1B000FEF7D2F8013020440AF1010ACFE7D7F880
:10E1C0008030C3F3C0033B622B78BB619B003B6193
:10E1D0006B687B61BB6905EB830BFB6A002B77D116
:10E1E0005646D844BCB11C461BF8013B55F82300E9
:10E1F000FEF7B2F8D7F88430013043B1D7F8883051
:10E20000A34282BFD7F8843023F814000134C345F9
:10E210000644E9D1D846D7F8803013F0050F0CBF7B
:10E220004FF0020B4FF0010B4FF000097B6A99454C
:10E23000B7D298F8013055F823A0AE4B9A4508F1B3
:10E240000208C0F04B81AC4B3A6A9A452CBF0023C0
:10E2500001230AB318F8021C7869FB6218F052FD1A
:10E26000FB6AC8B1EA468AB06A46A44B05937B694B
:10E27000CDE906314FF40073ADF82030A04B42F8E1
:10E28000103FA04800234FF4125100F021FE023E3F
:10E29000D54609F10109C9E723B1FB6933B9A6EBFA
:10E2A0000B06F6E7D7F880309B07F2D55046FEF70D
:10E2B00053F8D7F884304BB1D7F888309C423FBF31
:10E2C000D7F88420431C22F8143001340644E0E7D8
:10E2D000002C69D1B8F1000F6CD0D7F88030580706
:10E2E0006BD5C14607F14800424659461DF038F942
:10E2F0000BEB0803FB6000220233796A8A425ED38B
:10E30000D7F8802095F801B0F969920704EB0B0368
:10E31000DBB254BF4FEA59020022002940F0A68028
:10E32000D7F8801011F0040F14BF494600216B701C
:10E33000A970EA703969BA6AFB6A28469847061ECE
:10E34000FFF62FAFBB692B707B6AEB704946BA6A48
:10E35000FB6A85F801B085F8028007F1480098470C
:10E36000B0F10009C0F2B6803B697A6A786A03EBC3
:10E370004201FB68BA6A414403EB4000AAEB010189
:10E38000FB6A98470028C0F2A780B14409EB000659
:10E390004FF0000B07F1380AA34569D30021BA6A90
:10E3A000FB6A08469847FCE6444607F138004FF000
:10E3B000000999E74446C1469AE7A14698E713F851
:10E3C000016CDFF830C155F8260013F8021C6045D7
:10E3D000C0F08A80DFF820C16045386A2CBF4FF05A
:10E3E000000B4FF0010B38B17869C7E9013218F022
:10E3F00089FCD7E90132F0B9BBF1000F1ED0F969F1
:10E4000049B1611C04F1280007F13004041904F833
:10E41000206CCCB20FE0D7F8801049070BD509F17A
:10E42000280007F1300C09F1010100EB0C0909F893
:10E43000106C5FFA81F9013202335EE7D7F8800091
:10E440008007DED409F1280C07F1300EF44409F1FD
:10E4500001000CF8101C07F1580151FA80F009F185
:10E4600002095FFA89F900F8106CE4E700215EE721
:10E470001BF80A3087F8373055F82390D7F88430E6
:10E480002BB3D7F888309B4521D2D7F8843033F8A6
:10E490001B80BA6AFB6A012107F137009847002800
:10E4A0001ADB0644B8F1000F06D14846FDF754FFC9
:10E4B00000F101081FFA88F8BA6AFB6A414648462B
:10E4C0009847002808DB06440BF1010B64E74FF086
:10E4D0000008DEE74E4664E6064662E63B6A002B2D
:10E4E0003FF4E0AE0023B5E6386A0028A6D04FF02E
:10E4F000000B79E7A4B602009CED02004EC90200B1
:10E50000040000014CBB0200014B1860704700BFC3
:10E510009001002080B505460E461746984617F034
:10E5200057FC034601F0F0FDDFF81890044649F867
:10E530000030424630463946A84754F8090001F0F9
:10E540007DFD00BF0800000008B50446EFF311830D
:10E55000202383F31288BFF36F8F15F0BDFC204694
:10E5600002F0C2F8024818F0EEFB19F0E9FAFCE7F5
:10E5700002CA02002DE9F043079D15B9156000207D
:10E5800012E00324B5FBF4F404EB4407BD4218BFCA
:10E590000134B4F1804F09D2A40001348C4200D878
:10E5A00038B914606FF00B00BDE8F0834FF0FF3412
:10E5B000F7E7DFF8BCE004460021B94203F1030CA1
:10E5C00004F104062CD3A942274624D21F7801F176
:10E5D000010CAC45264938BF5B784FEAA70E28BF2F
:10E5E000002311F80EE084F800E0AC4501EB131EA7
:10E5F0003CBF9B0003F03C034FEA071707F03007CE
:10E6000038BFCB5C1EF80770677028BF3D23A3702E
:10E610003D23E3703746381A002310603B70AEE7A5
:10E620001CF8034C1CF8023C1CF8018C4FEAA409AE
:10E6300024011EF8099006F8049C04F030040EEB47
:10E6400013199B0019F8044006F8034C03F03C032F
:10E650000EEB981408F03F08E35C06F8023C1EF845
:10E66000083006F8013C033134466346A5E700BF95
:10E670002CEC02002DE9F043DDF81CE0DFF82081EE
:10E6800000273C463E46764526D3D4BB1460002086
:10E69000BDE8F0830135754531D013F805C0BCF1F4
:10E6A000200FF7D0AEEB0509B9F1010F16D0BCF180
:10E6B0000D0F13D103EB050999F80190B9F10A0F79
:10E6C0001BD0B54205D1BCF13D0F0AD10137022F55
:10E6D0000AD96FF01500DBE73546DCE7BCF10A0F1D
:10E6E000EEE71CF0800FF4D118F80C607F2EF0D00C
:10E6F0003F2E01D8002FECD101346E1CC3E72E460B
:10E70000C3E704F007054FF0060CE4080CFB05F521
:10E710000CFB04F40735E41B04EBD50470B18C4208
:10E720000CD80027DFF878E0DFF878801E44014637
:10E7300003253C46B34205D10C1AA7E714606FF0DD
:10E740000B00A5E713F8019BA9F10A0C5FFA8CFCFA
:10E75000BCF1160F04D828FA0CFC1CF0010FE9D10B
:10E760001EF809C00134BCF1400F08BF013D0CF098
:10E770003F0C042C4CEA8717DCD17DB13C0C012DF9
:10E780000C7002D101310024D4E7022D4FEA172486
:10E790004C7016BF8F7002310331F4E72C46C9E785
:10E7A000ACEB0200090040002DE9F047058B044660
:10E7B000280717460CD501290CBF45F0100545F078
:10E7C0002005258387F31188BFF36F8FBDE8F0879D
:10E7D000022905F0070540F09480204618F053FD0B
:10E7E000052864D801A353F820F000BFC5E7000056
:10E7F00003E90000AFE8000071E800008BE80000CA
:10E800009DE8000001F007035A1F012A1FD80022CB
:10E8100021F00701062BD4F8008089B2C4E9002258
:10E8200009D1434603E0628B013262831B68002BEF
:10E83000F9D141F002012183204618F024FD4FF068
:10E84000000900286DD041F02001218369E0042BEC
:10E850000AD121F0070189B22183204618F013FD67
:10E8600010B141F0200121834FF00008C14658E06B
:10E870002369D3F80090238B23F0070343F00603AA
:10E8800023834FF0000846464BE02369D3F80490F9
:10E89000238B23F0070343F00403F1E72369D3F844
:10E8A0000890238B23F0070343F00503E8E74FF0BC
:10E8B0000008C146E7E7012243F00803238387F3FA
:10E8C0001188BFF36F8F002A3BD1B8F1000F4AD1F6
:10E8D000B9F1000F02D02D492046C847EFF3118748
:10E8E000202383F31288BFF36F8F238B23F0080359
:10E8F0009BB22383D9063FD523F01002228303F075
:10E9000007056669218B002EBFF67CAF0023D4F883
:10E91000008021F00701C4E9003341F001012183A7
:10E920009946238B03F0070AAA4502D0A268002A61
:10E93000C1D1B8F1000F02D1B9F1000FDAD0002235
:10E94000BAE7A1680029C0D00D680029BDD04F6882
:10E95000334652462046B8471DB12B6829461D460E
:10E96000F3E72B46FAE74146334652462046D8F8AD
:10E97000008018F0B4FCA8E79A067FF523AF23F0D7
:10E980002002228303F0070527E700BF0B73020074
:10E990002DE9F047DFF85480044607464FF001099F
:10E9A00094FAA4F5B5FA85F509FA05F32E0108EBFA
:10E9B00005156FEA030A24EA03042B7B63B158F8B8
:10E9C00006301B696BB946440322736828461968F0
:10E9D00007EA0A0718F096FD002CE1D13846BDE899
:10E9E000F087284698470028F6D1ECE71CBC0200C7
:10E9F00010B50F490F4888B000221CF09EFD002280
:10EA00000023CDE9062300240E23CDE90334CDE90C
:10EA10000144094B094900944FF44072084816F02C
:10EA2000C7FF084906481CF0D3FB204608B010BDBC
:10EA300049EA0000E80B002079ED0000002F0020DB
:10EA40005007002036CA0200014816F0BDBC00BFC6
:10EA5000EC0500202DE9F047804621480F4618F0CC
:10EA600031FD0646002833D000252846BDE8F08752
:10EA7000237B83B12368DB680BB12046984763682A
:10EA800083F8069023681B69D3B963680322196869
:10EA9000204618F037FD013610345445E8D3B8F15C
:10EAA000000FE2D0002DDFD02846FFF771FF0546AA
:10EAB000002FF7D000214FF4A4701CF04AFCF1E7BE
:10EAC000204698470028E0D009FA06F31D43E2E704
:10EAD000044CDFF814A005464FF00109DDE700BF44
:10EAE000A41500201CBC02002CBC0200014B53F8F2
:10EAF00020007047F4BC020008B5034608462BB15D
:10EB0000044A136000F044FC002008BD6FF01500BB
:10EB1000FBE700BF9401002010B5044C237813B923
:10EB2000034816F051FC0123237010BD0A2E00206B
:10EB3000EC05002010B504460B4818F0C3FC5CB18E
:10EB4000BFF35B8F094B53E8001F013943E8001204
:10EB5000002AF8D1BFF35B8F054817F09BFC0548EE
:10EB6000BDE8104016F030BC9C150020A015002018
:10EB7000E80B0020EC050020064BBFF35B8F002262
:10EB800053E8000F43E800210029F9D1BFF35B8F60
:10EB9000704700BF9C15002070B5FFF7EDFF084CD3
:10EBA000084E0546B44200D370BD63685B792BB153
:10EBB00023685B6813B12946204698471034F1E773
:10EBC0001CBC02002CBC020010B5044C04492046B9
:10EBD00018F0D3F9034B1C6010BD00BF40050020A6
:10EBE000E0BC0200941500200D4A0E48002310B529
:10EBF00013700D4A13600D4A4FF400411360FFF784
:10EC00007BFFFFF7E1FF0A4B0A4918468B4200D30E
:10EC100010BD1A1A5C681211013222711033F5E727
:10EC20000B2E0020C17402009C150020A0150020AE
:10EC30001CBC02002CBC020001460022014800233B
:10EC400018F0BCB940050020014818F053BA00BFC5
:10EC500040050020024B0146186818F0A6BA00BF14
:10EC600094150020014818F0DBBA00BF40050020D1
:10EC700070B52A4B1B78002B4ED0FFF7E5FF0446FA
:10EC8000002846D1264B274D1B68002B19DD1CF0B0
:10EC90000CFC4FF47A76A0FB063206FB0121D5E985
:10ECA0000020DB0B43EA41439B1A4FEAD13140F28B
:10ECB000E93261EB0001934271F1000101D3FFF7EA
:10ECC0006BFFD5E9003213F57A7342F10002C5E912
:10ECD00000320CB3BDE87040FFF7C4BF6B685B79CE
:10ECE00023B12B6821461B68284698471035B5424A
:10ECF000F4D32046FFF7AEFFBFF35B8F0A4B53E818
:10ED0000001F013943E80012002AF8D1BFF35B8FDE
:10ED1000B8E7064D064EEAE7002070BD0A2E002037
:10ED20009C150020E00B0020A01500201CBC020058
:10ED30002CBC020070B50D4D297861B90120FFF798
:10ED400089FE0B4C0B4EB44206D3FFF791FF00280F
:10ED5000FBD101232B7070BD63685B791BB1236805
:10ED600020469B6898471034EDE700BF0B2E00202B
:10ED70001CBC02002CBC020000212DE9F84308460F
:10ED8000FFF768FE044648B340F267684FF0000999
:10ED900001F0BAF91A4B1B4A1B58136033B11A4BD6
:10EDA0001B68092B02DD194816F00EFB184F0025D1
:10EDB00044B12046FFF7ECFD044618B94FF0FF3888
:10EDC0004FF0FF39FFF754FF064628B9B5B90F4891
:10EDD00042464B4616F02CFB3546E9E74FF0FF382C
:10EDE0004FF0FF39D4E72B689B691BB10022114615
:10EDF000284698471035BD42F5D3E8E7054DFAE7B8
:10EE00000800000098150020A0150020EC05002047
:10EE10002CBC02001CBC020013B5184818F052FBB1
:10EE2000174B1B7873B1EFF31184202383F31288FF
:10EE3000BFF36F8FFFF71CFF84F31188BFF36F8F51
:10EE400002B010BD0F4B1B68002BF9D050B9002247
:10EE50000023CDE900230C484FF40042002317F0B3
:10EE6000E1FAEDE70928EBD1074817F013FB074853
:10EE700002B0BDE8104016F0A7BA00BFA0150020F0
:10EE80000B2E002098150020E80B0020EC05002038
:10EE900010B5064B1B68044698472146A0600448FD
:10EEA00018F009F9BDE81040FFF7B6BF9401002043
:10EEB00040050020044A054B9B1AB1EBD30F34BF29
:10EEC00052F8310000207047D4BA02001CBC020086
:10EED0002DE9F04F8FB004AFC1F34A26B8600D465C
:10EEE00090467B600C0D002E61D04FF000090A2384
:10EEF0004FF0040B07F1140AFE60C7E90799C7F841
:10EF000024900093CDF808B0CDF804A007F11C03BD
:10EF1000F9684A464046FFF713F9B0F5006F03461B
:10EF20001CD36C468AB0D8F8041004AB2448C3E95B
:10EF3000050140F2FF71D9611A464FF4007119843E
:10EF4000204B42F8103F20484B464FF41251FFF738
:10EF5000BFFFA5462C37BD46BDE8F08FC0F30A06BB
:10EF600004F11700184420F0070080083B60FFF709
:10EF700063FE66F35325044680B13B68134A00F1F3
:10EF80001001C7E90839F961CDE901AB0A23009303
:10EF9000F96807F11C034046FFF7D2F866F35325E2
:10EFA0007B68B9682A46204618F0CCFAD2E704F10B
:10EFB000170020F007008008FFF73EFE0446EDE74B
:10EFC0004BCA02000400000174BB02001775020066
:10EFD0002DE9F04F87B0DDE9127ADDE9106B0546C7
:10EFE000884614469946BFB11021CDF800A03B4693
:10EFF0005A460020CDF814A0FEF7EEFEB0F5006FE3
:10F0000001460BD3194A1A4840F2FF73022107B098
:10F01000BDE8F04F18F0EFBA3946384604F0070360
:10F0200005F00704E40044EA831444EA402444EA77
:10F03000065406F11700084420F0070080080391E9
:10F04000FFF7FAFD054640B13FB10399CDF800A0A6
:10F050003B465A461030FEF7BFFE4B46224641461D
:10F06000284607B0BDE8F04F18F06CBA8ACA020013
:10F0700074BB0200406820B1034BC01A40F3CF00BC
:10F0800070474FF0FF307047D4BA02000EB403B59A
:10F0900003AB014653F8042B0448019301F0BAF97D
:10F0A00002B05DF804EB03B0704700BF5976020070
:10F0B000CA0605D48B064CBF02490349FFF7E6BFD9
:10F0C000704700BFC3CA0200C2CA02002DE9F04F58
:10F0D00089B09846159B0693DDE916A39DF85090DC
:10F0E000189F059204460D460493B9F1000F00F0F5
:10F0F000B08007F48073079318F002FA07F0020B50
:10F100000246002874D078492046FFF7BFFF064624
:10F11000BBF1000F08D017F0440F6BD173492A469A
:10F120002046FFF7B3FF064407F0010353B1704BCD
:10F13000704953F82920704B2046002A08BF1A4610
:10F14000FFF7A4FF07F48073002B07F0080318BF34
:10F150004FF00008002B79D0684B694953F82920FB
:10F160002046FFF793FF0546059B2BB165491A46DC
:10F170002046FFF78BFF0544B8F1000F05D0624928
:10F1800042462046FFF782FF054460483544069B0F
:10F190001BB15F49224617F084FD049B002B00F051
:10F1A0008E80DDF810803946B8F1100F204628BF58
:10F1B0004FF01008FFF77CFF0026B54250DC002618
:10F1C00033461AF8032053492046FFF75FFF013604
:10F1D000102E4BD0710703D14F492046FFF756FF41
:10F1E00046453346EDD34D492046FFF74FFFEEE746
:10F1F00006468DE74A4B1868002894D0494B4FF4D7
:10F200007A7B1B68B5FBF3F54FF46163B5FBF0F156
:10F2100000FB11550BFB05F54FF03C0CB1FBF3F275
:10F2200003FB1211B5FBF0FEB1FBFCF300FB1E5516
:10F230000CFB13110BFB05F50091B5FBF0F53A49FA
:10F24000CDE901E52046FFF721FF6CE707F008054F
:10F250008AE7B8F1010F0CBF2C4834484D4696E7B9
:10F260002D492046FFF712FF0136A6E73049204618
:10F270000026FFF70BFF33461AF803202D49A2F1B1
:10F2800020035F2B28BF2E222046FFF7FFFE01360A
:10F29000102E0DD0720703D11F492046FFF7F6FE4E
:10F2A000B0453346E8D81C492046FFF7EFFEEEE7AD
:10F2B000049BB3EB0803C24404937FF472AFB9F12B
:10F2C000000F0AD0FB0704D50B4A0A492046FFF776
:10F2D000DDFE39462046FFF7EBFE204609B0BDE8CB
:10F2E000F04F18F0ACB900BFCACA0200CECA020083
:10F2F00004BD020044D90200C5CA020018BD0200C4
:10F30000F3CA0200F9CA0200FDCA020059760200DF
:10F310001504010002CB02000ACB020008CB020058
:10F32000AC150020A8150020D7CA02008F76020075
:10F330000CCB02000ECB020073B542F20F738B426E
:10F3400028BF0B4605680F4A04460521684617F09A
:10F3500007F963680C495B6806460B22284618F0DB
:10F3600060F963683246694628465B6818F059F9C7
:10F37000636806495B681B22284618F052F902B000
:10F3800070BD00BF78D1020088EC02006CEC020076
:10F39000074A00210123904206D8064A01B90123F9
:10F3A0001360054B1860704740085B000121F2E7CD
:10F3B00040420F00A8150020AC150020F8B5074FFB
:10F3C0000D4604464618B44201D12846F8BD14F84B
:10F3D000011BBB6801485B689847F4E7BCB70200B3
:10F3E000014B03600020704760BD020010B9024B62
:10F3F0001868704740697047D415002038B5074B2E
:10F400001C6805460CB9204638BD20682946FCF723
:10F4100091FF0028F7D06469F4E700BFD4150020FD
:10F42000F8B50C4F3D6806460C46002325B95BB97C
:10F430003C6026600020F8BD28683146FCF77AFF62
:10F4400020B12B466D69F1E75C61F2E76FF0770060
:10F45000F1E700BFD415002070B5104B1C680D46B5
:10F46000B4B10F4B196800238B4202DB6FF001002F
:10F4700070BD224612F8106B864202D0013314464A
:10F48000F2E7E0681BF025FC28B12C600020EFE7D4
:10F490006FF00C00ECE76FF01200E9E7A00100202C
:10F4A00060BD020010B588B0436802938368C068ED
:10F4B000CDE903320A680023CDE906230C4601AAF0
:10F4C000044905931AF0E8F8079808B9059B2360EA
:10F4D00008B010BD2F790200F7B58368044663B306
:10F4E000026AB3FBF2F502FB1535D0E904763DB1B3
:10F4F000006894F82410551B2A4618441CF057F84D
:10F50000A368E06822683E442B4481684D68314618
:10F51000A847054648B11A4A0096034601211948F2
:10F5200018F073F8284603B0F0BDE3695BB92369AE
:10F53000A268134423610023A3600025F2E7535D12
:10F54000DB4353550135A3682268AB42F7D8E06826
:10F5500081680D683146A847054630B10A4A03461E
:10F560000848012118F047F8DCE7E369A168206842
:10F570003246984705460028D9D0044A0346EFE7AB
:10F580004BCB0200D4BA02006FCB020085CB020045
:10F5900010B50446034A0448012118F023F800205E
:10F5A000606010BD99CB0200D4BA02002DE9F74388
:10F5B0000D46DDE90A8791461E46044680B179B1C1
:10F5C00072B18B680846DB6898470368B6FBF3F2B4
:10F5D00003FB12624AB1204A2048012118F002F8C8
:10F5E0006FF00D0003B0BDE8F083B8FBF3F203FB4E
:10F5F00012820AB11A4AEFE727B1B7FBF3F103FB16
:10F60000117109B1174AE7E718EB070F01D3164A42
:10F61000E2E7C4E90096C4E905872161A160E560DD
:10F62000036823620C9BE361437984F82430CDE9BD
:10F6300000616A460D4928461AF02EF8019A0AB967
:10F640000B4AC9E7D4E905310B449A4201D2094A71
:10F65000C2E70020C6E700BFB9CB0200D4BA02005F
:10F66000F0CB020004CC020016CC0200A579020007
:10F6700039CC020055CC020010B5DFF824C086B0AA
:10F680004FF42814CDE904C40824029404AC019476
:10F69000BDF82040009419F0DDFD06B010BD00BF9C
:10F6A000180028002DE9F047054698B008460123C8
:10F6B00005F500710593FFF7CFFE0446B8B9D5F8FC
:10F6C000000218F02BF906AA804605A9D5F8000219
:10F6D000FFF7E8FED5F80062074660B110F10C0FA5
:10F6E00009D0304618F0D8F8C5F800423C4620460C
:10F6F00018B0BDE8F087059B012B08D0304618F004
:10F70000CBF80023C5F800326FF00104EFE7B468CE
:10F7100014F0030401D018F03FFA304618F000F955
:10F720004FF00133D6F808A003FB00F9A24518DD1D
:10F73000AAEB0407402FA8BF40273B4608AA214652
:10F74000304618F0AAF8031E06DB08AABF080023FB
:10F75000BB421BD14034E9E7184A1948012117F090
:10F760004AFFD5F80012079B002202928A68D21A3B
:10F7700001924A68134400932A464FF400734146AD
:10F7800005F50170FFF712FF0446B0E752F8041BBD
:10F79000894501D10133DBE7079AD5F80002002142
:10F7A00018F0A5F804460028DBD0D5F8000218F0C0
:10F7B00073F80023C5F8003299E700BF88CC020037
:10F7C00064BB020008B50348034A0021121A18F06E
:10F7D00096F908BD50070020EC2E00200748084A83
:10F7E000084908B5121A18F08CF90748074A084961
:10F7F000BDE80840121A18F084B900BF00000020CC
:10F800004C0700209CED02000000002000000020BA
:10F810009CED02002DE9F047064600AF0C4600299A
:10F8200036D0E9468AB0D1E90012A3686D46214876
:10F83000E8464FF0050ACDE90501CDE9072348F870
:10F8400010AF1D48424600234FF42151FFF740FB03
:10F85000CD46D4E903126369AD461848C5F810A037
:10F86000C5E90501C5E907231348002342464FF4C3
:10F870002151FFF72DFBCD46E369114A0E480121C6
:10F8800017F0B9FEA3690F4A0B48012117F0B3FE28
:10F89000012E07D1EFF305830B4A0748103B314691
:10F8A00017F0A9FE2146304615F076FBBD46BDE8AF
:10F8B000F08700BFC0CC0200D4BB0200EFCC020036
:10F8C0001ECD02002DCD02005BCD020030BFFFF740
:10F8D000FDBF00BF2DE9F0410B4EDFF8308006EB95
:10F8E0000807CC1B05463246094920461BF038FE66
:10F8F000A01942460021083C1BF059FEC5F884407F
:10F9000007F10800BDE8F0810000000004000000DD
:10F910003CBC020010B5204C2049214818F0FEF8EC
:10F92000A36A990136D51E481E4918F0F7F81E2023
:10F93000A36ADA0104D51A481B4918F0EFF81F2012
:10F94000154CA36A1B0304D51548184918F0E6F8AE
:10F950002120A36A590304D51148154918F0DEF88F
:10F9600022200D4CA36A9A0304D50D48114918F0C2
:10F97000D5F82320A36ADB0304D509480E4918F003
:10F98000CDF82420044A936A6FEA03436FEA1343D5
:10F99000936210BD1D20CBE700ED00E06ECD0200AC
:10F9A000D4BB020086CD020099CD0200B3CD020087
:10F9B000D1CD0200F6CD020010CE020070B5064691
:10F9C0000D46284C2849294818F0A8F8A36AD904FC
:10F9D0003CD52648264918F0A1F81720A36A1A0535
:10F9E00004D52248234918F099F818201D4CA36A21
:10F9F0009B0512D51D48204918F090F8A36BA26A08
:10FA0000100409D51D4A1948012117F0F4FD1EB153
:10FA1000A36A23F40043A3621920124CA36A590578
:10FA200004D51248164918F079F81A20A36ADA05A5
:10FA30000ED50E48134918F071F81B20094A936A35
:10FA400043F47F43936200232B7070BD1620C5E7FB
:10FA5000A36A9B04F2D505480B4918F05FF81C20F7
:10FA6000ECE700BF00ED00E03BCE0200D4BB02009B
:10FA700051CE020062CE020075CE02008ECE020090
:10FA8000A3CE0200BECE0200D6CE02002DE9F8437E
:10FA9000804689461746354D3549364818F03EF8B8
:10FAA000AB6ADE0627D53449324818F037F81124FE
:10FAB000AB6A1D0704D531492E4818F02FF81224DF
:10FAC0002A4DAB6A980718D52D492A4818F026F810
:10FAD0006E6BAB6A190646D52A4A26483346012181
:10FAE00017F089FDB9F1000F03D0AB6A23F0800352
:10FAF000AB62132403E01024DAE76FF015061B4D08
:10FB0000AB6ADA0704D520491A4818F007F814241C
:10FB1000AB6A9B0604D51D49164817F0FFFF152454
:10FB2000124B9A6AD50602D49A6A90070AD55B6886
:10FB3000190507D54146304600F034FA10B180F37C
:10FB400009880224094B9A6A920642BF5A6A22F433
:10FB500000525A629A6A42F0FF029A6200233B7096
:10FB60002046BDE8F8836FF01506C2E700ED00E01F
:10FB700005CF0200D4BB02001BCF020062CE020000
:10FB80004ECF020066CF02007CCF0200D6CE02002C
:10FB90002DE9F041684B8AB0D3F8048000AF0446E9
:10FBA000C8F30806002585F31188BFF36F8F02F0B4
:10FBB0007F43B3F17F4F07D102F00C03082B12D122
:10FBC0005E495F4817F0AAFF00252C460023FB7111
:10FBD000F31E092B00F28F80DFE803F00A8588818D
:10FBE0008D8D8D8D8D8B10074CBF0C460125EDE75B
:10FBF00054495348504E17F091FF0023FB71F36AAC
:10FC00009A0705D550494E4817F088FF00232DE08C
:10FC1000F36A002B01DA4D49F5E7F36A5B00F5D58D
:10FC20004B49474817F07AFF7369A26943F4807320
:10FC30007361BFF34F8FBFF36F8F32F8023C72696D
:10FC400022F480727261BFF34F8FBFF36F8F03F4A2
:10FC50007F42B2F55F4F2BD1DBB2022B28D1236854
:10FC60003C4A3748012117F0C6FC2368FA79DAB913
:10FC700007F1080604F1200C20686168324603C2CF
:10FC8000083464451646F7D17A6A002D50D0C2F385
:10FC9000080121B96FEA52226FEA42227A6207F123
:10FCA00008011846FFF7B6FD2837BD46BDE8F081CC
:10FCB000214B9A6AD2B22AB1FA1D01212046FFF7E0
:10FCC000E5FE0EE09A6A12F47F4F04D0F91D012080
:10FCD000FFF774FE05E09B6AB3F5803F96D3FFF70C
:10FCE00019FE0346C2E7FA1D0021E7E7F91D0020CF
:10FCF000EEE7194987E7194A194B18F4F87FE846E7
:10FD00008AB008BF13466A461649CDE905134FF479
:10FD10000073ADF82030103E134B079642F8103FA9
:10FD2000074800234FF41151FFF7D2F8C5466DE79D
:10FD30006FF30802B2E700BF00ED00E0C9CF020098
:10FD4000D4BB0200F4CF02000BD002002CD0020082
:10FD50003AD0020059D0020075D002009BCF0200B9
:10FD6000B0CF020099D0020004000001044B5A6990
:10FD700042F010025A615A6922F008025A61704733
:10FD800000ED00E0EFF30880EFF3098101B5724662
:10FD9000FFF7FEFE01BD00BF002080F31488BFF313
:10FDA0006F8F0F4880F3088814F0B6F800200D49D3
:10FDB0000860BFF34F8F00F02BF8202080F31188EC
:10FDC00009484FF40461401880F30988EFF3148068
:10FDD0000221084380F31488BFF36F8F00F0B2F85C
:10FDE000C05B002094ED00E0804900200749D1F875
:10FDF00090200023C2F307221846934200DB70478D
:10FE0000C1F89830C1F8A0000133F6E700ED00E03A
:10FE100008B572B6002383F31388FFF7E7FF144B8E
:10FE20004FF0FF32C3F88020C3F88420C3F8882045
:10FE3000C3F88C20C3F89020C3F89420C3F898200E
:10FE4000C3F89C20C3F88021C3F88421C3F888211B
:10FE5000C3F88C21C3F89021C3F89421C3F89821EA
:10FE6000C3F89C2162B6BFF34F8FBFF36F8F08BDFD
:10FE700000E100E01EF0040F0CBFEFF30880EFF389
:10FE80000980816911F8021C0229FFD001B5724670
:10FE900017F039FE01BD00BF40B2002807DB044A5D
:10FEA0004109012300F01F00834042F821307047D0
:10FEB00000E100E040B200280CDB4309064900F0F5
:10FEC0001F0020330122824041F82320BFF34F8FCF
:10FED000BFF36F8F704700BF00E100E0054B4209A0
:10FEE00000F01F0053F82220012303FA00F0104015
:10FEF000704700BF00E100E040B20028A8BF00F159
:10FF0000604001F10101B8BF064B4FEA4111ACBF9F
:10FF100000F5614000F00F00C9B2B4BF195480F879
:10FF20000013704714ED00E0044B054A23F07F03F3
:10FF30009360BFF34F8FBFF36F8F704700C2000015
:10FF400000ED00E008B5FFF7EFFF074AD2F8883070
:10FF500023F47003C2F88830FFF734FCFFF73EFC4F
:10FF600000F0B4F815F03EF900ED00E042F8203C56
:10FF7000009B42F81C3C0A49019B42F8183C029B3A
:10FF800042F8143C21F001014FF0807342F8043C28
:10FF900042F8081C0023203A0265C0F888307047F8
:10FFA00015E50000094A0346906870B113F1160F79
:10FFB000406F05D0A0F14002934205D3834203D2A3
:10FFC000814228BF0020704700207047B82D0020D4
:10FFD00008B515460C4A0D4B9060D0F884201A6085
:10FFE0000E4600F0A3F82C4686F309880020044B47
:10FFF00098472046002100220023024C20470000A1
:020000040001F9
:10000000337B020015E50000B82D0020D815002034
:10001000014B10221A61704700ED00E0054B5A6950
:100020009B689A421FBF044A536843F08053536051
:10003000704700BFB82D002000ED00E0084B9B6822
:1000400083420BD1EFF3058343B1064B5A6842F06C
:1000500080525A605A6A22F400425A6215F0BEBEBB
:10006000B82D002000ED00E015498A684FF03000FF
:100070001044EFF3098C80E8F01F202080F31288F1
:10008000BFF36F8F0F4F4FF000664A698A603E6082
:10009000D2F884000C4C2060D2F888000023C2F80B
:1000A000883080F3118804B5104600F03FF8BDE8B1
:1000B000044002F1300090E8F01F8CF3098870478B
:1000C000B82D002004ED00E0D815002004480023DE
:1000D0002021C2180133302B82F80013F9D1704768
:1000E00000E100E008B5EFF30583064A103B02EBA0
:1000F000C30152F8330049688847BDE80840FFF75C
:100100008DBF00BF2CB80200014800687047000096
:10011000D8150020024B034A0348012100F08AB899
:10012000000004200000002030BE0200436F054A9A
:10013000403B1360044B4021C2E9011310460121EA
:1001400000F082B8DC15002000000B1508B503464E
:100150001048D0F89020C2F30722013A934207D901
:100160000D480E4A012117F046FA6FF0150008BD40
:10017000C0F898300A6822F01F021A4342F01002B9
:10018000C0F89C208A6842F00102C0F8A0201846FE
:10019000EDE700BF00ED00E0BCBB0200B0D0020004
:1001A000F0B50E4685B01F4604460025B5420DDA6F
:1001B000606810B397B1431E18420AD0104A114824
:1001C0002B46012117F017FA6FF01502104605B003
:1001D000F0BD1F28F2D921680B42EFD123680193AB
:1001E00017F0CAFCA36801A90343D0B20393FFF739
:1001F000ADFF10F1160FE7D0421C01350C34D5E7E6
:10020000D6D00200BCBB0200044B0522C3F89420E8
:10021000BFF34F8FBFF36F8F704700BF00ED00E05B
:10022000BFF35F8F024B0022C3F89420704700BFDA
:1002300000ED00E010B5034C01232278FFF7B0FF7A
:10024000207010BD0D2E002008B50B4A0023127837
:10025000FFF7A6FF10F1160F07D0084A0021D2F8C9
:100260009030C3F30723984200DB08BDC2F8980022
:10027000C2F8A0100130F2E70D2E002000ED00E0E2
:100280002DE9F0435D485E49D0F890300C68C3F327
:1002900007239C4285B000F2AE80FFF7C1FF49689A
:1002A0000022944201F10C011AD1564F564D3C7078
:1002B0006846FFF795F8554C554E81464FF00008BB
:1002C000C14520D13B784D490020D1F89020C2F3A0
:1002D00007229342C0F28980FFF796FF002050E08A
:1002E000C0F8982051F80C3C23F01F03134343F04F
:1002F0001003C0F89C3051F8043C43F00103C0F8EF
:10030000A0300132CDE7009800EB08114FEA081C3D
:10031000CB682340B3F5000F49D00BD8B3F5001FCD
:1003200032D0B3F5800F37D0B3F5801F14D008F169
:100330000108C5E7B3F1007F42D0B3F1805F48D038
:10034000B3F1807FF3D150F80C3088684A6817F019
:1003500013FC40F0887009E050F80C3088684A6857
:1003600017F00AFC40F0885040F43020039001A9B7
:100370003878CDE90123FFF7E9FE002831DA6FF084
:10038000150005B0BDE8F08350F80C3088684A6865
:1003900017F0F2FB3043E9E750F80C3088684A6800
:1003A00017F0EAFB40F0007040F40030DEE750F850
:1003B0000C3088684A6817F0DFFB40F08270D5E7A0
:1003C00050F80C3088684A6817F0D6FB40F480205B
:1003D000CCE750F80C3088684A6817F0CDFB28430A
:1003E000C4E73B7801333B70A1E7C1F89830C1F80E
:1003F000A000013369E74FF0FF30C2E700ED00E0F5
:100400003CBE02000D2E0020000002110000F0FF93
:1004100000000811F0B587B007460E4614460021CB
:10042000102268461D461BF0C2F802238DF80230E8
:100430002A46054B019321466846CDE9047616F01D
:10044000B9F807B0F0BD00BF9F7B020008B5024BB2
:100450001B689847002008BDE8150020034B044A9C
:100460001860937843F0020393707047E8150020FA
:10047000BC01002008B5054816F065FC002383F395
:100480001188BFF36F8F0423184602DF0BD10200DF
:1004900008B50649064821F00701C1F1005202F5EE
:1004A000802216F0BDFB002008BD00BFFF760020B3
:1004B000EC15002070B54169867A0B4D044659B1A0
:1004C000437ADB0706D4242303FB0653DB691B684E
:1004D0009B689847002363612420214600FB065057
:1004E000BDE870401AF040BD2C060020024B2422CB
:1004F00002FB0030704700BF2C060020827A064BBA
:10050000242101FB02331A6A1B7D1B33801A23F05E
:100510000303B0FBF3F070472C06002038B5074BFF
:10052000827A242404FB0233DB69D3E901240C60C2
:100530001568FFF7E3FF04FB005038BD2C060020D0
:100540002DE9F04385B005466846039190461C4668
:100550001AF0ADFFDDE90067EFF31189202383F383
:100560001288BFF36F8F6B8A002B41D02A8A9A4280
:1005700025D900220023284614F0F0FE0446F0B1ED
:1005800089F31188BFF36F8F039B002B41D0324654
:100590003B4668461AF0B0FFA27A264B242101FBA5
:1005A00002332046DB691B6803A91D68DDE90023CF
:1005B000A847606170BB2046FFF77CFF24E0698A92
:1005C0004B1E6B8289F31188BFF36F8F2B7D2A8AB4
:1005D0002C6A1B3323F00303521A02FB0344154B0E
:1005E000154AEB1A9B105343A3722B7DE372CBE7A2
:1005F00089F31188BFF36F8F23464246284614F0D3
:10060000ADFE04460028BFD10024204605B0BDE859
:10061000F0836361012300252381039B6382E27AD7
:100620006560294604F118001AF0C1FF636925824C
:10063000E360EAE72C060020398EE338F8B5124D66
:100640000024242600B9F8BD00F108024768BFF372
:100650005B8F52E8003F591E42E8001CBCF1000FBE
:10066000F7D1BFF35B8FDBB2012BECD1837AC4608F
:1006700006FB035344609B6913B198473846E1E792
:10068000FFF718FFFAE700BF2C0600200C4B0122F1
:10069000C3F840254FF080434FF08051C3F87825D0
:1006A000D1F83001082805D1D1F83411022908BF4A
:1006B000C3F838260122C3F880250020704700BF08
:1006C00000E0014048B1054B054A1B68B3FBF2F35B
:1006D0005843044B43F001031847704708050020B6
:1006E00040420F00C0BC0200BFF34F8F0549064BCC
:1006F000CA6802F4E0621343CB60BFF34F8F00BFC0
:10070000FDE700BF00ED00E00400FA0508B5054A6A
:10071000054B136010463C23536013F0D3FC0020BC
:1007200008BD00BFF81500203FC00F0038B5064CCB
:10073000064DAC4201D3002038BD54F8043B002BD9
:10074000F7D09847F5E700BF2CBC02003CBC020084
:10075000084B0246186808B1036800B97047418920
:100760009142FBD01BB1196818460B46F5E71946B4
:10077000FAE700BF00160020094B0246186868B16E
:10078000036800B970474189914206D01BB11968CE
:1007900018460B46F5E71946FAE7C068704700BFF0
:1007A0000016002000230360044B5A6812B9C3E905
:1007B0000000704710605860704700BF00160020AE
:1007C0002DE9F04F002391B0CDE90C3301F10C037A
:1007D00005460E460B93348A64B9A3462968304611
:1007E00017F03EFC2046296817F03AFC584611B035
:1007F000BDE8F08F072C40F23781F368186859681C
:100800000CAA03C29A8809929A790A92DA795B88CB
:100810000B9805925BBA9BB20793099B5BBA9BB29C
:100820000821089317F070FA338A079A9342C0F0B0
:100830001F819DF83030069313F0050740F01B81AF
:100840002968304617F0F8FB0446002800F01681AE
:10085000686840F8046B338ACDE901770122009281
:10086000F26804211AF028F9A868214617F085FAE1
:100870009DF83090D5F808A0C9F3C109B9F1010F6E
:10088000CAF84C7000F2EA800898FFF761FF002870
:1008900000F0D380059917F060FA002800F0CD80B1
:1008A0009DF8307017F0070752D0022F6BD04FF031
:1008B000030BA868214617F060FAD5F8088008F104
:1008C0000407022138461AF0B7F9002840F0B88032
:1008D0004FF00009022138461AF0B6F910EA090F64
:1008E0003FF47CAFD8E90031DA68891A9DF83020EE
:1008F000198212F0070FC2F3C10214BF4FF0030EAA
:100900004FF0010E012A28BF01224EEAC20E089ABA
:10091000A1F1080052BAA968ADF83C200A9A09680A
:100920008DF83E200027059AADF8387040BA8DF852
:100930003F208DF838E0ADF83A000EAACB6803CA24
:10094000186059602A682046126A90473C4645E77D
:10095000D0F80080B8F1000F6FD0A8680F210430E4
:100960001AF06AF960B12846C0478346A8680F218B
:1009700004301AF069F9804640B9BBF1000F98D1F4
:100980004FF0070B95E7D0F80480E3E7BBF1000FC9
:100990008FD1BAF84EB0BBF1000F19D0069B13F0FF
:1009A000180F15D1BAF84C00FFF7E6FE03460028F1
:1009B00057D0584698478346002833D0B8F1000FE7
:1009C0003FF40CAF002C7FF474AF3446002670E780
:1009D000DAE90013C8681B1A0B82DAF80030002F1E
:1009E0001B8A14BF03210121083B002269F3C401C3
:1009F000ADF838208DF83810C3F3072141EA0323FE
:100A0000ADF83A30099BAA68ADF83C300A9B8DF8E6
:100A10003E30059B12688DF83F300EAB03CBD26899
:100A2000106051602B6820461B6A9847834640BB84
:100A300007990B9817F068F9CDE64FF0080B38E7E7
:100A40001149022238461AF0DCF800283FF440AF82
:100A5000594638461AF0B9F881463BE74FF00D0B7E
:100A600027E74FF0010B24E74FF0090B0024B5E610
:100A70004FF0090BA9E74FF0080BA6E74FF0020B68
:100A8000A3E700249AE700BF2FD1020070B5044607
:100A90000E4615468AB3A0F84810A0F84A20184917
:100AA00003221AF0AEF818B9002000F0010070BD62
:100AB000022120461AF0C0F80028F5D0114905227D
:100AC00020461AF09EF80028EED0314620461AF053
:100AD00086F80028E8D00C49022220461AF091F846
:100AE0000028E1D0294620461AF079F80028DBD00A
:100AF000022120461AF0A8F8D7E70120D7E700BF67
:100B000021CB020032D102002FD102002DE9F041A9
:100B1000846814F0030490B0064601D017F03CF846
:100B200016F0FEFE4FF00133D6F8088003FB00F705
:100B3000A04501DC012019E0A8EB0405402DA8BF69
:100B400040252B466A462146304616F0A6FE031E77
:100B500006DBAD106A460023AB420AD14034E7E71A
:100B60000848094A012116F046FD0B2010B0BDE8E7
:100B7000F08152F8041BB94201D10133ECE70020A7
:100B8000F4E700BF9CBB020088CC02001FB517F041
:100B900063F903A90446C0B2FEF75EFC00280ADA36
:100BA000124A009023461248012116F02EFD0A2415
:100BB000204604B010BD0398FFF7A8FF014688B98E
:100BC0000398826816F093FE034620B90024039828
:100BD00016F062FEECE7074A0548012116F00BFD0E
:100BE0000D24F4E70128F1D00B24F0E738D10200FE
:100BF0009CBB02005CD10200F0B585B017F02CF967
:100C00000D46044603A9C0B216461F46FEF724FC53
:100C100050B10F4A009023460E48012116F0F5FC12
:100C20000A24204605B0F0BD03983B4632462946CB
:100C300016F033FE0446039816F02EFE002CF0D07A
:100C4000054A04482346012116F0D5FC0B24E8E7A9
:100C500038D102009CBB02007BD1020070B50C466B
:100C600015461E4648B1094833462A46214616F025
:100C700020FF002818BF0C2070BD054B03481978D1
:100C8000FEF710FD0028EED00A20F5E70816002038
:100C900034180020F0B50D4687B000286DD1384FCC
:100CA00002A93878FEF7D8FB034640B1354A3648EA
:100CB000012116F0A0FC0A24204607B0F0BD0298DE
:100CC00016F02CFE0646002855D0029B38785C684A
:100CD00011F08CFA013C2C440444214603AA30460E
:100CE00018F0D6FC014650B1284A27482346012176
:100CF00016F081FC1324029816F0CEFDDCE7DDE946
:100D00000205049B1D444368ED1A2A4616F0EFFDC8
:100D1000044640B11E4A00902B461B48012116F0A4
:100D200074FC0D24E7E71B4A17482B46032116F0F5
:100D300062FC029B986818F0FDFB8542DBD8029BA1
:100D40005968014403AA304618F0A2FC029803999E
:100D500043688568C91A6D1A2A4616F0C8FD18B18D
:100D60000D4A00902B46D8E70C4A07482B46032132
:100D700016F041FCBFE71224BDE714249CE700BF36
:100D8000341800209ED102009CBB0200C4D1020096
:100D9000D7D1020007D2020028D2020060D202009E
:100DA00070B505460C4686B01822002120461AF080
:100DB000FEFB6B68581C00F09580002B40F0818092
:100DC0002A691F2A73D9AA68511C72D0C4E900236A
:100DD000EE68454B32689A426DD1AA69202A6CD8D8
:100DE0005AB142480368013307D0037B9A4204D1C9
:100DF00069690D301AF0E3FBE8B1002017F06AF8DA
:100E000020B1012017F066F888B9012017F024F806
:100E100002A9E060C0B2FEF71FFB70B1E368344A7C
:100E200000900121334816F0F0FB0A2003E04FF058
:100E3000FF33E360092006B070BD0298AA6883689A
:100E40009A4203D916F028FD1E20F4E716F024FD7F
:100E50002B7F73B9267B03A93046FEF7FDFAA8B1B4
:100E6000234A009033462348012116F0CEFB0A2680
:100E700013E004A817F06CF808BB06F1140104A8ED
:100E800016F0F2FF0130E5D01B20D4E70398FFF7FE
:100E90003DFE0646039816F0FFFCB6FA86F04009C0
:100EA00060742B69A360012323740020C3E716201C
:100EB000C1E71520BFE71720BDE71820BBE71A20C0
:100EC000B9E70A4A13689168E36000232160636010
:100ED0006B6852689342E8D12A6913449942E0D280
:100EE0001F20A8E71420A6E73DB8F3963418002089
:100EF00038D102009CBB02007FB516F0ADFF0E4654
:100F0000054603A9C0B2FEF7A7FA044650B1094A44
:100F100000902B460848012116F077FB0A24204652
:100F200004B070BD039816F0FBFC3070039816F007
:100F3000B3FCF4E738D102009CBB0200F0B595B0D9
:100F40000F4620230293044615466B460CAA03A9BC
:100F50003846019200F06EFA0646002840F0918073
:100F600004340F21204619F067FE10B9002015B097
:100F7000F0BD45490422204619F043FE0028F5D073
:100F800007F00101204619F02AFE0028EED03F4963
:100F90000722204619F035FE0028E7D005A903A84E
:100FA00000F0EEF9002864DA39490522204619F0EC
:100FB00028FE0028DAD037490422204619F021FE05
:100FC0000028D3D001A9204619F015FE0028CDD065
:100FD00031490822204619F014FE0028C6D09DF899
:100FE0000010C1F3001181F0010101F00101204660
:100FF00019F03EFE0028B9D028490722204619F0F2
:1010000000FE0028B2D0C5F34001204619F030FEA2
:101010000028ABD022490922204619F0F2FD002811
:10102000A4D0C5F38001204619F022FE00289DD0EF
:101030001C490622204619F0E4FD002896D005F050
:101040000101204619F014FE00288FD0164909220C
:10105000204619F0D6FD002888D0C5F3C0012046EF
:1010600019F006FE002881D00F21204619F0ECFD72
:101070007DE7192205A920468DF82C6019F0CAFDDC
:1010800097E7012073E700BF23D2020089D2020054
:1010900091D2020097D202009CD20200A5D2020097
:1010A000ADD20200B7D20200BED202002DE9F74352
:1010B00086683449043607460622304619F0A1FDF9
:1010C00038B916F023FF16F022FF072003B0BDE861
:1010D000F0830221304619F0ABFD044616F016FFEE
:1010E000002CF0D000240DF1070120468DF80740B8
:1010F00016F0D1FE8046204616F00AFF9DF8073014
:10110000022B054680F001092CD180454FF00108E3
:1011100001D01D4AD456B8684D452ADB22464946BF
:10112000FFF70CFF0028CED042462946B868FFF7EB
:1011300005FF0028C7D00221304619F081FD0028A4
:10114000C1D012490B22304619F05BFD0028BAD0FD
:101150000021304619F039FD0028B4D016F0D7FE32
:101160000020B3E780454FF00508D4D0022BD2D839
:10117000CFE742462946FFF7E1FE0028A3D02246EA
:101180004946D3E7C8D2020094EC0200CFD2020055
:101190002DE9F047441082B0064600AF204688464D
:1011A00016F0B6FE00238146F91C2046FB7016F0AF
:1011B00072FE0546B8F1000F16D016F0ABFEA04245
:1011C0000ED1FC78012C13D1B8F1000F1CD1B5421F
:1011D00014BF1C24002420460837BD46BDE8F08714
:1011E000B145EED12024F6E7B145EAD12124F2E75A
:1011F0007CB9B8F1000F03D0B542ECD0B14506E0A0
:10120000B14503D14D450BD01C24E4E7B54207D1CD
:10121000FAE7022C04D1B8F1000FF5D0B54233D073
:10122000304616F019FE391DC0B2FEF715F9824698
:1012300040BBA9EB0603594278684246594119F070
:10124000FCF80446D0B16D468AB06A460F4BCDF823
:101250002480CDE905300623CDE9076942F8103F27
:101260000B485346013C4FF44151FDF731FE032C2E
:101270009CBF084B1C57AD4688BF0124786816F008
:101280000BFBA8E70A24A6E70024A4E7DBD20200B0
:101290009CBB020097EC0200F0B597B034490C916A
:1012A00004210D91334902AACDE90E12324A11925E
:1012B00006460722D0E901041292304A1392002315
:1012C0000DF10302CDE902338DF8033001938DF85F
:1012D000403014928DF85430022201AB0CA9043036
:1012E00016F064FD054600283FD116F00FFE039B63
:1012F00004346BB99DF8033063B116F00BFE16F0A1
:1013000007FE9DF80310FFF743FF10B382B202E01F
:10131000202B0AD0182220460121FFF7B7FB0446F4
:1013200016F0F5FDF4B907251CE0029B04AA03F1B1
:10133000200C18685968174603C7083363453A46B6
:10134000F7D1002104A816F0E7FD0028D9DA082219
:10135000E1E73046FFF7AAFE10B116F0D8FDE2E74C
:1013600016F0D5FD284617B0F0BD0325FAE700BFFB
:1013700097D2020071A802002ED3020041A90200F8
:1013800073B543880193437800930E4603780C4A63
:1013900005461921304615F0E3F8041E03DA4FF034
:1013A000FF3002B070BD6B683BB1064AC4F1190151
:1013B000301915F0D5F8031EF1DBE018F1E700BF96
:1013C00036D3020042D30200033880B219289ABFF4
:1013D000014B1856012070479BEC020008B52C22E7
:1013E000044800211AF0E3F8024A4FF0FF3342F8B4
:1013F000043C08BD381800200148FFF7D3B900BFEE
:101400005C02002010B5041D08490322204619F093
:10141000F8FB08B9072010BD054B2046596819F0A4
:10142000E8FB0028F6D00020F5E700BF46D3020015
:10143000341800202DE9F0438BB00C460DF1030168
:10144000054616461F46FFF757FD002840F09180DD
:10145000284616F001FDC0B210F0C8FE2023014658
:1014600002AA2846FFF7C8FB002852D19DF8038046
:1014700024B10822414620461AF099F80298404BC0
:1014800098423ED11CB107AB03CB206061600FB125
:10149000069B3B60059BBDF8104028461C4416F097
:1014A000DBFCC0B210F0A2FE042304440DEB0302E7
:1014B00021462846FFF7A0FB40B9BDF8042046F6B8
:1014C00008139A4204BFBDF80630E41804230DEB5C
:1014D000030221462846FFF78FFB0746E0B9BDF817
:1014E000042046F607139A4216D1BDF8068004344C
:1014F000A04404F10409C14510D987F00107F800A0
:1015000007E04FF0013303FB08F8404514BF1720F4
:1015100003200BB0BDE8F0830420FAE704230DEBB1
:10152000030221462846FFF767FB0028F1D1BDF8EA
:101530000420BDF80630FF2A05D14FF6FF72934212
:1015400005D10520E5E7102A01D1202B02D0043374
:101550001C44CEE77FB924340EB90127C9E74445BE
:101560000BD8324649462846FFF746FB0028F4D000
:10157000CFE70220CDE70620CBE70720C9E700BF71
:101580003DB8F39670B58AB01B4A0592D0E90105C3
:1015900004220692194A07920023012601AACDE9E6
:1015A000016308928DF82430324602AB05A904305D
:1015B00016F0FCFB0446E8B90346024603A901986D
:1015C0000435FFF737FF58B9019816F083FC38B19E
:1015D000092201212846FFF759FA20460AB070BDBA
:1015E0000198FFF7D3FA0646FFF7F8FE002EF4D075
:1015F000B2B2EEE70324F0E723D2020067A80200AC
:101600002DE9F04FB7B0002408AFD0E9016A2022DD
:10161000214680463846019419F0C9FF4FF0FF3348
:10162000CDE909336A4B189305231993694B8DF85B
:101630007040CDE91A37684B1D9304231E930BAA03
:10164000664B1F9320922E93654A22920DAB654AFA
:101650002F93654B24920AA92992319309AA072353
:1016600025912A926149624A3293624B3393032552
:1016700004360FABCDE92715CDE92C253493304640
:1016800001AB062218A98DF8844023958DF8984067
:101690008DF8AC408DF8C0408DF8D44016F086FB34
:1016A0000646002840F0928002A93846FFF778FBF2
:1016B0000AF1040A044610B34F4A034601214F4879
:1016C00015F099FFA2B201215046FFF7DFF9354628
:1016D00081464B4BD3E901239A4201D0002C6ED0B6
:1016E000002310AA19460120FFF7A4FE002C66D0A3
:1016F000FFF774FEB9F1000F08BF072609E09DF857
:101700001890B9F1000F08D1D8F80800FFF77AFE59
:101710000646304637B0BDE8F08F394F059B099D2E
:101720003B60029BBB601DBBDDF838B00D99786053
:101730005A4607F10D0087F80CB019F011FF0BF1B4
:101740000D00CBF120022146384419F030FF9DF8FE
:1017500019306BB10A992046FFF79CFA834638B1DD
:1017600082B201215046FFF791F95C468146B0E70D
:101770000C9D002DADD07B680B9909981D44BB686A
:10178000EA1A53425341049AFFF768FA044640B9F3
:101790007B68049ABD6813447B60EB1A5D425D412F
:1017A00097E7184A03460121144815F024FFA2B216
:1017B00001215046FFF76AF94D46814689E7D8F87E
:1017C0000800FFF71FFE002D94D091E72E46A0E7FA
:1017D000DDDC020067A80200DADF020071A8020067
:1017E0004AD302006DA8020052D3020046D3020081
:1017F0004ED3020041A902005AD302009CBB020052
:10180000341800207AD302000148FEF7CBBF00BF96
:101810006C02002008B54FF400520023024814F077
:1018200029F8002008BD00BF00000020F0B589B0F5
:10183000D0E90145134A0392134A0023012701AE60
:10184000CDE90133CDE905268DF81C30201D6B460E
:101850003A4603A9049716F0A9FA044678B9043564
:101860000A493A46284619F0CCF920B131462846B3
:1018700019F0C4F900B90724204609B0F0BD0324CB
:10188000FAE700BF79D1020089A8020011E802003E
:1018900030B58468154985B004340023052201253C
:1018A0002046029301948DF80C5019F0AAF93221C8
:1018B000204619F0C1F90E4801A914F0E1FB9DF88A
:1018C0000C303BB13221204619F0BEF960B9072037
:1018D00005B030BD074A0848294615F083FE9DF83B
:1018E0000C30002BF3D0EDE70020F1E7B5D3020078
:1018F000FD180100BBD30200A4BB020073B50B7A34
:1019000005460C46BBB10E6890F90E30264A0521FB
:10191000684614F025FE00230622694630468DF8FD
:10192000053019F077F940B90020636800F0010034
:1019300001332072636002B070BD2068142119F079
:101940007BF90028F0D0266818490422304619F0A7
:1019500058F995F90E1018B3304619F036F90028E9
:10196000E2D013492068032219F04BF90028DBD09C
:10197000D4E9000119F033F90028D5D00D492068C9
:10198000052219F03EF90028CED0297C206819F0F4
:1019900026F90028C8D02068142119F055F9C4E7A9
:1019A000304619F01CF9DAE778D10200DAD30200E8
:1019B000DFD3020044E002000148FEF7F3BE00BF9F
:1019C0007C02002070B58568002604353446204628
:1019D000FDF70CFD044638B911490922284619F0D3
:1019E00010F918B9072070BD0136F0E731462846D6
:1019F00019F01EF90028F5D02046FDF7F7FC044643
:101A000028B101682022284619F004F9F2E731468E
:101A1000284619F015F90028E4D02046E3E700BF76
:101A2000F1D302002DE9F04F95B0D0E9010400AFE9
:101A30004D4ADFF838A1C7F81CA007F10C090023B4
:101A40004FF0040BC7E909297B60FB60C9F804303B
:101A500087F82C30012207F1080307F11C015844D4
:101A6000C7F820B016F0A2F9054600287AD13E69E1
:101A7000731E1E2B76D807F130083246F9684046AF
:101A800019F06EFD06F15003DE19404607EB0B031B
:101A90005C4406F8205C7B61FDF7B0FC38B17B69E3
:101AA00033491D6007F1140215F06EFEF8B16E4661
:101AB00088B06A462F4BCDE905384FF40073ADF876
:101AC0001C302D4B42F8103F2C484FF4E2510023BC
:101AD000FDF7FEF90322B54602212046FEF7D6FFA8
:101AE00000B9072528465437BD46BDE8F08F5A4651
:101AF0005146204619F085F80028F2D04946204684
:101B000019F07CF80028ECD01D490622204619F077
:101B100078F80028E5D07968204619F08DF800287B
:101B2000DFD04046FDF76AFC78B1164B164907F145
:101B30001402C7E9053415F027FE20B9796820465C
:101B400019F082F8CCE7022808D1022082B20221E3
:101B50002046FEF79BFF0028C3D0EFE7042818BFFC
:101B60000520F3E70325BDE789A80200FBD30200A7
:101B7000877F020000D4020003000001B4BB020012
:101B800016D40200E57F0200917F020007B50848E5
:101B900019F0F3FA074B00930749054803234FF464
:101BA000006213F0FDFD002003B05DF804FB00BFF0
:101BB000200C0020ECBE020040320020024800222F
:101BC000002316F009B800BF0407002010B5036A0F
:101BD000044643B1054919F06BFA04F1100019F0FD
:101BE00089F9002010BD6FF01500FBE707800200A7
:101BF00010B50446103019F0ACF921460248BDE892
:101C0000104019F080BA00BF200C0020F0B5036B23
:101C100085B004460E4603B319F053FA10F0050FD1
:101C200002D0204619F09AFA684619F063F904F1D7
:101C3000100700220023384613F090FB054670B9C8
:101C400000220023684613F089FB0146A8B92369E6
:101C50001BB10C48214619F056FA05B0F0BD236BB4
:101C60003146984720B92146284616F0F9F9E0E7B1
:101C70002946684619F06DF9DBE7384619F069F92D
:101C8000DEE700BF200C0020034B1A6882420CBF25
:101C900018460020704700BFD00C0020104B10B534
:101CA00001241C70002122460E4819F079F90E4AD1
:101CB0000E4B13620E4B53620E4B93620E4BD3626C
:101CC00010460E4B1363FFF781FF034630B10C4AF9
:101CD0000C482146BDE8104015F08DBC10BD00BF7A
:101CE0000E2E00203C0D002064180020091D01006C
:101CF000BD800200898002007D8002009780020082
:101D000043D40200ACBB02002DE9F04F91B0044671
:101D10001822002101A819F04AFC3B4B0293D4F889
:101D20001890E3680393394B0593B9F1000F0BD179
:101D3000052604F1180016F0A1F9204616F07AF9EC
:101D4000304611B0BDE8F08F07A9484603F0D4F93A
:101D500006460028ECD19DF83C30022BE8D1204605
:101D600016F0ACF9054608B90126E2E74846FFF748
:101D70008BFF07460028DBD090F86930002BD7D0C6
:101D8000227F9A42D4D100F16C0B584613F076FBB7
:101D9000B246B046238A4345CBD997F86920002A3A
:101DA000C6D0217F9142C3D108EB05029A42C4BF3D
:101DB000A3EB08039DB201A94846ADF8105005F009
:101DC0007BFA10F10C0F09D1BAF1000F03D1132DDA
:101DD00018D9C5F34F0513F07DFFDBE70028C3D109
:101DE000E26808EB05031FFA83F812FA83F3039302
:101DF0004FF0FF324FF0FF33584613F019FB4FF00E
:101E0000010AC7E7022694E720BF0200CD80020046
:101E10002DE9F84300AF804691461D46FFF734FF99
:101E20000646A0B96C4688B06A46194BCDE905381C
:101E3000032342F8103F4FF4C25103461548FDF703
:101E400047F8A5466FF01000BD46BDE8F883FFF7E0
:101E5000B5FE04460028F5D0028A438A41699B1AE0
:101E6000C268521A9B1A9D4202D916F0E3F8E9E7BC
:101E70002A4649460C3015F025FFC4F8188096F81C
:101E80006930054823772146FFF7B2FE2846DBE795
:101E900074D40200ACBB02006418002080B500AF0F
:101EA00088B06A46064BCDE90530032342F8103F5F
:101EB000044800234FF4C251FDF70AF8BD4680BD27
:101EC00074D40200ACBB020038B50546FFF7DCFE57
:101ED000294604460948FFF799FE4CB120460023E5
:101EE00084F8693040F86C3BBDE8384013F06CBAB8
:101EF0002846BDE83840FFF7D1BF00BF6418002076
:101F000011B9094A136803B17047084910600B788A
:101F100082F869300133DBB2012B38BF01230B702B
:101F200002F16C0013F0AABAD00C00200E2E002093
:101F3000074A084B10B510461362074B5362FFF770
:101F400045FE044610B9054810F018FC204610BDA7
:101F50009C180020E7800200E1800200611F010060
:101F600008B50146034818F0F4FFBDE808400248F0
:101F700013F010BC1C060020AC02002038B50C4841
:101F80000022002313F0EAF9044600B938BDD4F862
:101F900084200848211D16F0CAF80546204610F096
:101FA00057FB002DEBD004482946FFF721FEE6E75A
:101FB0001C060020D41800209C1800202DE9F04FAA
:101FC000064685B00F4615460A460146002017F022
:101FD0009BFA0024804640F606124FF05D0AA146A7
:101FE00001230DF10C0BBC42ADF80A2001DB0020EF
:101FF0005CE0019302210DF10A00A847002855D1A9
:10200000019B93B1BB1C5BBAADF80A30ADF80C3044
:102010002A4633788DF80E30032103A816F078F89D
:10202000002843D10134AAF1030A3A1B5245134652
:10203000AAEB0202A8BF5346012A04D8013B4FF085
:102040000009234413E0C8BF49F00109F9E7321938
:10205000315B9278ABF800108BF8022003212A46FE
:102060005846019316F054F800BB019B0334191B2A
:1020700002292246EBDCB9F1000F0FD03B1B012BEC
:1020800017D0022B22D04BB998FA98F3ADF80C3048
:102090002A46022103A816F03BF838B91748012157
:1020A000A847002341F2044200289CD005B0BDE8B7
:1020B000F08FB35C8DF80C304FEA182301348DF8A3
:1020C0000D308DF80E802A460321E3E7631C325D54
:1020D000F35C8DF80C208DF80D302A464FEA18235A
:1020E000032103A802348DF80E3016F011F80028F1
:1020F000DCD18DF80C802A460121CBE7C3CA02004F
:102100000E4B402970B528BF40210D4C46181D4686
:10211000B04203F1020304D1002305F8113007484F
:1021200070BD02781209A25C03F8022C10F8012B92
:1021300002F00F02A25C03F8012CE9E72D2E00202B
:1021400002ED020030B503788BB0044607AD032BD7
:1021500021D8DFE803F0021A1C1E12492846FAF7BC
:10216000F3F8059563780493A3780393E3780293D7
:102170002379019363790093A3790B4A0B481E21BD
:1021800014F0EEF909480BB030BD0949E6E70949FA
:10219000E4E70949E2E7094A0A21284614F0E0F990
:1021A000DFE700BF96D40200B8D402000F2E002053
:1021B0009DD40200A4D40200AED402008EE402003A
:1021C00030B50378012B11D0022B21D06BB9154B00
:1021D0000A4603F1100453F8045B42F8045BA3427F
:1021E000F9D143881A0A8A70CB7030BD0D4B0A466C
:1021F00003F1100453F8045B42F8045BA342F9D1E5
:1022000043681A0C180E4A700870C3F30722EAE7F5
:1022100000F11003013913F8012901F8012F984248
:10222000F9D1E2E713ED020010B516F04BF818F003
:10223000C9FF044608B913F007FDBFF35B8F064BD7
:102240001B68BFF35B8F0BB10A2098471CB9BDE830
:10225000104013F00DBD10BDDC18002038B5044649
:10226000084815F0B9FC054648B1631EDBB21F2BC8
:1022700096BF054A0021D15C0C3015F02CFD284694
:1022800038BD00BFE006002023ED02000F2810B586
:102290000CD80D280CD90A4815F09EFC044618B13C
:1022A00004210C3015F017FD204610BD1328F2D084
:1022B00009B10448F0E7BDE810400220FFF7CEBFA7
:1022C0002807002074060020C3681B78024A0348D0
:1022D000022116F067B800BFEAD402002CBB02004E
:1022E00038B5C5682B7893B9B5F801400F21204661
:1022F00002F0CAFBEB78054650B90A4A118831B999
:102300006FEA04506FEA10501080074A137038BD0E
:102310004372012102F0D6FA2846BDE8384002F0A7
:102320007BBA00BFF02D0020AE2E002070B5C36830
:102330001D78BDB9B3F801600F21304602F0A4FB4F
:10234000044638B9084A094833460121BDE87040BF
:1023500016F028B8294602F0B5FA2046BDE87040CC
:1023600002F05ABA70BD00BF12D502002CBB0200A9
:1023700010B5C368B3F801400121204602F084FB88
:1023800038B9064A064823460121BDE8104016F038
:1023900009B8BDE8104002F03FBA00BF38D50200CE
:1023A0002CBB020010B501210C3015F0B5FC0378F0
:1023B000034A0448BDE81040012115F0F3BF00BFF7
:1023C0005CD502002CBB0200014610B5084815F090
:1023D00007FC0849084818F096FE031E06DA074A6B
:1023E0000748BDE81040012115F0DCBF10BD00BF5B
:1023F00064010020CC020020000E00207ED50200E7
:102400002CBB020010B586B003AB00240093074933
:10241000074805944FF0FF334FF48062CDE9034441
:1024200013F0BEF9204606B010BD00BF803A002070
:10243000500D002010B5084C0146062294F86F009C
:1024400002F038FE38B994F86F000449BDE8104036
:10245000052202F02FBE10BD30000020E8EC020083
:10246000024A0348012115F09BBF00BF9BD5020023
:102470002CBB0200B0B50B460D8A00AF04462946BE
:10248000D868FFF73DFE8AB06A46094BCDE90534AE
:1024900040F20243ADF82430064BCDE907504FF42B
:1024A000325142F8103F044815F08DFFBD46B0BDD3
:1024B000B5D50200050000012CBB020070B5C5684F
:1024C000B5F801600121304602F0DEFA044638B961
:1024D0000D4A0E4833460121BDE8704015F062BF39
:1024E0002B783BB9D5F80330C0F89930D5F80730D0
:1024F000C0F89D30201D4FF4803115F055FF204667
:10250000BDE8704002F088B938D502002CBB02004B
:102510002DE9F84FD0F80C90018A99F80040A300FB
:1025200001338B4200AF63D96D468AB06A463248A8
:10253000CDE907310523CDE905044FF4215142F8D7
:10254000103F2E4815F03FFFAD46BD46BDE8F88F61
:102550002B4A2A482B46012115F024FF013699F811
:1025600000309E42F1DA09EB86030F21B3F80150E7
:10257000B3F80380284602F087FA04460028E7D023
:1025800000F1C00AB8F1000F06D0656945B91D4ACF
:102590001A48012115F004FF204602F03DF9DDE75D
:1025A000A2692B686361954208BFA361204602F0CF
:1025B00055F812F009FFC5F800B0236AABB9C4E9B9
:1025C0000755BFF35B8F5AE8003F013B4AE80032F2
:1025D000002AF8D1BFF35B8F0021204608F1FF38B5
:1025E00002F048F81FFA88F8CCE71D602562E8E79A
:1025F0000026B346B3E700BFD7D502002CBB0200CC
:1026000002D602001ED6020037B502EBC303044611
:1026100008469A4202D16FF05E0010E0114611F8B0
:10262000085BA54211D1038A5178994209D908481B
:10263000084A0094012114F0E8FF6FF0150003B080
:1026400030BD536898470020F9E70A46E1E700BF2C
:102650002CBB020035D602002DE9F0470C4613F0E2
:10266000F3FAE5682B78022B75D0042B0AD03E4A8A
:102670003E48012115F096FE2046FDF7DFFF6FF082
:1026800015040EE0B4F81080B8F1020F0ED8384AE5
:1026900043463648012115F085FE2046FDF7CEFF62
:1026A000002413F0E5FA2046BDE8F08768783E285C
:1026B0000CD1B8F1030F02D12E4A4346E9E7EB787B
:1026C000012B01D00A2B46D1032704E015F056FE5A
:1026D0000746F8073FD504F10C0601213046D4F82F
:1026E00014A015F011FB0221304615F015FB8146B0
:1026F00000783E2807D1E3681B78012B01D00A2B14
:1027000006D1032614E015F039FEC10706460FD4A2
:10271000194A1A491A4841F2681314F021FB0023A0
:1027200083F31188BFF36F8F0323184602DF02265D
:10273000144A99F800000623214615F06FFEB207EF
:102740000DD56369A4F81080A5EB0A0513FA85F589
:10275000E560BB07A4D52046FFF736FEA0E720467C
:10276000FDF76CFFF5E700BFFDD602002CBB0200B1
:1027700057D6020073D6020093D60200C7D60200D5
:10278000E0D60200C0BF020010B5012104460C30A3
:1027900015F0C2FA2146034A0078BDE81040022332
:1027A00015F03CBEF0BF020073B53E4815F02DFA9F
:1027B0000446002873D000F10C05284615F0B4FA41
:1027C0000228034603D0042847D0374A03E0238A6F
:1027D000032B05D8354A3648012115F0E3FD13E0F7
:1027E0000421284615F098FAFF23428806882376AC
:1027F000238AC6F30B009A42608309D02C480092CA
:1028000001212C4A14F001FF2046FDF717FF12E0CA
:102810000F2102F039F9054610B9638B264ADAE731
:1028200002F058F9320B20762146284601F078FF55
:10283000284601F0F1FF214BD3F834317BB3204916
:10284000204818F060FC031E29DA1F4A18480121AD
:1028500002B0BDE8704015F0A5BD2846022115F074
:102860005BFA054600783E2812D015F087FD10F07F
:1028700002060DD1154A1649164840F69A4314F03F
:102880006FFA86F31188BFF36F8F0323184602DFB8
:10289000114A28780423214615F0C0FDB4E702B0A0
:1028A00070BD00BF64010020A6D7020011D702004E
:1028B0002CBB020032D7020056D7020030000020A5
:1028C000CC020020000E00207ED5020093D602002C
:1028D00078D70200E0D6020000C0020010B5012146
:1028E00004460C3015F018FA2146034A0078BDE87A
:1028F0001040062315F092BD20C00200F8B501215A
:1029000000AF04460C3015F007FA0678114A002390
:1029100021463046FFF778FE5F3019D1258AE068FE
:102920002946FFF7EDFB6C468AB06A460A4BCDE9B3
:10293000053640F20243ADF82430084BCDE907508C
:102940004FF4325142F8103F054815F03CFDA546C2
:10295000BD46F8BD50C00200BAD702000500000114
:102960002CBB02002DE9F74FDFF818A1BFF35B8FF6
:1029700080468946174600235AE8004F4AE800324D
:10298000002AF9D1BFF35B8F264644B93E4A3F483F
:102990004346012103B0BDE8F04F15F003BD2046CA
:1029A000FDF7ACFD3A4D4FF00C0B0BFB005043888C
:1029B00043451FD02046FDF7A1FD0BFB0050438887
:1029C000344A009331484346012114F01EFEBFF300
:1029D0005B8F5AE8003F4AE80062002AF9D1BFF352
:1029E0005B8F002B4BD01E46304603B0BDE8F04F46
:1029F000FDF724BEA74208D0204615F0E8F83A8A31
:102A0000F96804F10C0015F05DF92046FDF776FD3C
:102A10000C2707FB00504368ABB1B9F1000F12D18E
:102A20002046FDF76BFD07FB00500121426853680B
:102A300003F01F00814010685B0900EB8300137AEC
:102A4000CBB115F0B1FC2046FDF758FD0C2707FB74
:102A500000508368002BC7D02046FDF74FFD784318
:102A600005F800902046FDF749FD07FB0055A868D2
:102A700012F0AAFCB8E7C94315F0A8FCE3E703B0DD
:102A8000BDE8F08F60010020ECD702002CBB0200F3
:102A9000E018002014D8020073B5C568B5F80160CD
:102AA0000121304601F0F0FF044640B93E4A3F485C
:102AB0003346012102B0BDE8704015F073BC2B789D
:102AC0001A2B00F1040619D1C378012B50D14FF411
:102AD0008041304615F068FC42040FD4D4F88C30A5
:102AE00000936946D4F894300193204602F028FE02
:102AF000204602B0BDE8704001F08EBE2B78BBBB13
:102B0000B5F803302A4940F2E2425343C4F8883012
:102B1000B5F80520A4F89020B5F80720A4F8922075
:102B2000A3F5EA520C3A8A4204D9224A1F480221EC
:102B300015F038FCB4F89030B3F5FA7F04D31E4A90
:102B40001A48022115F02EFCB4F89230A3F10A02C3
:102B500092B240F676418A4204D9184A13480221BB
:102B600015F020FC6FF48051304615F02FFC17E073
:102B7000BFF35B8F6368BFF35B8FDB04F2D52B7809
:102B8000202BEFD194F89830002BEBD0013B84F848
:102B900098304FF42032002304F1400012F06AFE16
:102BA000204602F07DF9A3E738D502002CBB0200D5
:102BB00095F03C0047D802006ED8020095D802007C
:102BC000B0B53C2800AF04461AD101F059FA6FF4B1
:102BD0008071103015F0FAFB0020FFF72BFC054642
:102BE00030B9124A1248012115F0DAFBBD46B0BDDA
:102BF0004472002101F066FE284601F00DFEF5E763
:102C00006D468AB06A460B4BCDE905300A4B0793F7
:102C100040F20133ADF82030084B42F8103F044831
:102C20004FF4125115F0CFFBAD46DFE7C1D80200DB
:102C30002CBB0200E2D80200C4CA0200040000015A
:102C4000094BBFF35B8F1A68BFF35B8F02F00B0277
:102C5000BFF35B8F53E8001F43E800200028F9D141
:102C6000BFF35B8F704700BF0401002010B5C1E9BE
:102C700000239DF808300B720C46FDF73FFC034B18
:102C80000C2202FB00335C6010BD00BFE018002086
:102C9000F8B502460B46104814F09EFF0446C0B13A
:102CA00004210C3014F0FDFF2046FDF727FC0B4DEE
:102CB0000C2707FB0050002646802046FDF71EFC2F
:102CC00007FB005086602046FDF718FC07FB005507
:102CD0006E602046F8BD00BFBC060020E018002052
:102CE00010B592B004460749442201A818F038FCF8
:102CF000102C9BBF12AB03EB8404034854F8440C24
:102D000012B010BD54BC0200FED80200034B0146B5
:102D1000D3F84C0182689268104700BF3000002051
:102D20002DE9F047042100AF464815F03DFB6D4604
:102D300088B06A46444B0593444B06934FF40073A6
:102D4000ADF81C30424C434B42F8103F4248434ED2
:102D50004FF4E65115F037FB414BE179AD46204683
:102D6000012998BF1E46FFF7EDF98AB06A463D4B30
:102D70000790CDE905363C4B08933C4B42F8103F99
:102D800035483B4EDFF8EC804FF4235115F01BFB28
:102D9000A246AD460125E3799D420AF1070A3ADBD6
:102DA00094F870502846FFF79BFF6E468CB0B4F83D
:102DB0007210B4F876306A46DFF8BCC00993CDE9EA
:102DC00007512E4B4FF40075CDE905C0ADF82850E2
:102DD0004FF4535142F8103F1F4815F0F4FAB5462E
:102DE00094F871603046FFF77BFF8AB0B4F8743016
:102DF0006A462349ADF82450CDE90763214BCDE95C
:102E0000051042F8103F14484FF4335115F0DBFA27
:102E1000BD46BDE8F0875046FFF794F9E9468AB011
:102E20006A4640F20133CDE905650790ADF82030E0
:102E3000094842F8108F4FF4135115F0C4FA0135C8
:102E4000CD46A8E7040100200AD902001CD90200DF
:102E500030000020030000012CBB020006D9020054
:102E6000C4CA020027D902000002010304000002C4
:102E700036D902000400000147D902000600000113
:102E800085D902000500000100487047BFC8020054
:102E90000149024818F037B9BC020020500D00204B
:102EA00070B505460C4639B1CB684A699B1A032BAD
:102EB0000ED86FF0150509E04FF0FF304FF0FF31ED
:102EC000FFF7E6FE044618B96FF06805284670BDA6
:102ED0002046FDF713FB174B0C2202FB0033A6180C
:102EE000032130465D8014F0FEFE0580238A033BFB
:102EF00083700121304614F0FEFE40F635439D42BA
:102F00000FD12046FFF702FF05460028DED00A4A0F
:102F100003460121094815F045FA2046FDF78EFBCE
:102F2000D4E70748214618F014F80025FFF7B0FF52
:102F3000CCE700BFE0180020ACD902002CBB020097
:102F40006C0100202DE9F04784B0804600AF914627
:102F50000C4671B94FF0FF304FF0FF31FFF798FE8C
:102F6000044660B96FF0680528461037BD46BDE8D5
:102F7000F087887AFDF7BAFA3C4B83426FD1012281
:102F80000021384618F00CF82046FDF7B7FADFF8B4
:102F9000E0A00C2303FB00A08760204614F04BFE4A
:102FA00001464046FFF77CFF054618B12046FDF775
:102FB00045FBD9E74FF4A0220023384612F038FA37
:102FC000064690B14FF4F1732A4A2B492B4813F06F
:102FD000C7FE2B483246414613F0C2FE85F31188E6
:102FE000BFF36F8F0323184602DF2046FDF786FAF2
:102FF0000C2358431AF800605EB36D468AB06A46E7
:10300000204B0796CDE905381F4B089340F2024349
:10301000ADF824301D4B42F8103F1D484FF432519B
:1030200015F0D1F92046AD46093EFDF707FB092E04
:103030000CD8DFE806F0050B0B08170B0B0B0B1475
:103040006FF06E0590E76FF00C058DE76FF00405EB
:103050008AE7B9F1000FA9D0C9F8004084E76FF002
:10306000150581E76FF00B057EE700BFBC06002069
:10307000E018002093D60200CED90200E0D602006C
:10308000D7D902001CDA0200C4CA02000500000100
:103090002CBB02002DE9F04F85B05C4BB0F80190DD
:1030A000198849F4704291424FF0000602BF1E8019
:1030B000574B1E78C378012B08BF564B00F1040A0A
:1030C00000AF054650460CBF93F86F40002415F042
:1030D000F5F807F10808514668B3404615F0E3F8E3
:1030E000D5F81130C7F80130B5F81530A7F805301C
:1030F0004FF0010BEB78012B34D05046FFF722F84C
:103100006C4688B06A46444BCDE905304FF40073F5
:10311000ADF81C30414B424842F8103F4FF4E251A9
:1031200015F051F91321A546484615F0A9F91437B1
:10313000BD46BDE8F08F204615F02BFA0346006827
:10314000B8609A889B796868A8F8042088F80630E7
:10315000BAF804209AF8063095F804B03860BA80BE
:10316000BB71C7E74046FFF765F904460028C4D0A5
:103170000346B5F8012023F8702BB86898F80620AC
:10318000B8F8041020679A719980B5F8173040F2AA
:10319000E2425343C4F88830B5F81930A4F89030AF
:1031A000B5F81B30A4F89230EB78E3700022012BC5
:1031B00062721AD187F800B0BA88BB793868A4F86F
:1031C0007B2084F87D30C4F8770000F059FF237A23
:1031D0001049C3EBC3035A18CB58C4F87E30938808
:1031E000A4F88230937984F884300721204601F0D6
:1031F00069FB26B166720121204601F063FB20467F
:1032000001F0A4FC204601F007FB90E7F02D002020
:10321000AE2E0020300000203BDA02000300000147
:103220002CBB020000B5C368187889B020B109B082
:103230005DF804EBFFF7C4BCB3F80120ADF8012042
:10324000DA788DF800008DF80320B3F80B20ADF884
:103250001720B3F80D20ADF81920B3F80F20ADF802
:103260001B205A7C8DF81D20586801901A899B7A82
:103270008DF80A30094BADF8082068461A689B881B
:10328000CDF80B20ADF80F30CDF81120ADF815308A
:10329000FFF700FF09B05DF804FB00BFFCEC020083
:1032A000F0B5002285B0114602AF40F60340FFF7AB
:1032B00049FE044600285BD1FFF7C2FC21463A1DB7
:1032C00041F20300FFF73EFE0446002850D17A6821
:1032D000B14DD168D1F80100D1F8051005F178039E
:1032E00003C31046FDF7AAF921463A1D41F2010039
:1032F000FFF728FE044600283AD17868C3685A7858
:1033000085F870205A88A5F872201A7985F87120FE
:10331000B3F80720A5F87420B3F80530A5F8763087
:10332000FDF78CF921463A1D41F20200FFF70AFE33
:103330000446E8B9D7F804C0DCF80C2005F1800693
:10334000531C413218685968344603C40833934209
:103350002646F7D16046FDF771F995F87C305E0698
:103360000AD48E4A8E48012115F01AF86FF0120423
:1033700020460C37BD46F0BD3A1D002142F2030045
:10338000FFF7E0FD04460028F2D17A68854BD1684A
:10339000D1F80100D1F8051003C31046FDF74EF92E
:1033A00021463A1D42F20200FFF7CCFD04460028F8
:1033B000DED17E68F468B4F801309AB292B1E27856
:1033C00082B1A5F8FC30E378032B06D003220092EB
:1033D0007348754A022114F018F9E27873481146CF
:1033E00017F0DEFD3046FDF729F995F87C601F23C4
:1033F00016F02006A5F8103119D14FF0FF304FF02C
:10340000FF31FFF745FC0446002800F072810221DD
:103410000C3014F051FC01230370467021463246F3
:1034200040F66D40FFF78EFD04460028A0D195F8C8
:103430009C301C0712D53A1D002142F21C00FFF7F8
:1034400081FD0446002893D17868C368D3F8012031
:10345000D3F80530C5E93823FDF7F0F84FF0FF3019
:103460004FF0FF31FFF714FC0446002800F04181C3
:1034700008210C3014F020FC95F8D83095F8D920AC
:1034800013F0020F14BF2F230F2312F0090F18BFE0
:1034900043F40063002203701B0A43708270C27001
:1034A000027142718271C271214642F20100FFF73E
:1034B00049FD044600287FF45BAF95F87C30B5F8F1
:1034C000FC1098065DD4C9B93A1D41F20500FFF71A
:1034D00039FD044600287FF44BAFB5F8FC307C681A
:1034E0004BB9E368B3F80120A5F8FC209A882F486F
:1034F000114617F055FD2046FDF7A0F84FF0FF30BC
:103500004FF0FF31FFF7C4FB0446002800F0F180C4
:1035100008210C3014F0D0FB102303708823002204
:103520004370022620238270C6700271427182713C
:10353000C371214640F60140FFF704FD0446002810
:103540007FF416AF01463A1D4FF60140FFF7FAFC33
:1035500090B3174A1248022114F022FFEB79002B96
:1035600040F0B78000F0D2FC044600287FF400AFA2
:1035700001F0E2FE044600287FF4FAAEFFF7D0FB2C
:10358000F6E60029BAD10B4A0548012114F008FFDC
:103590006FF00404ECE600BF3000002057DA0200B0
:1035A0002CBB0200080100207BDA02003001002061
:1035B000E4DA0200C1DA02007B68DC68B4F80130AA
:1035C000042B96BF584A594952F823106E468AB0C8
:1035D00002AA5748D3614FF400731384554BC2E9D4
:1035E000050142F8103F54484FF4135114F0EBFE1C
:1035F000B4F80120B4F80330022AB54649D1052BAE
:1036000047D84E4A52F823106E468AB002AA4C4858
:10361000D3614FF400731384464BC2E9050142F8AD
:10362000103F4FF41351444814F0CDFE637994F8E1
:1036300006C0D4F80900032BB54698BF414AB4F838
:10364000076094BF52F8231038496C468CB002AA28
:10365000DFF8F4E0C2E9073C4FF4007393853B4B7D
:10366000C2E905E1C2E909604FF4735142F8103F25
:10367000314814F0A8FEA5467868FCF7DFFF3A1D34
:1036800000214FF60240FFF75DFC044618B1304AB6
:1036900060E72649B8E77868C368B3F80130A5F851
:1036A000C130FCF7CBFF95F8C1305A077FF556AF14
:1036B0003A1D21464FF60340FFF744FC08B1254A66
:1036C00048E77868C3685B7885F8C030FCF7B6FFD8
:1036D00044E72E78002E7FF445AF95F8C1309B0665
:1036E0001FD54FF0FF304FF0FF31FFF7D1FA0446FE
:1036F00010B96FF068043BE606210C3014F0DCFAD8
:10370000D5F801300360144B9B88838021463246F4
:103710004FF60640FFF716FC044600283FF422AFA0
:1037200026E66FF0850423E6ACBF0200FED8020057
:1037300008DB0200040000012CBB020094BF020061
:1037400021DB020084BF020039DB02000700000118
:1037500066DB02008FDB02003100002010B5FFF7AE
:103760009FFD034B1B6813B1BDE81040184710BD07
:10377000F818002073B52A4D0646D5F84C0117F00D
:10378000A8FA48B9274A2848012114F009FE6FF029
:103790001204204602B070BD6FF0020105F1D400A2
:1037A00014F014FE012114F0FFFD10EA010434D1DD
:1037B0001E4B1E600A4605F5907017F0F1FB05F5EB
:1037C0009E7017F097FB1A4817F0D7FC1949184854
:1037D00000946FF007034FF4966211F0E1FF164971
:1037E000134817F0F5FCD5F84C01144983681B68A1
:1037F0009847044630B1124A034601210A4814F0A2
:10380000D1FDC6E726B902B0BDE87040FFF748BD5C
:1038100005F1C40011F0BEFFBBE76FF07704B8E715
:1038200030000020B8DB02002CBB0200F81800209A
:10383000000E0020C03E0020D0DB0200592601000F
:10384000D9DB020073B5C368D9789A781E8842EA3A
:103850000122ADF8002059791A7942EA0122ADF827
:103860000220D9799A7942EA0122ADF804201A7A25
:103870005B7AB4B242EA032301212046ADF8063058
:1038800001F002F9054658B91D481E4A0121234698
:1038900014F088FD0221204614F031FE02B070BD04
:1038A000694601F04FFB38B91E21204614F027FE6F
:1038B000284600F0B1FFF1E74FF0FF304FF0FF3145
:1038C000FFF7E6F904460028F2D00E210C3014F080
:1038D000F3F900230680C0F80A30BDF800304380B9
:1038E000BDF802308380BDF80430C380BDF80630D7
:1038F0000381214642F22000FFF7D2FAD8E700BF49
:103900002CBB020038D5020038B5042104460C3027
:1039100014F002FA034640885D7818B119782246FF
:10392000FFF720F835B1044811F04EFDBDE83840EE
:10393000FFF7AEBA38BD00BF50010020B0B503217B
:10394000044600AF0C3014F0E7F9E2680346B0F823
:103950000100117840F63542904216D16C468AB08B
:103960006A46104B1048CDE90531104B079340F2E1
:103970000133ADF820300E4B42F8103F4FF4125196
:1039800014F021FDA546BD46B0BD1D7810B12246FC
:10399000FEF7E8FF002DF6D0064811F015FDFFF701
:1039A00077FAF0E7F5DB02002CBB0200C4CA020084
:1039B000040000015001002038B512F045F92F4DE8
:1039C000D5F83C31002B56D00022002305F590702D
:1039D00011F02EFD00284ED10022002305F59E7027
:1039E00011F0BCFC044668B9254A2649264840F631
:1039F000AA4313F0B5F984F31188BFF36F8F032343
:103A0000184602DFD5F830315BB1204A2048012149
:103A100014F0C6FCD5F83001FCF710FE0023C5F801
:103A20003031204614F007F9C5F830012046FFF781
:103A30006DF90346C8B1174A1548012114F0B2FCCC
:103A4000154811F0C1FC2046FCF758FD134B0C2221
:103A500002FB0033588818B122461F21FEF782FF6F
:103A60002046FCF7EBFDFFF713FAFFF711FABDE86C
:103A7000384012F0FDB801F079F8F8E73000002086
:103A800093D60200DED40200E0D602002DDC020054
:103A90002CBB0200ACD9020050010020E01800202D
:103AA00070B54FF0FF320D464FF0FF330021064650
:103AB000FEF7ECFB044660B90A4A0B490B481A238F
:103AC00013F04EF984F31188BFF36F8F0323184668
:103AD00002DF022104F10C0014F0EEF806704570CC
:103AE000204670BD69DD0200DED40200E0D602008F
:103AF000F8B50A4DEF7906460024E3B29F4202D89A
:103B00006FF0010007E02946304614F038FD073514
:103B1000631C08B12046F8BD1C46EEE730000020CB
:103B200070B51A4E06223146054617F048FD38B3E7
:103B30004FF0FF304FF0FF31FFF7AAF8044608B30B
:103B4000062229460C3014F0BDF82146002242F22C
:103B50000500FFF7F7F9044648B110F10D0F04D145
:103B60000B4A0C48022114F012FD204670BD33466A
:103B70002A6843F86929AA88B280012283F868205C
:103B80000024F2E76FF06804EFE700BF990000201F
:103B90009FDD020034BB020073B504460D4689B1B7
:103BA0001749284614F0EBFC60B9164A2968C4EBA3
:103BB000C404A3181151AA889A80AA799A71002086
:103BC00002B070BD6E46304614F05FFB0028F7D19E
:103BD0003046FFF78DFF0028F5DA0A4A0098B179E0
:103BE000C4EBC404A3181051B08898809971002DBB
:103BF000E5D012592A609A88AA809B79AB71DEE7DA
:103C0000EFEC02003000002070B5044629BB38B349
:103C1000274914F0B4FC18BB2046FFF769FF0028C1
:103C200040DA23786BB9234AD379002B3AD1206844
:103C30001060A179A088917101219080D1711846FE
:103C400070BD012B04D1A37903F0C003C02B07D0B2
:103C5000194A1A48012114F09AFC6FF01500EFE799
:103C6000144DEB79012B20D0BFF35B8FD5F8D43006
:103C7000BFF35B8FDB0707D4002CEED00C49204646
:103C800014F07DFC0028E8D1EE792146731C304603
:103C9000EB71FFF781FF08B93046D1E7EB79013BC3
:103CA000EB71CDE76FF07700CAE76FF00B00C7E765
:103CB000EFEC020030000020AEDD020034BB020059
:103CC0002DE9F341044640B91A4A1B48022114F079
:103CD0005EFC002002B0BDE8F08101AA002141F2A3
:103CE0000900FFF72FF9054608B1144AEDE7019ED8
:103CF0001349D6F80C8008F101070622384617F060
:103D00005EFC28B10F490622384617F058FC18B956
:103D10003046FCF793FCDCE7D8F80130C4F80130FA
:103D2000BB88A4F8053030462570FCF787FC0120DD
:103D3000D0E700BFDCDD020034BB0200F5DD02008D
:103D4000FCEC0200F6EC020007B56846FFF7B8FF8E
:103D5000044BD87118B169460020FFF71DFF03B06E
:103D60005DF804FB300000202DE9F041304EF17980
:103D700088B0002954D196F8C24014F0010411D142
:103D80002C4A2D48022114F002FC0024F47116255F
:103D900000240127F379E0B283422BD8002B3FD0D7
:103DA00000203AE06A464FF60940FFF7CBF808B129
:103DB000224AE6E7DDF800C0DCF80C5095F80180F7
:103DC000B8F1000F0ED0AB1C02AA12351868596862
:103DD000174603C70833AB423A46F7D11868386034
:103DE0009B88BB806046FCF729FCB8F1000FCDD161
:103DF000134AC6E708AB05FB0033694653F8182C95
:103E000033F8143CCDF80120ADF805308DF8007082
:103E1000FFF7C2FE01340028BCD008B0BDE8F08135
:103E20000021084608B0BDE8F041FFF7EDBE00BF35
:103E30003000002013DE020034BB02003FDE02002F
:103E40005FDE02002DE9F0411D460E46174603468F
:103E500048B145B10A0311D54C0708D5284A29486D
:103E6000012114F094FB6FF01500BDE8F08114F00F
:103E70009DFB0028F9D101232B70F6E7B1070478E8
:103E800024D021492FB1B20603D591F8D82050068D
:103E900032D5C4EBC40411F80480B8F1010F09D184
:103EA00001342144184614F079FB0028DDD185F84F
:103EB000008002E0B8F1000FF9D02FB1B30642BF85
:103EC0002B7843F002032B700020CEE7720710D549
:103ED0000D49C4EBC4040F5D012F07D10134214407
:103EE00014F05CFB0028C0D12F70E7E7002FE5D16C
:103EF000FAE714F05BFBBEE76FF08500B5E700BFA3
:103F000088DE020034BB02003000002038B5104DBE
:103F1000EB7913B10024204638BDFFF715FF0446A6
:103F200028B10C4A0C48012114F031FBF3E7EB797E
:103F3000002BEFD1FFF718FF04460028F1D1681CD1
:103F4000FFF7EEFD04460028E5D0044AEAE700BF8B
:103F500030000020A7DE020034BB0200C6DE0200F3
:103F60002DE9F74F884601904FF0FF314FF0FF30B9
:103F7000FEF78EFE044600284ED020210C3013F0B0
:103F80009BFE002120220646002717F010FBD8F8E0
:103F9000005006F1010B3946D8F804309F4208D38F
:103FA000019831700022214603B0BDE8F04FFEF7C2
:103FB000C9BF6A7895F800C0881C13181F2B5FFAD8
:103FC00080F915D9BCF1090FC9F11F0201D1002AEE
:103FD0000CDC134A1348012113F004FB2046FCF7C4
:103FE0002DFB6FF0150003B0BDE8F08F4FF0080C0B
:103FF0005FFA82FA0AF1010E0BF801E00131C9B251
:1040000058440BF801C0D144696817F0A9FA013788
:104010005FFA89F10835BFE76FF06800E3E700BF9A
:10402000E9DE0200DCBA0200F7B5CDE9000169461D
:1040300042F208009DF8207016461D46FFF790FFDB
:10404000044668B97FB9BFF35B8F0C4B53E8001F80
:1040500041F0040143E80012002AF7D1BFF35B8F5F
:10406000204603B0F0BD694642F20900CDE9006583
:10407000FFF776FF0028E6D00446F1E7580000205D
:1040800000487047480000202DE9F04FD0F810900C
:10409000DFF884A289B0B9F1000405460291934685
:1040A000039318BF0124BFF35B8FDAF80030BFF32E
:1040B0005B8F5A0740F18F81466873050CD56FF00E
:1040C0001504029B002240F20110934540F08C81C0
:1040D000204609B0BDE8F08FD0F81080B8F1000F8D
:1040E00001D0B707EBD08D4F2878FB798342E6D912
:1040F000C0EBC0008A490722384417F060FA002854
:10410000DDD0B00706D197F87030082B02D8AB6825
:104110009F2BD4D916F0300F74D0B8F1000FCED049
:10412000F10672D406F46036B6F5603FC7D0284673
:1041300014F053FA80460028C1D07A4EBFF35B8F4B
:104140003268BFF35B8FC2F30023D20500F14681D2
:104150006A68CDE90533CDF81B30AB68ADF8103097
:1041600012F4004FEB68ADF8123014BF062307239A
:10417000D00348BF03F00503910348BF03F0FB03DE
:104180008DF81D30BFF35B8F5AE8003F23F4807336
:104190004AE80032002AF7D1BFF35B8F2B783B76D9
:1041A00087F86F30224669685F480DF11503FFF705
:1041B00049FE0446002884D15C4BB9F1000F30D091
:1041C0002A6911684AF8B31C9188998092799A718A
:1041D0006B689A0727D0B9F1000F2BD013F0100F9E
:1041E0000CBF012304238DF814302B691A68CDF815
:1041F00016209A88ADF81A209B798DF81C304FF064
:1042000000081AE0B8F1000F8CD1D5E902239A42D8
:104210003FF655AF1F2A7FF652AFB3F5804F81D9D5
:104220004DE73F4ACDE79B0502D4039B002B3CD0D2
:10423000022300E04B468DF814304FF0FF304FF072
:10424000FF31FEF725FD0446002800F0CA800F224A
:1042500004A90C3013F036FD2146002242F206007C
:10426000FEF770FE044600287FF42BAFB9F1000F73
:104270001FD0686810F0030027D107462A480121A3
:1042800014F0AFF90446002858D0294A29480121E2
:1042900013F0A8F9002F3FF414AF3846002100F0C6
:1042A00011FB384600F0B8FA0BE703238DF8143001
:1042B000A5E7129B039A0298CDF800805946FFF7B4
:1042C000B3FE04460028D4D0FBE63C7E14491748D0
:1042D00087F86F40072217F072F960B91649204637
:1042E00000F06CFE074610B96FF00B04E9E60521FB
:1042F00000F0E8FAC2E70D49204600F0A3FE0028CE
:104300007FF4DDAE387E094900F058FE07460028EC
:10431000EAD00621ECE700BF0401002030000020B5
:10432000EFEC02005800002048000020510000205F
:1043300002DF0200DCBA0200E8EC020017B13846E6
:1043400000F06AFA6B68BFF35B8F9F0728D056E8CE
:10435000003F43F4007346E80032002AF7D1BFF370
:104360005B8FBFF35B8FB8F1000F22D056E8003FA0
:1043700043F4806346E80032002AF7D1BFF35B8F35
:104380006B68BFF35B8F58071CD556E8003F43F4BA
:10439000805346E80032002AF7D1BFF35B8F90E6E6
:1043A00056E8003F23F4007346E80032002AD6D0D6
:1043B000F6E756E8003F23F4806346E80032002A1F
:1043C000DCD0F6E756E8003F23F4805346E800329D
:1043D000002AE2D0F6E76FF00A0472E66FF0770485
:1043E0006FE66FF068046CE61988814204D1596861
:1043F00011B10978C90702D40132083365E60549CD
:10440000054816F0C0FE4FF470220023024811F058
:1044100065FA5DE6994401006000002010B51B4C70
:10442000204614F004F9BFF35B8F2369BFF35B8F61
:10443000DA05C3F3002027D5BFF35B8F2369BFF3F1
:104440005B8F9B0516D504F109001149072217F06F
:10445000B6F8034614F8180993B90E49052200F07E
:1044600029FE044630B10021417200F02BFA2046AB
:1044700000F0D2F9BDE810400448002114F0B1B8B2
:10448000062204F12101EAE710BD00BF4800002028
:10449000EFEC0200E8EC020010B5FFF7BFFF0346A7
:1044A00030B1044A0448BDE81040022113F0A3B81B
:1044B00010BD00BF1DDF0200DCBA020070B50C4B5E
:1044C0001C68054644B154F8143C143C13B1697A95
:1044D000284698476469F5E7064C074EB44200D376
:1044E00070BD236813B1697A284698471834F5E7F8
:1044F000301900208CBA0200BCBA020010B5044684
:10450000FBF7FCFF044901EB0011204613F017FFF5
:10451000BDE81040FEF7BCBCFC18002070B5D1E926
:10452000015600220446C1E90122064816F011FD99
:104530003DB1314620462B466FF06D02BDE870401C
:10454000184770BD0C06002070B505460F480022C4
:10455000002310F06DFFB8B90D4B1C6834B154F84E
:104560000C3C143C03B198476469F7E7094C0A4EC8
:10457000B44204D32846BDE8704011F00BB9A368DB
:1045800003B198471834F3E770BD00BFFC05002065
:10459000301900208CBA0200BCBA02002DE9F041AB
:1045A000044620270025EFF3118287F31288BFF31A
:1045B0006F8FE16929B1206A0B68E361814208BF0E
:1045C000236282F31188BFF36F8F71B1D1E9016863
:1045D0000748C1E9015516F0BCFC1EB10022414656
:1045E0002046B047FEF754FCDDE7BDE8F08100BF90
:1045F0000C06002070B5031D0446BFF35B8F53E823
:10460000002F42F4806143E80015002DF7D1BFF37D
:104610005B8F52051BD4BFF35B8F6368BFF35B8F67
:10462000DB0308D5E37893B9094A0A48BDE870402E
:10463000022112F0E0BF13F047FF034620B1064A03
:104640000448012112F0D7FFA37A072BEAD070BDEE
:1046500064DF0200F4BA020043DF02000448B0F84D
:10466000FC30002B00F5807008BF0020704700BFB1
:104670003000002030B50446FBF746FD0D4A0D46DC
:104680000D490858D2F89010884289B005D12046CB
:1046900009B0BDE83040FFF781BF24342146104601
:1046A00016F031FD1DB16946204616F03CFD09B0FB
:1046B00030BD00BF081400200800000038B50022FB
:1046C00004468A4202D10024204638BD04F1C803C2
:1046D0000120BFF35B8F53E8005F002D04D143E856
:1046E000000CBCF1000FF6D1BFF35B8F02D0D034C9
:1046F0000244E6E7002CE6D0C8220021204616F04E
:1047000056FF04F14000044916F03DFD034904F151
:10471000240016F0CDFCD7E71D520100558602009B
:10472000F7B516460D4601210446FFF7A3FF012EFB
:1047300023D0022E52D123693BB13148314A0121A5
:1047400012F050FF204613F0A9FF256121690B8A62
:10475000012B53D9CA681288043292B293424DD3C6
:1047600043D9274800920121274A12F04EFF2046E4
:1047700003B0BDE8F04013F091BF206940B9234A6F
:104780001F48314612F02EFF204613F087FF01E04C
:104790002A8A2AB9284603B0BDE8F040FBF74EBF8D
:1047A000018A438A47695B1AC168C91B5B1A9A422E
:1047B0000CD9174A1248314612F014FF2169002221
:1047C000204600F091FF00232361E3E7E9680C3005
:1047D00013F078FA2846FBF731FFB7E70D4A08488F
:1047E0003346012112F007FFCEE7002301222046C5
:1047F000236103B0BDE8F04000F076BF03B0F0BD28
:10480000F4BA02007DDF0200FDDF02009ADF020041
:10481000B8DF0200DFDF020008B500F1C803BFF314
:104820005B8F53E8002F013A43E800210029F8D1BB
:10483000BFF35B8FAAB90B4B984212D303F1D0029E
:1048400090420ED2C01AD023B0FBF3F203FB120049
:1048500038B9054810F0B8FDBDE80840034810F02D
:1048600099BF08BDB00E0020FC050020EC0200201E
:1048700010B5044613F01BFF11F0E6F9104AD2F808
:10488000141104F1BC0361B9C4F8BC10D2F81811BA
:1048900059B9C2E9453311F0EBF9BDE81040FEF714
:1048A000F7BA8B4205D00968EDE70B60C2F8183102
:1048B000F1E711F0DDF92046FFF7AEFFEDE700BFAD
:1048C00030000020F8B5867A8E4200AF04460D46CF
:1048D0001BD1082E96BF534B534B53F826306C46D2
:1048E00088B06A465149CDE905134FF40073ADF81D
:1048F0001C304F4B42F8103F4E4800234FF4E45118
:10490000FAF7E6FAA546BD46F8BD81720EB913F076
:10491000CEFEA37A082B00F2818001A252F823F088
:104920006D490100C3490100074901000749010021
:1049300007490100074901000749010045490100F5
:10494000074901000023C4E90D33E378012BDAD1D4
:10495000A378012B04BF032384F898304FF420324E
:10496000002304F1400010F085FFCCE7082ECAD8E0
:10497000DFE806F02005171C1C1C1720200004F19E
:104980004005284616F00BFC01212046FFF772FE79
:10499000204613F083FE00220023284610F09EFFDD
:1049A000B1E7637A13B12046FFF788FD2046FFF791
:1049B00033FFA8E7204A2B461E48022112F01BFEB7
:1049C000A1E7637A3E2B0FD16D4688B06A461B4B38
:1049D000CDE90534032342F8103F164800234FF475
:1049E000C451FAF775FAAD46154D05F58076616943
:1049F00011B9FEF74DFA86E7A2690B68636191422F
:104A000008BFA3612046FFF789FDB5F8FC30002BF5
:104A100014BF3046002010F0D7FCE8E7094A2B46C7
:104A2000CAE700BF64C0020018E0020022E00200F2
:104A300003000001F4BA020033E002004AE0020081
:104A40003000002071E00200F8B5074609480D4625
:104A5000164613F02CFE044650B183781F4203D152
:104A6000BDE8F840FFF7D8BE3146A8472046F7E733
:104A7000F8BD00BFB00E0020024900220120FFF760
:104A8000E3BF00BF9186020070B505460E480E4692
:104A900013F00DFE0446A0B1837A012B02D0073B30
:104AA000012B0CD82388AB4208D1A3781E4209D130
:104AB000064A07482B46022112F09DFD2046FFF7CB
:104AC000ABFE0024204670BDB00E00208DE0020039
:104AD000F4BA0200034BC01A034B00115843C0B292
:104AE000704700BFB00E0020C54EECC470B51C4628
:104AF000144305460E460DD00F49FBF705FBD1F8D0
:104B000090400E4909588C4206D10D4A0D480221A9
:104B100012F068FD002213460B49002D14BF2846F1
:104B2000084613F059F8044618B1711D0C3013F003
:104B3000B8F8204670BD00BF08140020080000002F
:104B4000A4E00200F4BA02002C06002010B50446CE
:104B5000054810F01FFE204600F00CFD2046BDE881
:104B60001040FFF7ABBC00BFDC0200202DE9F04F86
:104B700087B000AF0023FB607B61BE4B5A8A3AB11D
:104B8000BD4DD5F814413CB91C37BD46BDE8F08F8A
:104B90001B68002BF4D1F7E754F8BC3903B1BC3BD8
:104BA000B649002601E01C461346B5F8FC20002A51
:104BB00000F07381D5F808214AB904F1BC06002B36
:104BC000E2D0D3F8BC20002AEDD0BC3AEBE70A686B
:104BD000002AF2D0D4F8A820002AEED0D4F8AC20D5
:104BE000002AEAD0D4F8B020002AE6D0A37A072B16
:104BF0006CD120469047002868D0BFF35B8FD4F873
:104C0000C030BFF35B8F022B60DC204613F04FFDFA
:104C100004460028B8D0A37A072B40F03B81D4F893
:104C2000A830B5F8FC1007F11002204698478146DD
:104C3000002800F00E81B5F8FC203B699A4208D3A9
:104C40000146D4F8AC6007F1140307F10C022046CA
:104C5000B0477B693B60B9F81030D7F80C80002B67
:104C600000F001814846D7F810A013F07EFB786071
:104C7000002840F0FB80B5F8FC30DFF804B2002BD0
:104C800014BF584600200022002310F0D1FB78B951
:104C90007A480022002310F061FB064600283BD131
:104CA000B5F8FC30002B18BF5E46304610F08CFB88
:104CB0006FF00B054846FBF7C1FCB8F1000F00F0A0
:104CC000B38039682A462046C047ADE0D4F8BC30EE
:104CD00004F1BC02C6B9D5F81811C5F814318A42DE
:104CE00001D1C5F818310023C4F8BC302046D4F8EF
:104CF000B030984700288ED0A37A072B40F0CA80A6
:104D00002046FFF7B5FD86E73360D5F818319A42A3
:104D100008BFC5F81861E6E73B68C0F80480836007
:104D2000B5F8FCB05348DA454FF000024FF00003ED
:104D30004FF0000198BF1FFA8AFBFBF701FC804689
:104D400050B1FBF7DBFB4F4B5A4603EB00134946D0
:104D5000404613F0CFFA8046B5F8FC3094F8C49082
:104D60009A4584BF01237B607B6884F8C4309CBF74
:104D700009F102095FFA89F904F1C00ABFF35B8FF8
:104D80005AE8003F01334AE80032002AF8D1BFF365
:104D90005B8F00233360A369002B5ED1C4E90566F5
:104DA000A378012B5CD108F10C0B0421584612F0BA
:104DB0009AFF238809F0FD0943EA09330380B8F814
:104DC0001030043B43800221584612F094FF4046C5
:104DD000FDF79CFF814600285CD0BFF35B8F5AE84B
:104DE000003F013B4AE80032002AF8D1BFF35B8F55
:104DF000314604F1140013F030FC234A23484B469B
:104E0000012112F0F8FB4046FBF718FC2046314622
:104E1000FFF784FBB5F8FC301948002B08BF0020D1
:104E200010F0D2FA6FF004056E4688B0184A079465
:104E3000CDE905256A46042342F8103F13484FF494
:104E400001510023FAF744F81321B546204613F028
:104E50004AFC2046FFF7E0FC96E61E60A6619FE74D
:104E60006FF01509B9E76FF0790523E76FF00405D6
:104E700020E700BF98060020300000200C0600202C
:104E800030010020FC180020ACD90200F4BA020066
:104E9000CDE00200FDF7FCFFDBE79368FFDE00BF1B
:104EA0002DE9F04140F2E243D0F88860B6FBF3F61A
:104EB0000446B6B2031DBFF35B8F4268BFF35B8F3E
:104EC000920417D5B0F88C20B24213D8B0F88E20D7
:104ED000B2420FD3D0E9241291420BD1BFF35B8FC2
:104EE00053E8001F21F4005143E80012002AF7D1D3
:104EF000BFF35B8F104B1D6865B155F8047C143D02
:104F000037B1B4F89230B4F8902031462046B84713
:104F10006D69F1E7094DDFF82880454501D3BDE80B
:104F2000F0812F6937B1B4F89230B4F8902031464F
:104F30002046B8471835F0E7301900208CBA020037
:104F4000BCBA02002DE9F041074608460D4613F0B1
:104F500073FA064618B900263046BDE8F081144BB6
:104F60001C6884B154F8083C143C0BB96469F8E738
:104F70002946384698470028EDD0284613F05CFAB9
:104F80000028F3D1E7E70B4CDFF82C804445E3D24F
:104F9000E3680BB91834F9E72946384698470028E2
:104FA000D9D0284613F048FA0028F3D1D3E700BF40
:104FB000301900208CBA0200BCBA020038B5054690
:104FC0000C460E480121FFF779FBB0B1057223684A
:104FD0000367A388A0F87430A37980F876300123A2
:104FE0008370074BC0F8A830064BC0F8AC30064BB6
:104FF000C0F8B030054BC0F88C3038BDB00E002082
:105000007154010041860200358602001800280014
:1050100070B505460A480E4613F049FB044620B118
:105020008378012B04D0FFF7F7FB0024204670BDE6
:105030003246294613F077FB0028F7D12046F2E7E5
:10504000B00E0020B0B500AF0D46FFF7E1FF0446FB
:1050500008B32846FDF776F8A37A082B96BF0F4AC7
:105060000F4B52F823306D468AB06A460D49CDE9A0
:1050700007030D4B09930D4BCDE9051442F8103F82
:105080000B4800234FF44251F9F722FF2046AD466A
:10509000FFF7C2FB0120BD46B0BD00BF64C00200E7
:1050A00018E00200F0E00200010302040500000223
:1050B000F4BA0200F8B505460E480E46174613F03E
:1050C000F6FA044620B18378012B03D0FFF7A4FB46
:1050D00000240DE036B13246294613F024FB08B90E
:1050E0002046F3E7A37ABB42FAD1237AAB42F7D149
:1050F0002046F8BDB00E002010B583780B70C37841
:105100004B70037A8B70837A023BDBB2062B96BF1F
:10511000254A0023D35C81F82030012381F8213017
:1051200000234B848378012B3AD100F170038B600C
:10513000037A1E4AC3EBC30313444B60C27800F1E9
:10514000770300F17E0412BB1A462346C1E903230C
:10515000D0F888304B6140F2E242B3FBF2F30B83AC
:10516000B0F890304B83B0F892308B83D0F8A430F5
:105170002BB15B7CDA0644BF012381F82330D0F8E1
:10518000A43013B15B7C9B0603D4002010BD2246E3
:10519000DCE791F8233043F0020381F82330F4E791
:1051A0006FF01500F2E700BF43ED02003000002071
:1051B00038B5044608460D4613F03EF948B3164B81
:1051C00093F8D830990707D4E37883B1294620466D
:1051D000BDE8384000F0B4BA94F899309A07F3D596
:1051E000BFF35B8F6368BFF35B8F5B04ECD429462E
:1051F000204613F0BEFA58B92B88A4F88C306B887F
:10520000A4F88E30AB88A4F89430EB88A4F89630DC
:1052100038BD6FF01500FBE730000020F7B510F83F
:10522000363C0446A0F140060BBB304613F0F4FABE
:105230003A4B1D684DB155F8103C143D1BB114F8A4
:10524000371C304698476D69F4E7354D354FBD4200
:1052500005D3304603B0BDE8F040FFF7DDBA6B6818
:105260001BB114F8371C304698471835EFE710F893
:105270003E3C012B31D1BFF35B8FA0F13C0555E8DB
:10528000003F23F4005245E800210029F7D1BFF385
:105290005B8F990429D5E36C00936946636D019394
:1052A0003046FFF785FF0346C8B9BFF35B8F55E86B
:1052B000003F23F4805345E80032002AF7D1BFF3C2
:1052C0005B8FBFF35B8F55E8003F43F4006345E815
:1052D0000032002AF7D1BFF35B8F03B0F0BD124A52
:1052E0001248022112F087F9EBE7114A4FF4281314
:1052F00069463046CDE90023FFF75AFF034650B90F
:10530000BFF35B8F55E8003F43F4805345E800321C
:10531000002AD4D0F6E7074AE2E700BF30190020A0
:105320008CBA0200BCBA020029E10200F4BA020001
:10533000180028004EE1020010B50E4815F0DAFD05
:105340000D490C4815F005FE0C490A4815F001FE00
:105350000B49084815F0FDFD13F096FE02F0D8F851
:10536000044628B914F0CEF8044608B913F0FDFA43
:10537000204610BD0C0600200C1900201819002032
:10538000241900200346024A0248012112F033B9D1
:1053900001E202003CBB020080B500AF88B06A4663
:1053A000074BCDE90530032342F8103F05480023A1
:1053B0004FF4C251F9F78CFD6FF00B00BD4680BD74
:1053C00029E202003CBB020008B5064A136823B973
:1053D000054850600A60184608BDFFF7DDFF6FF012
:1053E0000B00F9E738190020B0C0020070B5044680
:1053F00052EA030008D0FAF787FE074D074ED5F8AA
:1054000090503058854201D1002213462046043185
:10541000BDE87040FFF76ABB0814002008000000D8
:1054200038B5054618462B68DBB19B7A072B18D197
:105430000B7A012B07D00C4A0C48012112F0DBF843
:105440006FF0150038BDCB7A072BF9D9C8618A6196
:1054500005F1300015F07DFD284613F0B4F9002069
:10546000F0E76FF07F00EDE750E202003CBB020086
:105470002DE9F84FD0F8B44000AF8846914644B1CA
:10548000403C236B63B92068B43013F0BBF9246C43
:10549000F5E7FDF7FDFC00263046BD46BDE8F88F78
:1054A00004F1300A504615F069FD05460028F0D099
:1054B00012F05BFF80B16C4688B06A462A4BCDE99A
:1054C0000535032342F8103F284800234FF4C2510A
:1054D000F9F7FEFCA546DEE7284612F0ACFB656C4A
:1054E00006469DB9A38C058A403B9BB23F2B03D84F
:1054F000238D9D4228BF1D46042106F10C0012F0A9
:10550000F2FB0580A38C438004356564454520D8B3
:10551000B6F810B0AB4506D10022002350460FF07C
:105520001DFFFBF78BF8A38CA3F140023F2A07D89D
:10553000AB4514BF00220E4AB26118BF1346F36197
:105540002068B43013F05EF9236B13B1204613F0DA
:105550003AF9636CC9F80030984534BFA3EB0801F1
:105560000021616498E700BF68E202003CBB0200D2
:105570001B890200F7B5284D284F04460026BD427E
:1055800001D303B0F0BD2988204613F0BCF96B6845
:10559000019001A920469847002838DB019B2A8802
:1055A0009A829A8403F11002BFF35B8F52E8001FC6
:1055B00042E800600028F9D1BFF35B8F1E645E648F
:1055C0009E60A16B03F1080219BBC4E90D221C60A7
:1055D000DE6003F1300015F08DFC019843681B6814
:1055E00003B19847019BBFF35B8F103353E8001F53
:1055F00041F0010143E80012002AF7D1BFF35B8FAD
:1056000001984368DB6913B100F110019847083530
:10561000B5E70A60A263DAE774BA02008CBA020046
:1056200073B50D460646042105F10C0012F074FB1B
:105630002B8A42889A42044607D000921C4A1D4891
:10564000012111F0E2FF02B070BD43783BB91A4A64
:105650001848012102B0BDE8704011F0C3BF0378C3
:10566000012BF0D0132B06D1022AECD00223009399
:105670001346124AE3E7124A0E48022111F0BBFF1B
:10568000617835680222012013F023F904460028CE
:10569000D9D002210C3012F00FFB002303704370AD
:1056A0002146284602B0BDE8704013F043B900BF60
:1056B00080E202003CBB0200A1E20200C2E2020062
:1056C000EDE2020008B50B8A032B06D8044A054810
:1056D000012111F087FF002008BDFFF7A1FFFAE7C5
:1056E00015E302003CBB020038B50B8A032B0546CC
:1056F0000C4609D80F4A1048012111F073FF2046CB
:10570000BDE83840FAF79ABF042104F10C0012F00A
:1057100003FB4188284613F01EF930B9074A0648B2
:105720000B46022111F067FFE9E7436821465B69F8
:105730009847E4E733E302003CBB020050E3020079
:1057400070B5144A137801330C4613F0FF010CBFF7
:1057500001230B461370064608BF19460822122083
:1057600013F0B7F8054688B108210C3012F0A4FAFE
:105770002288028062884280A2888280E288C28079
:1057800029463046BDE8704013F0D4B86FF00B00E6
:1057900070BD00BFAF2E002023281FD81A2804D8C0
:1057A000431E182B0ED906207047A0F11B03082BAF
:1057B0001ED8DFE803F0051D1B231D19251D05005C
:1057C000032070470F4A012383401A40C2B90E4A92
:1057D0001A40002A0CBF06200120704700F07F030A
:1057E000522B05D1002070470120704705207047DB
:1057F00010F0400F14BF00200620704704207047AF
:1058000002207047AAAA8A02545545012DE9F74F94
:10581000064608460C46FAF771FE2E4F18234343FE
:10582000FA18054691680191E168BFF35B8FF06C4F
:10583000BFF35B8FC0070AD4274A2848012113F021
:10584000B7F86FF01509484603B0BDE8F08FE0687F
:10585000007810710022FA500B78D22B0FD13368E8
:105860002146186813F04BFE814640B11C4A1B4884
:10587000012113F09DF82046FAF7E0FEE3E7182334
:1058800003FB0573D4F80C80D4F814B0B4F810A05E
:105890009E6000231A462146301DFFF7C1FD814658
:1058A0000028D0D010F1690F04D10E4A0B48012115
:1058B00013F07EF86269019BA4F810A0A8EB0B0816
:1058C00012FA88F2E260182255437A1947F80590D7
:1058D0009360B8E7881900208CE30200E4BA020064
:1058E000A6E30200B9E3020008B5EFF3118120231B
:1058F00083F31288BFF36F8F002303600F4B5A6846
:10590000C2B9C3E9000081F31188BFF36F8F0C485F
:105910000FF040FF031E0CDA0A4A0B48012111F078
:105920006AFE002383F31188BFF36F8F03231846A9
:1059300002DF08BD10605860E5E700BF8019002055
:1059400024030020DCE30200E4BA0200094B9A6859
:10595000011F914204BF00229A601A6A06489142D0
:1059600004BF00221A629A6B914204BF00229A631C
:1059700015F008BA8819002098050020024A03484B
:10598000012113F015B800BF05E40200E4BA0200DB
:1059900010B500F148030446BFF35B8F53E8001FC6
:1059A00041F0010143E80012002AF7D1BFF35B8FF9
:1059B000201F13F0D1F804F16400044915F0E3FB53
:1059C0002068BDE8104001F069BD00BF9969010081
:1059D00073B50E46438D418B8B4202F1010228BF05
:1059E0000B469A42054609D91E48009202211E4ADA
:1059F00011F00BFE0024204602B070BD3046FFF7C8
:105A0000CBFE6FF01403034113F0010310D0FAF73B
:105A10007BFB164B1958164BD3F8903099421ED089
:105A2000144B1B685A1A18BF4FF0FF32134601E09F
:105A30004FF4702210480021FFF7D8FC04460028DC
:105A4000D9D0FAF75BFD0D4B182202FB0033012180
:105A500004F10C009D6012F02FF90670CBE70022D4
:105A6000E4E700BFE4BA020022E4020008000000FC
:105A700008140020D01900205006002088190020AA
:105A8000F0B51D4603680E46003987B0044618BFBE
:105A900001211868174613F0F2FC40B904F14C00DC
:105AA00013F0C2F8002846D0002007B0F0BD002D4A
:105AB00043D018220021684615F079FD6FB100220D
:105AC00013212046FFF784FF019030B91C481D4A7E
:105AD000012112F06DFF1120E7E723681A4A1B68C5
:105AE00000930023ADF812300C9B0393BDF83430C3
:105AF000ADF8103001238DF8143029466B46284646
:105B00008DF8086013F06CF89DF8143063B1002F25
:105B1000CAD00198FAF792FD9DF814302A46314612
:105B2000204613F090F8BFE701990029BCD0204629
:105B300012F0A8FFB8E71220B7E70120B5E700BFD1
:105B4000E4BA020047E40200138A02002DE9F3419F
:105B50000B8A04460D4643B9294A2A48012112F00E
:105B600027FF002002B0BDE8F0810768012105F1A0
:105B70000C0012F0D1F8BB7A072B0646F1D154F88D
:105B8000043C002BEDD003781F4F043C002217F893
:105B9000320098424FEAC20807EBC20114D12A8AA8
:105BA0004878904226D91748009301211346174A96
:105BB00011F02BFD04234744BA78012AD1D1002BE0
:105BC000CFD03178002211E001320C2ADFD1104A07
:105BD0000C48022111F00FFD31780846FFF7DCFD7B
:105BE0002122C24012F00102BBD10623204613F04D
:105BF0002AF8B6E74B682046294698470346DAE775
:105C000060E40200E4BA0200D8C0020095E4020099
:105C10007BE40200F8B54FF47022074600231148D8
:105C20000D4611F0D9FF044638B90F4A0F482B46EC
:105C3000012111F0E0FC2046F8BD00F10C0609211D
:105C4000304612F02EF82046FAF758FC084B18227E
:105C500002FB0033012130469F6012F02DF80570E1
:105C6000E9E700BF5006002001E20200E4BA0200AA
:105C7000881900202DE9F0410E8A043EF6B2022E6A
:105C800004468CB0084601D0102E64D104210C309B
:105C900012F042F80DF1080805884788011D3246C8
:105CA000404612F0D2FA002857D0A5B300268FB391
:105CB000AF4230D34FF4205301A940468DF8046021
:105CC000ADF8063012F094FA48BB1422002107A860
:105CD00015F06DFC11212046FFF79CFF099000286C
:105CE00037D001210C30CDE9074811F0E5FF002342
:105CF0000A90394603701A4A0B93284607AB12F0F4
:105D00006FFFDDE909131B78FBB90846FAF796FC2B
:105D10000A2301E03D4601232A4610210EE042F607
:105D2000010307A940468DF81C60ADF81E3012F043
:105D30005FFA0028C9D010232A461946204612F0DF
:105D400082FF00200CB0BDE8F081204612F09AFEE0
:105D5000F7E71120F6E70420F4E70E20F2E700BF92
:105D6000B96201002DE9FF41036804460D46186839
:105D7000012113F084FB40B904F14C0012F054FFF0
:105D8000A0BB122004B0BDE8F081102200216846BB
:105D900015F00DFC21212046FFF73CFF029038B39F
:105DA000009405F10C074FF001082B8A012B04D851
:105DB0000299204612F066FE18E0384611F0BCFF4A
:105DC0006B460C4A8DF80C800146064612F008FF1F
:105DD0009DF80C30002BE8D00298FAF72FFC9DF8C4
:105DE0000C3032462021204612F02DFF0020C9E75A
:105DF0001120C7E7998E02002DE9FF410368044690
:105E00000D461868012113F03AFB40B904F14C002B
:105E100012F00AFFA0BB122004B0BDE8F0811022EE
:105E20000021684615F0C3FB0F212046FFF7F2FE64
:105E3000029038B3009405F10C074FF001082B8A4B
:105E4000012B04D80299204612F01CFE18E03846B7
:105E500011F072FF6B460C4A8DF80C800146064625
:105E600012F0BEFE9DF80C30002BE8D00298FAF735
:105E7000E5FB9DF80C3032460E21204612F0E3FE81
:105E80000020C9E71120C7E71D8F0200F0B51D46AD
:105E9000036885B004460E4618680121174613F0C2
:105EA000EEFA38B904F14C0012F0BEFE50BB1220DD
:105EB00005B0F0BD65B310220021684615F077FBF0
:105EC00039462046FFF7A6FE029018B3BDF82830E9
:105ED000ADF8043001238DF80C3029466B460E4A8C
:105EE0000094284612F07CFE9DF80C3002995BB1BC
:105EF0000846FAF7A3FB9DF80C302A4631462046A7
:105F000012F0A1FE0020D3E7204612F0BBFDF9E716
:105F10000120CDE71120CBE71D8F02002DE9F041D4
:105F20000E8A043EF6B2022E04468CB0084601D01A
:105F3000102E76D104210C3011F0EEFE0DF1040884
:105F400005884788011D3246404612F07EF9002838
:105F500069D085B377B3BD422DD86068012113F0B5
:105F60008EFA064678BB8DF8000042F602036946B9
:105F70004046ADF8023012F03BF920B342F603037D
:105F800006A940468DF81860ADF81A3012F030F9C5
:105F9000C8B1012D03D14FF6FF739F4213D004F116
:105FA0004C0012F041FE002814BF002012200CB05B
:105FB000BDE8F0813D4601232A460821204612F023
:105FC00042FE0020F3E7182200210DEB020015F03D
:105FD000EEFA09212046FFF71DFE0890F8B10121D5
:105FE0000C30CDE9064811F067FE002309900370DC
:105FF0000A238DF82C30394606AB0C4A284612F09D
:10600000EFFD9DF82C3008992BB10846FAF716FBE6
:106010009DF82C30D0E7204612F034FDD1E7112056
:10602000C5E70420C3E70E20C1E700BF716301008C
:106030002DE9F0430F4687B00446062107F10C0016
:1060400011F06AFE0588EDB1B0F80280B8F1000FDA
:1060500017D0454516D8002382888DF800308DF87A
:10606000043001A94FF420536846D7F80C90ADF8DE
:106070000220ADF8063012F0BBF8064660B10A23E4
:1060800001E0454601232A460621204612F0DBFDA9
:10609000002007B0BDE8F0830146142201A83F7C30
:1060A00015F085FA07212046FFF7B4FD0290D8B11C
:1060B0000A238DF81530414601AB0C4A019428465D
:1060C000CDE903698DF8147012F08AFD9DF8153042
:1060D00002992BB10846FAF7B1FA9DF81530D2E7CC
:1060E000204612F0CFFCD3E71120D2E75D6101001A
:1060F0007FB5CB681D8804468DB15E8876B1B54208
:106100000DD810220021684615F051FA05212046CD
:10611000FFF780FD019058B9112007E035460123B3
:106120002A460421204612F08EFD002004B070BDE6
:106130006B463146084A0094284612F051FDDDE9CD
:10614000011323B90846FAF779FA0A23E8E720464B
:1061500012F098FCE9E700BFA18A02002DE9F043A4
:1061600091B0D2F8008006460F46002542F60103A2
:106170000068D8F804908DF82C500BA91446ADF89F
:106180002E3012F035F800286DD04FF420533068CF
:106190008DF82C500BA9ADF82E3012F029F838B13B
:1061A000A3681BB15A88BA4200D25F80012010E078
:1061B0006168084612F0E4FBB8F82A20B8F81A30F3
:1061C0009A4294BFC0EB0200C0EB0300032803D83F
:1061D000002011B0BDE8F083084611F033FD61687E
:1061E0000546084612F0CCFB6B8A2A8AA3EB020C08
:1061F0006B69EA68D21AACEB0203B8F82AC0B8F8A7
:106200001A20944594BFC0EB0C00C0EB02008342FF
:1062100028BF03466BB9887AFAF768F90022002391
:1062200011F0DAFC05460028D2D00146606811F072
:106230001AFD00230093D6F804803146102302AAE9
:106240004846C047061E0EDB227CE068964227D0F7
:1062500001460BA811F0F9FF40B9237C134A1448FA
:10626000022111F0C8F90023A3609FE7F2B202A94E
:1062700006A811F0EAFF10B90E4A3346EFE706A967
:106280000BA811F0B5FF0028EDD1002363740421A1
:1062900005F10C0011F010FDA0600780A36884E7F1
:1062A000324602A915F08BF9EDE700BFB4E4020015
:1062B000E4BA0200D3E402002DE9FF4105460E4690
:1062C0004FF000084FF42053006817688DF80880DD
:1062D00002A91446ADF80A3011F08AFFA0B142F6C7
:1062E000010328688DF80C8003A9ADF80E3011F079
:1062F0007FFF48B123691BB15A88B24200D25E8049
:10630000012004B0BDE8F0816168286811F070FFD9
:1063100010B100232361F3E7E368A0681A786AB13B
:10632000B7F81AC0798D038A8C4594BFC3EB0C0370
:10633000C3EB0103934201DA0020E2E704210C30B1
:1063400011F0BAFC2061068023695E80074B009340
:106350000194A26800232946384612F014FD002853
:10636000EADB2069003818BF0120CAE7C18B0200B0
:106370002DE9F34717680546894600685168D7F844
:1063800004A0144611F034FF804600284BD195221A
:106390002946504613F020F80646207540B1E368C0
:1063A0001B780BB184F81480002002B0BDE8F087A0
:1063B0002946504613F066F810B908232375F3E711
:1063C000A068267511F03EFC02210C3011F074FC1F
:1063D000164B2061A0F8009000930194A268334608
:1063E0002946384612F0CFFC002807DA10F1FF0FDB
:1063F00026BF4042C0B20E202075D5E72369002B8E
:10640000D2D0A06812F0BCFA7B8D7A8B9A4294BFEE
:10641000C0EB0200C0EB0300E3681B78984294BF16
:1064200000200120C1E70120BFE700BF91890200E1
:106430002DE9F04182B000AF044688463E48002274
:10644000002339460EF05CFF0546B0B16D4688B0BA
:106450006A463A4BCDE90534032342F8103F3848E9
:1064600000234FF4C251F8F733FDAD466FF00B0631
:1064700030460837BD46BDE8F081F9F745FE314B9F
:106480001A58314B38681A602946242215F08FF8C3
:106490003B682E481C603C687D60C4E90155C4E936
:1064A000075500220023391D0EF02AFF064688B149
:1064B00023686C4688B06A462549CDE90513032355
:1064C00042F8103F1E482B464FF4C451F8F700FD28
:1064D000A546CBE70146A022786815F068F87868F1
:1064E0001C4B8360543014F005FD7B68BFF35B8F59
:1064F0004C3353E8002F43E800610029F9D1BFF382
:106500005B8F7B681C60E3697D681BB904F10C003C
:1065100014F0F0FCE269C5F89820226A05F19803AE
:10652000E36102B923627B6817225A855A830433D8
:10653000C8F800309CE700BF7C050020F2E40200B0
:10654000E4BA020008000000D019002098050020DD
:1065500017E50200FC02002008B5837A072B06D05D
:106560000C4A02210C4812F023FA002008BD042135
:1065700012F0F1F910B9094A0121F3E7BFF35B8F7B
:10658000836CBFF35B8FDB0701D4054AF4E750F857
:10659000040CEBE73CE50200E4BA02004AE5020025
:1065A0008CE302002DE9F04F85B000AFB860EFF347
:1065B0001188202383F31288BFF36F8F5B4D284629
:1065C00012F0D4F92E68044688F31188BFF36F8F58
:1065D00000285FD0F9F792FF5549182202FB00F31B
:1065E000C81851F803A00369FB600021D0E90258E4
:1065F00090F80490B0F806B014F0D9FFA07AF9F73B
:1066000075FF6169034659B1627AD00706D4DA6929
:106610007B6012682046926890477B680022626126
:106620002146184614F0A0FCB9F1000F0DD065B159
:106630002B6853B11B6843B1BAF1000F2ED03D4A0D
:106640003D485346012110F0D6FF1EB3B968002023
:1066500014F059FD00281DDA6C468AB06A46374BA3
:106660000593374BCDE906304FF40073ADF8203079
:10667000344B42F8103F304800234FF41151F8F7E3
:1066800027FC0023A54683F31188BFF36F8F0323F4
:10669000184602DF1437BD46BDE8F08F281D12F002
:1066A0006DFC4846FFF778F80528CED801A353F8CB
:1066B00020F000BFFD660100CD6601004B660100C1
:1066C000FD6601004B660100CD660100BFF35B8FE4
:1066D000EB6CBFF35B8FDA0705D41B4A1648012128
:1066E00012F066F9B1E72B6D002BAED04FF470229B
:1066F000002305F168000FF0F1F8A6E72B68D3F846
:106700000090BFF35B8FEB6CBFF35B8FDB07E4D5CF
:10671000B8F1000F99D0002403E0F9684846C0475B
:106720000134A3B29B45F8D88FE700BF8019002041
:106730008819002065E50200E4BA020084E5020041
:106740004AED0200040000018CE30200F8B50F4698
:106750001646FFF701FFB0B1C46920461CB150F8DE
:10676000984904B1983C731C194638B1428B458D49
:10677000AA4228BF2A469A4207D264B90A4A0B485D
:10678000022110F038FF0020F8BD32463946BDE83E
:10679000F840FFF71DB9D4F8985005B1983D204650
:1067A0000B462C46E2E700BF9FE50200E4BA020078
:1067B00007B50B4602460021F9F7A6FC01910E49E8
:1067C00009580E480068884204D00D48D0F890005F
:1067D000884201D10022134601A90A480EF090FD1B
:1067E000014638B90198102214F0E1FE019803B077
:1067F0005DF804FB0020FAE708000000D019002033
:1068000008140020B405002010B50446806818B1B3
:10681000F9F714FF0023A36021460248BDE81040A9
:1068200014F0B0BAB40500202DE9F74304466830EF
:106830000F4690461E4614F0B2FC206D50B9154A22
:106840001548022112F0B4F8204603B0BDE8F04329
:1068500000F08AB8114B98424FF0000317D04568FA
:106860004360206DD0F80C90FFF7CEFF0023206826
:10687000236512F0B8FB3DB12068CDF800900068A8
:1068800043463A463146A84703B0BDE8F0831D466B
:10689000ECE700BFBAE50200E4BA0200D419002018
:1068A000F7B550F8044C0546002C59D000F194017E
:1068B00004F11C0012F09FF92E1F05F15007002271
:1068C000002338460EF04AFD024678BBEB6C2BB134
:1068D00001466FF067033046FFF7A6FF002345F837
:1068E000043C05F14803BFF35B8F53E8001F21F020
:1068F000010143E80012002AF7D1BFF35B8FE3697F
:1069000073BB04F10C060022002330460EF026FD76
:1069100078B9666886B913482660214614F032FAC1
:10692000286803B0BDE8F04000F0E8BDF9F786FE46
:10693000C5E7F9F783FEE6E7A2683368636096422D
:1069400008BFA36077683FB1F36800930023206815
:106950001A466FF06701B8473046FFF755FFD8E792
:1069600003B0F0BD7C05002010B504460430FFF7ED
:1069700097FF6068132111F0B6FE034630B1044A58
:106980000448BDE81040012110F035BE10BD00BF25
:10699000D1E50200E4BA0200B0B5044600AF54F8F5
:1069A000683D186811F0DFFEFBF7CCFB6D4688B040
:1069B0006A460B4BCDE905304FF40073ADF81C303F
:1069C000084B42F8103F00234FF4E2510648F8F715
:1069D0007FFA2046AD46FFF7C7FFBD46B0BD00BFFA
:1069E000EFE5020003000001E4BA0200F8B51D461D
:1069F0000F461646F9F782FD044C182303FB0040AE
:106A0000C0E903760123C3800575F8BD881900200D
:106A100010B5074C2378834208D10722601C14F07C
:106A2000CEFD00280CBF2046002010BD0020FCE752
:106A3000F62D00202DE9F04180460F4616461D46F2
:106A4000FFF7E6FF0446A8B91449FFF7E1FF044643
:106A500030B9134A1348BDE8F041012110F0C2BD1E
:106A6000034603F8018B3A68C0F80120BA889A807F
:106A7000BA799A7123892BB962892AB926816581ED
:106A8000BDE8F0819E4204D36289AA42F8D29E42B8
:106A9000F5D263892681AB42F2D2F0E7EFEC020037
:106AA00022E6020024BB02000C48BFF35B8F50E8D3
:106AB000003F23F0020340E80032002AF7D1BFF381
:106AC0005B8FBFF35B8F0368BFF35B8FDB0704D57E
:106AD0000022002330380EF001BF7047D00F002095
:106AE0002DE9F041254B164682689A42074602D1AD
:106AF000C46863892BBB0120BDE8F08106F17008F2
:106B0000307A414611F0BAFC88B91D4B9C4202D143
:106B1000304612F079FB1B4B1A68C4F801209A88A2
:106B20009B79AB710023AA80237023811EE0336F11
:106B3000C4F80130B8F80430AB8098F80630AB7177
:106B400014E0238993B12546304615F8011B2A46E7
:106B500011F0E9FD0028D1D120782946FEF758FA36
:106B600020B1857AFDF758FE072DC4D0E3680021D7
:106B70006181002BBFD038469847BCE7B56B010058
:106B80003C030020EFEC020010B54B1C0C4630B16A
:106B900009781A4611F0C7FD40B1204610BD0449DE
:106BA0000722184614F00BFD0028F6D00020F5E768
:106BB000EFEC02002DE9F8431E46BDF82030D1F875
:106BC0000C8081460F46002B50D1731E012B50D8EC
:106BD000012E41460CBF15781588FFF7D5FF0446F6
:106BE000F0B915B93046BDE8F8834146FFF7CCFF50
:106BF000044638B92048214A022110F0F3FC6FF016
:106C00001000F0E7D9F87030C0F80130B9F87430EE
:106C1000A0F8053099F87630C37199F80830037000
:106C2000D8F81030B3B92581B8F80A30AB4203D098
:106C30004146384612F0BCFA002DD3D1104B2570D6
:106C40001A68C4F801209A889B79A4F80520E3719A
:106C50002581C7E72A463946484698470028C2DBBF
:106C600001380128DFD96FF00D00BCE76FF0060096
:106C7000B9E76FF00C00B6E724BB020041E6020062
:106C8000EFEC020010B4194ABFF35B8F52E8003FEB
:106C900043F0010142E800100028F7D1BFF35B8FF9
:106CA000DB0721D4BFF35B8F52E8003F43F00201C2
:106CB00042E800100028F7D1BFF35B8F13F0020306
:106CC00007D10B480B4902880B4CA14206D303B1F4
:106CD00002800A490A4810BC14F055BA4B681A449D
:106CE00092B208310123F0E710BC7047FC19002074
:106CF000022E0020BCBA0200D4BA02005971010071
:106D0000A00F00202DE9F041034648B1008A38B9B0
:106D10001249DFF84CE001244FF0140C714501D307
:106D2000BDE8F081D1E90076BB4204D30CFB0672CA
:106D3000143A93420ED93444A2B208311446EDE716
:106D40000CFB0578434507D001356219AE4292B27B
:106D5000F6D1F2E70025F8E71046E1E7BCBA0200F9
:106D6000D4BA02002DE9F74FBDF830500091994692
:106D70004FF6FF73002D08BF1D46244B1B8883422E
:106D8000074690463CD203B0BDE8F08F73682344B9
:106D9000BB4232D29CB208361D4B9E42F6D3F2E77C
:106DA00089580193404611F023FA019B90B10134B8
:106DB0000AF1010AA4B273685345ECD9009B9C42C6
:106DC000E1D8BC42F3D331680BFB0AF28B18B8F15F
:106DD000000FE5D1B9F1000F0BD1013DADB218465E
:106DE0000E9A0D9B21469847002DCCD00028DED16D
:106DF000C9E7DA689145DAD1EFE74FF0000ADAE740
:106E0000044E01244FF0140BC6E700BF022E0020F1
:106E1000D4BA0200BCBA020007B500230193FFF701
:106E200071FF411C89B20846034A01AB12F0B2FA65
:106E3000019803B05DF804FB759102002DE9F04361
:106E400087B0837A072B02AF80460C46154640F088
:106E5000A68000233B73206842F6030307F10C0170
:106E6000FB8111F0C5F90646002834D1D4F804900E
:106E7000B9F1000F05D14C4A4C48012110F0B2FB8A
:106E80008DE00123009007F108022146C847031E48
:106E900011DA6D4688B002AA4549D3610423C2E9DC
:106EA000051442F8103F414833464FF40151F8F7BA
:106EB0000FF8AD4673E0012B05D03E4A3B48012157
:106EC00010F099FB6BE03B7A13F0300F67D020464F
:106ED000FFF7A2FF0446002320683B7307F10C0173
:106EE00042F60213FB8111F083F918B12046FFF737
:106EF00093FF0446002642F6021920683E70394688
:106F0000A7F8029011F074F918BB002320683B73B6
:106F100007F10C0142F60213FB8111F069F90646F4
:106F200000283CD1D4F80490B9F1000FA3D0009010
:106F3000022307F10C0221464046C847031EA8DB86
:106F4000022BBAD1BB8905EA0300003818BF012023
:106F500026E020683E7142F60303391DFB8011F0E4
:106F600047F90028D1D020683E724FF4205307F132
:106F700008017B8111F03CF90028C6D020683E73DF
:106F800042F6010307F10C01FB8111F031F90028F1
:106F9000BBD02046FFF740FF04460028ADD10020BB
:106FA0001437BD46BDE8F0835BE6020024BB020057
:106FB0006FE6020095E602002DE9F8438946516824
:106FC000B1F8128018F09408074615463CD1022209
:106FD000FFF734FF00283AD04FF470200021AE8A2A
:106FE000FFF7E6FB0236044660B11A4B4360C5600A
:106FF00032461D213846FFF7A9FB064638B9204620
:10700000FFF702FC6FF00B052846BDE8F88301236B
:1070100042464146FFF7EAFCA98A06F10C0002311C
:1070200010F04AFE20F8029BAA8A296914F098FA07
:10703000A6602146384612F080F805460028E3D0C5
:107040002046FFF7E1FBDFE74FF0FF35DCE76FF0AD
:107050001505D9E77B91020070B505468AB00C464C
:107060003A4BBFF35B8F1B68BFF35B8F5A0767D543
:1070700010B1837A072B66D1666805963046FFF714
:1070800041FE2268ADF81800002A2FD005A9029110
:107090002F4901910121002300914FF6FF710593C3
:1070A000FFF760FE059E1EB96FF001000AB070BDCB
:1070B0006660002330688DF8103004A942F603039F
:1070C000ADF8123011F094F840B90598C3689B7977
:1070D0009B0608D512F00FF9ADF81800059812F0CC
:1070E00064F9606028B96FF01500DFE70028E0D18F
:1070F000DAE7BDF818003DB101230146A375224629
:107100002846FFF759FFD1E76FF07F03079302236B
:10711000ADF8203042F60213ADF8123005ABA5757C
:1071200002930C4B01930123009304AA2B464FF6C4
:10713000FF7109948DF81050FFF714FE0798B5E71A
:107140006FF00A00B2E76FF07F00AFE704010020A4
:10715000A9910200B173010013B550F8082C0192F7
:107160000346A0F1200100F13004BFF35B8F54E827
:10717000002F22F0010244E800200028F7D1BFF3DD
:107180005B8F114A43F81C2C104A43F8182C01AAB3
:10719000002043F8102C042223F8080C23F8060CD6
:1071A00023F80C2CFFF758FF58B9BFF35B8F54E856
:1071B000003F43F0020344E80032002AF7D1BFF356
:1071C0005B8F02B010BD00BF74C10200A96A01004C
:1071D000F8B5304B8168994200AF044621D1C668AA
:1071E00015683389EBB13246284612F8011B11F0BD
:1071F0009AFAB0B14FF495722146284612F0ECF895
:10720000032811D16D4688B06A46234BCDE9053479
:1072100042F8100F214800234FF4C451F7F758FEED
:10722000AD460120BD46F8BD3146204611F0C0FFF5
:107230001B4B9E42F5D1287A05F17001FFF7E8FB60
:1072400004460028EDD0038913B94389002BE8D008
:107250002846FDF73FFC134B228923F8202003EB3F
:107260008003628910495A80182202FB00110F4ADC
:107270004A600B610E4A8A60042328468B82FFF71E
:10728000EBFE0028CDD00B4A0448012110F0AAF9EA
:10729000C7E700BFB56B0100AEE6020024BB0200E9
:1072A0003C030020F22D0020E419002074C10200EC
:1072B000E1910200C2E6020070B504468AB00D46B4
:1072C000384BBFF35B8F1B68BFF35B8F5A0763D5E7
:1072D00010B1837A072B62D16E6805963046FFF7AE
:1072E00011FD2A68ADF81800002A2FD005A90291D7
:1072F0002D4901910121002300914FF6FF71059363
:10730000FFF730FD059E1EB96FF001000AB070BD99
:107310006E60002330688DF8103004A942F6030334
:10732000ADF8123010F064FF40B90598C3689B793E
:10733000DB0608D511F0DFFFADF81800059812F054
:1073400034F8686028B96FF01500DFE70028E0D155
:10735000DAE7BDF818002CB101462A46204612F0A3
:1073600059F8D3E742F60212ADF8122005AA6FF0E1
:107370007F0302920D4A07930123CDE90032ADF855
:10738000203004AA23464FF6FF7109958DF810406E
:10739000FFF7E8FC0798B9E76FF00A00B6E76FF06F
:1073A0007F00B3E704010020A9910200B17301003E
:1073B000F8B5364B154682689A42044601D0012042
:1073C000F8BDC768324B9F4246D03A89AB899A4292
:1073D000F5D1394611F8010BFDF71AFE06460028D3
:1073E000EDD0837A072B05D0FDF716FAE7E7FDF716
:1073F00013FAEAE77B6923B12146984708B930467A
:10740000F2E7648A14F09404F9D1AB89022B16D107
:107410003C8914F002040AD02A69A9883046FFF793
:10742000CBFD044618B92A69937D01339375304624
:10743000FDF7F2F9002CAC60C1DA0020C0E7012BA7
:10744000F5D13C8914F00104F1D02A69A9883046AD
:1074500011F0E0FF0446EAE70E4E0F4907223046DE
:1074600014F0ADF80028B0D016F8010C0722314610
:10747000FDF720FE0028BAD12B6916F8010C1A6915
:10748000314653881288FFF7D5FA9EE7B56B0100A5
:107490003C030020F72D0020EFEC020007B5064A60
:1074A00000906B4601204FF6FF718DF8040011F03B
:1074B00071FF03B05DF804FBD17101002DE9F041CB
:1074C0000D4B1B6806460F46904623B153F80449FE
:1074D00004B1043C0BB9BDE8F0811B681BB1424606
:1074E0003946304698472CB1656805B1043D2346BE
:1074F0002C46EFE72546FAE7001A00200346034A28
:107500004FF6FF71012011F045BF00BFE16A010095
:107510007FB54FF42052ADF8162004AA02920B4A10
:1075200000230120CDE900324FF6FF7105AA049334
:107530008DF81430FFF716FC049B012B14BF6FF07D
:107540001500002007B05DF804FB00BF8D94020019
:1075500080B500AF88B06A46074BCDE905300323FC
:1075600042F8103F054800234FF4C251F7F7B0FC32
:107570006FF00B00BD4680BDE7E6020044BB020091
:1075800008B5064A136823B9054850600A601846D2
:1075900008BDFFF7DDFF6FF00B00F9E7081A0020C8
:1075A0009CC1020000F1070C2CF0030C10B4541E17
:1075B0001860A4B2ACF80020023A93B201FB04F2C6
:1075C0004FF0000C40F802C074B103FB011403FB40
:1075D00001F22044121B4FF6FF7C013B9BB2634536
:1075E0008050A0EB0100F8D110BC70470346006842
:1075F00010B102680AB91A60704700F1070C2CF04C
:10760000030CD11DBCF800C021F003010CF1FF3CBC
:10761000A1F800C0EFE700BF0B687BB1073323F090
:1076200003031A88013292B20346D1F800C043F82E
:1076300007CB23F003031A80086070470122F3E7A9
:1076400002FB0100704700BF401A90FBF2F080B2CD
:10765000704700BF531E11449BB242B1DB43013857
:10766000CA1811F8013D00F8013F9142F9D1704765
:10767000014402E010F8013B1BB98842FAD1002016
:1076800070470120704700BF10600860704700BF5E
:107690000A6803460068904205BF00220A60002085
:1076A0001A607047D2F800C0CCF80000D2F800C0D1
:1076B000CCF8041010607047884203D01AB14368B8
:1076C00013607047002070470B68834209D02AB1CD
:1076D000586810601A680A6018467047002BF9D184
:1076E000FAE70023F8E700BF2DE9F8430E4EDFF874
:1076F0003C904FF090080C2706F1200409EB080598
:107700002A1D29462046083CFFF7BEFFB442A5F1DA
:107710000C05F5D1043F3B1DA8F13008A4F120066B
:10772000EAD1BDE8F88300BFAC1A0020F81A0020A7
:1077300010B403468C469AB101EB4101144803EBA7
:107740004304090101EB84010144487A0C7AA04208
:1077500004BF0130087210BC614618460AF028BC0C
:1077600001EB41020A4C120100EB400302EB8303E0
:1077700023449C7ADA7AA24201D010BC70470132CD
:107780009A72044B01225A5410BC0AF041BC00BF4B
:10779000D41A0020501A0020F8B506461C460D46A3
:1077A00002B322786378D21A12F0030229D1294F4A
:1077B00071004FEA450C3144AC44890001EB0C11D7
:1077C00001330431DBB27A18606823702146FFF779
:1077D00069FF214B0122294630465A550AF018FC10
:1077E0000020F8BD0AF0FEFB0028DAD0294630461A
:1077F0000AF0EAFB637860B92278D21A12F0030229
:10780000D5D0012A03D00133DBB22370E1E7104663
:10781000F8BD05EB450206EB46010E4F120102EBE7
:1078200081023A447100907AD27A90424FEA450C34
:1078300005D02078C01A10F00302E2D1BBE722780D
:10784000D21A920702D00233DBB22370D4E90203CA
:107850009847C5E7D41A0020501A00202DE9F04FB0
:10786000DFF8609119F8003089B0002B59D0DFF8AB
:1078700058A1C0EB00134FF0000B00EB40079B003A
:107880000324CDE904BB09F800B00AEB0717039302
:1078900002948346B8460023B96A58F8240F079328
:1078A00007AAFFF709FF044607AAB4B1079D2E787F
:1078B0006978761A06F00306012E35D02B78591A0E
:1078C00001F003010129DBB23DD1D7E90901FFF73E
:1078D000F3FE044607AA002CE8D197F82E3097F85B
:1078E0002F209A4203D087F82F300123049397F872
:1078F0002C3097F82D209A4203D087F82D300123A1
:107900000593029B5D1EEBB2FF2B0293A7F10C07C0
:10791000C0D10499D846DDF814B011B1BBF1000F05
:1079200045D009B0BDE8F08F01396970079BD3E9F4
:1079300002029047079D2A786978D3B2521A02F062
:107940000302012A21D0B86A019300224146FFF7C1
:10795000BBFE6C60019B6A786B702B789B1A03F0FE
:107960000303012B08D0D7E9090107AAFFF7A4FEFA
:10797000012E044698D10EE0039B6A701A1D294619
:1079800020465244FFF78EFEEDE7D7E9090107AA2A
:10799000FFF792FE0446029B8BB1012359465846DD
:1079A00009F80B300AF034FB09B0BDE8F08F5A46F5
:1079B0004146404609B0BDE8F04F0AF0F9BA002C44
:1079C0008BD0EAE7501A0020D41A00204B1EDBB2FD
:1079D00071B1411E00EB030C002011F8013F23B1EF
:1079E0005A1E01301340C0B2FAD16145F5D170473B
:1079F0000846704770B5057E0468FF2D2AD02A46D8
:107A00004FF0000C07E09E6814F80E30FF2B15466F
:107A1000B4441FD01A4602EB420391424FEA031EC0
:107A200004EB0313EFD18D4202D114F80E2002763D
:107A300014F80E20986805EB45052D01FF2A6255C4
:107A400006D002EB420204EB0212936803449360F7
:107A5000604470BD002070BDA2EB010C1CF4000F4F
:107A600010B4836844690AD12CF07F4C6344A3426C
:107A70000DD8E41A00234461836010BC7047891A52
:107A800021F07F418B4208D95B1AA342F1D91B1B1D
:107A900000244461836010BC70470C44E41AE9E799
:107AA0002DE9F041244DBDF824708E462C2101FBB8
:107AB0000055696801EBCE0011F83E60C47841784A
:107AC00004F1010C5FFA8CFC664598BF4FF0000C86
:107AD00061452DD0466804EB4404210106EB0414F3
:107AE0004FF0040806F801806360069BA360079BC3
:107AF000E360089B23610A9BA3610F9B63620B9B5E
:107B0000E3610C9B23620D9BA3620E9BE362022345
:107B10006270A782A37080F803C0D5E9083670466A
:107B200098472B4641460022B047A078BDE8F08137
:107B30000120BDE8F08100BF941B00202DE9F04F2B
:107B400087B00346427A019000685F680290002A7D
:107B500000F0EF80531EDBB207EBC3038A460393AA
:107B60000597039B5A6893F801B00492BAF1FF0F8E
:107B700057D00AEB4A04029BCDF800A04FEA041943
:107B8000002513F809A003EB0414019BFF272770BD
:107B90001E681B7E06EB0908BB42D8F808100DD101
:107BA000C1E0091A05D1B8F81E90BEF81EE0F145F3
:107BB0007AD8B25CFF2A1F4665D0134603EB430216
:107BC00006EB021E4FEA430CDEF8080088424FEA3B
:107BD0000212E6D9FF2FC8F8081088F800305DD1EE
:107BE000DDE900200276634406EB03139A68521A1B
:107BF0009A60A37801336370002DB7D0AB6A4FF061
:107C000000022A70AA7013B1E96A002098476368DD
:107C1000002BABD1AB6A2362EB6A6362BAF1FF0F50
:107C2000A7D1039B049E99780BEB4B030BF101004A
:107C300059454FEA03125FFA80FB06EB031569D042
:107C4000039B1878B35C584508BF4FF0000B042B1A
:107C5000EAD16978029801EB410300EB03144FEA83
:107C600003196078A378984220D04FF00003B354F2
:107C7000AB6A4FF001020120AA700BB1E96A984784
:107C8000039B9978D0E79C444FEA0C1C009BC8F8F2
:107C9000081088F8002006F80C30AAE707EB470721
:107CA0003F01009AF2559EE7014693E7019AAB8A9D
:107CB000009151694FF6FE72934207D04FF6FF7262
:107CC0009B1AB3FA83F35B0984F82C306B6AA362C6
:107CD000EB6863602B69236200226262AB8A4FF615
:107CE000FD70834288BF1346A383AB69A361EB6930
:107CF000E3602B6A2361AB68A36062616A68204617
:107D0000FFF7AAFE4FF00003E383E37843F001039B
:107D1000E3703AE7039A517005999142A2F1080382
:107D200007D003931DE706F80930DDE9003213762A
:107D30005FE707B0BDE8F08F2DE9F04F447E0123E7
:107D40008FB08376002C40F0BA80037EFF2B8146F3
:107D500000F0B48009F0E8FCD9F81420D9F81C3000
:107D600099F81880D9F80060801A20F07F4B5B45A5
:107D700094BF00230123B8F1FF0F0393A2467CD0E8
:107D8000049408EB480806EB08144FEA0818A368A7
:107D90005B4571D8A27816F80880ABEB030B9A44C8
:107DA00063789B1ADDB2012D63D1A06AA3690293A7
:107DB000002800F019810168002900F08380002B61
:107DC00000F02A81039B002B00F04A81037A5A07B6
:107DD00000F03B81037A23F007030372E78BE2781C
:107DE00022F001027B1CE27094F82C209BB2E3830A
:107DF000002A00F0E080A28B9A4280F0DC80A06A2A
:107E0000002800F06581037A03F00703012B00F0DE
:107E1000D280002741684760A36A1A7A67F302029A
:107E20001A72A278E768013AA27017B36369D9F8A9
:107E3000142094F803C0AAEB0303134423F07F40FB
:107E4000626A23690CF0010C002D40F0DF80B4F869
:107E50001EE0CDE900C37346B847DDE90223002ADE
:107E600018BF43F001030393E378E58365F3000350
:107E7000E370B8F1FF0F84D1049C99F80B3099F8A6
:107E80000A209A4208D10132D2B2022A1ABF1446FD
:107E90002346002389F80B4009EB83030022C3F833
:107EA0000CA0D9F8244089F81A204B46012204215D
:107EB0000320A4460FB0BDE8F04F604784760FB0B2
:107EC000BDE8F08F029B002B00F08C80039B002B01
:107ED00080D1D9F81C309A45FFF47CAFB8F1FF0F80
:107EE0007DD0029BE78B09939C46A38B6168CDF8FC
:107EF00018B0BB429ABFFB1A9BB23B4603FB01136F
:107F0000CDE907A805934FF0000E43460B92DDF82C
:107F100024800C95CDF824C0A3468A4684460D974C
:107F2000CDF8289003EB430306EB03121B01916885
:107F30008E44F04548D3906A946900283FD0006889
:107F400000283CD0D58B978B5068AF4240F293808D
:107F5000002840F09780BCF1000F32D08146DCF859
:107F6000000028B1029919B97444A04280F0BD8084
:107F7000AF4226D8D0789BF8032000F0010402F02D
:107F80000105A54205D34240D1071AD4B9F1000F2B
:107F900017D060465C46DDF820800C9DDDF824C0DB
:107FA0000D9FDDF82890DDE906BA002840F09680A4
:107FB000CDF808C013E7A378013BA37059E7002C64
:107FC000C0D1F35CFF2BADD16046DDE9088C5C4687
:107FD000DDE906BA0B9ADDF82890CDF808C0002834
:107FE00000F09080002514E7029B5BB3039B002BFD
:107FF0007FF4F4AED9F81C309A45FFF4EFAEB8F137
:10800000FF0F7FF46EAF03990D460BE7CDE900C378
:108010004FF6FF73B8472CE7039B63B9D9F81C30C0
:108020009A4508D3B8F1FF0F54D04FF0040CE78BFA
:10803000CDF824C059E704230293037A5A077FF44A
:10804000C9AE02E0029D0021ECE6A18BE28B9142D9
:108050003FF6C0AE012262F302030372E78BBEE675
:10806000D9F81C309A45FFF4B1AEB8F1FF0F7FF498
:1080700038AF039DCDE668B9BCF1000F7FF46EAF59
:10808000E14677E7BAF1000F20D1BCF1000F98D09C
:10809000D14664E7BAF1000F12D0A5EB07091FFA29
:1080A00089F9411A00FB0911059888422CBF4FF04D
:1080B00000094FF00109BCF1000F7FF450AF57E702
:1080C000D146BCF1000F7FF44AAF51E7A946E8E77B
:1080D000A278B8E70423039D02939AE60168CDF8DD
:1080E00008C000293FF476AE70E65C460146DDE943
:1080F00006BA6046DDF820800C9DDDF82890DDF89A
:1081000024C0ECE7054601468CE600BF837E002BC9
:1081100040F034832DE9F04F477E8DB08346002F29
:1081200076D1837AC27A012141769A4241690791D8
:1081300000F025830133DBB2022B12BF1A463A4608
:108140003B4600EB82028372D268079B0592134480
:1081500023F07F43436101259BF81830089309F011
:10816000E3FA9BF80920DBF800300193531EDBF89B
:1081700004600490DBB2002A00F01F84CDE90A7588
:1081800006EBC30AFF2303930696D946DAF8047078
:108190004FF0000B9AF803109AF8025005EB4504D3
:1081A0006B1CA9424FEA0418DBB207EB041460D041
:1081B0009AF800209A4208BF00238AF8023017F884
:1081C0000820042A3AD9082A2CD86178019801EBB2
:1081D000410300EB03161B01B078029373781B1A5E
:1081E00013F0FF032CD1062A1CD199F81B308B42C7
:1081F00050D007F808B0A36A84F802B0002BC9D0A9
:10820000E16A002098479AF803109AF80250C5E7EF
:10821000446A0421034601220420A4460DB0BDE8AF
:10822000F04F604707F808B04FF00103A370A36A4E
:10823000002BAFD0E16A01209847ABE71D46ADE7C0
:10824000052A1ED162684AB9A2683AB9E2682AB919
:1082500022691AB9626932F07F42E3D0012B29D03A
:108260000421D9F824404B4601220846A0478AF849
:108270000250069A5245AAF1080300F0E0809A469F
:1082800084E7012B00F0A480062AE9D199F81B307D
:108290008B42AED16168D9F814208B1A1D0240F1CF
:1082A000BD80059B521A22F07F4293428CBF9B1ADD
:1082B0000023B7E04846FFF79DFBB060D9F814E013
:1082C000049B059AA3EB0E0323F07F4313449842CB
:1082D00040F2AF80C01A7368002B46D0A38A002BEF
:1082E00043D0013B9AB2A2827568F38BA84218D89A
:1082F0001BE0726ADFF8A4C28BB2A949511861452C
:10830000A0EB050006D902F1E87202F5D43202F5BD
:10831000A5720138316AF383521A72628542A28AC9
:1083200003D2934203F1FF31E3D89A421CD9316A58
:10833000099706E0726201339BB2F383A28A9A42E4
:1083400011D9726ADFF858C2944F0A449444BC456C
:108350002844EFD8A2F1E872A2F5D432A2F5A572B2
:1083600072620130E7E7099FB2836368B16A034430
:10837000B360A26873691344736129B10B681BB1C0
:10838000D4E901329B1A4B60049A71463046FFF7DC
:1083900063FBE268B3691344B361226993428CBF03
:1083A0009B1A0023B361A37D1BB1F27863F3000233
:1083B000F270E37D13B1013B86F82C30DDE9012139
:1083C000039B53547378627803920133737010E700
:1083D000062A3FF40AAF4846FFF70CFBB378B060BB
:1083E000737099F81B2063789A427FF402AF17F8F4
:1083F0000830062B3FF44EAFFF2389F81B3017F8E7
:108400000830062B3FF446AF082B3FF443AF0499E6
:10841000D9F814208B1A1D023FF543AF059A23F0BB
:108420007F431344D9F81C209A4288BFC9F81C30F6
:10843000DFE6726913441B1A736100204BE7DDE924
:108440000A75CB469BF81860002D00F01781049B3D
:10845000079ADBF800809B1A23F07F4A089BF51AE5
:1084600018BF0125FF2E08BF2C465FD04FF0000932
:10847000CDF804900497DDF81490059506EB4605B9
:1084800008EB05142D01A2684A4500F26882019BA1
:10849000A178E08B1344019363785B1ADBF81C101E
:1084A0008A4234BF891A0021A9EB0209AAEB020A09
:1084B00024BF4FF0FF328BF81B20CBF81C10A16AB1
:1084C000A769DBB2002900F0CC800A68002A00F01E
:1084D000B480002F40F0B480022B00F03B820022D9
:1084E000A26018F805208BF818206168A26A00299C
:1084F00074D122B1127A02F00702012A52D03BB1A4
:10850000012B00D020B1236A13B1616A0120984782
:10851000A37863709BF81860FF2EAFD1DDE9047576
:10852000089BFF2B0CBF2C4645F0010403995846CD
:10853000FFF704FBCDE90247DBF800A0CDF804B05B
:108540004FF0000C019B187EFF2800F03982044692
:108550004FF0FF0800E01C4604EB44030AEB031550
:108560001B01A96A8E4629B10A7A02F00702012A84
:1085700000F00B811AF80330FF2BA046EBD1DDE9A8
:108580000247DDF804B0BCF1000F40F09280089B78
:10859000834240F08E80002C7BD08EE0592B177FD9
:1085A0005A2B17FFA378C4F808906370079B019AB1
:1085B000DBF814109A1822F07F422046FFF74CFA9D
:1085C000039B08F80530637803960133DBB26370D0
:1085D0009BF81860FF2E7FF451AF9FE722B1137A0A
:1085E00003F00703012BDDD0B4F81EE0BEF1000F4D
:1085F00040D1B4F81CE07046D4E908C300220294CC
:10860000BC4FBD4C6344DF19A74200F1FF300A4460
:1086100006D8A3F1E873A3F5D433A3F5A57301320B
:10862000441CEDD1029C94F82C706362002F00F082
:108630008480A260A4F81EE0B8E7002F3FF44FAF9B
:10864000022B7FF44CAF00287FF449AF0A7A02F086
:108650000702012A3FF443AFCBF81C708BF81B6074
:108660003DE7002F3FF43BAF022B7FF438AF0028EB
:10867000F2D034E7A37863700020BDE75846039931
:10868000FFF75CFA9BF81800089B83420ED19E42CC
:108690000CD100238BF819309BF81A30002B49D0ED
:1086A000DBF824405B4601220321B5E5FF2800F0FA
:1086B0009281089BFF2B00F06B81DBF8003000EB10
:1086C000400003EB0013D3F80880B8F1000F59D035
:1086D00009F02AF80A260446DBF81430E21A22F0E0
:1086E0007F42904506F1FF3602F103011AD9414558
:1086F0002CBF5B18434423F07F452846DBF8283025
:10870000984709F011F8031B2D1B23F07F43023318
:1087100025F07F45AB4206D90EB10446DCE700DE0A
:108720000446D9E7012700238BF819309BF81A304B
:108730003B43B5D10DB0BDE8F08F92457FF679AFE0
:108740006C48CDF8088006946B4C634403EB00083A
:108750000137A0450A44BFB206D8A3F1E873A3F5D8
:10876000D4330132A3F5A5739245EDD8069CDDF80C
:108770000880636277441FFA87FE5AE770473D46D8
:108780000597E9E48BF819808AE7AA68002A40F087
:108790003A81D5F818B0BBF1000F06D10A68002A5B
:1087A00000F03D818E464FF0040BDEE90029914533
:1087B00080F0E380A2EB090C1AF80320FF2A00F0F6
:1087C000DC800199CDF81C80C969ACEB0B000E1D53
:1087D0000021CDE90594049099460F460846344699
:1087E00013460BEB0708C4453FD303EB43030AEBE7
:1087F00003121B019668304404287FD9061F3E44AB
:10880000664528BF66460BEB04018C450ED3B04588
:108810000CD8A969002900F08C809EF8081009077F
:1088200000F18780B6EB0B0140F0BD80916A21B169
:10883000097A01F00701012971D0916900296ED0F0
:108840005268002A6BD0AA6907440431CC19002A67
:1088500063D09EF808201207ACEB0B0100F1AA8050
:108860001AF803300020FF2BBBD14B46DDE9064848
:10887000DDF814908944CEF804901AF803B0BBF1E7
:10888000FF0F5A4618BF4FF0FF0C01D1CDE0024652
:1088900002EB42000AEB00174FEA4209BE688E4223
:1088A0004FEA001080F0C3801AF80000FF289446B9
:1088B000A1EB0601EBD1A960B8F1FF0F00F09F809A
:1088C00008EB480109010AF801B04A4412011AF8FC
:1088D00002100AF803100AF80240EB8B013BEB830D
:1088E0009EF80830022262F302038EF808304FF03F
:1088F000010C27E65A2B17FF592B177FAE6996B14B
:108900009EF8086016F008063FF47DAF9469049A5B
:10891000074404343C44A242A2D32146A0E71AF8FB
:10892000033000219FE791690744043139440C4624
:1089300096E7002C3FF47AAFA6EB0B06A642FFF4B5
:1089400075AF4B46DDF8149022469144DDE90648A8
:10895000114690E700287FF4C2AD042776E64B4627
:10896000D21AA260059D9BF81830089A049F934282
:108970000CBF2C4645F00104D8E5CEF804901AF857
:108980000330FF2B08BF00214FD00023AB60A4E7CA
:1089900008F0CAFE044608F0A3FE40B99BF8180090
:1089A000CBF8144089E6A142FFF440AF5DE79BF8A5
:1089B000180082E60A460021ADE7FF23039341E554
:1089C000029C9B46BCF1000F05D1089BFF2B02D1F6
:1089D000002C3FF45EAE08F093FE044600287FF4BE
:1089E00058AECBF81C0008F09FFE8BF81940CBF86E
:1089F00014009BF81A30002B3FF49CAE50E601990E
:108A000081F818B061E700DEA96AD5F818B08E4683
:108A1000BBF1000F7FF4C9AE00297FF4BFAE00DECA
:108A20004FF0040BD5F828E0BFE6A96055E7761AA9
:108A3000BCF1FF0FBE60A9603FF44FAF1AF803B05E
:108A400062464FEA4C0937E7F8B5069E9DF81C5080
:108A5000089CB8B9144F3A605A1E39727B727E6016
:108A6000D2B273B106EBC2025460114612F8083953
:108A70008E4203EB4300A5EB030304EB0014DDB2CD
:108A8000F2D10DB10120F8BD099B3B620A9B7B62CC
:108A9000FF240B9BBB623C7608F046FE7D8178612B
:108AA000FC76FD612846F8BD941B002040B9064BBA
:108AB0001A7EFF2A01D1187270476FF00F007047BD
:108AC0006FF01500704700BF941B0020044B2C2250
:108AD00002FB0033187A003818BF0120704700BF2E
:108AE000941B002010B4074B2C2202FB00335C6A5D
:108AF0002CB1A446012210BC03210220604710BC07
:108B0000704700BF941B002010B58AB00C9C0094E5
:108B10000D9C01940E9C0294BDF83C400394109C63
:108B20000494119C0594129C0694139C0794149C25
:108B3000089400240994FEF7B3FF0AB010BD00BFEB
:108B400010B4BDF81040049410BCFEF7A9BF00BFDC
:108B50002DE9F047244DBDF82C809DF830709DF82C
:108B60003CE02C2404FB00556C6804EBC10014F8B5
:108B70003190C478467804F1010C5FFA8CFCE14531
:108B800098BF4FF0000C66452AD0466804EB4404B9
:108B90004FEA041906EB04144FF0050A06F809A081
:108BA0006360089BA360099BE3600A9B23610D9BA4
:108BB000A3620E9BE36202236270A4F81480A7757F
:108BC00084F817E0A37080F803C02B6A6E6A084629
:108BD00098472B4600220421B047A078BDE8F087D3
:108BE0000120BDE8F08700BF941B002010B588B0BD
:108BF0000A9C00940B9C01940C9C0294BDF8344098
:108C000003949DF8384004940F9C0594109C06949E
:108C100000240794FFF79CFF08B010BDF8B5194E6B
:108C20002C2404FB0066746804EBC10014F831E0E6
:108C3000C478457804F1010C5FFA8CFCE64598BFD6
:108C40004FF0000C65451BD0456804EB44044FEA27
:108C5000041E05EB0414072705F80E70A362069B9B
:108C6000E36202236270A37080F803C0336A756AFE
:108C700008469847334600220421A847A078F8BD4B
:108C80000120F8BD941B0020F8B51A4E2C2404FBDB
:108C90000066746804EBC10014F831E0C4784578CC
:108CA00004F1010C5FFA8CFCE64598BF4FF0000C14
:108CB00065451DD0456804EB44044FEA041E05EBEE
:108CC0000414082705F80E706360069BA362079BD7
:108CD000E36202236270A37080F803C0336A756A8E
:108CE00008469847334600220421A847A078F8BDDB
:108CF0000120F8BD941B002008F016BD401A20F09A
:108D00007F40704701480021704700BF1F410100AC
:108D1000022801D00120704738B5044608461D4698
:108D200002F09EFE10B10020287038BD204638BDEC
:108D3000002303700B70704738B5054600200C46C1
:108D400002F07EFC70B93DB9074B44B12068186051
:108D5000A2889A80002038BD044B002CF6D11C60FC
:108D60009C80F7E70C2038BDC81B0020C01B0020EA
:108D7000012804D808B90348704703487047002009
:108D8000704700BFC81B0020C01B0020012809D865
:108D900030B9064B186808609A888A801846704770
:108DA000034BF7E700231846704700BFC81B00209D
:108DB000C01B002010B5044607F040FA50B907F078
:108DC0007DFD60B908F066F870B92046BDE8104036
:108DD0000CF0FABA00DE07F071FD0028F2D000DED8
:108DE00008F058F80028F0D000DE2046BDE810401A
:108DF0000CF0EABA086001480CF0E6BAD020002076
:108E00000CF0E2BA2DE9F84F0B78072B84BF2C4BFE
:108E100093F840309A428946834692464DD0284D79
:108E20005C1CE4B235F833200280082C08BF002413
:108E3000002605EBC30301274FF0120819E00128B3
:108E400038D0C3F80480072C89F8004088BF95F813
:108E50004040A24523D023B2013435F83310BBF88B
:108E60000020E4B2082C08BF0024914205EBC303A4
:108E700015D15868B0B1FF28E1D9027902F0030298
:108E8000013A012A12D912225A6002F001FE072C7F
:108E900089F8004088BF95F84040A245DBD13046B4
:108EA000BDE8F88F01365F60F6B2CCE70136F6B266
:108EB0000122E9E70136F6B2C5E70026EFE700BF79
:108EC000FC1B00202DE9F041324F3B88984253D9DA
:108ED00013F0FF0524D0DFF8C08098F8154098F80B
:108EE00014302E480134E4B2052C08BF0024A342FC
:108EF00018D0FEF77BFB064629488EB1FEF776FBBD
:108F000000283BD0066098F8153048F823003B88CD
:108F100088F81540013D013B15F0FF053B80DED18F
:108F2000BDE8F0813B88002BFAD0DFF8788098F814
:108F3000094000260134E4B2022C98F808301748A2
:108F400008BF0024A342EBD0FEF750FB05461448AF
:108F5000002DE5D0FEF74AFBB0B16E60056098F8D1
:108F6000093048F823003B8888F80940013B9BB250
:108F70003B80002BDED1D3E70546ACE730460749FE
:108F8000BDE8F041FEF748BB28460449BDE8F04182
:108F9000FEF742BB601C0020901E0020641C0020D5
:108FA000B01C0020441C00202DE9F8432F4B304F0B
:108FB000181D052224214FF00008A7F81880FEF79D
:108FC000F1FA2C4B05220821181DFEF7EBFA97F851
:108FD00018907C7E05260134E4B2062C08BF0024DC
:108FE000A145244813D0FEF701FB05461F4875B183
:108FF000FEF7FCFA002834D0C5F8048005607B7EBB
:1090000047F82300013E16F0FF067C76E3D11A4BA9
:109010000722181D4421FEF7C5FA184B0922181D16
:109020000821FEF7BFFA1548FEF7E0FAA8B1144A86
:10903000111FFEF729FB1148FEF7D8FA78B1114A43
:10904000111FFEF721FB104B0522FF201A80FFF7AE
:1090500039FFBDE8F84306F005BD00DEE7E700DEB6
:10906000EDE704492846FEF7D7FAD0E7D41E0020E2
:109070008C1F0020A81E0020B01C0020641C0020B3
:109080005C1C0020541C0020601C00202DE9F041D5
:109090007B4D7C4E86B004AA02A90DF1070003F0B7
:1090A000B7F80446D5E9000103AAFEF705FB074619
:1090B00050B3039B002B6AD0187804AA02A903F0CE
:1090C000BFF8039B0446002840D0049ABDF808105E
:1090D0001F78ADF80A10059203F0C4F82146059AEE
:1090E000BDF80A0003F0F2F8204603F085F805AA5F
:1090F0000DF10A01384603F0A3F804460028EBD12D
:1091000030680CF061F9C6E7002C3DD0049B059354
:109110009DF80770BDF80830ADF80A3003F0A2F8EA
:109120002146059ABDF80A0003F0D0F8204603F066
:1091300063F805AA0DF10A01384603F081F80446E8
:109140000028EBD130680CF03FF9A4E705931B79B8
:10915000013B2C2B1ED8DFE803F01F32741D1D1DB0
:109160001D1D1D1D1D1D1D1D1D1D1D1D1D1D1D1D2F
:109170006A1F1D1D1D1D1D1D1D1D1D1D1D1D1D1DD0
:109180001D1D1D1D1D1D1F0006B0BDE8F08100DE68
:10919000039B91E700DE7EE7394968680022FEF70D
:1091A00093FA394B059993F8413038460B70374A9A
:1091B000FEF778FA334B18680CF006F96BE7304984
:1091C00068680022FEF780FADDF81480D8F80840BD
:1091D00034B12378002B50D02378013BDBB22370CD
:1091E00098F80C3013B1012B41D000DE284A00233F
:1091F00088F80C30537E117E0133DBB2062B08BF9A
:109200000023994237D0C8F80070517E42F821807F
:109210005376002C3FF43FAF2378002B7FF43BAF15
:10922000A368002B3FF437AFE068984733E7144951
:1092300068680022FEF748FA0599384602F070FE89
:1092400029E705A9384602F087FE0D496868002223
:10925000FEF73AFA059900293FF41DAF0B792E2B42
:109260003FF419AF084B384693F841309EE740462B
:10927000F3F79AFCBAE700DECBE700DEACE700BF0D
:10928000581C0020CC200020FC1B0020541C002077
:109290008C1F002030B5244B244C87B0186008F098
:1092A00011FA2378002B37D02149224A224D059507
:1092B0004FF0050C81F808C0204C0492204A02208F
:1092C000CDE9022404230D24CDE900141D4A0874BD
:1092D00008760B7000200621FFF7B6FB08BB0122C1
:1092E0000021194811F05CFE06F034FF08B107B008
:1092F00030BDFFF759FE07F0C9FA0028F7D102F098
:1093000069F90028F3D107F0B9FD0028EFD107B0C3
:10931000BDE8304002F0AEBDFEF7E6F90123237050
:10932000C2E700DEDBE700BFCC200020B02E00202B
:109330005023002065200200052102004520020084
:10934000E020002070230020D020002030B585B020
:1093500002F046F978BB02F093FD88BB1B481C491C
:109360001C4A1D4B0024A0F84040A1F820419482E3
:109370001C8101222146684611F012FE174B22463D
:10938000214603206D46C3F808D0FEF705FAC8B998
:109390004FF0FF324FF0FF3328460CF049F802F04F
:1093A00025F988B9FFF700FE0021012005B0BDE8CE
:1093B0003040FFF7C1BC00DE02F062FD0028CDD0D6
:1093C00000DECBE700DEE3E700DEEBE7FC1B00207E
:1093D000A81F0020901E0020441C002094030020A1
:1093E00008B5FFF7B3FF06F0EBFE00B108BDBDE81E
:1093F0000840FFF75BBB00BF2DE9F0432A4D2B4F20
:1094000083B0804689460023C8F8003095F8414073
:10941000D7E9000101AAFEF74FF9064690B3019B78
:1094200023491A784846FFF7EDFC80BB95F8403099
:109430008DF8013095F8412004460DF101010DF140
:109440000200FFF7DFFC44EA000212F0FF02F1D154
:10945000019B1979012920D139467868FEF734F942
:1094600014493046FEF7D8F8134A1388042B11D854
:109470000198124901331380FEF7CEF80120FFF75F
:1094800021FDC0E70A4922464846FFF7BBFC03B06E
:10949000BDE8F08300DE1388EAE71046C8F8003024
:1094A00003B0BDE8F08300BFFC1B0020501C00206F
:1094B0003C1C0020641C0020601C0020B01C00200C
:1094C00030B5324983B000234868019301AAFEF702
:1094D000FBF8002851D02E49FEF79EF8019A137927
:1094E0002D2B1DD8DFE803F01F1C1C1F1C1C1C1C8F
:1094F0001C1C1C1C1C1C1C1C1C1C1C1C1C1C1C17B1
:109500001F1F1F1F1F1F1C1C1C1C1C1C1C1C1C1C89
:109510001C1C1C1C1C1F137F3C2B19D0537F33B900
:1095200000DE03B030BD002BFAD003B030BD93682D
:109530001C68A06D20B100231649A365FEF76CF8E6
:1095400094F85E3023F0010384F85E3003B030BD40
:109550009368D3E9004595B100225A60EB6D93B949
:1095600005F1500105F14C00FEF792F8034640B1B9
:109570002868EB6502F05AFAE2E700DEABE700DEAE
:10958000EAE700DEF4E700DEEAE700BF501C002057
:10959000641C0020B01C0020F8B5046806460CB31B
:1095A000314D2046246803792D2B18D8DFE803F0CD
:1095B000271717271717171717171717171717171B
:1095C00017171717171717213327272727271717B5
:1095D000171717171717171717171717172700DE5B
:1095E000002CDED100233360BDE8F840FF20FFF7F8
:1095F00069BC037F3C2B25D013B100DE037953B344
:109600002B88042B24D8013318492B80FEF704F84B
:10961000002CC6D1E6E7C0880028E1D102F014FA98
:109620000746D0B1FB6ED3B907F1600107F15C00CA
:10963000FEF72EF8A8B1F866384602F0F7F9002CCC
:10964000AFD1CFE70949FDF7E7FF002CA9D1C9E762
:1096500000DE2B88D7E700DED2E700DEE2E700DE9F
:10966000E2E700DEE7E700BF601C0020B01C00203E
:109670000148FDF7BBBF00BF641C00200149FDF796
:10968000CBBF00BF641C00200148FDF7AFBF00BF87
:10969000B01C00200149FDF7BFBF00BFB01C002077
:1096A000034B044A93F841300B70FDF7FBBF00BF3A
:1096B000FC1B0020541C002008B5064B064A93F8FA
:1096C00041300B70FDF7EEFF044B1868BDE8084011
:1096D0000BF07ABEFC1B0020541C0020CC20002084
:1096E0000B490A7A4B7A9A420AD8A3EB020C5FFA2A
:1096F0008CFC604509D89A4207D051F82200704787
:1097000002339B1ADBB29842F7D90020704700BFA2
:10971000441C0020074A117A537A8B4208D04B1C14
:10972000DBB2022B08BF002352F8210013727047EE
:1097300000207047441C002000B50D4A92F841C03B
:1097400092F840E00CF10103DBB2082B08BF0023C4
:109750009E4509D022F83C0002EBCC0CCCF804105A
:1097600082F841305DF804FB00DE00231B80FFDE41
:10977000FC1B00200022042302700B70704700BF06
:10978000002208B51146044B0120FEF705F800B988
:1097900008BD00DE08BD00BF84030020022810B50C
:1097A0000C4602D00B68022B07D004484FF0FF3262
:1097B0004FF0FF330BF03CFE206810BDD02000209E
:1097C00004490A680AB1104670470246086010460C
:1097D000704700BFF81B0020044A136823B1984269
:1097E00006BF00211160002318467047F81B0020B7
:1097F000014B1868704700BFF81B002004490A6835
:109800000AB110467047024608601046704700BF14
:10981000401C0020044A136823B1984206BF00216F
:109820001160002318467047401C0020014B186847
:10983000704700BF401C002070B505682B7884B0CD
:10984000EBB1044601220021684611F0A9FB0D4B43
:109850006E46C5E902362B788BB10B4B00221146C0
:1098600003209C60FDF798FF38B94FF400420023B5
:1098700030460BF0DDFD04B070BD00DEF5E76FF0A3
:109880007700F8E7018E010074030020F0B5244E44
:10989000336885B00C461746002B36D0994215D157
:1098A0000223039303AB0246009303211D4B0020C8
:1098B000FFF7B4F9022805460CD0039B022B09D10F
:1098C00095B133680BB19C4221D014B36FF02D00D9
:1098D00005B0F0BD14484FF0FF324FF0FF330BF0EE
:1098E000A7FD039D002DECD13846FFF7A5FF336897
:1098F0000BB19C4210D0002CE8D10028E8D010F128
:10990000780F08BF002005B0F0BD3160C8E7002324
:1099100033606FF07700DBE735600028D8D0EEE7E2
:10992000F81B0020F58D0100D02000200B490A7D96
:109930004B7D9A420AD8A3EB020C5FFA8CFC60457F
:1099400009D89A4207D051F82200704705339B1A74
:10995000DBB29842F7D90020704700BF901E00206C
:10996000074A117D537D8B4208D04B1CDBB2052B7F
:1099700008BF002352F8210013757047002070477C
:10998000901E002038B50C46054602F03BFC2070C6
:1099900021462846024ABDE83840FDF783BE00BF95
:1099A0005C1C00200122024B11460020FDF7F4BE92
:1099B0006403002070B50C46054602F023FC2146E6
:1099C0002070064A2846FDF76DFE0122BDE8704072
:1099D000034B11460020FDF7DFBE00BF5C1C0020DA
:1099E000640300202DE9F0431A4D9DF81C8095F882
:1099F00021C10CF1010E5FFA8EFEBEF1090F9946EE
:109A000095F8203108BF4FF0000E73451DD0144665
:109A100005EB4C1CE36807460E46106851689268D7
:109A200064460FC49CF81C30CCF8186008F001089C
:109A300023F0030343EA0803CCE904978CF81C30B5
:109A400085F821E16046BDE8F0834FF0000C6046E8
:109A5000BDE8F083A81F0020054890F8203190F859
:109A600021219A4214BF00EB43100020704700BF31
:109A7000A81F002001460B480A7890F82131082AD7
:109A800084BF90F820210A70934208D0531CDBB2A7
:109A9000092B08BF002300EB42100B707047002019
:109AA000704700BFA81F00202DE9F04F3D4E96F8EB
:109AB000203196F8212187B09A4202903ED04FF093
:109AC0000008CDE9048806EB43130B24CDF80C8085
:109AD000C346C2461D7FD3F80090DF68C5F340023D
:109AE00005F00105002C4DD0013CE4B24AB396F8D4
:109AF000211196F82031994220D00133DBB2092B95
:109B000008BF0023994286F8203117D0590106EB8F
:109B10004313002ADED1D86805BBBAF1000F33D059
:109B2000BBF1000F36D01A7F9707D3D1504572583A
:109B300034D05845CED105998A42CBD107B0BDE883
:109B4000F08F194902988B600B4611460192FDF780
:109B500023FE019A0028CAD000DEC8E7039ABAB1F2
:109B6000B8F1000F08BFB8461A7F9507B2D4D207E4
:109B7000DCD5BBF1000FADD1039A8242DED0804527
:109B8000A8D1DBE700DEAFE7BA46CDF81090EBE7EF
:109B90000397E9E7BB46CDF81490E5E704998A42BC
:109BA000C7D1CBE7A81F002054030020054B1A7E25
:109BB000597E914204D053F8220010B10C30704706
:109BC000002070478C1F002070B5134A117E537E11
:109BD0008B421ED04B1CDBB252F82140062B08BF33
:109BE000002313769CB1022300252668237125608B
:109BF000A06002F007FB094A207021463046FDF7BD
:109C000051FD0122064B11462846FDF7C5FD2046B1
:109C100070BD0024FBE700BF8C1F00205C1C0020EF
:109C20006403002010B582B00024049B93F80AC09E
:109C30002CF0020C83F80AC0CDE9004406F02EFC9B
:109C400002B010BD10B50346007F1A69996901245E
:109C500082B02040CDE90004586906F01FFC08B925
:109C600002B010BD7730FBD000DEF9E710B4CB684E
:109C700004691A78042A02D0236810BC18475B785C
:109C8000052BF9D1002010BC704700BF30B50B8AFE
:109C900083B0002B3CD0054601F10C000C460EF0C1
:109CA00043F80128034615D0022807D01B4A1C4858
:109CB00001210DF0A0FC6FF0150009E001A920467C
:109CC00000F040FE019911B12846FFF7CFFFC8B15F
:109CD00003B030BD002301A92046019300F092FAA1
:109CE000014678B12846FFF7C1FF0028F0D1019D59
:109CF00045B1284601F056F903466B7109480199B0
:109D000011F027F92046F6F799FC002003B030BD8A
:109D1000054A034801210DF065FCCCE7D8C10200DB
:109D20000CBB020094240020C4C1020010B50469D9
:109D3000FFF756FB40B90548F6F780F90448F6F7F7
:109D40007DF90020206010BD00DEF4E7D80F002070
:109D5000681000202DE9F041076982B006464FF0F7
:109D6000000836484FF0FF324FF0FF330BF0F6FAA1
:109D70000028F6D043790190042B30D8002B45D031
:109D8000022B4BD04FF0FF324FF0FF330220F8F799
:109D900065FA04460198002C4AD0214600F0AAFE3C
:109DA000019B01A8C3F80080FFF7F6FB20460DF0E9
:109DB00042FF0546214600200DF067FF2B8A012B4C
:109DC00004462946304606D93B6898470BF082FF87
:109DD000002CEBD1C5E72846F6F730FCF6E7052B5B
:109DE00014D14FF0FF334FF0FF320820F8F736FA66
:109DF00004462146019800F055FE019B01A8C3F8D6
:109E00000080FFF7C9FB002CD0D1AAE700DE019B40
:109E100001A8C3F80080FFF7BFFBA2E700220023E0
:109E200001210020F8F732FA04460198002CB4D141
:109E3000046001A8FFF7B0FB93E700BF9424002063
:109E4000F0B5064683B014E04FF0FF324FF0FF3319
:109E500000211320F8F71AFABDF802100546224631
:109E600001F088F829463046FFF700FF40BB0BF0B1
:109E700031FF0DF1020101A8FFF7BEFA04460028E8
:109E8000E2D1019BA3B1FFF71BFB019F384601F014
:109E900089F8019D78716B79032B02D12B79182BEE
:109EA00010D01848294611F054F8019B002BE0D13E
:109EB0004FF0FF324FF0FF3313480BF0B9FAD8E7F9
:109EC00000DED4E721464FF0FF324FF0FF3305208C
:109ED000EF88F8F7DBF939460446024605F11C0025
:109EE00000F0B8FD384600F0D5FD3CB121463046C3
:109EF000FFF7BCFE20B92046F6F7A0FB019DD0E796
:109F000000DEF8E794240020A4240020F0B50546E4
:109F1000076989B00E46244810F0ECFF4FF0FF327D
:109F20000021224811F03CF82048FFF7B3F904461D
:109F300000282FD13E6001F04BF8002600276FF07B
:109F40000903CDE90334CDE90667CDE90144184B97
:109F5000184900954FF4E07217480BF029FD174996
:109F6000154811F035F96FF00702CDE90324CDE96A
:109F70000667CDE90144124B124900954FF4607217
:109F800011480BF015FD11490F4811F021F9204639
:109F900009B0F0BD0E4A0F48234601210DF02BFBFE
:109FA000204609B0F0BD00BF94240020A424002066
:109FB000419E0100C0430020D80F00200CC20200C7
:109FC000559D0100C0450020681000201CC2020001
:109FD000ECC102000CBB020008B50BF035FE0548D1
:109FE00010F090FF034810F085FFBDE808400BF02B
:109FF0003FBE00BF942400202DE9F0411A4C646854
:10A00000A40004D51646194A1268120701D4BDE807
:10A01000F08103F10C0405460F46204602210DF0A5
:10A020004BFE40F63E430380012120460DF044FEE6
:10A030000346042220461A700B210DF03DFE0570E8
:10A04000A0F801603DB97B68BA68C0F80720C0F885
:10A050000330BDE8F0814FF00008C0F80380C0F87D
:10A060000780BDE8F08100BF88010020800100204A
:10A07000F0B5013887B0144611280AD8DFE800F09F
:10A08000234056090968097A99AC0909090909099F
:10A09000090D6FF0150007B0F0BDCB68DA7899783C
:10A0A000188805F0CBFC554B0646012118880EF0A8
:10A0B00042FA012105460C300DF0FEFD06702560C8
:10A0C000002007B0F0BD4D4B0D2118880EF033FA7B
:10A0D0000D2120600C300DF0EFFD4FF48062002365
:10A0E0004FF002140421A0F8052002220370C0F8EA
:10A0F0000140C171037242728372C3720373DFE75E
:10A100003E4B412118880EF016FA412120600C3098
:10A110000DF0D2FD002104463E2200F8031B11F091
:10A1200046FA40F2A733A4F80130C9E7334B0921BE
:10A1300018880EF000FA092120600C300DF0BCFDEB
:10A140000346002203F8012BC0F801205A60B7E74C
:10A15000C9680020FEF7F0FD284B012118880EF099
:10A16000EAF9012105460C300DF0A6FD002303702D
:10A170002560A5E7224E214F0FCE01AD0FC53368F4
:10A1800038882B7012210EF0D6F9122120600C3085
:10A190000DF092FD0446002301AE04F8013B844615
:10A1A0000FCE2D78CCF801006160A260E3602574C9
:10A1B00086E7124B182118880EF0BDF9182120608F
:10A1C0000C300DF079FD00230446012100F8023B1C
:10A1D00007F0FEF9607073E7084B212118880EF034
:10A1E000AAF9212120600C300DF066FD0146002304
:10A1F00001F8113B013007F03BFA61E7042E002023
:10A2000050C202002DE9F041038A8AB00022022BDD
:10A21000059240F21181054603210C300DF07CFDC2
:10A220002A8A83789A42C0F011810288CA4EC2F30A
:10A230008523082B328090B2C2F3090409D89BB160
:10A24000013B072B10D8DFE803F0EA0FCBB10F0F6B
:10A250000F153F2B08D105AA29462046FFF708FF16
:10A26000163040F06383308801210AB0BDE8F04128
:10A270000EF073B9621E4A2AF6D801A353F822F0F1
:10A28000CFA70100AFA7010067A7010069A20100E5
:10A290005DA701006DA8010055A8010049A80100B3
:10A2A0003DA8010033A8010069A2010069A20100D4
:10A2B00069A2010069A2010069A2010069A201006E
:10A2C00069A2010069A2010011A8010069A20100B0
:10A2D000E9A70100DBA7010003A70100E5A6010033
:10A2E00069A20100DBA60100CBA60100ADA601001A
:10A2F00069A2010069A2010069A201008DA6010006
:10A3000059A6010069A2010069A2010069A2010029
:10A3100069A2010069A2010069A2010069A201000D
:10A3200069A2010069A2010069A2010069A20100FD
:10A3300069A2010069A2010069A2010003A601004F
:10A34000CFA5010081A5010069A2010069A2010059
:10A3500069A2010069A2010069A2010069A20100CD
:10A3600069A2010069A2010069A2010069A20100BD
:10A3700069A2010069A2010069A2010069A20100AD
:10A3800069A2010069A2010069A2010069A201009D
:10A3900069A2010069A2010069A2010069A201008D
:10A3A00069A2010069A201003DA70100621E082AFE
:10A3B0003FF65AAF01A353F822F000BFEBA401000F
:10A3C0009BA4010077A4010069A2010069A2010019
:10A3D00069A2010069A2010069A2010059A401005B
:10A3E000632C00F0658200F24F82032C00F0918014
:10A3F0002D2C00F06082012C7FF436AFEA68574BB9
:10A400001168526819605A6001210EF094F8012118
:10A4100005460C300DF050FC0023037012E0062CB2
:10A4200000F03E821D2C7FF41FAFEB68188801F00E
:10A430003FFC0146308818E7494A4A4801210DF09F
:10A44000D1F8002528460AB0BDE8F081464A4548C3
:10A4500001210DF0C7F8F4E707210EF06CF8072191
:10A4600005460C300DF028FC0146002001F8010BD8
:10A47000FEF78CFCE6E709210EF05DF809210546A0
:10A480000C300DF019FC0346002203F8012B60216B
:10A49000C0F801205A604171D4E741210EF04BF819
:10A4A000412105460C300DF007FC002104463F22F7
:10A4B00000F8021B11F07BF8C0220423A2714FF4B4
:10A4C0000A72E372A4F80F20E375202243F23003EE
:10A4D00026496270A4F8213070228023C4F81A1033
:10A4E00084F8242084F82730ACE709210EF023F803
:10A4F000092105460C300DF0DFFB4FF450610023BD
:10A500001B4A01800D218370C3700171C0F80520C2
:10A5100098E7124B174A4FF0FF3041F6FF71C3E93D
:10A520000001154B00200021C2E900011F2000217D
:10A53000C3E90001FEF70AFF308801210DF0FBFF9F
:10A54000012105460C300DF0B7FB00230B4A0370C8
:10A550001360FFF741FD75E7042E002088010020FD
:10A5600064C2020004BB02007CC20200F703F40EC6
:10A57000F105FFFFF810002080010020B424002026
:10A58000EA689478D1781788B2F80550E30744BF99
:10A5900041F00301D170A407137940F1BC8143F06D
:10A5A0000303137143EA0102032A40F0C1814A0701
:10A5B00000F0BA8115F003021CBF05F1FF3505F06C
:10A5C0000102384601F0C0FB014630884DE6EB68D9
:10A5D0001A78D1074ABF07205878587092074ABFA7
:10A5E00007219978997001F0A5FB04460121308874
:10A5F0000DF0A1FF012105460C300DF05DFB04704C
:10A6000020E7EB6805211E880DF095FF0521054622
:10A610000C300DF051FBB7B20446021DE11C384668
:10A6200001F068FBE37822792070002B93FAA3F302
:10A63000B3FA83F308BF4FF0FF330133E370002A0E
:10A6400092FAA2F3B3FA83F308BF4FF0FF3301335A
:10A65000A4F801602371F5E6EA6817889278002370
:10A66000CDE90233CDE900330221B8B201F060FA3E
:10A670000446032130880DF05EFF032105460C30AF
:10A680000DF01AFB0470A0F80170DBE6E968002207
:10A690000F884B88039208890290C88801908988A6
:10A6A0000091B8B2022101F043FAE1E709210DF06F
:10A6B00042FF092105460C300DF0FEFA9D499E4AE5
:10A6C0000160002342600372BCE6EB681F88002231
:10A6D0000621B8B205F0A0F9CAE7EA68002132F80D
:10A6E000027BF6E709210DF026FF092105460C3013
:10A6F0000DF0E2FA002300F8013B082105F070FD9F
:10A70000A0E6E868002306AA00F1100107F04CFD5E
:10A71000308811210DF00FFF112105460C300DF08E
:10A72000CBFA0646002306F8013B06AC07460FCCE1
:10A73000C7F801007160B260F36083E603210DF099
:10A74000FAFE032105460C300DF0B6FA014600234F
:10A7500001F8023B0130FEF7EBFA73E6E9680120ED
:10A76000FEF7EAFA41E709210DF0E5FE0921054669
:10A770000C300DF0A1FA0346002403F8014BC0F899
:10A7800001405C600646FEF7BDFA234661F307030D
:10A79000C1F3072262F30F23090C61F31743090A7F
:10A7A00061F31F63C6F80100C6F805304AE60421CC
:10A7B0000DF0C1FE042105460C300DF07DFA00239A
:10A7C0001B210322037041708370C2703AE6EA686D
:10A7D0005A4B11685268196015E6EB68188801F049
:10A7E00045FA0146308840E5EB6808211E880DF0E7
:10A7F000A2FE082105460C300DF05EFAB7B2044601
:10A80000C11C384601F0D8F9A4F80160207019E69F
:10A81000E96800224B88088803920C890294CC884E
:10A82000019489880091114601F082F9014630882F
:10A830001BE5EB681878F1F73FFFD6E6E96811F8F9
:10A84000010B00F0DBFFD0E6E96811F8010B00F026
:10A8500067FFCAE602210DF06EFE022105460C30AC
:10A860000DF02AFA002303704370EBE5EC68A57B3A
:10A87000A3796279217920880295657B0195073457
:10A88000009400F0CDFDB0E67B2C2CD07C2C7FF426
:10A89000EBACEB681F885988B8B201F0BBFAE7E669
:10A8A000EB689978188801F0ABF901463088DCE450
:10A8B000EA68234B8DE7EB6804211E8893F8028039
:10A8C0000DF039FE042105460C300DF0F5F9B7B254
:10A8D0000446C31C424639460220FEF719FAA4F882
:10A8E00001602070AEE5EB681F8806A9B8B201F0E0
:10A8F0005FFA0521044630880DF01DFE052105464E
:10A900000C300DF0D9F90470A0F80170BDF81830C2
:10A91000A0F8033096E541EA0302032A08D84C0761
:10A9200002D05A077FF446AE12219EE4059D89E5C8
:10A9300011219AE4008FCC30ECC00100800100208E
:10A94000F81000202DE9F04700230B60038A032B49
:10A950002DD9054688460C3004210DF0DDF92B8AEF
:10A960004688B0F80090B34232D31B2E2AD801F0AB
:10A9700089F84FEA1937BA460446002837D05FEA0B
:10A980009A0A19D1E7B1012F16D12379667167F3BD
:10A9900001032371E9683246E01D10F0E1FD214614
:10A9A000C9F30B0001F07AF8C0B9BDE8F087224A7C
:10A9B000224801210CF016FE6FF01500BDE8F0876B
:10A9C0000227E2E71E4A1D4801210CF00BFEF3E7C7
:10A9D0001C4A1A4801210CF005FEEDE71A4A1748F7
:10A9E00001210CF0FFFD204601F052F8E4E7174A80
:10A9F000124801210CF0F6FD154B1B689B0117D581
:10AA00004FF0FF324FF0FF330220F7F727FC02210F
:10AA1000C8F800000C300DF04FF94FF48D7303802F
:10AA2000D8F8000001210C300DF046F90123037025
:10AA30006FF06800B9E700BF9CC2020004BB0200CF
:10AA4000D0C20200B0C2020000C30200ECC2020089
:10AA500088010020F8B50E4B1B68DB0600D4F8BD5A
:10AA600002F10C0406460D46204602210DF024F9A1
:10AA7000034640F205421A80204604210DF01CF9DD
:10AA800000270770A0F801503278C270F8BD00BFEF
:10AA900088010020024A1368013B1360704700BF21
:10AAA000B4240020037F03F00303013B012B01D9F1
:10AAB00000DE704770B5044601F10C0528460421FC
:10AAC000E6880DF0F9F8237F03F00303022B0CBF97
:10AAD00046F4005646F480560680637F4380617FCB
:10AAE00028460DF0E9F8627F04F11F01BDE87040CF
:10AAF00010F036BD2DE9F04184B090F804C0C5884F
:10AB0000BCF1030F04AF044600F11C060BD0ACF1FE
:10AB1000170CBCF1060F00F2FE80DFE80CF01A4CB7
:10AB20007E546BAAC900C37F033B0E2B00F2F38057
:10AB3000DFE813F04D01F100F10021013B01F100CC
:10AB40004601F100F100F100AE01F1007501F100E4
:10AB5000A601F00700F10182C34B5B689A004FF039
:10AB600000062DD5C14B1B68DB0729D594F81C8046
:10AB7000B8F1000F00F0B48101F10C04204602216D
:10AB80000DF09AF841F23E330380012120460DF08A
:10AB900093F801230370122120460DF08DF8C0F8C0
:10ABA0000160C0F80560C0F80960C0F80D60467427
:10ABB00080F8008004E00A4630462946FFF74AFF45
:10ABC000BD46BDE8F081A84B5B681E044FF0000451
:10ABD000F6D501F10C06304602210DF06DF84FF468
:10ABE0004C730380032130460DF066F80470A0F822
:10ABF0000150E5E79E4B1B681802E1D501F10C04FA
:10AC0000204602210DF058F840F25723038002211C
:10AC100020460DF051F80580D2E7934B5B68980011
:10AC2000CED5924B1B685A07CAD501F10C08404695
:10AC300002210DF041F840F63E23038001214046F9
:10AC40000DF03AF803230370092140460DF034F863
:10AC5000F30700F18481237F0370A0F80150E38B98
:10AC6000A0F80330238CA0F80530638CA0F80730DF
:10AC7000A6E77D4B5B689A00A2D57C4B1B681B0343
:10AC80009ED501F10C06304602210DF015F840F278
:10AC90003E430380012130460DF00EF8142303706B
:10ACA000032130460DF008F80580237F837087E785
:10ACB0006D4B5B689E0003D56C4B1B6818052CD44C
:10ACC000627FA37F94F81CC0002A92FAA2F2B2FA23
:10ACD00082F208BF4FF0FF32002B93FAA3F3B3FACE
:10ACE00083F36E4608BF4FF0FF338AB0511C013327
:10ACF00004A80246436206245E4B8561C0E907C191
:10AD0000436142F8104F5C4800234FF44251F4F77E
:10AD1000DFF8B54654E700DE52E701F10C06304695
:10AD200002210CF0C9FF40F23E630380012130464E
:10AD30000CF0C2FF0C230370052130460CF0BCFF61
:10AD4000237F0370A0F80150627F002A92FAA2F3D9
:10AD5000B3FA83F308BF4FF0FF330133C370A27F10
:10AD600092FAA2F3002AB3FA83F308BF4FF0FF333D
:10AD70000133037124E73C4B1B681E064FF00004AF
:10AD80007FF51EAF01F10C06304602210CF094FF56
:10AD90004FF481630380042130460CF08DFF0123C2
:10ADA0000470A0F80150C3700AE790F820300E2B11
:10ADB00000F0CC80314A304802210CF01CFCFFE648
:10ADC0000B462A4631460020FFF716F9F8E6264BD7
:10ADD0005B689A007FF5F4AE244B1B68DB067FF5B9
:10ADE000EFAE01F10C06304602210CF065FF40F693
:10ADF0003E530380012130460CF05EFF05230370B3
:10AE00000C2130460CF058FF034623F8025B216A00
:10AE1000626AC0F802105A60238D4381D0E6124B5B
:10AE20005B689A0051D5114B1B689B064DD501F10B
:10AE30000C06304602210CF03FFF40F63E33038003
:10AE4000012130460CF038FF062303700A213046FA
:10AE50000CF032FF0580238C4380638C8380A38CAD
:10AE6000C380E38C0381ABE68801002080010020D1
:10AE7000F810002014C3020004BB020040C302000B
:10AE800090F82030374A384802210CF0B4FB97E69E
:10AE9000364B1B6818067FF593AE01F10C06304661
:10AEA000022194F820400CF007FF4FF481630380E7
:10AEB000042130460CF000FF002C08BF1F240023A3
:10AEC0000470A0F80150C3707AE60023CDE9023384
:10AED000CDE900331A220221284600F029FE6FE650
:10AEE000234A136801F10C06013302213046136036
:10AEF0000CF0E2FE41F23E330380012130460CF0BB
:10AF0000DBFE01230370122130460CF0D5FE80F8E1
:10AF10000080A0F80150637FC370A37F03F001039A
:10AF20000371D4F81F30C0F80530B4F82330A0F80E
:10AF30000930E38CA0F80B30238DA0F80D30638D21
:10AF4000A0F80F3094F82C30437439E60B462A46AB
:10AF500000211A20FFF750F832E600DEFCE500DEA3
:10AF600079E600BF50C3020004BB02008801002044
:10AF7000B424002070B500F10C040E4620460221D6
:10AF800015460CF099FE40F213530380052120462C
:10AF90000CF092FE01230370A0F80160A0F80350AA
:10AFA00070BD00BF0379032B09D0172B05D0183BC8
:10AFB000052B8CBF00200320704701207047037FC2
:10AFC00003F00303032B14BF05200420704700BFC8
:10AFD0000B4B0C4A0C4930B44FF0FF3441F6FF756F
:10AFE000C3E9004500240025C2E900451F240025CF
:10AFF000C1E90045054B00221A6030BCFEF7ECBFEA
:10B0000088010020F810002080010020B4240020D6
:10B0100000B583B00E4B05990E4ACB1AA2FB032351
:10B0200013F47F5FC3F387120DD1023200910A4BF4
:10B03000D2B201210020FDF7F1FD10F0FD0F04D187
:10B0400003B05DF804FB00DEEFE700DEF8E700BFC9
:10B05000DC240020ABAAAAAAF1B0010010B4026857
:10B060000446506DB8B1916D00235365D1B10023F2
:10B07000936517220A714FF6FF72CA8001F11C0214
:10B08000CB610B624B628B6213823C230B778C602B
:10B0900010BCFEF711BB00DE916D506D00235365AF
:10B0A0000029E4D100DE916DE1E700BF0E4A0F4BAD
:10B0B00012781A7000B9704710B54B7F01EB83030B
:10B0C00082B01B6A01911C78FEF792FB01998142C4
:10B0D00001D102B010BD14F00E0F02D14B69002B4C
:10B0E000F7D000DEF5E700BFB22E0020B12E002021
:10B0F00000B17047064B10B502460C4602200121F4
:10B100009C60FCF749FB00B910BD00DE10BD00BF1C
:10B11000C403002003788BB110B50C4B00F1100173
:10B12000996082687AB90A4C084B0022C0E9024152
:10B1300011460120FCF730FB18B910BD1030FFF7A5
:10B140008DBF00DE10BD00DE9968ECE7B40300207F
:10B150005DB0010038B5134C6569EB6DB3B905F10D
:10B16000500105F14C00FCF793FA0346C0B1EB65C2
:10B17000286800F05BFC0025A06D6561FEF78AFA87
:10B18000606DA565FEF77AFA656538BD00DE05F1EC
:10B19000500105F14C00FCF77BFA03460028E6D18C
:10B1A00000DEE4E7DC24002030B52F4C94F85E305C
:10B1B000D90785B034D5636953B193F82C2042F098
:10B1C000020283F82C20636993F82C30DA073DD40F
:10B1D0002548FEF7F5FA84423BD1237EDB0703AD19
:10B1E00021D402220321214B009500200392FDF778
:10B1F00015FD2946FEF7D2FA18BB1D48FEF71CFBC9
:10B2000048BB1948FEF7E8FA844228D163690BB1BC
:10B21000FFF7A0FF94F85E3023F0010384F85E305E
:10B22000002005B030BD02210391104B0095032191
:10B2300001220020FDF7F2FC2946FEF7AFFA0028B4
:10B24000CFD00948FEF7C8FA84420AD10C2005B0D5
:10B2500030BD00DEC1E77830D3D000DED1E700DEBC
:10B26000D4E700DEF2E700BFDC240020F58D01000A
:10B27000EC24002000B50378497802F1FF3C10313E
:10B2800003F00F03C9001FFA8CFC062B13D8DFE86C
:10B2900003F0042717121212040043781033DB0066
:10B2A00003F21B32881803F5B37313FB0CF3184435
:10B2B00080B25DF804FB40F253204FF4F373F4E7DF
:10B2C00041780CEB8C03C3EB0310400001F1100339
:10B2D000DB0000F23B1003FB020290B25DF804FBBE
:10B2E00040F2E33040F21623DFE700BF30B54FF6FF
:10B2F000FF718BB08B429DF838500F9C19D021788C
:10B300000131C9B2217000294CD02849C1E900029D
:10B310008A7A0B8165F30002254B8A7204F11000D2
:10B320000022C860996001201146FCF735FA002818
:10B330003AD1207E10F0010505D11E4A1E4B11782E
:10B340001B788B4201D00BB030BD0133042109A81A
:10B35000137004F061FF099B184A0694A2FB0321B5
:10B36000174A0095A21A174CA4FB02425C1A01EB83
:10B37000540140F2471C090A92090CFB11330232B6
:10B38000114905910133CDE90355CDE90155284611
:10B39000D2B201210993FDF729FC10F0FD0FD2D0A4
:10B3A00000DED0E700DEB0E700DEC2E700110020DB
:10B3B000A4030020B22E0020B12E002021F1D49051
:10B3C000DC240020ABAAAAAAADB0010010B5134C32
:10B3D000204605F08BFA04F10C0005F087FA34F8EA
:10B3E000043C627823F4437304EB820223F00203EB
:10B3F000526843F00E0324F8043C062100234FF466
:10B40000006CA4F840C013705170637B04EB8300A0
:10B41000042203691A70597010BD00BFF82400207F
:10B420002DE9F043684C1F46684B94F85E608046F7
:10B430008E4693E8030083B016F001069DF82CC0F9
:10B440009DF8303000908DF8041040F0A1800CF091
:10B45000070C03F003034FEA4C0C4CEA032C0EF1EB
:10B460000803BEF1010F0DEB030E238B23F443738E
:10B4700023F002034CEA030C637FA4F818C004EB2A
:10B48000830308BF4FF00008A4F85C80D3F8208045
:10B4900015461EF8082C98F8001002F00E0321F053
:10B4A0001F0002F00F02B3FA83F35B09024363F358
:10B4B000451288F8002002F00F02012A01F00F0166
:10B4C0002ED098F80130F3B998F8003005F0010556
:10B4D00065F3861323F0800388F80030062388F88C
:10B4E000013094F82930246104EB8304AD01E36A50
:10B4F0005A7845F004051D700AB906225A70304684
:10B5000003B0BDE8F083012934D098F8003005F08D
:10B51000010565F3861323F0800388F80030E0E727
:10B5200001290FD098F80120BABB84F8346098F84C
:10B53000003003F00F03012B04D098F80130002BEA
:10B54000C2D0E2E708F1080998F8003005F00105DB
:10B5500065F3861367F3C71388F800300A9B1B68EE
:10B56000C8F808300A9B9B88A9F804300C2388F897
:10B570000130B6E794F8342004F1350108F10800F1
:10B580000FF0EEFF94F83430063388F80130BCE752
:10B590000C26304603B0BDE8F083052A10D9063AE0
:10B5A00008F10809D2B20A4884F8342049460FF05D
:10B5B000D7FF98F8003003F00F03012BBDD1C3E78C
:10B5C00000DE98F80120EAE7DC24002098BC0200A5
:10B5D0001125002008B5FFF7F9FE002008BD00BFC7
:10B5E00008B5FFF7E1FD002008BD00BF08B506481B
:10B5F00005F08CF9044B03F10C0005F087F9FFF717
:10B60000E5FE002008BD00BFF8240020034A044BDB
:10B61000801AA3FB0030C0F38F107047DC24002099
:10B62000ABAAAAAA044A0068044B801AA3FB003004
:10B63000C0F38F10704700BFDC240020ABAAAAAA79
:10B6400028B9044B93F85E0000F001007047002019
:10B65000704700BFDC2400201F2956D82DE9F04197
:10B66000437F00EB830382B01F6A3B7803F00F0334
:10B67000012B0E460546904649D00DF107011C30BE
:10B6800005F08EF93A78037802F00F0223F01F03D9
:10B69000134303703B780278C3F3401363F34512FE
:10B6A00002703B78D2B2C3F38013394663F386123B
:10B6B000027011F8023BD2B2DB0963F3C7120446F1
:10B6C00000F8022B06220FF059FF3246414604F1E2
:10B6D000080006360FF044FF667095F85E30DB0711
:10B6E00006D49DF807306B77002002B0BDE8F081EA
:10B6F00095F8293005EB83032146DA6A2846F1F7ED
:10B700007BF90028EDD00C20EFE71220704780F87D
:10B7100034100A46353041460FF022FFE4E700BFFF
:10B7200003460A4601481946FFF796BFDC2400206D
:10B730001F295FD82DE9F04190F8293000EB8303F1
:10B7400082B0DE6A0F460446904600F12805002EBE
:10B7500041D028460DF1070105F022F9037823F0C6
:10B760003F03314643F00403037011F8022BDBB2B0
:10B77000C2F3801203F03F0343EA82130370BB1D40
:10B7800043700546062202300FF0F8FE3A46414665
:10B7900005F108000FF0E4FE94F85E30DA0707D4F4
:10B7A0009DF8073084F82930002002B0BDE8F08110
:10B7B000627F04EB82024123116A0A7802F00F02D1
:10B7C000D340DB07ECD52A462046F1F715F90028CF
:10B7D000E6D00C20E9E7284605F088F8C0B258B951
:10B7E00094F8293004EB8303DE6A042333700623C4
:10B7F0007370AEE7122070470720D6E703460A466B
:10B8000001481946FFF794BFDC24002008B5054B1A
:10B810000022986011460120FBF7BEFF00B908BD69
:10B8200000DE08BDD403002083685A6892F82730F0
:10B83000DB09014601D100DE70470831F1F7E4BCB5
:10B840002DE9F0410768244982B005464FF4C072E3
:10B850003846FBF7F9FE05F14C06294605F01CFBBE
:10B86000286D01AA3146FBF72FFF00B31B4C4FF6A2
:10B87000FF7894F8412094F84010531CDBB2082B59
:10B8800008BF0023994223D004EBC20124F8328080
:10B89000019A4A6012680260019A1060286D84F86B
:10B8A000413001AA3146FBF70FFF0028E1D1D7F85C
:10B8B000480107F5A47138B10023C7F84831FEF7F5
:10B8C00079F802B0BDE8F08100DED7F84801F3E76F
:10B8D00000DE00231B80FFDE101100200C2600205C
:10B8E00010B50C4630B92046FDF794FF844200D0D5
:10B8F00000DE10BD00DEF6E710B50C4630B920467C
:10B90000FDF77CFF844200D000DE10BD00DEF6E7CC
:10B9100010B50C4640B9074B0246012102209C603D
:10B92000FBF73AFF20B910BDFDF762FF8442FAD061
:10B9300000DE10BDF403002000B9704700B583B0ED
:10B940000191FDF773FF0199814202D103B05DF8C7
:10B9500004FBFDF74DFF01998142F7D000DEF5E7CA
:10B9600010B5134B134801224FF4C071FBF71AFEB8
:10B9700000224FF4C0710F48FBF762FE4FF6FF73D1
:10B9800083840D4B0322181D2421FBF70BFE0B4B68
:10B990000722181D0821FBF705FE01F0A5FC084849
:10B9A0000849094A0323002404600B70137010BD7A
:10B9B0005C250020101100209C250020602500201F
:10B9C00074260020B42E0020B32E002010B503787A
:10B9D00083B1104B00F1100199608268BAB90E4C26
:10B9E0000C4B0022C0E9024111460120FBF7D4FEB6
:10B9F00058B910BD03F0FF02084B10309860114693
:10BA00000120FBF7C9FE0028F3D000DE10BD00DEE8
:10BA10009968E4E7E40300200DB80100D403002096
:10BA20000148FBF7E3BD00BF5C2500200149FBF79F
:10BA3000F3BD00BF5C25002002494FF4C072FBF744
:10BA400003BE00BF10110020024620B903484FF486
:10BA5000C071FBF7F5BD0020704700BF101100203A
:10BA600060B908B502464FF4C0710548FBF7E8FD20
:10BA700010B1838C03B908BD002008BD00207047B9
:10BA8000101100200148FBF7B1BD00BF9C2500202C
:10BA90000149FBF7C1BD00BF9C25002000283DD116
:10BAA00038B502460D461F484FF4C071FBF7C8FD7C
:10BAB0000446F0B1828CE2B91B4890F821C090F89E
:10BAC00020100CF10103DBB2042B08BF00239942C4
:10BAD00021D020F83C2000EBCC0CCCF8045080F8AE
:10BAE0002130237843B994F93730002B0EDB002046
:10BAF00038BD6FF0150038BD0C4B012103209C6050
:10BB0000FBF74AFE94F93730002BF0DA002120468B
:10BB100003F05CFFEBE76FF0680038BD6FF01500D5
:10BB2000704700BF101100205026002004040020A0
:10BB30002DE9F04782B0BDF82870BDF82C80BDF823
:10BB4000309098B90C4615464FF4C071024619481A
:10BB50001E46FBF775FD824640B1838C33B96CB14C
:10BB6000022C07D0012002B0BDE8F087022002B00D
:10BB7000BDE8F087ADB901F0D9FD0EE00D9B019352
:10BB8000CDF8009043463A46314601F065FD002865
:10BB9000EDD19AF93730002B07DB002002B0BDE869
:10BBA000F087294601F0D2FDF7E70146504603F041
:10BBB0000DFFF2E710110020E8B938B502460C4637
:10BBC0000E484FF4C071FBF73BFD054650B1838C26
:10BBD00043B901F0F1FC38B10368236003792371A4
:10BBE000002038BD022038BDD5F83230236095F8EA
:10BBF00036302371F4E70220704700BF1011002097
:10BC000038B510B10224204638BD02460C4615480E
:10BC10004FF4C071FBF714FD054600B3838CF3B9F4
:10BC20001A2C15D8042C17D90F4BE340DB0713D57A
:10BC30002146284601F0A6FC04460028E3D195F9E8
:10BC40003730002BDFDA0146284603F0BFFEDAE783
:10BC5000292CEDD03B2CEBD01224204638BD0C24EF
:10BC6000204638BD101100202000380438B5A0B996
:10BC700002464FF4C0710D48FBF7E2FC054660B187
:10BC8000838C53B9012101F02BFC044618B995F9B6
:10BC90003730002B04DB204638BD0224204638BD57
:10BCA0000146284603F092FE204638BD10110020C0
:10BCB00038B598B902464FF4C0710D48FBF7C0FC87
:10BCC000054658B1838C4BB901F022FC044618B9E3
:10BCD00095F93730002B04DB204638BD022420467E
:10BCE00038BD0146284603F071FE204638BD00BF2E
:10BCF00010110020C8B938B50D4614464FF4C07174
:10BD000002460B48FBF79CFC034660B1808C50B99F
:10BD100093F85820C2F302022A7093F85930C3F303
:10BD20000203237038BD022038BD0220704700BFD7
:10BD300010110020024A034B107019700020704748
:10BD4000B42E0020B32E0020F0B583B000BB0F4608
:10BD500016464FF4C071024614481D46FBF770FCAE
:10BD60000446A8B1838C9BB9D0F82031DB0513D5EC
:10BD70002B46012500953246394601F0DBFB05468E
:10BD800018B994F93730002B0ADB284603B0F0BD10
:10BD90000225284603B0F0BD1A25284603B0F0BDA1
:10BDA0000146204603F012FEEFE700BF101100200D
:10BDB00048BB10B502460C4614484FF4C071FBF75F
:10BDC0003FFCF0B1838CE3B9C28CB0F86C31104900
:10BDD000052A0BD802FB03334FF4FA7202FB03F37C
:10BDE000A1FB03135B0B2380002010BD02FB03F3B8
:10BDF00040F2E24202FB03F3A1FB03135B0B23803F
:10BE0000F2E7022010BD0220704700BF1011002091
:10BE10005917B7D150BB10B502460C4614484FF421
:10BE2000C071FBF70DFCF8B1838CEBB9C38C42F207
:10BE3000107202FB04F1052B01F1FF310AD84FF417
:10BE4000FA7203FB02231944B1FBF3F1A0F86C1161
:10BE5000002010BD40F2E24202FB03F31944B1FBA3
:10BE6000F3F1A0F86C11F3E7022010BD0220704737
:10BE70001011002008B5FFF773FD002008BD00BFBA
:10BE800038B51A4800224FF4C071FBF7D9FB0446BD
:10BE900050B304F1100221460320FDF7F7FC0546DC
:10BEA00010B110F1780F0AD10025114A114BE56647
:10BEB0001584A3F84050FFF753FD284638BD40F2E3
:10BEC0004D730D4A0D490E480AF04AFF0D482A46A7
:10BED00000210AF045FF002383F31188BFF36F8F21
:10BEE0000323184602DFDFE700DED2E7101100204F
:10BEF000502600200C26002074C30200B4C30200A8
:10BF0000CCC30200ECC30200014B1878704700BF9D
:10BF1000B42E0020014B1878704700BFB32E0020CC
:10BF20000B46896818600A68107828B1916851B981
:10BF30000849C2E9021370474A6892F82710C909F4
:10BF400003D100DE704700DEF2E703F10801184676
:10BF5000F1F75AB929B801000B68DA889ABB70B5B5
:10BF60000C4606464FF4C0711848FBF769FB0546BE
:10BF7000D0B1838CC3B901F025FC2268137F03F094
:10BF80000303032B08D1012313712268314628468D
:10BF9000BDE8704001F02ABC53B195F842319A07D0
:10BFA00005D53D2385F84431236801221A7170BDFF
:10BFB00095F842319B0703D53D2385F8443122682B
:10BFC0000123137170BD01221A71704710110020F6
:10BFD00010B5B0F824C004464FF6FF7084450CD06D
:10BFE000A4F804312046C4E93F1201F00BFA94F89A
:10BFF000423113F0010002D110BD00DEF0E723F062
:10C00000010384F842316FF08B0010BD70B51C4CF9
:10C01000064694F821201BE0FBF712FB03466968F3
:10C02000C4301BB39B8C0BBB00F0D8FF94F82010DE
:10C0300094F821204B1C8A4206F1FF30DBB204D079
:10C04000042B08BF002384F8203010F0FF0616D020
:10C0500094F820300B4893424FF4C0710FD034F85D
:10C06000332004EBC305002AD6D069680B7923F08E
:10C0700003034FF6FF700B71FDF75EFBD6E770BD53
:10C080005026002010110020F0B5314B1A68904264
:10C0900008BF002283B008BF1A60828CA0F84E212E
:10C0A000182380F84C31054680F86411012101F015
:10C0B000B3F905F1C406284601F0C2F9304600F094
:10C0C00075FF304600F0AAFF044628B3037903F059
:10C0D0000303032B0CBF0346002303601D4805F137
:10C0E0006007FBF783FAA8B121463A46FBF7DAFA74
:10C0F000304600F093FF044670B1037903F0030368
:10C10000032B0CBF0346002303601248FBF76EFAB3
:10C110000028E9D100DEE7E7AA8C0F4B0095033237
:10C12000D2B201210020FCF779FD10F0FD0F08D1FB
:10C130004FF6FF73FF20AB8403B0BDE8F040FFF77C
:10C1400065BFFDF755FB8542F2D000DEF0E700BF8A
:10C15000742600206025002011B9010038B505467D
:10C160000120FFF753FF05F1C40000F057FFA8B10D
:10C17000037903F003030446032B0CBF234600237B
:10C1800007482360FBF732FA30B105F1600221461F
:10C19000BDE83840FBF786BA00DEF6E738BD00BFE1
:10C1A0006025002021B3F8B54D1EEDB200F1C407A3
:10C1B00000F1600612E0237903F00303032B0CBFA8
:10C1C000234600232360FBF711FA78B1013D324684
:10C1D0002146EDB2FBF766FAFF2D06D0384600F097
:10C1E0001DFF04460348002CE5D1F8BD00DEEDE755
:10C1F000704700BF602500200149FBF70DBA00BF62
:10C2000060250020014B93F8410070470C26002068
:10C2100000B50A4B93F840C093F841E0F4450BD0C9
:10C2200080F800E033F83C00088003EBCC035B6847
:10C23000136018685DF804FB0020FBE70C26002063
:10C24000074B93F840C0844508D003EBCC0033F88B
:10C250003C300B80436813601868704700207047BB
:10C260000C260020094A92F8401092F841308B4287
:10C2700009D04B1CDBB2082B08BF002352F8310059
:10C2800082F8403070470020704700BF0C26002025
:10C2900000B50D4A92F841C092F840E00CF101035C
:10C2A000DBB2082B08BF00239E4509D022F83C00D2
:10C2B00002EBCC0CCCF8041082F841305DF804FBA2
:10C2C00000DE00231B80FFDE0C26002070B55379B2
:10C2D000144605460E46002B39D0237903F003029D
:10C2E000032A0CD04FF6FF72954204BF23F00303DC
:10C2F000237121462846BDE87040FDF71DBA4FF670
:10C30000FF739D4206D13368A3421AD0002BF0D0B0
:10C3100000DEEEE7EDB913482A464FF4C071FBF793
:10C320008FF9E0B1214601F02FFA3368A342EDD135
:10C330000C4800224FF4C071FBF782F908B1838CDE
:10C3400003B100202146BDE8704001F01FB800DEB7
:10C35000C3E700DE0020214601F016FAD3E700DE35
:10C36000E0E700BF101100201B207047704700BF9E
:10C3700090F8423143F0020380F84231704700BF29
:10C3800090F8423123F0020380F84231704700BF39
:10C39000B0F84031B0F80421981880B2704700BF5F
:10C3A0000278038E12B1581E80B27047418DB0F8EA
:10C3B00004215818104480B2704700BF10B50446DD
:10C3C0000B68C4F8323032300B7903710521FBF76A
:10C3D000FDFA94F8373060F3050384F8373010BD68
:10C3E00008B50022D0E91701FBF766F9B0FA80F032
:10C3F000400908BDF8B506460C4600F0E5FE0546C6
:10C4000088B32F1D384602F0DFF8EB7963732946B5
:10C41000304600F0EFFE304603F04AF8AB68EA68B9
:10C42000C4F84720C4F843302B69C6F89030A5699A
:10C430000023A361ADB103232F792B71B38CEB8063
:10C4400005F11C01204602F0A7F82E2F02D004238C
:10C45000A372F8BD28682946FDF72EF90423A372BC
:10C46000F8BD00DEE7E700DECBE700BF70B50446AD
:10C470000D4600F0A1FE10B90623AB7270BD04F1A9
:10C4800073063346002205F13B0105F12B0005F050
:10C490008BFED4F87B10C4F89C10D4F88C10D4F820
:10C4A0007F20C4F8AD10D4F89010D4F87730C4F8D9
:10C4B000A020C4F8B11094F88B2094F8AC10C4F804
:10C4C00098300023D4F8730084F8833063F30001BC
:10C4D000C4E9293384F8843084F8853084F88630C0
:10C4E00084F8873084F8883084F8893084F88A307A
:10C4F00042F00103C4F8940084F8AC1084F88B3047
:10C500002946204600F060FE0646A8B1301D02F024
:10C5100073F8F3796B733146204600F06BFE2046CA
:10C5200002F0C6FF4FF4C1636B8194F8723043F0A0
:10C53000080384F8723070BD00DEE7E770B50C4682
:10C54000897A82B005460D2900F22E81DFE801F0DC
:10C550005F676A9B9F07070C1836393E5053002AC5
:10C5600000F0A78002B070BD002AFBD1214628460A
:10C5700000F022FE002840F0F1800723A372F1E7CB
:10C58000022AEFD1A0690023A361002800F02981CD
:10C5900003230371AB8CC380237A052B00F0098140
:10C5A000062B00F0038100DE2146284600F004FE41
:10C5B000002840F0AA800923A372D3E7002AD1D132
:10C5C000F2E7002ACED10B23A372CBE7072AC9D109
:10C5D0002846012100F012FE2846FFF7C9FE214639
:10C5E000284600F0E9FD002871D10C23A372B9E7B9
:10C5F000002AB7D1F3E7082AB4D140F202336381AD
:10C6000095F8723023F0100385F87230AAE7002AFB
:10C61000A8D1237A062BD6D00223A372A2E7002A40
:10C62000FAD09FE7012A9DD111462846019300F0D8
:10C63000E5FD2846FFF79CFE284601F02BFD019BF7
:10C640005A689968C4F82510C4F821201A7B84F828
:10C6500029205A7B84F82A20D3F80E20D3F8121010
:10C66000C4F83F10C4F83B20D3F81630C5F88C301E
:10C670002146284600F0A0FD10BB204600F0DEFD5C
:10C680000323A3726EE7002A7FF46CAFF0E7032A5E
:10C690000CD0042A7FF466AF062140F20362072320
:10C6A00084F82010A4F84D20A3725BE70523A37241
:10C6B00058E72146284602B0BDE87040FFF7D6BED5
:10C6C0002146284602B0BDE87040FFF793BE2146E0
:10C6D000284600F079FD0646002800F08480301DD1
:10C6E00001F09EFFF37963733146284600F082FD26
:10C6F000284602F0DDFE40F60D33638195F8723076
:10C7000023F0080385F872302CE72146284600F014
:10C710005BFD0646002868D0301D01F077FFF379F5
:10C7200063733146284600F065FD284602F0C0FEDE
:10C73000284603F019F80023A3720121284600F0CF
:10C7400071FD2846FFF71CFE284601F0A7FC95F86E
:10C75000723043F0100385F8723003E72146284613
:10C7600000F032FD0646002841D095F8103194F8CB
:10C770004E10301D1BB1D5F820315B071DD401F0E0
:10C7800059FFF37963733146284600F033FD28469C
:10C7900002F08EFE284602F0E7FF94F82030062BC8
:10C7A00011D0242B3FF4DEAE00DEDBE61A2303714A
:10C7B000FAE61C3001F02AFFF6E60A4694F84D101E
:10C7C00001F044FFDDE70121A172284600F02AFDB7
:10C7D0002846FFF7D5FD284602B0BDE8704001F0BD
:10C7E0005DBC00DED4E600DE79E700DE94E700DE23
:10C7F000BBE700BF92F81FC0ACF1030C02F11C03B1
:10C80000BCF1080F06D8DFE80CF01205050F05058E
:10C81000050C09003D2380F8443170470822FFF7DA
:10C820008DBE0722FFF78ABE0222FFF787BE0122D4
:10C83000FFF784BE8B7A042B06D002D9053B082B68
:10C8400000D8704700DEFCE705238B72704700BFFD
:10C850008B7A042B06D002D9053B082B00D87047F1
:10C8600000DEFCE7062040F20362072381F8200087
:10C87000A1F84D208B727047887AA0F10400B0FABD
:10C8800080F04009704700BF13460022FFF756BEF4
:10C8900070B591F82630042B0C460ED991F827205C
:10C8A000112184F822100125134313F0070312D13C
:10C8B00084F822300125284670BD032B07D091F85B
:10C8C0002720042AECD8032A01D00025ECE7112305
:10C8D00084F822300125A68CFFF762FD801B03043B
:10C8E000E9D42823E4E700BF10B50C46896900238A
:10C8F000A36131B394F82130DB071DD50B792E2BC2
:10C900001DD11D230B71838CCB8094F822300B77C3
:10C9100090F85930C3F302038B7790F85830C3F383
:10C9200002034B770868FCF7C7FE94F8213023F028
:10C93000010384F8213010BD01230B71F2E700DE02
:10C94000DFE700DED6E700BF70B505460C4601F014
:10C9500099FB10B10123A37270BD284602F096FD29
:10C960000028F7D12146284600F026FC0028F1D007
:10C97000284602F089FD0728ECD00121284602F064
:10C980007DFD0D21284602F07DFD162363732146AF
:10C99000284600F019FC0646E061B0B3637B66618F
:10C9A0000022162BE26109D000DE2846314600F055
:10C9B00021FC2846BDE8704001F074BB94F820309B
:10C9C00095F87C21C3F3C20363F3C50285F87C218B
:10C9D00094F8202095F87C3162F3020385F87C31CD
:10C9E00094F8203095F85820C3F3801363F3C30202
:10C9F00085F85820311D204601F03EFE02212846D0
:10CA000000F0FCFB0223A372CFE700DEE669C5E776
:10CA100070B505460C4602F043FD10B10223A37227
:10CA200070BD2146284600F0C7FB0028F6D02846F6
:10CA300002F02AFD0728F1D00D21284602F022FD40
:10CA4000172363732146284600F0BEFB0646E061CB
:10CA5000B8B1637B66610022172BE26109D000DE6A
:10CA60002846314600F0C6FB2846BDE8704002F07B
:10CA70001FBD311D284601F023FE41F603036381EB
:10CA8000EEE700DEE669E4E770B50C46897A82B02D
:10CA900006461546092906D8DFE801F0080D454885
:10CAA00005056B058BAC00DE02B070BD002DFBD11F
:10CAB0000123A372F8E71946204601F0F3FD94F82C
:10CAC000202096F87C31C2F3C200C3F3C2010140BA
:10CAD000C2F30200034043EAC10322F03F021343C2
:10CAE00084F8203096F93730002B0BDB94F8203097
:10CAF00013F0380F40F08E8094F8203023F03F037D
:10CB000084F820300221304600F078FB012DCBD193
:10CB100096F83730DB09C6D02146304602B0BDE872
:10CB20007040FFF775BF002DBED1F5E7022DBBD1D8
:10CB300090F93730002B80F2A180544B96F85820A2
:10CB400093E8030094F8203002AD134305E9030095
:10CB500003F007036B4402211B78304663F306128F
:10CB6000062386F85820A37202B0BDE8704000F09A
:10CB700059BB032D98D11946204601F0B7FD214637
:10CB80003046FFF785FE0546204600F057FB002D96
:10CB900067D094F8223096F85820282B08BF86F8E2
:10CBA00044311346092162F3061386F85830A17206
:10CBB0007AE7002D7FF478AFFFF7EAFBA38CC01A69
:10CBC00003043FF571AF84F8225096F93730002BFB
:10CBD00024DB2A4694F8213062F3000384F82130E4
:10CBE00096F858201346092162F3061386F8583048
:10CBF000A17259E7042D7FF457AF2146FFF774FE69
:10CC0000304602F0B1FD0021304602F03BFC00232B
:10CC1000A37249E75A077FF475AF6DE794F82730A0
:10CC200096F8591094F8262013F0030301F007003A
:10CC300002F003021BD096F85850AC4663F3020C86
:10CC400086F858C005F00705D2B99D4218BF0122E9
:10CC5000C0D196F8592002F007052A1A18BF012200
:10CC6000B8E7304602F02AFC0823A3721CE7002A2A
:10CC7000AFD062F3020186F85910EAE700DE5CE704
:10CC800062F3020186F85910DFE700BFA0BC020082
:10CC900070B5D37F112B05460C4602F11C063ED021
:10CCA000182B09D0072B13D0242380F8443101F02E
:10CCB0009DFA0023A37270BD8B7A062B40D003D857
:10CCC000022BF8D900DE70BD083B012BFAD870BDED
:10CCD0008B7A062BF3D1002102F0D0FBD5F820315E
:10CCE0001A2223F48073C5F82031204684F82220CC
:10CCF00000F0A4FA94F8213043F0010384F82130C5
:10CD000095F858201346092662F3061385F8583023
:10CD1000A67228460221BDE8704000F083BA8B7AE3
:10CD2000062BCCD13146204601F09EFC94F84E30C3
:10CD300084F822302846002102F0A0FB2046D7E7E5
:10CD400090F93730002B3FDA0221284602F096FB9B
:10CD50003146204601F0CAFC21462846FFF798FDDF
:10CD60000646204600F06AFA9EB994F827302BB1A7
:10CD700095F8582063F3061285F85820284601F0EC
:10CD80009BF90823A37228460221BDE8704000F0F9
:10CD900049BA0021284602F071FB94F822300BB109
:10CDA00085F8443194F8203094F82120DB0963F3AE
:10CDB000000284F8212095F858100A4661F3061203
:10CDC000092385F85820DDE700DEBDE738B58B7A0A
:10CDD0000C460546092B06D8DFE803F007070605D1
:10CDE000050506050B0600DE38BDBDE83840FFF737
:10CDF000ABBDFFF7CDFAA38CC01A0304F4D495F9A8
:10CE00003730002B19DB0021284602F037FB94F85D
:10CE10002030002284F82220DB0994F8212063F3DB
:10CE2000000284F8212095F858201346092162F366
:10CE3000061385F85830A17238BD94F8271095F87C
:10CE4000592094F8263011F0030102F0070C1AD093
:10CE500095F85800864661F3020E13F0030385F837
:10CE600058E000F0070018D063F30202884285F80A
:10CE700059200FD00021284602F000FB0022012398
:10CE800084F82220C9E713F00303BCD063F3020245
:10CE900085F859209C45EDD1B5E78842EAD1B2E743
:10CEA0008A7A0B46092A0BD8DFE802F00B0B050A39
:10CEB0000A0A0B0A0B0B90F83720D209844601D1DD
:10CEC00000DE704710B50F4A90F858E092E8030072
:10CED00093F8202082B002AC4EEA020204E903007B
:10CEE00002F007026A4402211278604662F3061ECD
:10CEF00041F606028CF858E05A8102B0BDE81040B5
:10CF000000F090B9A0BC020038B58B7A092B14D878
:10CF1000DFE803F012121213131312131205054661
:10CF20000C46FFF7E1FC284601F060F90021284695
:10CF300002F0A8FA0023A37238BD00DE38BD00BF9E
:10CF400010B592F81FE0BEF1160F02F11C0310D0CD
:10CF5000BEF1180F08D024230C4680F8443102F0AB
:10CF600003FC0023A37210BDBDE810400322FFF7AD
:10CF70008BBDBDE810400122FFF786BD134600229D
:10CF8000FFF782BD13460222FFF77EBD0023042275
:10CF9000FFF77ABD0023C0E90133C0E90333037012
:10CFA000704700BF037801330370704703785BB9A3
:10CFB000C3687BB102691AB1816861B10B6082609C
:10CFC0000023C0E903337047013BDBB20370002B41
:10CFD000EED0704770474360F1E700BF03783BB184
:10CFE00000230C300B60436843B119604160704707
:10CFF000002304300B604368002BF6D1C0E9001118
:10D00000704700BF00230B60836813B11960816013
:10D010007047C0E901117047406870470346406897
:10D0200028B1996802685A60884208BF9A607047C0
:10D030004078A0F10C00B0FA80F04009704700BFC2
:10D040004078A0F10800B0FA80F04009704700BFB6
:10D050004078A0F10200B0FA80F04009704700BFAC
:10D060004078A0F11700B0FA80F04009704700BF87
:10D070004078A0F10100B0FA80F04009704700BF8D
:10D080004078A0F10900B0FA80F04009704700BF75
:10D090004078A0F10600B0FA80F04009704700BF68
:10D0A0004078A0F11800B0FA80F04009704700BF46
:10D0B0004078A0F10300B0FA80F04009704700BF4B
:10D0C0004078A0F10500B0FA80F04009704700BF39
:10D0D000F8B5064608460D46FAF788FA044680B1C8
:10D0E0000027C0E90577456006722C2239462030BA
:10D0F0000EF05DFA4FF47F43FF2262726381A381D9
:10D10000A7732046F8BD00BF4078A0F10200B0FA36
:10D1100080F04009704700BF4078A0F10200B0FAEB
:10D1200080F04009704700BF4078A0F10200B0FADB
:10D1300080F04009704700BF4078A0F10100B0FACC
:10D1400080F04009704700BF4078A0F10100B0FABC
:10D1500080F04009704700BF4078A0F10100B0FAAC
:10D1600080F04009704700BF4078A0F10900B0FA94
:10D1700080F04009704700BF4078A0F11800B0FA75
:10D1800080F04009704700BF4078A0F10300B0FA7A
:10D1900080F04009704700BF4078A0F10300B0FA6A
:10D1A00080F04009704700BF416809B1FAF734BA0E
:10D1B00000DE4168FAF730BA024B1868003818BF31
:10D1C000012070472404002010B50448FAF70EFA35
:10D1D00004460430FFF7CAF8204610BD240400209E
:10D1E00008B50120FCF77CFA003818BF012008BD03
:10D1F000FCF790BAC430FFF705BF00BF38B590F810
:10D20000363105460C461BB11C4385F8364138BD06
:10D21000C430FFF7C7FE95F836311C4385F8364118
:10D2200038BD00BF90F8363123EA010180F836118D
:10D2300001B17047C430FFF7B9BE00BF836943B185
:10D240001A792E2A04D02E221A71836902691A6073
:10D25000704700DE8369F3E783694BB11A792E2AA0
:10D2600000D0704701221A7181690868FCF724BA5E
:10D2700000DE8369F2E700BF8B6913B11A792E2AA9
:10D2800008D0CB692BB1D0F83C211A60CB69C0F82B
:10D290003C3170471B68D0F838215A608B690122F5
:10D2A0001A718B69C0F83831EBE700BF70B50546DD
:10D2B0000C48FAF79BF9044688B10A4B43600026F4
:10D2C000C0E9056605722C22314620300EF06FF958
:10D2D0004FF47F43FF2262726381A381A6732046CD
:10D2E00070BD00BF1404002010B50A4B022258681C
:10D2F0005021FAF757F9084B012258685021FAF7E4
:10D3000051F9064BBDE81040586804222C21FAF769
:10D3100049B900BF1C04002014040020240400208C
:10D3200038B50446002500F035FF2046C4E93655DF
:10D3300084F8E45002F0FAF9C4F80851C4E93A5507
:10D3400084F8F650A4F8F450A4F8F850C4F80B513F
:10D35000A4F82851C4F81051C4F81451C4F8185155
:10D36000C4F81C51C4F82051C4F82451FBF7CAFC7E
:10D3700094F8723084F83651C4E94801C4E94E5536
:10D3800023F0180384F87230258638BD0846014919
:10D39000FAF742B92404002010B5B0F8E24082B098
:10D3A000034624B1A1420FD2641AA0F8E240B3F8B8
:10D3B000F20020B181420FD2401AA3F8F2000023FC
:10D3C0001846137002B010BD019200F00FFE019AD2
:10D3D00058B1037A0A2B03D022236FF07300F0E7D1
:10D3E00090F820306FF07300EBE700DEF1E700BF4C
:10D3F000034B0B44B3FBF1F3A0F8F830704700BFC8
:10D40000FF59620210B5044602F098F92046BDE8C3
:10D41000104000F0C7BE00BF10B5044649B1012955
:10D4200000D010BD02F0D4F92046BDE8104000F055
:10D430000FBF02F0B9F92046BDE8104000F0FABE77
:10D4400038B5D0F83841054634B1206821464468E3
:10D45000FCF726F9002CF8D1D5F83C410023C5F89B
:10D46000383134B1204624680449FAF7D5F8002C45
:10D47000F8D10023C5F83C3138BD00BF240400209A
:10D4800090F93730002B14DA70B504460E460320AD
:10D4900009491546FFF71CFE014640B180F820609F
:10D4A00080F82150204600F071FD002070BD0C2056
:10D4B00070BD0C20704700BF1C04002010B5074948
:10D4C00004460120FFF704FE28B10146204600F083
:10D4D0005DFD002010BD0C2010BD00BF1C0400200D
:10D4E00038B504460D4602200849FFF7F1FD58B152
:10D4F00090F8203065F30003014680F82030204684
:10D5000000F044FD002038BD0C2038BD1C04002074
:10D5100010B5074904460420FFF7DAFD28B101469B
:10D52000204600F033FD002010BD0C2010BD00BFD0
:10D530001C0400202DE9F0410546884607201049CB
:10D540009DF8186017461C46FFF7C2FDA8B1E3001E
:10D5500008F0070803F03803BF0143EA080307F0A7
:10D5600040073B4343EAC613014680F82030284673
:10D5700000F00CFD0020BDE8F0810C20BDE8F0813A
:10D580001C04002038B504460D4600F0A5FE2046D8
:10D5900002F0A8F907490A20FFF79AFD38B10146C1
:10D5A00080F82050204600F0F1FC002038BD0C200F
:10D5B00038BD00BF1C04002008B590F93730002B9F
:10D5C00008DB00F013FD20B1037A0B2B0CBF2230D7
:10D5D000002008BD01F060FFF5E700BF70B506460A
:10D5E0000D4601F059FF20B1037A053B012B04469B
:10D5F00001D90C2070BD01463046FFF73DF90028E7
:10D60000F7D029686A68AB68ED68C4F837503046CF
:10D61000C4F82B10C4F82F20C4F833302146FFF78C
:10D6200009F9002070BD00BF38B5054601F034FF90
:10D6300020B1037A053B012B044601D90C2038BDEB
:10D6400001462846FFF718F90028F7D0284621465A
:10D65000FFF7FEF8002038BD2DE9F8430546D0F865
:10D660002001BDF820801E4683070F46914617D43F
:10D6700095F93730002B1FDB2A490820FFF728FDDA
:10D680000446002C42D0237A082B0FD0092B16D049
:10D6900000DE2846214600F079FC0020BDE8F88332
:10D6A00020490920FFF714FD0446EAE7A4F8289072
:10D6B0006685A4F82C80ECE71A20BDE8F883099B66
:10D6C000E784A4F828906685A4F82C8003B31B880F
:10D6D0002387099B5B886387099B9B88A387099B9A
:10D6E000DB88E387099B1B89A4F84030099B5B8991
:10D6F000A4F8423095F93730002BCADA2846FEF7F5
:10D700009BF90146284602F061F9C2E70C20C5E703
:10D71000054A4FF0FF33C4E90E23A4F840304FF61A
:10D72000FF73E5E71C0400200000FFFF10B504466E
:10D7300001F0B2FE10B1037A092B00D010BD0146F2
:10D740002046BDE8104001F06DBD00BF38B504466D
:10D750000D4601F0A1FE10B1037A092B00D038BDAF
:10D7600080F8205001462046BDE8384001F05EBDFB
:10D7700008B501F091FE28B1007AA0F10900B0FAD5
:10D7800080F0400908BD00BF38B505460C4600F0E2
:10D790002DFC10B14369A3420ED0284601F07CFE57
:10D7A00010B14369A34200D038BD22460146284645
:10D7B000BDE8384001F094BF01462246284600F0FB
:10D7C000B5FCEAE710B5044600F010FC18B10146BC
:10D7D000204600F0CDFC204601F05EFE014620B15F
:10D7E0002046BDE8104001F08FBF10BD2DE9F0418B
:10D7F000537F144605460E46002B3AD0D37F1E2B8E
:10D8000024D9284600F0F2FB0746284601F044FEE2
:10D810000146002F68D0FA7AE37F002843D0934274
:10D82000C07A52D03A7B002A4FD1072B65D0112BFA
:10D8300074D00D2B40F086800D2802D00B7B002B7E
:10D840003BD01F2385F84431BDE8F081474A52F8A8
:10D85000232022B104F11C00904760B1E37F022B2A
:10D86000CFD10123224631462846BDE8F04101F0E0
:10D87000CBBFFF23D377284600F0B8FB30B1E27F5F
:10D88000C37A9A42E0D0037B002BDDD1284601F019
:10D8900003FE002840D0E27FC37A9A42D4D0037BB3
:10D8A000002BD1D1DEE7934207D03A7B2AB9072B70
:10D8B0003CD0112B3AD00D2BD3D1234632463946DA
:10D8C0002846BDE8F04100F0FBBB8342B9D00A7B9B
:10D8D000002AB6D1072B2FD0112BEED14B7B94F819
:10D8E00020209A42E9D1ACE70028BAD0234632463C
:10D8F0002846BDE8F04101F083BE94F820307A7BE1
:10D900009A4225D00728F1D00A7B002AEED14A7B23
:10D910009A42EBD0242395E70346A3E794F82030FE
:10D920007A7B9A421FD01128EED1DFE77A7B94F8F8
:10D9300020309A4295D1C0E74A7B94F820309A4231
:10D94000BBD17EE78342D1D00B7B002BCED1E1E768
:10D9500007283FF476AF0B7B002B7FF472AF4B7B35
:10D960009342AAD16DE71128F5D16AE7F8C4020005
:10D97000F8B58D6900260C4607468E612DB3012649
:10D9800003232B71BB8CEB80237A022B05F11C0146
:10D9900012D0042B02D000DE46B1F8BD637A0C2B06
:10D9A000F9D1384600F0D2FD002EF6D1286829467C
:10D9B000BDE8F840FBF780BE637A072B0DD0092B3A
:10D9C000E9D1384600F020FDE6E7FFF711FC0546F7
:10D9D0000028D5D100DE0071FFDE204600F0C0FC3B
:10D9E000DAE700BF70B506460C46FFF7EDFB0546CB
:10D9F00000284ED0237A013B291D092B06D8DFE8E9
:10DA000003F0141A202705050505052D00DEEB7926
:10DA1000637329463046FFF7EDFB237A0A2B24D0A7
:10DA20003046BDE8704000F03DBB084600F072FC97
:10DA30001323E372EBE7304600F0A0FC0923E37206
:10DA4000E5E7204600F04EFDFF236561E372DEE767
:10DA5000084600F069FD0C23E372D8E7204600F089
:10DA600053FDFF236561E372D1E7F38CB6F87211C1
:10DA700040F2E24202FB03F342F2107202FB013178
:10DA800001393046B1FBF3F1BDE8704089B200F0D6
:10DA90000FBB00DEAEE700BFF8B506460C4601F04E
:10DAA000FFFC20B103230025A3722846F8BD2146C0
:10DAB0003046FFF781FB05460028F3D0214630466B
:10DAC000FFF782FB074660B3237A022B07F10400BD
:10DAD00019D0042B20D0012B1CD100F025FCFF23F2
:10DAE000E372FB79637339463046FFF783FB3046B8
:10DAF00001F0DEFC0423A372304601F035FE002362
:10DB0000A3722846F8BD0146304600F05BFCFF23B7
:10DB1000E372E6E700DEE4E700F006FDFF23E372D0
:10DB2000DFE700DED0E700BF38B50B7A042B0C46E8
:10DB3000054614D006D8013B012B0ED8BDE838406D
:10DB4000FFF7AABF0A2B08D101F00EFE94F820308F
:10DB50000022A27285F8443138BD00DE38BD90F84D
:10DB600008313BB9FFF798FF0028F5D0012385F86D
:10DB7000083138BD01F0F8FD0023A37238BD00BFA5
:10DB800038B50B7A013B0C460546092B14D8DFE863
:10DB900003F005150D231313131313324B7A072BC0
:10DBA00004D0132B02D0242385F84431284600F0FA
:10DBB0001DFB0023A37238BD00DE38BD4B7A072B56
:10DBC00001D0092BEFD194F82030DB07EED52146A8
:10DBD0002846FFF7CDFEE9E74B7A0C2BE3D18B69A2
:10DBE0008BB121462846FFF7C3FE284600F0FEFA17
:10DBF0000023A37238BD00F0F9FA00221623A272A6
:10DC000085F8443138BDFFF7EBFA0028E9D1284602
:10DC100000F048FA0423A37238BD00BF70B50E7A35
:10DC2000731E0C460546092B06D8DFE803F0070EE5
:10DC30004D2205050505053F00DE70BD00F022FA06
:10DC400000285DD00123A37270BD00F01BFA0028EC
:10DC5000F8D121462846FFF7AFFA0028F2D0214636
:10DC60002846FFF7BFFE6369002B08BF0326A67294
:10DC700070BD90F80831002B3AD100F003FA00286B
:10DC8000E0D121462846FFF797FA0028DAD021464E
:10DC90002846FFF7A7FE6269002A4FF001030CBF78
:10DCA00003220222A27285F8083170BDFFF784FAC0
:10DCB0000028C7D021462846FFF794FE16220223EB
:10DCC00084F82020A37270BD00F0DCF90028B9D1DF
:10DCD00021462846FFF770FA0028B3D0214628468F
:10DCE000FFF780FE6369002B18BF0226A67270BD85
:10DCF0000C2200234A728B61BDE87040FFF740BFE1
:10DD000021462846FFF758FA00289BD0214628468E
:10DD1000FFF768FE6369002B0CBF03230223A37285
:10DD200070BD00BF8B7A022B06D002D9033B012BBA
:10DD300000D8704700DE70470B7A032B01D00A2B06
:10DD4000F7D1FFF71DBF00BF38B58B7A032B05D085
:10DD500001D9042B00D138BD00DE38BD0546D07F87
:10DD60000C46831E02F11C016072172B0DD8DFE8F0
:10DD700003F00C0C0C0C0C1B0C170C0C130D0C0CE6
:10DD80000C1F0C0D0C0C0C0C0C0D00DE2146284653
:10DD9000BDE83840FFF7F4BE284600F0EDFBF5E79C
:10DDA000284600F079FBF1E7204600F0D5FAEDE7D0
:10DDB000204600F059FCE9E738B58B7A032B05D8EB
:10DDC000012B0AD8BDE83840FFF728BF042B03D148
:10DDD0000B7A042B0C4601D000DE38BD0546FFF758
:10DDE000FFF90028F9D021462846FFF7C1FD284653
:10DDF00000F0FCF90023A37238BD00BF38B58B7A60
:10DE0000012B06D002D9023B022B00D838BD00DE20
:10DE100038BD0546D07F0C46831E02F11C0160729E
:10DE2000102B17D8DFE803F00916161616161C1665
:10DE300016161816161616161000204600F070FB5F
:10DE400008212846FFF7DAF921462846BDE8384080
:10DE5000FFF76ABE00DEF7E7284600F08DFBF3E728
:10DE6000284600F0EFFAEFE710B58B7A82B00C4647
:10DE7000042B1ED8DFE803F01710031210000B7AF2
:10DE80000A2B14D1019001F06FFC019894F8203016
:10DE90000022A27280F8443102B010BD02B0BDE889
:10DEA0001040FFF741BE01238B7202B010BD00DEAF
:10DEB000E8E700DEF0E700BF70B5044604F0BEF806
:10DEC00058B1D4F8D85035B1D4F8DC202B68C4F858
:10DED000D830AA4221D0284670BD05460121032032
:10DEE00004F072F82A46064601210320F9F720FCC7
:10DEF000D4F8D85045B1D4F8DC202B68C4F8D83019
:10DF0000954208BFC4F8DC30002EE4D0012211464F
:10DF10000320F9F70DFC284670BDC4F8DC30284614
:10DF200070BD00BFF8B506460C4604F087F868B12E
:10DF3000D6F8D850AC421FD1A3690BBB3046FFF7CF
:10DF4000BBFF2046BDE8F840FFF72EB9054601218A
:10DF5000032004F039F82A46012107460320F9F787
:10DF6000E7FBD6F8D850002FE4D001221146032059
:10DF7000F9F7DEFBAC42DFD000DEA369002BDDD079
:10DF80001B792E2BDAD100DED8E700BFF8B50546A5
:10DF90000C4604F053F840B100232360D5F8DC3080
:10DFA000F3B11C60C5F8DC40F8BD06460121032032
:10DFB00004F00AF83246074601210320F9F7B8FBBE
:10DFC0002660D5F8DC3073B11C60C5F8DC40002F4A
:10DFD000EAD00122BDE8F84011460320F9F7A8BBBA
:10DFE000C5E93644F8BDC5E93644F0E770B50546E5
:10DFF00004F024F818B1D5F8D840204670BD044686
:10E000000121032003F0E0FF224606460121032000
:10E01000F9F78EFBD5F8D840002EEED0012211463C
:10E020000320F9F785FB204670BD00BF38B50546D3
:10E03000FFF7DCFF037A013B0446092B1AD8DFE81F
:10E0400003F00505050519191B13130501460022E8
:10E050002846FFF7B1FEA37B03B938BD2146284609
:10E06000BDE83840FFF75EBF01460022284601F0B8
:10E07000ABF8F0E700DEEEE7014600222846FEF7A7
:10E08000A5FEE8E790F8E400A0F10100B0FA80F006
:10E0900040097047012380F8E4307047002380F87E
:10E0A000E4307047B0F8F830A0F8E230704700BFB5
:10E0B000A0F8E210704700BF0023A0F8E2307047DC
:10E0C00038B50C468969054610461A46F1B1217AE1
:10E0D0000139092922D8DFE801F0050505052121CC
:10E0E000231C1C0521462846FFF72EFEA36923B1F9
:10E0F0001B792E2B1CBF0023A361A37B03B938BD62
:10E1000021462846BDE83840FFF70CBFA3612061D7
:10E11000DDE72146284601F001F8E7E700DEE5E704
:10E1200021462846FEF7B4FDE0E700BF38B591F878
:10E1300008C0BCF1070F0C46054616D0BCF10A0F0B
:10E14000134602D0BCF1030F04D11A4621462846DB
:10E15000FFF7E8FDA37B0022626103B938BD2146C9
:10E160002846BDE83840FFF7DDBEFEF799FEF1E72F
:10E1700038B50B7A072B0C46054608D0A37B03B9AC
:10E1800038BD21462846BDE83840FFF7CBBEFEF734
:10E19000BBFEF3E70222002380F8E020A0F8E23083
:10E1A000704700BF38B590F8E0300446032B1BD809
:10E1B000DFE803F002111011FFF718FF034648B122
:10E1C0001D7A2046FFF732FF0A2D14BF01230323D7
:10E1D00084F8E03038BDFFF709FF0028FAD0204668
:10E1E000BDE83840FFF722BF00DE38BD10B590F81B
:10E1F000E0300446032B1BD8DFE803F00D020C02CD
:10E20000FFF7F4FE90B100230122A4F8E2308273FC
:10E2100084F8E03010BDFFF7E9FE28B100220123A9
:10E22000A4F8E220837310BD00DEF7E700DEEAE722
:10E2300000DE10BD90F8E030022B05D000D870470A
:10E24000032BFCD000DE7047002380F8E0307047DD
:10E2500038B590F8E0300446032B3AD8DFE803F0F5
:10E260000926121320462946FFF706F82846FEF72E
:10E270009BFF2046FFF720FE05460028F2D102232F
:10E2800084F8E03038BDFFF717FE05460028F6D0C9
:10E2900029462046FEF7F0FF2846FEF785FF204678
:10E2A000FFF70AFE05460028F2D1E8E7FFF704FE73
:10E2B00005460028E3D029462046FEF7DDFF284624
:10E2C000FEF772FF2046FFF7F7FD05460028F2D162
:10E2D000D5E700DE38BD00BF38B50546FFF7ECFDD9
:10E2E00068B1044621462846FEF7C6FF2046FEF7E1
:10E2F0005BFF2846FFF7E0FD04460028F2D100242A
:10E30000A5F8E2402146284601F0B8F885F8E0403B
:10E3100038BD00BF03780121122243F003030370CC
:10E320004170C270704700BF03780121132243F08F
:10E33000030303704170C270704700BF0B784FF049
:10E34000020C43F0030307220B7081F801C0CA706E
:10E3500090F84C300B7170470B7980F84C30704757
:10E360000B784FF0020C43F0030307220B7081F887
:10E3700001C0CA7090F84C300B71704710B50B7823
:10E380000C460922082143F00303E17062702370F8
:10E3900090F93730002BACBF0B460E23E370FAF731
:10E3A000B1FC002261F30702C1F3072C0B0C6CF3E4
:10E3B0000F2263F317421B0A63F31F626060A260BF
:10E3C00010BD00BF38B50C460546FAF79BFC237814
:10E3D00043F00303237009236370E370D5F8203101
:10E3E000217263F0FF031840020C0B0CC0F30725E9
:10E3F0002071C1F30721100AA2711A0AE071657138
:10E400006172A372E27238BD0B78092243F00303F4
:10E410000B704A70CA70D0E94623100CC2F3072C67
:10E420000A711A0C81F805C088714FEA102C0B7222
:10E43000C3F30720130A81F807C048728A72CB72AF
:10E44000704700BF2DE9F0414A68124E8968530FAA
:10E4500083EA1273164003F001034FF04052A3FB0E
:10E460000232054601F0EF0786EA0304FAF74AFC98
:10E4700004EA0003C5F8203163F0FF03B8463340D7
:10E48000C5E946380F400122C5F8247185F81021EE
:10E49000BDE8F0812FCF87F72DE9F0414C68104F90
:10E4A0008A68630F83EA147303F001034FF040514D
:10E4B000A3FB01312740054687EA030402F0EF0879
:10E4C000FAF720FCC5E94678044008EA0101012377
:10E4D000C5F82041C5F8241185F81031BDE8F08158
:10E4E0002FCF87F70B784FF0030C43F0030319226B
:10E4F0000B7081F801C0CA7090F820300B7190F851
:10E5000021304B71704700BF0B78022243F00303A8
:10E510000B704A70CA7090F820300B71704700BFC2
:10E520000B7980F8203070470378074AC0F805203F
:10E530004FF0060C43F0030340F60C51037080F8D3
:10E5400001C0A0F803107047F105FFFF0B784FF0F2
:10E55000060C43F003030C220B7081F801C0CA7053
:10E5600090F80A310B71B0F80B31A1F80530B0F812
:10E570000D31A1F807307047012380F809310B797C
:10E5800080F80A31B1F80530A0F80B31B1F8073046
:10E59000A0F80D31704700BF0B78032243F003034E
:10E5A0004FF0170C0B7081F801C0CA70D0F8213001
:10E5B000D0F825208A604B6090F829300B7390F8D2
:10E5C0002A304B73704700BF10B503780D21042229
:10E5D00043F0030341700370C270841803F02EFDF2
:10E5E0000C2120B12046BDE8104001F003BE2046BA
:10E5F000BDE8104001F0F4BD03780121052243F08D
:10E60000030303704170C270704700BF037801219B
:10E61000062243F0030303704170C270704700BFCD
:10E62000037801210B2243F0030303704170C27091
:10E63000704700BF037801714FF0020C43F00303F1
:10E640000D22037080F801C0C27070470378017119
:10E6500043F003034FF0030C0370112380F801C053
:10E66000C3704271704700BF0B7980F84D304B7911
:10E6700080F84E30704700BF0B784FF0030C43F02A
:10E68000030316220B7081F801C0CA7090F8203085
:10E69000C3F3C2034B7190F82030C3F302030B7134
:10E6A000704700BF0A7990F8203062F3C50380F804
:10E6B00020304A7962F3020380F82030704700BFAF
:10E6C0000B784FF0030C43F0030317220B7081F813
:10E6D00001C0CA7090F87C31C3F3C2034B7190F84B
:10E6E0007C31C3F302030B71704700BFCB88838476
:10E6F0000B7980F826304B7980F82730704700BFBF
:10E700000B784FF0180C43F003030F220B7081F8C5
:10E7100001C0CA70C38C8B80038DCB80438D0B816D
:10E72000838D4B8190F834300B73C38EA1F80D307C
:10E73000038FA1F80F30438FA1F81130838FA1F818
:10E740001330C38FA1F81530B0F84030A1F817305E
:10E75000B0F84230A1F81930704700BF0B784FF085
:10E76000180C43F0030310220B7081F801C0CA702B
:10E77000C38C8B80038DCB80438D0B81838D4B812C
:10E7800090F834300B73C38EA1F80D30038FA1F8CD
:10E790000F30438FA1F81130838FA1F81330C38F4E
:10E7A000A1F81530B0F84030A1F81730B0F8423079
:10E7B000A1F81930704700BF8B88C384CB880385CC
:10E7C0000B8943854B8983850B7B80F83430B1F806
:10E7D0000D30C386B1F80F300387B1F8113043878D
:10E7E000B1F813308387B1F81530C387B1F817300B
:10E7F000A0F84030B1F81930A0F84230704700BF9F
:10E800000B78002243F003034FF00C0CCA700B701E
:10E8100081F801C090F823300B71036B094AA2FB09
:10E8200003239B0AA1F80530438DA1F80930038D1D
:10E83000A1F80730838DA1F80B30838CA1F80D303F
:10E84000704700BF5917B7D10B7980F82330B1F862
:10E85000053040F2E24202FB03F30363B1F80930F2
:10E860004385B1F807300385B1F80B308385B1F8E3
:10E870000D308384704700BFB1F8093003844B68C2
:10E88000C0F822300B7A80F8263070478B6900225E
:10E890008A610BB3192293F804C01A71828CDA8052
:10E8A00091F820201A774AB90A8DDA834A8D1A84A2
:10E8B0008A8D5A84BCF12E0F0AD07047C28CDA833D
:10E8C000028D1A84B0F872215A84BCF12E0FF4D153
:10E8D00018681946FAF7F0BE00DEDBE730B5C38CE6
:10E8E0000A8D4C8D8D8D934285B002D1038DA3424C
:10E8F00014D0012381F8223002950B6BCDE900245E
:10E900000C7A91F82320898C0391A4F10801B1FAC3
:10E9100081F14909EEF728FB05B030BDB0F872313E
:10E920005B1B18BF0123E5E7F8B5CD6900230C4652
:10E9300007461646CB618DB3291D112E0AD8DFE894
:10E9400006F0200909090909091C09090909090929
:10E950000909241400DEEB79637329463846FEF773
:10E9600049FC237A092B14D0F8BD084694F82020DE
:10E9700094F82110FFF76AFEEDE72046FFF7DEFC72
:10E98000E9E72046FFF73CFFE5E72046FFF7E6FE14
:10E99000E1E73846BDE8F84000F08ABDFEF714FC18
:10E9A00005460028C8D100DEC6E700BF38B58B6930
:10E9B0000C46054683BBFEF71BFC2E23A0610371AA
:10E9C00094F834200121002384F823102363218D3F
:10E9D0004AB1B1FBF2F313FB02F3E28C9BB29A4211
:10E9E0009CBF23851946238F994204D340F2E2420B
:10E9F00002FB03F323632846FDF7D2FC298D03466F
:10EA000006310B44A384002228462146FFF78CFFE1
:10EA10004FF60B73638138BD00DECCE738B5044692
:10EA20000D4600F03DFD20B929462046FEF7C4FB07
:10EA300030B910212046FEF7E1FB0923AB7238BD47
:10EA400004F1C400FEF7E8FA0028F2D12046FDF7F1
:10EA5000C7FC0028EDD029462046FEF7B5FBE8614B
:10EA6000FEF7BEFB10B90C23AB7238BD2946204619
:10EA7000FFF79CFF20461021BDE83840FEF7D2BBCF
:10EA800070B50C460646FFF729FF237A092B1DD0E7
:10EA900094F82250ADB1002384F82030214630464E
:10EAA000FFF7F4FE304600F05FFE237A092B05D114
:10EAB0000C4B1A68964204BF00221A600023A3720E
:10EAC00070BD2046FEF7C8FBA561EBE7304600F0BD
:10EAD000F5FC237A092BDBD194F82030002BDAD116
:10EAE000D6E700BF7426002070B506460C4600F03D
:10EAF000D7FC10B10623A37270BD054621463046EF
:10EB0000FEF75AFB0028F5D0112221463046FFF7C8
:10EB10000BFF304600F028FE237A092B04D1044B6A
:10EB20001A68964208BF1D600023A37270BD00BF23
:10EB300074260020F8B5294A136806460C468BB1A6
:10EB400083420FD002238B7200F0AAFC054620B945
:10EB500021463046FEF730FB68BB2046BDE8F84052
:10EB6000FEF76CBB218DF38C1660994212D0A5691B
:10EB70000023A36185B303232F792B71B38CEB8022
:10EB800005F11C012046FFF7BBFD2E2F1FD00423EB
:10EB9000A372F8BD628D338D9A42E8D1A28DB6F88A
:10EBA00072319A42E3D12046FEF756FB002205233C
:10EBB000A261A372F8BD4FF47263238421463046EC
:10EBC000FFF792FF2046FEF747FBA561F8BD2868D6
:10EBD0002946FAF771FDDAE700DECCE7742600205B
:10EBE000F0B50C46897A83B005460C2900F2DE8028
:10EBF000DFE811F012001E004D00560062006C00AC
:10EC00007900DC007C00D2008600C0000D00002AE4
:10EC100000F0D18003B0F0BD002AFBD1237A082B8D
:10EC200000F0DB80092B40F0C1800123A372F1E7E3
:10EC3000012AEFD119462046FFF7BEFDE38C052BD4
:10EC40001BD9228DB2F5486F17D8934215D8638D22
:10EC5000B3F5FA7F11D2A08DA0F10A0140F67646F5
:10EC600089B2B14209D8013313FB02F3B3EB800F31
:10EC700003D294F8343093420BD940F61E732384A8
:10EC80002146284603B0BDE8F040FFF72DBF012A1A
:10EC9000C0D82146284603B0BDE8F040FFF74ABF80
:10ECA000002AB7D10192FEF79BFA019A002840F0A2
:10ECB000AF800323A372ADE7032A79D0042AA9D138
:10ECC0000F22062384F82120A372A3E7002AA1D1F2
:10ECD00095F93730002B7EDA94F8203043B10F23BA
:10ECE00084F82130CCE7002A94D1C9E7002A91D1D9
:10ECF000284600F0D5FB002872D00823A37289E7CC
:10ED0000022A87D195F83720C2F3C011D20975D0F5
:10ED100019462046FFF798FD228D931F40F67A4151
:10ED20009BB28B4200F28780638DB3F5FA7F80F04F
:10ED30008280A08DA0F10A0140F6764689B2B142E8
:10ED400079D803FB0222B2EB800F74D22846FDF77C
:10ED500027FBA38C1B1A47F6FE729BB2934240F22C
:10ED60008880282385F84431284600F0FDFC0023E4
:10ED7000A3724FE7002A7FF44DAF2846FDF708FB4A
:10ED8000A38CC01A03043FF545AF2146284603B0C3
:10ED9000BDE8F040FFF774BE002A7FF43BAF214688
:10EDA000284603B0BDE8F040FFF738BE00DE31E78B
:10EDB0000523A3722EE7FEF713FA00283FF42AAFCB
:10EDC00021462846FFF7F2FD1021284603B0BDE892
:10EDD000F040FEF727BAA261E1E70A23A37219E720
:10EDE00021462846FEF7E8F9002886D01022214661
:10EDF0002846FFF799FD0A2363810BE784F84C103E
:10EE0000284600F04DFB0646B8B10D23A37201E77A
:10EE1000A669A261002E3AD0032337793371AB8CF7
:10EE2000F38006F11C012046FFF76AFC2E2F1BD051
:10EE30000423A372EEE61E2394E721462846FEF73C
:10EE4000BBF90028E1D0072221462846FFF76CFDD8
:10EE5000284600F089FC237A092B88D10D4B1A68CB
:10EE6000954284D11E6082E730683146FAF724FC6F
:10EE7000DEE72046FEF7E2F90B23A3722846FDF7F2
:10EE80008FFAA38CC31A1A043FF5C4AE7DE700DEE7
:10EE9000C2E700BF742600202DE9F0412C4E3368F4
:10EEA00004460D462BB1834203D00123AB72BDE86B
:10EEB000F0812046FFF7E6F80028F6D1204600F062
:10EEC000E5FA07460028F0D129462046FEF774F9F6
:10EED0000028EAD02046FDF763FA0121804620464B
:10EEE00000F0CCFAA5F83680D5F81C8085F834708F
:10EEF0003460EF61B8F1000F1BD008F1040128461F
:10EF0000FFF7FEFB98F807306B7341462046FEF78B
:10EF100071F92B7A092B08D094F83730DB0901D12D
:10EF200000DEC4E704236B81C1E72046FFF7BAF88F
:10EF3000F2E729462046FEF747F980460028DCD153
:10EF400000DE04212846FFF7DBFB98F80730FFDEE0
:10EF500074260020F8B50C46897A0646154606291F
:10EF600009D8DFE801F00430080838640A001DB948
:10EF7000237A092B29D000DEF8BD002DFCD1FDF746
:10EF800007FAA38CC01A0304F6D42946304600F0D1
:10EF900075FA21463046FFF7A1FC237A092B00F0D1
:10EFA000968094F82250002D40F09D802046FEF778
:10EFB00053F9A5613046FFF719F9237A092B60D080
:10EFC0000023A372F8BD002DD6D121463046BDE8FE
:10EFD000F840FFF761BF032D6CD0042D5CD0022DEB
:10EFE000CAD119462046FFF72FFC228D931F9BB2F2
:10EFF00040F67A418B4262D8638DB3F5FA7F5ED2D8
:10F00000A08DA0F10A0140F6764789B2B94256D8E0
:10F0100003FB0222B2EB800F51D22946304600F0AA
:10F020002DFA2046FEF70AF90623A372F8BD002D3B
:10F03000A2D1FFF727F810B10523A372F8BD21462E
:10F040003046FEF7B9F80028F6D02946304600F0E1
:10F0500015FAE769E561002F4DD094F8202094F867
:10F060002110381DFFF7F2FAFB79637339463046F9
:10F07000FEF7C0F8237A092B9CD13046FFF712F82F
:10F0800098E796F93730002B2FDB234B1A6896420E
:10F0900096D100221A6093E7D0F820311A2223F08B
:10F0A0000203C0F82031214684F820203046FFF7C3
:10F0B000EDFB7FE75B7984F820302146F6E70021FD
:10F0C000304600F0DBF91E2386F8443172E7304603
:10F0D000FEF7F2FF237A092B7FF463AF94F8203018
:10F0E000002B3FF45EAF0023E5E73046FEF740FB20
:10F0F0000028CAD064E721463046FEF765F8074687
:10F100000028AAD100DE042094F8202094F82110D1
:10F11000FFF79CFAEB79FFDE7426002020B592F809
:10F120001FC082B0054602F11C03BCF1110F0AD8C2
:10F13000DFE80CF02D09090909090926090909095F
:10F14000090909091E17242380F844310191FFF7AA
:10F150004DF801990B7A092B20D000238B7202B055
:10F1600020BD0322284602B0BDE82040FFF7F2BED2
:10F170008B7A012BF3D9043B022BF0D900DEEEE7AA
:10F180000422284602B0BDE82040FFF7E3BE022279
:10F19000284602B0BDE82040FFF7DCBE95F93730C5
:10F1A000002B06DB074B1A689542D6D100221A6065
:10F1B000D3E728460191FEF7DBFA01990028F1D048
:10F1C000CBE700BF7426002013460022FFF7C2BE23
:10F1D00070B5D57F02F11C03CDB10F2D12D02423C1
:10F1E0000E4680F84431044600F0BEFA337A092B0B
:10F1F00005D1094B1A68944204BF00221A6000230B
:10F20000B37270BDBDE870400122FFF7E9BCBDE8F4
:10F2100070400222FFF7E4BC74260020134600224F
:10F22000FFF7DEBC00230322FFF7DABC0023042231
:10F23000FFF7D6BCD37F012B70B505460C4607D02F
:10F24000242380F8443100F08FFA0023A37270BDAC
:10F250008B7A012B04D013F0FD0FF8D000DE70BDC7
:10F2600002F11C012046FFF707FB2846268CFDF71C
:10F2700097F8361A47F6FE73B6B29E4202D80223BA
:10F28000A37270BD282385F84431284600F06CFA3B
:10F290000023A37270BD00BF38B58B7A012B05D057
:10F2A000022B0C4603D0A3B901238B7238BD05464F
:10F2B000FDF76EF8238CC01A0304F7D404F1220181
:10F2C0002846FDF77BF8284600F04EFA0023A3728B
:10F2D00038BD00DE38BD00BFD0F8E8208A420346C2
:10F2E00008460DD18A69A2B90A46D3F8ECC0116864
:10F2F000C3F8E810624508BFC3F8EC10FDF754BF2F
:10F3000000DE8A692AB9D3F8E820002AEDD1FDF79A
:10F310004BBF12792E2AF6D100DEF4E738B5D0F8CB
:10F32000E8502B7A013B04460A2B28D8DFE803F08B
:10F330000606060618181D13130622000022294689
:10F34000FEF792FDAB7B2BB129462046BDE8384045
:10F35000FFF7C2BF38BD00222946FFF75FFFF1E784
:10F3600000222946FDF790FAECE700222946FDF736
:10F3700005FEE7E700222946FFF78EFFE2E700DE01
:10F38000E0E700BF70B5D0F8E85004461DB394F82C
:10F39000F430012B03D1022384F8F03070BD2946EC
:10F3A0002046FDF709FF0028F5D029462046FDF745
:10F3B0000BFF064688B1311D2846FEF7BFFFF379E3
:10F3C0006B7331462046FDF715FF01220023AA7317
:10F3D00084F8F03070BD00DED9E700DEEBE700BF57
:10F3E000F8B5D0F8E8500446ADB394F8F430012BEA
:10F3F00003D1012384F8F030F8BD29462046FDF7FB
:10F40000DBFE0028F5D029462046FDF7DDFE064646
:10F4100088B32046FEF7EAFD2A7A037A934206F182
:10F4200004071AD0082B1AD02A2194F810311BB1E6
:10F43000D4F820315B0717D43846FFF7FBF8F3798F
:10F440006B7331462046FDF7D5FE01220023AA73D7
:10F4500084F8F030F8BD00DEC7E72321E5E7092A8C
:10F460000CBF23212A21E0E70A46384694F8F7101A
:10F47000FFF7ECF8E3E700DECBE700BF80F8F6101B
:10F48000704700BF704700BF0020704790F8F5003C
:10F49000003818BF01207047D0F8E800704700BF5F
:10F4A00090F8F400A0F10100B0FA80F04009704734
:10F4B000B0F8F830A0F8F230704700BF0023A0F891
:10F4C000F230704738B5D0F8E840F4B1D0F8EC200D
:10F4D0002368C0F8E8309442054608BFC0F8EC3015
:10F4E0009CB121462846FDF7C7FE2046FDF75CFE8D
:10F4F000D5F8E8404CB1D5F8EC202368C5F8E830E1
:10F500009442EED1C5F8EC30EBE738BD70B5054656
:10F510000C4639B1042900D070BDFFF7D3FF85F840
:10F52000F04070BDD0F8E860002EF5D0337A112B92
:10F5300011D832494FF0010C0CFA03F0014061B9C7
:10F5400010F4386F07D00A2B13D0CBB195F8F630F2
:10F55000F3B9644604E000DE337A0A2B09D07BB1AC
:10F5600085F8F5402846FFF7D9FE032385F8F030EB
:10F5700070BD2846FFF7D2FE052385F8F03070BD38
:10F58000D37F86F84C302846BDE87040FFF7FABEBE
:10F5900095F93710002910DB012B20D0022BBBD1AD
:10F5A0002846FEF723FD327A037A934221D0082BB6
:10F5B0001DD02A2385F8443170BD012BEED1284699
:10F5C000FEF714FD08B1FF23C372012385F8F5305F
:10F5D0002846FFF7A3FE032385F8F03070BDD37FE4
:10F5E00085F8F7302846BDE87040FFF7F9BE092AD4
:10F5F000DFD1232385F8443170BD00BF7FF40300C1
:10F6000038B50C468969054610461A46237AE9B191
:10F610000B2B5FD8DFE803F00C060606063A3A4AE1
:10F620004242065221462846FEF7E8FBA16921B175
:10F630000B792E2B1CBF0023A361A37B2BB121468A
:10F640002846BDE83840FFF747BE38BDA2612061BB
:10F650000B2B3FD801A151F823F000BFCDF60100DC
:10F6600025F6010025F6010025F6010025F601002A
:10F670008DF601008DF60100ADF601009DF601004A
:10F680009DF6010025F60100BDF601002146284641
:10F69000FDF7B0F8A1690029CAD1CEE72146284676
:10F6A000FFF796FDA1690029C2D1C6E72146284689
:10F6B000FDF746FCA1690029BAD1BEE721462846DC
:10F6C000FFF7B8FDA1690029B2D1B6E711460029BC
:10F6D000AED1B2E700DEA1690029A9D1ADE700BF34
:10F6E00038B50B7A072B0C4605460AD0A37B0022BF
:10F6F00062612BB121462846BDE83840FFF7ECBDDA
:10F7000038BDFDF73FFCF1E738B50B7A072B0C4607
:10F71000054608D0A37B2BB121462846BDE83840DA
:10F72000FFF7DABD38BDFDF731FCF3E70422002313
:10F7300080F8F020A0F8F230704700BF90F8F03069
:10F74000052B0ED8DFE803F0060907030603D0F8FF
:10F75000E83023B97047FFF715BEFFF741BEFFF74A
:10F76000DDBD00DEF6E700BF90F8F030052B04D8D1
:10F77000DFE803F004151305040500DE7047D0F838
:10F78000E820002380F8F5305AB100230121A0F8C9
:10F79000F230917380F8F0307047FFF7F3BDFFF758
:10F7A0001FBE00DEF1E700BF90F8F030052B04D853
:10F7B000DFE803F004090B04050400DE70470023B2
:10F7C00080F8F0307047FFF70BBEFFF7DBBD00BFDE
:10F7D00090F8F03010B50446052B12D8DFE803F09E
:10F7E000030D09030803FFF76DFE042384F8F030CE
:10F7F00010BDBDE81040FFF7C5BDBDE81040FFF7E4
:10F80000EFBD00DE10BD00BFF0B5044683B00E466C
:10F81000154673B1D27F1B2A37D8DFF8C4C090F8E1
:10F8200037100CEB4203C9095F7801238B403B4042
:10F8300040D11846FDF73AFD074620B30023036088
:10F84000D4F8EC301BB31860C4F8EC0094F8F03036
:10F85000052B42D8DFE803F01E27030606062046E4
:10F86000FFF790FDBB7B1BB139462046FFF734FD07
:10F87000D4F8E81039B12B463246204603B0BDE833
:10F88000F040FFF7BDBE03B0F0BD0023D1E7C4E9EF
:10F890003A00DBE72A4600212046FFF737FEBB7B14
:10F8A000002BE5D0E0E72046FFF79AFDBB7B002B5D
:10F8B000DED0D9E71CF812300A2BBAD10193FFF73A
:10F8C00001FE0022A4F8F22084F8F52084F8F0204C
:10F8D0002046FEF701FD019BABE700DEC2E700BF5B
:10F8E00074C5020010B50446FFF7ECFD0023A4F830
:10F8F000F23084F8F53084F8F03010BD00B970476C
:10F9000000DE704730B991F8B83023F0010381F878
:10F91000B830704700DE91F8B83023F0010381F869
:10F92000B83070472DE9F041079D9DF818700646E4
:10F93000A88C4FF6FF7188422ED03146284690465B
:10F940001C46FCF745FB38BB2B780133DBB22B7030
:10F9500033B3144BB5F840019A7A1C8167F3000267
:10F960009A72114A013405F1100193600444002297
:10F97000D960C3E9006811460B4BA5F8404101204E
:10F98000F7F70AFF50B9FF20FCF740FB2846FF219C
:10F99000BDE8F041FCF706BCBDE8F08100DEF2E70F
:10F9A00000DED6E7901200202C040020012800D0B1
:10F9B000704700B583B00191F9F71AFF01998142B0
:10F9C00002D103B05DF804FB00DEFAE7C38D23B17A
:10F9D00090F8B82012F0010300D0704710B542F043
:10F9E000010288B00B4C80F8B82003310122CDE928
:10F9F00002320690CAB2CDE90434CDE900330321C6
:10FA00001846F9F7F3F810F0FD0F01D108B010BD5A
:10FA100000DEFBE705F9010038B50C461546FCF79A
:10FA20001FF848B11CB1BDE83840FDF7FDBD2946BF
:10FA3000BDE83840FDF7D2BD022038BD38B50C46D0
:10FA40001546FCF70DF858B190F93730002B05DA60
:10FA50002A462146BDE83840FDF712BD0C2038BDCE
:10FA6000022038BD054B064A10B41F204FF0FF346A
:10FA700025211C601871117010BC704720280020CF
:10FA8000B52E002010B5044600789DF808C002FB92
:10FA900001111A4A014482FB01020A44521102EB8D
:10FAA000C20002EB80028A1AD0B2C1082070595CF1
:10FAB00002F0070241FA02F212F001021DD1B0FB7E
:10FAC000FCF10CFB11015C1EC9B20433104600F1BD
:10FAD000080E14F8012F5FFA8EFE12F0010F00F1EC
:10FAE000010C4FEA520202D039B10139C9B25FFAB2
:10FAF0008CF08645F1D19C42E9D110BDA7C867DDE5
:10FB00004288008850407047F0B5304D304C484036
:10FB10004FF0030C060A5FFA80FE0EEB8E2E06EB0A
:10FB2000862004EA401705EA400605EA4E0004EA8A
:10FB30004E1E3E4340EA0E0000EB002706EB062E69
:10FB400006EB0E2600EB0720C6F30746C0F307407E
:10FB500040EA062000EB00100CF1FF3C08441CF0CA
:10FB6000FF0C80B2D6D141401A48A0FB01400C1ACC
:10FB700000EB5400400900EBC00400EB8400081ABD
:10FB8000C0F3C40400F00705145D2C41E407C0B2C3
:10FB90001AD401FB03F3561EC3F307430432604635
:10FBA00000F1080516F8011FEDB211F0010F00F188
:10FBB00001044FEA510102D033B1013BDBB2E0B2A4
:10FBC000A842F2D19642EBD1F0BD00BF1021020055
:10FBD000408408004D91CFBA00F002BB10B584B04C
:10FBE000079BD3E900209047012812D004460DF16D
:10FBF0000F010DF10E00F9F7BDFD0021064B00913C
:10FC00009DF80F209DF80E000121F9F707F8034B2E
:10FC10001C6104B010BD00BF21FC0100A012002037
:10FC200000B585B00DF10F010DF10E00F9F7A2FD41
:10FC30009DF80F20064B9DF80E0000210132009127
:10FC4000D2B20221F8F7EAFF05B05DF804FB00BF6D
:10FC5000E1FC0100F0B58DB00E4605460DF12F0117
:10FC60000DF12E001C461746F9F784FD9DF82FC0B4
:10FC700006940CF1010C0024CDE90744CDE90344BE
:10FC8000CDE901449DF82E00059700962B465FFABA
:10FC90008CF20121F8F738FF10F0FD0F0AD006486A
:10FCA0000094064B04619DF82F209DF82E00012141
:10FCB000F8F7B4FF0DB0F0BDA012002021FC010048
:10FCC00070B5059D0446F9F75BFD2B462046034AB7
:10FCD000BDE870400621FFF7BDBF00BFDDFB01009E
:10FCE000014805F071BB00BF2828002070B504460C
:10FCF000059DF9F701F82146F9F700F8062800D923
:10FD000070BD2B462046034ABDE870403121FFF705
:10FD1000A1BF00BFC1FC010008B5012200210248BB
:10FD20000BF03EF9002008BD28280020024BA0F26D
:10FD3000A462C3E900207047A01200200020F8F759
:10FD4000C5BE00BF08B5F8F7D7FF014B986008BDE6
:10FD5000A0120020684620F007018D4601B501F091
:10FD6000F1FCF0F75BF9BDE801408546704700BF44
:10FD700008B50A4BD3F840213AB90120F7F76EFDD8
:10FD8000BDE808400220F7F769BD0020C3F8400134
:10FD9000D3F84031F8F7A6FEEFE700BF00B000400F
:10FDA0000020F7F75BBD00BF90B90E4B0E4A1978E3
:10FDB00010788842CBB20DD10C480D4990F800C0A4
:10FDC000013313700B78634507D003780B707047CD
:10FDD00000DEEAE700DE1378EEE700DE03780B7062
:10FDE000704700BFB62E0020B72E0020BB2E00208B
:10FDF000BA2E00200B4A0C4B117893F800C08C45AA
:10FE00000DD012781A70094A094B18B91178187870
:10FE1000884202D012781A70704700DEFAE700DEDE
:10FE2000EFE700BFB92E0020B82E0020B62E00202C
:10FE3000B72E002001F0B0BD08B50B480B4B02787F
:10FE400019788A420CD00A4B0170002203989860FE
:10FE500011460120F7F7A0FC00B908BD00DE08BD7F
:10FE600000DE1978EFE700BFB62E0020B72E002085
:10FE70003C0400202DE9F041304A314E12783378AD
:10FE80009A428AB00C4605D12E4B2F4A1B78127825
:10FE90009A4247D02768DFF8B48007F12D0525F096
:10FEA0007F45D8F800102846F8F728FF10F4000026
:10FEB00002D10AB0BDE8F081254A264B11781A78A4
:10FEC000914213D11F4A20491278097891420DD0EE
:10FED0001A780132D2B21A7000221F4B00921146DA
:10FEE0001046F8F79BFE10F0FD0F24D11B4BE16884
:10FEF000C8F800500022CDE90732194BCDE90322A2
:10FF0000CDE90531CDE901222D2300933478013468
:10FF1000E4B23B46114610463470F8F7F5FD0AB0DE
:10FF2000BDE8F0810768DFF8248007F12D0504465D
:10FF300025F07F45DAE700DE00DED7E7BA2E0020A5
:10FF4000BB2E0020B62E0020B72E00204028002017
:10FF5000B82E0020B92E0020F5FD0100A9FD0100FA
:10FF600039FE01007A4A9368002B00F096802DE953
:10FF7000F04F136889B08146002B46D04FF0FF3315
:10FF80008DF80A300DF10A00F9F774FD04460028D7
:10FF90003BD0037F9907F5D1857A15F00205F1D1A1
:10FFA000C3684B4555D00668A8462F460DF10A0098
:10FFB000F9F760FD8346F0B1027F9207F6D1827AAD
:10FFC0009307F3D4C268B8F1000F21D04A4558D046
:10FFD000DBF800A031465046F8F790FE00F4000030
:10FFE00000280DF10A001CBF5F465646F9F742FD96
:10FFF00083460028E0D1002F08BF274639463846FF
:020000040002F8
:10000000FFF738FF30F0020339D109B0BDE8F08FB7
:1000100091458046DCD1237FE16843F002032377DA
:100020002046A3699847FF238DF80A300DF10A0096
:10003000F9F720FD04460028E7D0037F9F07F5D19C
:10004000837A9E07F2D4C3684B4502D000DED0F815
:100050000C903F4A4846D2E9001303AA9847064647
:10006000002843D010F1100F59D0394A002093686E
:100070001168984716F10B0F10D08C36C5D000DEF2
:10008000C3E7227FE16842F0020222772046A2699C
:100090009047D8457FF472AFC5E770472C4A0023DC
:1000A000D2F80890D2E9004802261360FF278DF8A5
:1000B0000B700DF10B00F9F7DDFC90B1037F9A078F
:1000C000F7D40DB9DB07F4D4C368A342F1D1037FA1
:1000D000826943F002030377214690478DF80B7045
:1000E000E7E70125AE420AD02E46E0E7237FA2696A
:1000F000E16843F0020323772046904785E700221A
:10010000CDE904220692039B00964946404604AA84
:100110000794F9F767FC00287FF477AFAFE7A37A7D
:1001200043F00203A3720DF10A00F9F7A3FC0146A4
:1001300000283FF46AAF037F9D07F4D1837A9C07C0
:10014000F1D4FFF797FE30F002033FF45EAF96E77D
:10015000B812002010B517480AF0BBFD30B3164B9B
:1001600000249C6000F07AFA00281EDB224621461B
:100170000120EFF7C1FE224601210B20EFF7BCFE64
:10018000214622461820EFF7B7FE0C4B1022C3F889
:1001900004230120EFF780FE0B20EFF77DFE1820EF
:1001A000EFF77AFE01F0E8FA204610BD6FF012007A
:1001B00010BD00BFA0B70200B81200200010004020
:1001C00008B500F05DFA002809DB0120EFF772FEA8
:1001D0000B20EFF76FFE1820EFF76CFE002008BD34
:1001E000034603488AB2194683681B68184700BF54
:1001F000A0B7020030B4074DAB685C6834B18AB276
:10020000A44601460023284630BC60476FF05700E3
:1002100030BC7047A0B7020030B4074DAB685C68D3
:1002200034B18AB2A44601460023284630BC604758
:100230006FF0570030BC7047A0B702000020704735
:1002400070B5044682B0002833D0204B1A68824231
:1002500029D0FF250DF107008DF80750F9F70AFCAA
:10026000034640B91DE0A1420CD00DF10700F9F79B
:1002700001FC0346A8B11A7F9207F6D4D968184644
:10028000002CF0D11A7F9E6942F002021A77B04723
:100290000DF107008DF80750F9F7ECFB0346002835
:1002A000E9D102B070BD9B686BB101460020984750
:1002B000CFE7064A9368002BCBD011680029C8D03D
:1002C00000209847C5E700DEC3E700BFB812002052
:1002D0000020704710B50446F9F7BEFB8CB90D4BF2
:1002E0009A68AAB11C6800229A601A6004B1246856
:1002F0000020F9F7D9FB2046F9F766FC28B1002069
:1003000010BD0028F3D100DEF1E700DE002010BDB3
:1003100000DEE7E7B81200202D20704710B5144624
:10032000F8F7EAFC2146F8F7E9FC030204D40230AE
:10033000092898BF002010BD002010BD262810B548
:10034000044613D0272809D0252817D1022001F010
:1003500089FA2046BDE8104001F08ABA502001F029
:1003600081FA2046BDE8104001F082BA1A2001F05F
:1003700079FA2046BDE8104001F07ABA0A2807D978
:1003800027280AD900DE2046BDE8104001F070BAE7
:100390000230400001F066FADBE70330400001F074
:1003A00061FAD6E701F0C2BA01F0C8BA08B501F0A7
:1003B000F3FABDE8084001F031BC00BF08B501F018
:1003C000EBFA01F02BFCBDE8084001F0EFBB00BFE9
:1003D00008B501F0E1FA01F021FC01F005FCBDE8EF
:1003E000084001F0E3BB00BF08B50146114801F029
:1003F000B9F901F0FDFA60B101F0A8FC01F0F2F9E1
:1004000000F080F900280EDBBDE808400020FFF76F
:1004100061BF01F0A1FA01F099FC01F0E3F900F0ED
:1004200071F90028F0DA00DE0020BDE80840FFF78F
:1004300051BF00BF35FE010010B5044601F0ACFA13
:1004400001F0ECFB01F0D0FB01F0B0FB2046BDE871
:100450001040FFF7C9BF00BF10B5044601F09CFA79
:100460000D48214601F07EF901F0C2FA40B100F0DA
:1004700049F900280ADBBDE810400020FFF72ABF39
:1004800001F06AFA00F03EF90028F4DA00DE0020FC
:10049000BDE81040FFF71EBF35FE01002DE9F04F0B
:1004A00089B01F469DF848B0FF2380468946924692
:1004B0008DF81F300DF11F00F9F7DCFA002846D047
:1004C000037F9D07F6D1837A9C07F3D405683E68C5
:1004D0009DF81F300593044629463046F8F70EFC78
:1004E000BBF1000F53D0BC4208BF002426460DF1DB
:1004F0001F00F9F7BFFAD0B1027F9107F7D1827AD6
:100500009207F4D402680490294610460392F8F743
:10051000F5FB039A049B00F4000000280DF11F0076
:100520001CBF15461E46F9F7A5FA0028E4D1059B25
:100530008DF81F30314B9A68002A30D17EBB54B100
:10054000BBF1000F48D1BC4205D000DE03E02B4BCD
:100550009A68044612BBFA681A60C3E901893846F2
:10056000D04704460DF11F00F9F784FA014650B157
:10057000037F9A07F6D1837A9B07F3D4FFF77AFCBF
:1005800030F0020333D1204609B0BDE8F08F0002FD
:10059000A9D5FF23354605935C46A7E7064649469D
:1005A000CDF800B0534640463A46F9F71BFA0146EB
:1005B00080B1BBF1000F0AD1BB7A980707D4C6B14E
:1005C0003046FFF757FC30F0020300D000DE6FF03A
:1005D0007604D8E700DEECE7CDF800B053463A46A3
:1005E00049464046F9F7FEF90028F0D1EEE700DE73
:1005F000C9E7002C14BF26460E46E1E7B8120020DA
:1006000001F1100004F0E0BE70B5054688B00C465C
:100610000122002104A80AF0C3FC0F4B019300261D
:100620000323694628460396029306F08EFE0028AF
:1006300010DB31464FF4004340F2E730E4FB0301A6
:100640004FF47A720023EBF75BFE02460B4604A8D8
:1006500004F0EEFE08B070BD0106020010B50120E6
:10066000064C01F005FF00230121A1606360E360F7
:100670002146BDE8104006F068BE00BF48280020B3
:1006800010B5012001F0F4FE0449044606F0CCFE4A
:100690002046BDE8104006F0A3BE00BF4828002059
:1006A0000C4B1A780AB10020704710B50120187061
:1006B00001F0DEFE4FF47A710446FFF7A5FF38B96A
:1006C000204606F08DFE02280CBF00206FF00400CB
:1006D00010BD00BFBC2E002008B5094BBFF35B8FD7
:1006E00053E8002F511C43E800100028F8D1BFF355
:1006F0005B8F002A01DC01F0C3FE002008BD00BFB3
:100700004428002008B50E4BBFF35B8F1A68BFF377
:100710005B8F002A10DDBFF35B8F53E8002F511E63
:1007200043E800100028F8D1BFF35B8F012A01DCF9
:1007300001F0BCFE002008BD6FF0770008BD00BFCF
:100740004428002032207047014B33F810007047D6
:10075000ACC5020010B50446FFF73AFE01F03AFAC4
:100760002046BDE81040FFF73FBE00BF38B5044645
:1007700001F03CF9FFF71AFE962001F05FFA002322
:1007800018461A46194601F0A3F90120F9F7CEF8E8
:10079000F0B11C3001F0BEF801F014F900BB2146A5
:1007A000104800F0DFFF01F025FB00210446084659
:1007B00001F0C6F800210546084601F0BDF82C44BA
:1007C000CB34201A01F0CEFABDE8384001F004BB6A
:1007D00000DE1C3001F09EF801F0F4F80028DED0B5
:1007E00000DEDCE7390C020010B50446FFF7F0FD2F
:1007F00001F0F0F92046FFF7F7FD054B002101223B
:1008000008469C60F6F7C8FF00B910BD00DE10BDB9
:100810004C040020814208B50ED00B7ADB0702D4CD
:100820006FF08B0008BD0C4B1360FFF755FF0028DD
:100830000FDB6FF00A0008BD0B7B01EB83010B6936
:100840001B7803F00F03012B0CBF00206FF08B000F
:1008500008BD00DEEDE700BF650B020010B548B132
:100860000C46FFF74FFF00280BDB2046BDE8104089
:10087000FFF730BD044800F075FFBDE8104001F0FF
:100880006BB800DEF1E700BF55070200084B0422F9
:1008900010B598182821F6F785FE064B00249C8198
:1008A0000222214604480AF07BFB204610BD00BF0F
:1008B000802800207028002060280020084B042297
:1008C00010B598182821F6F76DFE064B00249C8180
:1008D0000222214604480AF063FB204610BD00BFF7
:1008E00080280020702800206028002010B50446D1
:1008F0000548F6F77BFE20B1034600205870636080
:1009000010BD6FF00B0010BD8028002003460020B2
:10091000187058709860704738B51E4D2B7B6A7BF5
:100920009A4202D055F8234034B91B48F6F75EFED0
:10093000044680B1204638BD184804F09FFD2B7B4B
:100940006A7B9A42F6D00133DBB2032B08BF002347
:100950002B73204638BD11484FF42032002304F099
:1009600067FDA0B90D4804F089FD2A7B6B7B93429B
:100970000BD0531CDBB255F82220032B08BF0023F9
:100980002B7312B11446204638BD00DED2E700DEDC
:10099000E8E700BF702800208028002060280020A1
:1009A00010B5027843789A4214D0D4B244700278D9
:1009B000944204D05A1C4370D3B2022B0ED01A4674
:1009C00000EB82040B70606800B110BDFFF7A4FF5C
:1009D000606010BD0133DBB2022BF0D10022134660
:1009E000EEE700BFF8B5027843789342044625D07D
:1009F000D5B2154A507B92F80CC0431CDBB2032BD6
:100A000004EB850708BF00239C450E46796806D095
:100A100042F8201053730D4804F0D6FC00216B1CE3
:100A2000DBB2022B0ABF00221A46134679602370FC
:100A3000012104EB820431706068F8BD1A4604EBB2
:100A400082046068F8BD00BF702800206028002084
:100A500030B5037AC3F302130446002B93FAA3F0D4
:100A6000B0FA80F008BF4FF0FF3083B000F1010012
:100A70003AD0217A5A1E134063F3061121722430B2
:100A8000FFF75CFC00230DF1070104F10C008DF869
:100A90000730FFF7A7FF054620B3284600F040FFC8
:100AA0002B7803F00F03022B13D00DF1070104F193
:100AB0001800FFF797FFE0B121460F4800F052FE03
:100AC000962001F0BBF8002003B0BDE8304000F0F4
:100AD000B7BF0A48214600F045FE03B0BDE83040EC
:100AE00001F056B800DED8E700DE237AC3F3021324
:100AF000BFE700DEE0E700BF6D070200510B020018
:100B000010B50446FFF764FC237A03F07102012A52
:100B100005D1C3F3420262F306132372DBB213F072
:100B2000700F05D0636853B193F82C309B0706D53E
:100B300001F050F82046BDE81040FFF755BC2046B4
:100B4000FFF786FF00F002FFBDE8104001F044B956
:100B500010B5044600F04AFF2046BDE81040FFF7FC
:100B6000CFBF00BF70B5C36804461E68F8F7C4F86D
:100B700005463046FFF7D0FB00232D1AC4E9005389
:100B800023812046BDE87040ECF7FEBD10B582B071
:100B90000446FFF7A1FD002809DB084A0849094877
:100BA00000940023F9F73EF818B902B010BD00DE3A
:100BB000F3E77730F9D000DEF7E700BF89D7000010
:100BC0005D08020015080200F8B5079D9DF8187031
:100BD0009DF820400E462DB10C78B2EBD41F16D0F4
:100BE0000020F8BD417A01F00301012901D9002C50
:100BF000F6D03178B2EBD11FF2D1062206F108010E
:100C000018460AF0DCFCB0FA80F04009F8BD18463E
:100C1000062208310AF0D3FC0028E1D1C4F3801485
:100C2000BC42DED10622B11C28460AF0C8FCB0FA4C
:100C300080F04009F8BD00BFF0B587B0044600F071
:100C4000CBFEC0B2002800F08B8000F0E7FE054626
:100C500000F0D4FFEDB2064600F0DAFF00F0B0FF7E
:100C6000FFF7B6FB45B95848214600F07BFD07B0B9
:100C7000BDE8F04000F070BEFF2301208DF8173072
:100C8000F8F754FE0546002800F09880237B95F87D
:100C90001CE004EB830305F11C011F693B46F6B21F
:100CA00013F802CB0CF00F00012808BF07F1080071
:100CB000CCF380124FEADC170EF00F0C18BF0020A7
:100CC000BCF1030F4FD0BCF1050FCCD16D7F222DAD
:100CD000C9D16568002DC6D095F82C50AD07C2D497
:100CE0000DF11705CDE90106009720460395FFF7A2
:100CF0006BFF0028B7D00420F8F718FE0028B2D008
:100D00003248214600F02EFD00F026FE00F05AFE8B
:100D1000002855D1626892F82C3043F0010382F824
:100D20002C30F8F71DFE17224FF6FF730271C380B7
:100D30008460054601F004F8286101F055F80021AF
:100D40000446084600F0FCFD241A6C61F8F708FE22
:100D5000E8602868294607B0BDE8F040F8F72ABEE9
:100D6000FFF736FB7FE7697F0C297FF47CAF002813
:100D70007FF479AF617ACF0702D5002E3FF473AFCD
:100D8000B2EBDE1F7FF46FAF062205F12401184697
:100D90000AF015FC00287FF466AF0D48214600F0EC
:100DA000E1FC00F0F5FE237E04EB8303D86900F03C
:100DB000B7FD00F007FE28B907B0F0BD00DE65E71B
:100DC00000DEA7E700DEF7E7010B0200E9070200FB
:100DD000510B0200F8B50546FFF7FAFAF8F7E6FE00
:100DE000044600283FD0214B214A1B781178A27974
:100DF00020485B0001F0010103F002030B4322F0E5
:100E0000030213431C4A01881278A180012020703C
:100E1000A371227219B195F92730002B04DB284603
:100E2000BDE8F840FFF7E0BA95F82C30C3F30213A1
:100E3000022B16D0042B0CBF4FF4BC77282700F0F0
:100E4000BFFF064600F0C2FF361AE660EA6BC4E94F
:100E500004270023EB636B642846BDE8F840FFF7E6
:100E6000C3BA1827EBE700DEBDE700BFBF2E0020A6
:100E7000C02E0020062E0020BD2E002008B500F058
:100E8000D7FD02780346012161F301021A700020A8
:100E900008BD00BF00207047704700BF30B408494C
:100EA000084A094D094C0A4800230B801370094970
:100EB000094A2B80237003700B70137030BC70478D
:100EC000062E0020C12E0020082E0020C02E00205B
:100ED000BF2E0020BE2E0020BD2E0020814207D054
:100EE00091F82C305B070BD50B4B188840B9704735
:100EF000094A0A4B128819781AB941B100DE03E099
:100F0000064B1B78002BF9D16FF08B007047012244
:100F10001A706FF00F007047082E0020BE2E0020C0
:100F200038B50D4678B30446FFF7ECFB002847DBE5
:100F3000E2682389518B938301330B4492F9271084
:100F40005383002913DBF8F731FE002836D083796C
:100F500023F00303002243F0020301210170828089
:100F6000837102722846BDE83840FFF7B3B9208983
:100F7000136B916B00FB03330B44516B8B4228BF07
:100F80000B469363DFE791F92730002B0ADB0D480E
:100F9000294600F0E7FB00F0DFFC95F862301B0704
:100FA00008D438BD084B1B88002BF0D1074B012219
:100FB0001A70ECE7BDE8384000F0F0BF00DEC6E78D
:100FC00000DEB5E7D50D0200082E0020BF2E002060
:100FD00070B505460120F8F7A9FC40B30021417720
:100FE00095F8496006F0070600F11C04304600F051
:100FF000FBFB95F86230B2001B0742F001020DD5F1
:101000001F21082000F05CFC2246314605F16300F8
:1010100000F0F6FEBDE8704000F07CBC08201B210B
:1010200000F04EFC2046BDE8704000F073BC00DECE
:10103000D4E700BF38B50446FFF7B8F9244AA089C1
:1010400013880133138000F0F9FD94F8482094F8D8
:101050004900C2F3C00300F0070002F007020021BC
:1010600000F036FD2046FFF7B3FF00F0ABFC60BB9D
:1010700000F0C0FE258A034694F8490001210D3591
:1010800000F007001D4400F05BFC94F8493003F0C9
:101090000703022B054416D0042B0CBF4FF4BC737E
:1010A000282394F84800C0F3C00100F007001D4455
:1010B00000F042FC281A00F055FE21460548BDE824
:1010C000384000F04FBB1823EBE700DED0E700BF4D
:1010D000082E0020E911020070B590F8483005464E
:1010E00003F007040E462046C3F3C00100F07CFB6A
:1010F00095F86230A200DB0642F001020CD51F21F8
:10110000082000F0DDFB314605F1840000F0D0FE40
:10111000BDE8704000F004BC08201B2100F0D0FBAB
:101120003046BDE8704000F0FBBB00BFF0B505469F
:1011300083B001AAC06C0F46296DF6F7BDFA95F889
:1011400062305A07064638D448B3019C95F861309E
:1011500095F8602004341C4412B9627885F8602048
:1011600033B12378012262F30103237095F86130D3
:1011700095F86020D31A63702846FBF7F5F863787A
:1011800083422AD960700122237803F00F030021E3
:1011900043EA02132370A1703C6003B0F0BD43F03A
:1011A000040385F8623000F043FC0446237823F002
:1011B000100323703C6003B0F0BD43F0040385F8D6
:1011C000623000F035FC0446002EEFD0037843F087
:1011D000100303703C6003B0F0BD32682B6DD21A6F
:1011E00018BF0122D0E700BF2DE9F04383B00446C9
:1011F00000F0F2FBC0B2002879D000F00FFC5FFADB
:1012000080F800F0DDFCFFF7D9F8A84A1388012028
:1012100003441380F8F78AFB0546002800F0EB80B2
:10122000B8F1000F18D1A24B1F78002F6AD101220C
:1012300001A920461A70FFF779FF94F92730002B97
:1012400080F2F980676CB946002F00F0CF804FF034
:101250000009019E474660E094F862302A7F03F05F
:101260000101C2F38000884200F0A28094F9272097
:1012700081F0010161F30003002A84F8623005DA8D
:1012800094F82C3043F0080384F82C3094F8623042
:101290005E0700F1C780D4E9130101AAF6F70CFA42
:1012A0000646F0B194F86120019B1344597971B15D
:1012B00094F86230D8060AD5D4F894300133C4F8D3
:1012C0009430D4F8983043F10003C4F8983094F87F
:1012D00060300A44D2B29A42C0F0B58000F0D280A9
:1012E00000DE94F862302A7F4FF0000962E0FFF7D9
:1012F00065F87048214600F035FA03B0BDE8F043C8
:1013000000F02ABB013FFFB201A920461F70FFF782
:101310000DFF002F91D1019EC1466648214600F085
:1013200021FA00F035FC94F86220337862F3C303AD
:10133000337094F862303278C3F3400363F382026F
:10134000327031462046FFF7C7FE00F03BFB002815
:101350006FD100F035FD88B1B9F1000F15D0A08A2A
:101360004FF6FF73984200F085804946FAF790FFE8
:101370007FB903B0BDE8F043F8F714BB00F014FDEB
:1013800000F018FDB9F1000FE9D117B903B0BDE8BD
:10139000F083F8F7E5FA03232B71A38A2868EB8022
:1013A0002946F8F7EFFA03B0BDE8F043F8F7FABAC8
:1013B0004FF00009C2F3C002C3F340039A4245D084
:1013C00000273B4A3C4B002111702046012201A915
:1013D0001A70FFF7ABFE94F92730002B4DDB2B7F03
:1013E000DA0603D4019E3378DB0627D5334B1B780E
:1013F0003BB1019E91E700DEB8F1000F3FF413AF5F
:101400002AE7E08900F01AFC94F8490000F0070090
:1014100000F016FB2A48214600F0A4F900F0DCFC9D
:10142000019E80E723F0040384F8623000F000FBA3
:1014300057E700DE8DE70027B946D7E77378002B22
:101440003FF46BAFD2E784F861204AE70320F8F756
:101450006DFA0028B4D094F8623083F0020384F867
:1014600062306B7F002BABD094F86230190729D41F
:101470000127A6E700DEA08A77E7636C002BAED0D9
:10148000B846E6E60022A4F86020206D04F14C0185
:10149000F6F71AF9019B1B683360019B1E60DDF8AB
:1014A000049094F862302A7F84E700BF062E002063
:1014B000C12E0020D50D0200C02E0020BE2E00201F
:1014C0003510020000F038FD00285DD000F05CFD12
:1014D000002849D1D4F87330D4F87720134304D1CD
:1014E0002B7F03F00303032B28D0284B284802222C
:1014F00021461A7000F036F900F02EFA00F062FA78
:10150000B8B900F05DFC60B1B9F1000F3FF43EAF37
:10151000A08A4FF6FF7398420DD04946FAF7B8FEFD
:1015200027E700F041FC00F045FCB9F1000FEFD1D6
:101530002CE700DEE5E700DEA08AEEE700F07CFAAB
:101540004278272A0146D0D8033205F11C000AF060
:1015500007F8D4F87330D4F87720013BC4F873301F
:1015600042F1FF33C4F87730D4F87330074A0133BF
:10157000C4F87330D4F8773004F1730143F10003F9
:101580004B600123137073E700DE9FE7BD2E002040
:10159000D50D020010B582B00446FFF79DF8002873
:1015A00009DB084A0849094800940023F8F73AFB88
:1015B00018B902B010BD00DEF3E77730F9D000DED5
:1015C000F7E700BFB9D80000210F0200DD0E0200CE
:1015D0004FF080530246D3F8A410013107D04FF0EA
:1015E0008051D1F8A00010F0010009D17047D3F864
:1015F000A8304FF6FF719BB28B42F0D100207047AC
:10160000D1F8A4301360D1F8A8301371C3F30723C5
:1016100063F03F035371D1F8903001331CD0D1F8FF
:101620009430013318D0D1F89830013314D0D1F868
:101630009C30013310D0D1F89030C2F80630D1F888
:101640009430C2F80A30D1F89830C2F80E30D1F890
:101650009C30C2F8123008E00023C2F80630C2F80D
:101660000A30C2F80E30C2F812300120704700BFB5
:1016700000234FF08052036043608360C360D2F860
:101680008030013318D0D2F88430013314D0D2F82E
:101690008830013310D0D2F88C3001330CD0D2F81E
:1016A00080300B60D2F884304B60D2F888308B6089
:1016B000D2F88C30CB60704700230B604B608B609E
:1016C000CB607047054B4FF480320021C3F80815FA
:1016D000C3F84423C3F80423704700BF00B00040A0
:1016E000054B1878421C1A7018B9044B01221A6075
:1016F00070470120704700BFC22E002000B000409C
:10170000074B187848B10138C0B2187018B9054BAA
:1017100001225A6070470120704700DE1878F2E716
:10172000C22E002000B00040014BD3F804057047E2
:1017300000B00040024B00F5A87043F8201070473D
:1017400000B00040044BD3F8103123B1034A044BDE
:1017500010681B681847704700100040382C0020A4
:101760003C2C0020024A034B11601860704700BFF8
:10177000382C00203C2C00204FF080434FF0FF32EB
:101780000021C3F8002EC3F8042EC3F8081EC3F8C6
:101790000C2EC3F8101EC3F8142EC3F8182EC3F86D
:1017A0001C2EC3F8202EC3F8242EC3F8282EC3F80D
:1017B0002C2EC3F8302EC3F8342E7047074B084840
:1017C00010B44FF4905100244FF41052C0F8184553
:1017D000C3F80018C3F8042810BC704700F001409B
:1017E00000100040704700BF054B02280CBF0421C9
:1017F000032140F20122C3F81015C3F850267047A8
:1018000000100040072819DC831EDBB2052B11D91C
:10181000002818DA031D1BDA10F1080F1ADA10F18C
:101820000C0F19DA10F1100F18DA10F1150FCCBFE8
:10183000EC20D8200A4BC3F80C057047084B082051
:10184000C3F80C057047064B0020C3F80C05704721
:10185000FC20EFE7F820EDE7F420EBE7F020E9E7E4
:1018600000100040014BC3F808057047001000400D
:10187000084B00F07F00C3F85405D3F8182522F078
:101880000072C3F81825D3F8182542F00072C3F887
:101890001825704700100040084A00210123C2F8B3
:1018A0002C15C2F83035C378C2F824358178038806
:1018B00043EA01431B02C2F81C3570470010004088
:1018C00002F01C03A3F1080302F00302B3FA83F34E
:1018D000013A5B091B06022A98BF43F4801300F00B
:1018E0000F000A4A184340F48070C2F81405D2F879
:1018F0001805074B0340C2F81835D2F818351943BC
:1019000041F44031C2F81815704700BF0010004084
:101910000000F8FE014BC3F80405704700100040BA
:10192000014BC3F8040570470010004002280CBFAB
:1019300028202920704700BF0120704729207047C8
:1019400002280CBF05200A20704700BF014B01226E
:101950001A607047001000400B4B0C480C4910B443
:101960004FF41064C3F8084501224FF480245A60F4
:10197000DA60C0F84843074CC3F808450020C1F8B6
:1019800000020A6110BC704700F0014000B0004046
:1019900000100040C001700E094B0022C3F8002166
:1019A000D3F80011C3F80421D3F80411C3F80C21B3
:1019B000D3F80C11C3F81021D3F81031704700BFD1
:1019C00000100040034BD3F80001003818BF01207D
:1019D000704700BF00100040034BD3F80C010038E3
:1019E00018BF0120704700BF001000400120704761
:1019F000034BD3F85005B0FA80F04009704700BFA0
:101A000000100040044B40F20312C3F83425C3F821
:101A10003805C3F83C15704700100040034BD3F85D
:101A20000004003818BF0120704700BF00100040BC
:101A300000487047382B002000487047342A0020A7
:101A4000F0B41D4B1D4D1E4E1E4C1F4F0322C3F8FC
:101A500000222A78C6F8687502F10C03DBB2D000C8
:101A6000DB00910003F1804300F1804003F5F8337F
:101A700000F5F83001F18041C6F86C0501F5104120
:101A800004EB82041148C3F81045C3F81405D1F8DB
:101A900040352D2B8ABFD1F8403501232D3BC1F8AD
:101AA00040350132064B4FF4106102F00102C3F8D9
:101AB00004152A70F0BC704700100040C32E0020AF
:101AC00000F00140409100400C1100400410004023
:101AD0002DE9F041284E294C294FDFF8A8E0DFF826
:101AE000A8800323C6F800322178CEF8688501F17A
:101AF0000C03DBB2DB00CD0003F1804303F5F833C8
:101B000005F1804507EB810705F5F835CEF86C55F2
:101B10004FEA810CC3F8107549F63465C3F81465B3
:101B20004AF2B813022A18BF1D460CF1804C42F24B
:101B3000B84241F28833022818BF13460CF5104C06
:101B4000124A2B44A2FB0323DCF84025B2EB931F7F
:101B500085BF9809DCF8403501231B1ACCF84035C5
:101B60000131084B4FF4106201F00101C3F8042564
:101B70002170BDE8F08100BF00100040C32E00209E
:101B80004091004000F001400C110040D34D621024
:101B90000449054B03204FF41062C1F80002C3F85A
:101BA000082570470010004000F00140034B002260
:101BB000C3F81C21D3F81C31704700BF001000404F
:101BC000034BD3F81C01003818BF0120704700BF39
:101BD00000100040034AD2F8403623F0FF03C2F859
:101BE0004036704700100040034B0022C3F8142118
:101BF000D3F81431704700BF00100040034BD3F8F6
:101C00001401003818BF0120704700BF00100040C9
:101C1000014BD3F810047047001000400449054BF5
:101C2000054A4FF48020C1F84803C3F808257047DF
:101C300000B0004000F00140C001700E034B044AA8
:101C40001B7803F5A87342F823007047C32E0020C9
:101C500000900040F0B4A2F574232F4DA3F510734B
:101C6000AB42044606D902F1E87202F5D4320139DA
:101C700002F5A572294B2A482A4D2B4E0127DF6019
:101C80000027C3F80475A0FB02020427C3F81075EF
:101C9000900C0227C3F80875244AC3F84005C5F81C
:101CA00048154FF48021C5F844134021C2F840651F
:101CB000C2F84435C2F8041544B34FF48013C2F897
:101CC00004351B4A194B1B4D0124D4600021042408
:101CD000C2F80415C2F81045C2F80815C3F828293F
:101CE0000C32C3F85055C3F8542502F5AF32124CEC
:101CF000C3F8584502F5FC72C3F85C250F49C3F8D8
:101D000060150832C3F86425F0BC70474FF4001327
:101D1000C2F80435D5E700BFBFBDF07F00800040AA
:101D200083DE1B4300B0004048B1004000F001409A
:101D3000009000400C110040409100404491004050
:101D4000014BD3F84805704700B000400349044AEE
:101D500001234B600B6153601361704700800040AA
:101D6000009000400449054BC1F844054FF08862DB
:101D7000C3F80425704700BF0080004000F0014018
:101D8000054B06480649074AC3F84805C3F84C15F1
:101D9000C3F80425704700BF00F001400011004067
:101DA0004080004080000004014BD3F84405704798
:101DB00000800040014B1860704700BF302A0020AF
:101DC000014B1868704700BF302A0020014BD3F840
:101DD0004005704700800040024B4FF00062C3F89E
:101DE0000425704700F00140014BD3F848057047C7
:101DF00000800040014BD3F8480570470080004048
:101E0000244B30B40024C3F800450224A142C3F897
:101E10000045054634D003F580334FF000711E4C69
:101E2000C3F804151B491D4BC1F80445D3F81835F8
:101E3000DBB21F2B03D9FF2B29D0191F00E01B2178
:101E4000144B1748C3F8181500241649C3F8085551
:101E5000C3F80C05C3F81025C3F81415C3F80042E5
:101E6000C3F80041D3F80021C3F80441D3F804219A
:101E7000C3F808410122D3F808111A6030BC70473A
:101E8000094B0A4C4FF00071C3F80415CAE7FB2157
:101E9000D6E700BF00F00040010000010010004044
:101EA000342A00202429002000F001400100010113
:101EB00030B41C4B1C4C1D4A0025C3F80055054688
:101EC0000220C3F80005C3F80445D2F81835DBB288
:101ED0001F2B03D9FF2B22D01A1F00E01B22114B0E
:101EE0001348C3F818250024C3F808550122114DE2
:101EF000C3F80C15C3F81005C3F81455C3F8002235
:101F0000C3F80041D3F80011C3F80441D3F8041119
:101F1000C3F80841D3F808111A6030BC7047FB229F
:101F2000DDE700BF00F000400000010100100040AC
:101F3000342A00202429002038B5114C0223C4F88B
:101F40000433D4F8043163B92025EFF3118085F30D
:101F50001288BFF36F8F05F000FED4F80431002B18
:101F6000F3D0074B074A02204FF40041C3F808039F
:101F7000C2F88011D3F80801B0FA80F0400938BDEA
:101F800000F0004000E100E0034BD3F8000400380B
:101F900018BF0120704700BF00F00040034B012133
:101FA00000229960C3F80025704700BF00F0004090
:101FB0000139012905D80B200AB1EDF76DBFEDF706
:101FC00079BF00DE704700BF29B10139012905D86A
:101FD0000B20EDF783BF1820EDF780BF00DE002057
:101FE000704700BF88420BD0012803D0022809D0D7
:101FF00000207047A1F10200B0FA80F0400970475C
:1020000001207047A1F10100B0FA80F0400970474B
:10201000012908D0022906D059B9074B4FF0807228
:10202000C3F800217047044B4FF40062C3F800214D
:10203000704700DE704700BF00E100E008B509F01E
:10204000C1F808BD032803D8054B185C28B17047B8
:1020500000DE034B185C0028F9D100DE704700BF9A
:10206000D4C50200013810B41C46042806D8DFE8A5
:1020700000F008111A23030004292FD000DE10BC41
:1020800070470429FAD1194B9C6010BC0221002032
:10209000F5F782BB0329F1D1154B01219C6010BCDF
:1020A0000846F5F779BB0429E8D1124B9C6010BCB7
:1020B00002210120F5F770BB032908D00429DDD1E6
:1020C0000D4B02219C6010BC0846F5F765BB0B4B1D
:1020D0009C6010BC01210220F5F75EBB084B9C60A0
:1020E00010BC02210320F5F757BB00BFAC04002051
:1020F0009C0400208C0400206C0400207C04002040
:102100005C04002001460020FFF714BB124B30B4E2
:102110000121044600205960C3F80445C3F80001BA
:10212000C3F80401196005E0D3F8042132B9D3F8EB
:1021300004251AB1D3F80021002AF5D05960D3F84C
:102140000421002AE7D1D3F80455002DE3D0C3F8C9
:10215000042530BC704700BF00E0004070B5114C52
:102160000126D4F8045566600E20EDF7A3FED4F8DE
:10217000040140B10021C4F80411D5E90E32304603
:10218000BDE870401847D4F8003143B1C4F80001ED
:10219000D5E90E3205F12001BDE87040184700DE98
:1021A00070BD00BF00E0004070B58CB00E46154613
:1021B0000146102268461C46F5F74CFA10220DEB3A
:1021C00002003146F5F746FA6846FFF79FFF25B152
:1021D000102208A92846F5F73DFA2CB108AD0FCD1D
:1021E00020606160A260E3600CB070BD30B5022871
:1021F00087B004460CD1012502A90395EDF72CF90F
:1022000050B1144A009023461348294605F0FDF9C1
:102210000024204607B030BD02F030FE042811D063
:1022200004AA03A9204605F0A4FB034610B110F14F
:102230000C0F02D1039A012A09D0084A064801214D
:1022400005F0D9F90024029805F026FBE1E7059C8A
:10225000F9E700BF13E702008CBB020031E7020080
:10226000084B70B5C31A0D4607499B1004465943E5
:102270000648402207F069F92B4601462046BDE892
:1022800070401847842C0020B76DDBB64CB70200B5
:1022900073B50C4C0C4A4023041B00930D460B46AF
:1022A0000A49A41061430646094807F07AF9014635
:1022B00028B130462B4602B0BDE87040184702B046
:1022C00070BD00BF842C00200F960200B76DDBB6F6
:1022D0004CB702000022F8B5012105461046EDF783
:1022E0000BFE104801F016FF0446B8B901F032FFAA
:1022F0002F690D49384605F015F8031E09DB012644
:102300003E642D69084905F11C0005F00BF8031E19
:1023100002DA1C462046F8BDEE64FBE76FF00404C9
:10232000F8E700BF55240200D8C502001FB50022FF
:102330000123CDE902236C46074A6B46CDE90044F0
:1023400007F05EF928B94FF480420023684603F095
:102350006FF804B010BD00BF2196020010B5EFF376
:102360001184202383F31288BFF36F8F074A136809
:1023700023F00201DB07116002D4012007F09BFC6F
:1023800084F31188BFF36F8F10BD00BFD42C0020E1
:1023900030B4104B0C2202FB003301460020D3E97D
:1023A0000E529863EFF31180202484F31288BFF358
:1023B0006F8F1C6C04F0C00444F002041C6480F3B2
:1023C0001188BFF36F8F1DB12B46034830BC1847EF
:1023D00030BC7047842C00204CB7020010B4EFF3DF
:1023E0001180202282F31288BFF36F8F17490B6888
:1023F00043F0020413F001030C601AD04FF0804345
:10240000D3F80C14D3F80C3413F0010311D0EFF30C
:10241000118182F31288BFF36F8F0D4A136C03F0A2
:10242000C00343F00203136481F31188BFF36F8F7D
:10243000012380F31188BFF36F8F1BB110BC002004
:10244000FFF7A6BF10BC012007F02DBCD42C002044
:10245000842C002010B1012804D07047034B1B6C62
:102460005B0701D1FFF794BF704700BF842C0020A9
:10247000024AC3B21C2000FB03207047842C0020BA
:10248000094BBFF35B8F53E8002F42F0010143E893
:1024900000100028F7D1BFF35B8F930702D401200F
:1024A00007F001BC704700BFD42C002010B5EFF33B
:1024B0001184202383F31288BFF36F8F074A1368B8
:1024C00023F001019B07116002D4012007F0F3FB08
:1024D00084F31188BFF36F8F10BD00BFD42C002090
:1024E0002DE9F0413849BFF35B8F8046012251E866
:1024F000003F41E800200028F9D1BFF35B8F33B9DA
:10250000324933484B60CB608A6004F01EFF08F10B
:10251000FF33012B4BD8B8F1010F07D14FF08043A7
:10252000D3F81C3403F00303012B40D008F04AFE1B
:10253000054658B1EFF31186202383F31288BFF3C9
:102540006F8F0125234F4FF080441EE0224B1B78F4
:10255000002BEFD04FF080430222C3F80823064639
:10256000F0E735B3304605F0F8FAD4F8183563B91A
:10257000D4F804214AB1C4F80431D4F80431012359
:10258000C4F81835C7F88031A360D4F81824D4F8FB
:102590001834D203E5D503F00303012B02D0B8F1C0
:1025A000010FDED155B186F31188BFF36F8FBDE8FF
:1025B000F0810021212008F0CCFED6E74FF08043C7
:1025C0000222C3F80423F2E7802C0020702C0020A4
:1025D000A02C002000E100E0E82E002008B507480C
:1025E00008F077FB38B10648EDF738FF0448EBF701
:1025F0008BFF002008BD6FF01200FBE7BCB70200A4
:10260000052602000A2838B5074D044604D1AB68F8
:102610000D215B6828469847AB6803485B68E1B2C8
:102620009847204638BD00BFBCB7020070B5074EC2
:1026300004464518AC4201D1002070BD14F8011BBE
:10264000B36802485B689847F4E700BFBCB7020074
:102650000146014808F096BBD00500202DE9F0475F
:102660003B4F8AB03B4CA66802E02046984748B9E9
:10267000F36B002B5AD1A568AB6B002B5DD1EB6AD5
:10268000002BF2D12B6913B96FF0570506E03148E2
:10269000202202A9984705460028E9D02E4C02AE18
:1026A0004FF00008A845DDDA3B7816F8019B8BB99E
:1026B000D4F800A0BAF1000F1CD128480022002352
:1026C00001A902F01DFE58B9019B2360C3F88400E4
:1026D0003B787BB1B9F10A0F25D100233B7022E092
:1026E000C4F800A01E4A1F48022104F07BFF01230A
:1026F0003B70EFE72068D0F884307F2B0AD91A4A64
:102700001848022104F06EFF2068FFF7A1FF0023A4
:102710002360ECE75A1C0344B9F10A0FC0F8842087
:1027200083F804900ED008F10108BBE720469847D3
:102730000028A0D10AB0BDE8F087204698470028BD
:102740009DD1F7E700232360084B1B689847EAE711
:10275000C42E0020BCB70200D82C0020D0050020D9
:1027600087E702000CBC0200AEE70200DC2C002070
:10277000014AEFF723BC00BF2D2602000F4B70B5B6
:1027800018600F4C204608F0A4FAB0B1A3685B6A49
:102790000BB120469847A568AB690BB1084898472C
:1027A0002B6C1BB10749064800229847A3681B6A97
:1027B0001BB1BDE870400248184770BDDC2C0020FA
:1027C000BCB702005D260200EFF31182202383F3E1
:1027D0001288BFF36F8F0A4BD3F8001161B100214B
:1027E000D3F80805C3F80011D3F80031C0B282F362
:1027F0001188BFF36F8F70476FF00A00F7E700BFD3
:1028000000D00040F0B503468478C678EFF3118E0F
:10281000202080F31288BFF36F8F1D7893F801C0DA
:10282000641B3440A24288BFA2B2AF18374028468A
:102830001F708EF31188BFF36F8F8F188F4218D1DE
:1028400065450CD1EFF31181202080F31288BFF38E
:102850006F8F1878587081F31188BFF36F8F1B79D1
:10286000A41AA34228BF074B90B224BF01221A60CA
:10287000F0BD03EB000E01309EF805E001F801EB1E
:102880003040DBE700D00040DB432DE9F04713F098
:1028900001050F46144604D02448FFF7B3FFBDE8F6
:1028A000F087B2B3EFF31186202383F31288BFF3CE
:1028B0006F8F0D20EDF712FB80460D20EDF7FAFA31
:1028C00086F31188BFF36F8FDFF864A0194ECAF842
:1028D0000051DAF800314FF400590123CAF80030F2
:1028E0002546C6F88091DAF80031A3B1FFF76CFFF6
:1028F000031EA4BF05F1FF35ADB2C6F88091A8BF95
:102900007B55002DEFD1B8F1000F02D00D20EDF76F
:10291000C3FA2046C3E7EFF31180202383F3128824
:10292000BFF36F8F05F019F9DDE700BF002D002020
:1029300000D0004000E100E070B50D4614460CB92F
:10294000204670BD4FF0FF334FF0FF320C4802F0CD
:102950006FFD224629460B48FFF754FF06460848FC
:1029600002F032FD3EB94FF0FF324FF0FF33064820
:1029700002F05EFDE6E7A41BA4B23544DFE700BF2A
:10298000E02C0020152D0020F02C002038B501226D
:102990001146174808F004FB154D0122002105F1EE
:1029A000100008F0FDFA40F207432B874FF07063E8
:1029B0002B620C2385F8243000240E4B85F835401B
:1029C000EC86D3F8042542F00102C3F80425012166
:1029D000C3F80041D3F80021C3F80413224619605C
:1029E0000D20EDF789FA0D20EDF756FA204638BD97
:1029F000E02C002000D0004010B5FFF7E5FE0028D5
:102A000020DB174B93F8222093F8214093F82310F2
:102A1000141B31EA0404C0B20DD193F8372093F8A7
:102A2000364093F83810141B31EA04040BD10D4BD7
:102A300001225A600EE09C180132114084F82500F2
:102A400083F8221010BD9C180132114084F83A001E
:102A500083F837100448BDE8104002F0B5BC00BF51
:102A6000E02C002000D00040F02C0020024B0B6036
:102A700001231360704700BF68C60200004870471A
:102A8000FCC5020030B50D4685B0A8B14168B9B1AA
:102A9000D1E900138468ACB1D4E900249CB193B1AE
:102AA0009C4209D15C1C092C03780FD9104A1148AB
:102AB0000094022104F0A9FD6FF0150005B030BDAF
:102AC0000B46E7E7224601331C44ECE78DF808305B
:102AD00040F20113ADF80A3002A800238DF8094036
:102AE0008DF80C308DF80D5002F048F8E6E700BF85
:102AF000EAE70200E4BB02002DE9F04F8DB0436825
:102B000000AF5D6B07F1240680463246002128465F
:102B100006F0ECFE041EC0F298807B6A2A681979E0
:102B2000186800F00FFE041EC0F28F800022012101
:102B30002920EDF7E1F9D8F804A0D8F810208C4945
:102B4000504601F0FDFF041E7ADB00237B62C6E9DC
:102B50000133884CAB2387F82430D4F82415C9B24C
:102B60007960D4F82825D2B2BA60D4F83035DBB217
:102B7000FB60D4F834055FFA80FBD4F83805D4F84C
:102B80003C555FFA80F94FF0FF30C4F82405C4F8D3
:102B90002805C4F83005C4F83405C4F83805C4F86D
:102BA0003C05012002F03EF87968FF2908BF4FF08C
:102BB000FF31C4F82415BA68FF2A08BF4FF0FF326E
:102BC000C4F82825FB68FF2B08BF4FF0FF33BBF18B
:102BD000FF0FEDB208BF4FF0FF3BB9F1FF0F08BF89
:102BE0004FF0FF39FF2D08BF4FF0FF35C4F83035E7
:102BF000C4F834B5C4F83895C4F83C55054648BB0C
:102C000001463046FFF73EFF041E19DB232008F083
:102C100044F80322C7E908259F23756007F1180BC4
:102C200007F11C0929463046C7F81CB087F8243044
:102C3000C7F82C90FFF726FF041E4FF003020CDAB2
:102C400002F00CF808B101F0F9FF20463437BD4618
:102C5000BDE8F08F6FF00404F2E759460AF1300046
:102C600008F0ADFC044618B36C468CB097F818E039
:102C700097F819C0BE7E9AF830009AF831109AF889
:102C800032306A46DFF8F0800B930823CDE9058ED9
:102C9000CDE907C6CDE9090142F8103F37482B4678
:102CA00044F24001ECF714F9A5466FF01204C7E7AF
:102CB000D8F80420537F023B012B17D992F81CA0AF
:102CC000AAF1020ABAF1020F8CBF4FF0000A4FF0CE
:102CD000010A06F066FD051ED0460ADA284A274892
:102CE0002B46012104F087FC2C46A9E74FF0010A8E
:102CF000EFE7EAB2C5F380155545A1D000230121C5
:102D000082F04002C7E90813BB82B3603A753046CF
:102D100007F11402FA6187F82410C7F82890FFF72A
:102D2000B1FE041E07D106F03CFD041E04DB14F0C6
:102D30000104F8D184E783DA124A134B6D468AB056
:102D4000B8F1000F18BF13466A4610490794CDE941
:102D500005134FF40073ADF820300D4B42F8103FCF
:102D6000064800234FF41151ECF7B2F8AD4667E77F
:102D7000FF9602000090024013E80200E4BB02004C
:102D800045E8020089E002000DE8020055E8020073
:102D9000040000012DE9F04F824687B00E461C4624
:102DA000904672B17BB1002904DB4268D26A0B44C1
:102DB00093420CD93F4A404800943346012104F025
:102DC00024FC6FF01504204607B0BDE8F08F754273
:102DD00005F0030506F0BCFCA54228BF2546D8F146
:102DE000000303F0030308F0030758BF5F427F426C
:102DF00007F00307A74228BF2746631BE41B24F004
:102E0000030423F00309A145C8BFA14603F0030B47
:102E1000C8BFA3EB040BB9F1000F17D008EB0703F1
:102E2000494672191846039307F050FA04460146C2
:102E3000DAF8100006F069FCACBBBD4206D0039B7B
:102E40004A46194608EB050008F098FBA5B104AB0B
:102E5000C5F104070421F21B184607F037FA0446AF
:102E60000146DAF8100006F050FCE4B904AB2A463B
:102E7000D919404608F074FBBBF1000F17D0721946
:102E800008214A4404A807F021FA04460146DAF86A
:102E9000100006F03AFC34B909EB05005A4604A9C3
:102EA000404408F05DFB504606F038FC8BE75C467A
:102EB000F9E700BF66E80200E4BB02002DE9F04339
:102EC0000E4685B0416807461D469046A2B19BB1AB
:102ED000042B01D9AB070FD116F003040CD1002E3F
:102EE00003DBCA6AAB1993420CD9334A33480095C5
:102EF0003346012104F089FB6FF01505284605B023
:102F0000BDE8F083384606F023FC204606F034FC8A
:102F100000284DD1032D1AD80421324603A807F00A
:102F2000D5F904460146386906F0EFFB8CBB2A460A
:102F3000414603A808F014FB3246042103A807F019
:102F4000C2F904460146386906F0DFFB21E008F0CB
:102F50006043B3F1005F02D118F0030F24D0042DB9
:102F6000A94628BF4FF004094A46414603A808F085
:102F7000F7FA4946324603A807F0A5F90446014688
:102F8000386906F0C2FB24B9B5EB0905C8444E44C4
:102F9000E5D1012006F0F0FB0546384606F0BEFB01
:102FA000002C18BF2546A9E7324629464046C6E709
:102FB0006FF00404EDE700BFAFE80200E4BB0200DD
:102FC0002DE9F7430B46D0F804C00746C1F30B01C7
:102FD000154622B1C2F30B0252EA010405D06FF08C
:102FE0001505284603B0BDE8F0831E1E04DBDCF89F
:102FF0002C10AA198A4206D9374A3848009501216F
:1030000004F003FBEBE706F0A3FB2046D7F80480AF
:1030100006F0B2FB00285BD1D8F82C30AB4225D1AA
:1030200007F057F9A94604463869214606F06DFBBA
:10303000002C49D14E44A5EB090500214FF4A470A2
:1030400008F087F906F0ADFB041E35DB14F001042F
:10305000F3D1002DE0D1012006F08EFB002C14BF2F
:1030600025460546384606F059FBBAE7B5F5803FD8
:1030700009D3B3B253B93146012001F0F9FD4FF441
:1030800080390446D0E7B5F5805F09D3C6F30B005D
:1030900030B9314601F0ECFD4FF480590446C3E7E6
:1030A0000F4A0E4800953346012104F0AEFA4FF066
:1030B00000096FF01504B7E70A4A00953346074840
:1030C000012104F0A2FAC6E7074A00953346F6E765
:1030D0006FF00405C6E700BFF9E80200E4BB020098
:1030E00043E9020061E902007EE90200024B0B6045
:1030F00001231360704700BF242D00200048704753
:1031000070C6020007B50346054A00910548012133
:1031100004F07BFA6FF0150003B05DF804FB00BF0C
:10312000B2E902006CBB020010B50122114607484B
:10313000074C07F035FFFCF7EFFD07F0C0F8206003
:1031400007F0B9F86060002010BD00BF2C2D0020F2
:10315000242D00204FF08042D2F81015D2F81035FF
:1031600001F01E0123F01F030B4343F00103C2F8DB
:103170001035024B00221A70704700BFC52E002088
:103180004FF08053D3F83031082B20D14FF08042DC
:10319000D2F81015CB071AD5D2F8103501F01E0160
:1031A00023F01F030B43C2F81035D2F808315BB18E
:1031B000D2F8103523F01F030B4343F00103C2F88C
:1031C00010356FF08B007047024B01221A700020FF
:1031D000704700BFC52E0020F8B5044607F06BF815
:1031E000237B05460BB1FCF7ADFD134F0026FFF71F
:1031F000C7FFE8B9606801F047FAA3685B1BA360EA
:1032000063682B4463603B780BB1FFF7A3FF237B1C
:1032100001363BB9A368002BE9D1A068003818BF7C
:103220000120F8BD3046EAF78BFA0028F2D0F4E727
:103230006FF08B00F5E700BFC52E002070B5037B53
:1032400004460BB1FCF77EFD194E0125A368032B44
:1032500006D8184AD2F80034DB07FBD5002070BD31
:10326000FFF78EFF08BB23686068196801F028FA31
:1032700033780BB1FFF76EFF636804336360236834
:1032800004332360A368043BA360237B0135002B38
:10329000DCD02846EAF754FA0028D7D0054AD2F8FD
:1032A0000034D907FBD50120D9E76FF08B00D6E7B2
:1032B000C52E002000E00140F0B589B00E4615464D
:1032C00006F0F9FF29460746304606F08EFA60B34D
:1032D000B6FBF7F307FB136323B9B5FBF7F407FB62
:1032E00014545CB11F4A009533461F48012104F075
:1032F0008CF96FF01504204609B0F0BDBD42FAD339
:103300004FF0FF334FF0FF32184802F091F8FCF70E
:1033100015FD04AB014660B91022184608F047F9C4
:10332000CDE90565FFF758FF16E0114A00953346D1
:10333000DBE710222146184608F039F901228DF802
:103340001C200C4ACDE902200B48CDE90565FCF7AD
:10335000EDFC02A8EAF754F90446044802F034F8F8
:10336000C9E700BFCFE902006CBB02002C2D002092
:10337000B2E90200D9310200645E010070B50D4669
:1033800088B01946284616461C4606F02EFA58B94B
:103390001D4A00942B461D48012104F036F96FF0B8
:1033A0001504204608B070BD45EA04039B0703D00E
:1033B000174A00942B46EEE7002CF2D04FF0FF3373
:1033C0004FF0FF32134802F033F8FCF7B7FC034626
:1033D000CDE9046504A806948BB101238DF81C3057
:1033E0000D4BCDE9023041F64C50FCF79FFC02A892
:1033F000EAF706F90446074801F0E6FFD1E78DF841
:103400001C30FFF71BFFF5E7B2E902006CBB0200BE
:10341000EEE902002C2D00203D3202002DE9F043A0
:10342000476840F20636D0063B7C87B002EA0606C3
:1034300054BFC2F3401C4FF0030C01F01F05B6F55A
:10344000837F144645EA43158DF803C044D00DD858
:10345000062E16D005D8A6B1022E3FD06FF015006B
:1034600037E0B6F5807FF9D101260AE040F202226A
:10347000964235D0B6F5407F34D0B6F5007FEDD119
:103480000226220330D57A6801238B40C2F8083522
:10349000B868A0BB05F01F036D092DD0012D77D1B1
:1034A0003E4A02EB8302C4F30043D2F8001783F0D4
:1034B0000103C4F3404444EA430421F4E16144EAD3
:1034C0008C0421F0070144EA06230B43C2F80037BD
:1034D000002007B0BDE8F0830726D2E70426D0E736
:1034E0000526CEE70326CCE7630341BF01237A68B4
:1034F0008B40C2F80C35CBE74FF0A042D1E70DF17D
:103500000202294606F047FE14F4403F80460CD1E3
:10351000B868294606F074FEB8F1000FD8D19DF8BE
:103520000210B86800F0ACFFD2E74FF0000901AB21
:10353000CDE90199CDE90439CDF80C90B86803AA1A
:10354000294606F0FDFC4845C2DB14F4003314D0D4
:10355000C4F300449DF803308DF80E3084F001046C
:103560008DF80C608DF80D40B8684B4603AA2946CB
:1035700006F099FD0028CFDAAAE7CDE904330DF172
:1035800003030393B86803AA294606F0D9FCF1E7C0
:1035900003F5E07350F82330FFDE00BF0003005056
:1035A000420970B5034602D0012A17D070BD0D4EF6
:1035B000326951680029F9D003F01F0301250C6816
:1035C0009D400029F2D08A682A4002D04B683046DC
:1035D00098472CB1236821461C46F2E7024EE7E7E4
:1035E0002346F8E784B7020068B7020038B545689B
:1035F000A86890B106F0FEFD014670B9A86806F013
:10360000DDFD044658B902460649A86806F0C0FD2B
:10361000224605210620ECF76FFC002038BD6FF034
:103620000400FBE7A1350200F0B545681646A8681E
:103630002A7C01F01F0487B044EA4214002869D0B4
:10364000B6F5001F04D1214606F02DFE002052E001
:1036500001AA0020B6F5800F0190506037D1B3F178
:10366000007F14BF052304238DF804300023CDE927
:1036700004230393EB6823FA01F111F001010DF12A
:1036800003073AD1B6F1A07F37D104F01F036209D6
:1036900003F5E07326D0012A3FD1214A52F82330A6
:1036A000DB072AD4A8683A46214606F074FD163096
:1036B0001BD00297A86803AA214606F041FC002807
:1036C00019DBA8680122214606F09CFDBEE7B3F194
:1036D000C06F05D0B3F1007F14BF01230223C3E7FD
:1036E0000323C1E74FF0A042D8E7A868394600F0AD
:1036F000CDFE0028DDDA07B0F0BDA8683A462146C5
:1037000006F049FD0028D5D19DF80310A86800F007
:10371000B7FECFE76FF08500EDE751F82330FFDE0D
:1037200000030050036803F01F025B09026004D02D
:10373000012B034818BF002070474FF0A04070478E
:10374000000300502DE9F04F00EB8109654985B079
:103750001546834640F2FF1AD94503D1002005B033
:10376000BDE8F08FDBF80020C2F3C72818F0080886
:10377000C2F3C320C2F3080440F0B1805A4B544551
:1037800008BF4FF0FF34B2F10C5F1E5C4FEA1260CD
:1037900015D2222815D8DFE800F017272B382E3451
:1037A00038141414143E4814141414141414141457
:1037B0004B86898C1414148F9396999C9F004E28E5
:1037C00026D06FF08500CAE7C5F80C45621C67D0AB
:1037D00003A80394FFF7A6FF039A012707FA02F252
:1037E000C0F80825384639E0C5F81445002718E028
:1037F000C5F80845EAE7C5F808450027601C22D14E
:103800004EE0C5F80C450127F8E7C5F81045EDE78F
:10381000C5F81445DAE7C5F80845002EE6D10027BB
:103820000626631C3CD0002018E0C5F80C45F4E7E0
:10383000C5F86045BBF80220671C02F001022FD0DA
:10384000002AC5D1012703A80394FFF76BFF039A51
:103850008446012000FA02F2CCF80C25DBF80020A7
:10386000019202F4004CBCF1000F08BF804603A88F
:1038700018BF01270394FFF755FF039C019A00EB43
:103880008400C2F3412CD0F80047320242EA8C0295
:1038900042EA08020C40224342EA4702C0F80027ED
:1038A0000BF1040B58E7C5F86445C3E7C5F8684554
:1038B000C0E7C5F86C45BDE7C5F824450127B0E76A
:1038C000C5F8284582E7C5F83045F7E7C5F834451F
:1038D000F4E7C5F83845F1E7C5F83C4576E76FF001
:1038E00015003CE7F0F8FCFF66ED02002DE9F04121
:1038F000044647680D4607F065FC88B14FF0200884
:10390000EFF31186314688F31288BFF36F8F60683A
:1039100006F0ACF850BB86F31188BFF36F8FEFE76A
:103920001F4B1B78002BE9D04FF0200864266068FD
:1039300006F09CF870B9012006F064F9013EF6D15A
:103940000021212007F005FDF0E786F31188BFF381
:103950006F8FF5E7EFF31186314688F31288BFF3D6
:103960006F8F606806F082F80028EED0BB691D708A
:103970006368BA691B680020C3F844250122C3F8B4
:103980004825C3F82001D3F82041C3F85801D3F8E3
:1039900058019A6081F31188BFF36F8FBDE8F08101
:1039A000E82E00202DE9F0410022054601210220E9
:1039B000ECF7A2FA0220ECF76FFA6C680121E068DC
:1039C00006F0A8F86B681A682369C2F82435617D8F
:1039D000237D0B43A17D0B43C2F86C356F68D7E99B
:1039E000004313F0010318D0D5F8108004F10C0146
:1039F00008F10C0204F5907006F041F9061E07DA92
:103A0000224A2348012103F0EDFD3046BDE8F08154
:103A100098F80C0000F06AFB01230822C4F8002586
:103A2000BA69C4F8442501210022C4F84825A160E0
:103A30006BB9D4F82031002BFBD0C4F82021D4F886
:103A400020310123E3604FF48073C4F80433D4F8C9
:103A50005831002BFBD00021C4F800156D682C688C
:103A6000E86806F057F80823C4F800352A7A52B9F6
:103A7000EB69C4F834350123C4F83835C4F8102193
:103A8000D4F8102123600026BFE700BF4CEA0200F3
:103A900014BC020070B5012383400F4ABFF35B8F53
:103AA000DC4352E8001F01EA040542E80056002EFC
:103AB000F7D1BFF35B8F4FF4803282400748C0F8E4
:103AC0000823BFF35F8FBFF36F8F03EA0100003855
:103AD00018BF012070BD00BF582D0020001001400C
:103AE00070B41249D1E90034D01AC31844F100046B
:103AF00022F07F46C1E90034A6F50013B3F5400F6C
:103B000009D20B4B1B681A0A1B069C19094B42F180
:103B10000005C3E90045EFF31181202383F31288E8
:103B2000BFF36F8F70BC02F083BB00BFD8120020C0
:103B30005C2D0020E012002011B3BFF35B8F012346
:103B4000104A834052E800CF4CEA030C42E800C11F
:103B50000029F7D1BFF35B8F0B4A4FF480338340CA
:103B6000C2F80433094BBFF35B8F1B68BFF35B8F55
:103B7000C340DB0742BF064B4FF40032C3F80021BD
:103B8000704700BF582D002000100140542D002028
:103B900000E100E00D4B1868010A0006BFF35F8FDB
:103BA0000B4BD3F80435181841F10001B3F5801F11
:103BB0000AD2084BD3E90023904271EB030303D2EE
:103BC00010F1807041F10001704700BF5C2D0020B2
:103BD00000100140E01200202DE9F04F85B016469C
:103BE0001F469DF840A00446FFF754FF0190FFF7E1
:103BF000D1FFB04271EB07035ED23E4B301A67EB48
:103C00000101984271F1000109D36FF015052046BA
:103C10000199FFF791FF284605B0BDE8F08F364BBC
:103C200003EB0413D3E902239F4208BF964254D00A
:103C300032494FF4803804F1500508FA04F8AD0019
:103C4000C1F848832046ADB205F0BCFF26F07F4B9B
:103C500005F1804504F5A87305F58835DC464FF07D
:103C600003090293029A2CF07F4341F82230C1F8F5
:103C70004483D1F80435224A6FF00200C01A604430
:103C800020F07F40904228D9286868B1D1F80435E7
:103C90000393A3EB0B0020F07F40B0F5000F1CD97D
:103CA000204605F08FFF039BBAF1000FADD109EB61
:103CB000030C09F10109D5E7BAF1000FA5D10123E1
:103CC000104ABFF35B8FA34052E8000F184342E84D
:103CD00000010029F8D1BFF35B8F07490E9823013B
:103CE00001EB0412C8500F9B5360C2E90267002524
:103CF0008DE700BF01008000C812002000100140C5
:103D0000FDFF7F00542D00207FB51C4C1C4BC4F8D8
:103D10000833C4F848331B4B00254FF0FF304FF0F9
:103D2000FF31C4F80855C3E902014FF48033C4F8E9
:103D30000433154B02264FF400320121C4F804630A
:103D40001120C3F880212A46ECF7D6F81120ECF7B1
:103D5000A3F80E4A0123A360236013600C4B0D4AA5
:103D60000093CDE9015500232846FFF735FF304683
:103D7000FEF7B6FB284604B070BD00BF001001403E
:103D800003000F00C812002000E100E0582D0020C1
:103D9000E13A0200FFFF7F002DE9F7432E4CD4F8F3
:103DA000043399070BD5D4F8043143B12B4A0023CF
:103DB000C4F80431D4F80431136801331360D4F823
:103DC0000433DA0343D5BFF35B8F254B53E8002F51
:103DD00022F0010143E800100028F7D1BFF35B8F08
:103DE000D30702D4D4F840318BB30025C4F8405136
:103DF000D4F84031FFF7CEFEEFF31182202383F396
:103E00001288BFF36F8F174BD3E90267B042B941F5
:103E100020D34FF0FF304FF0FF31C3E90201D3E967
:103E200000981D604FF48033C4F84833C4F8405103
:103E3000D4F8403182F31188BFF36F8FB9F1000FCE
:103E400005D0CDF8008032463B460020C84703B07D
:103E5000BDE8F083A946EDE7001001405C2D00208D
:103E6000542D0020C812002030B5431C124C85B0E0
:103E700005D08442A8BF0446012CB8BF0124FFF737
:103E800089FE0E4B0C4DD3E90013401AB0F5000F1C
:103E900010D22218AA4228BF2A4652184FF000001A
:103EA00007490091CDE9010043F10003FFF794FEBB
:103EB00005B030BD2A46F0E7FFFF7F00D812002092
:103EC000E13A020008B5FFF765FE024B1B68C01A15
:103ED00008BD00BFD812002010B5084C0123636054
:103EE0001120EBF7E7FF064BC4F80833C4F848335A
:103EF000044B4FF40032C3F8802110BD0010014084
:103F000003000F0000E100E0024AD2F80034002B69
:103F1000FBD0704700E0014010B54FF08053D3F85C
:103F20003021082A4ED14FF080420021C2F80C11F6
:103F3000C2F81011C2F8381502F54042D3F8041443
:103F4000C2F82015D3F80814C2F82415D3F80C14BD
:103F5000C2F82815D3F81014C2F82C15D3F814148D
:103F6000C2F83015D3F81814C2F83415D3F81C145D
:103F7000C2F84015D3F82014C2F84415D3F824141D
:103F8000C2F84815D3F82814C2F84C15D3F82C14ED
:103F9000C2F85015D3F83014C2F85415D3F83414BD
:103FA000C2F86015D3F83814C2F86415D3F83C147D
:103FB000C2F86815D3F84014C2F86C15D3F844342D
:103FC000C2F8703505F00EFE18B1374B374AC3F80A
:103FD0008C2605F007FE18B1354BFB22C3F81825D7
:103FE00005F000FE58B14FF080424FF08051D2F8FA
:103FF000E43ED1F8581261F30303C2F8E43E05F041
:10400000F1FD20B12B4B4FF40072C3F840264FF066
:104010008053D3F83031082B17D14FF08043D3F8B9
:104020000024D20744BF6FF00102C3F800244FF010
:104030008053D3F83431042B81BF4FF01023D3F8D1
:1040400008224FF08043C3F858254FF01023D3F8CF
:104050000022002A03DBD3F80432002B22DA1649AF
:1040600001234FF01020C1F804351224FFF74CFF54
:10407000C0F80042FFF748FFC0F80442FFF744FFD2
:104080000023C1F80435FFF73FFFBFF34F8F0B4903
:104090000B4BCA6802F4E0621343CB60BFF34F8F4F
:1040A00000BFFDE710BD00BF005000404881030085
:1040B00000F000400090024000E0014000ED00E010
:1040C0000400FA05014B1860704700BF602D002006
:1040D00010B5054B1868144605F096FD0028A4BFDE
:1040E0002070002010BD00BF602D0020024A012377
:1040F0008340C2F80435704700F00140014B0020B6
:104100001B681847642D0020014B1B68184700BF2F
:10411000642D002010B50C4C237993B90123237131
:104120000A4B2060002818BF184600F049F850B923
:1041300023680748002BBDE8104008BF184600F070
:104140008FB86FF0770010BD642D0020FD40020095
:104150000941020008B5064B1B683BB10020EBF794
:10416000BDFE18B9BDE80840EBF796BE08BD00BF1C
:10417000642D002038B54FF080440123C4F8083383
:1041800063600023C4F80031D4F8003142F21075A6
:10419000D4F80C24D4F80C34D20307D5DB0705D5AA
:1041A000012005F02FFD013DF2D138BD05F092FD53
:1041B0000028FAD0014B00225A71F6E76C2D00203E
:1041C00010B508490C794CB9012308600B7105F052
:1041D00081FD08B9002010BD4C71FBE76FF077003E
:1041E000F9E700BF6C2D00204FF080430022C3F898
:1041F0000021D3F80021094901221A60096811B190
:10420000C3F804237047D3F80021002AFBD0002212
:10421000C3F80021D3F80031704700BF6C2D002097
:1042200010B54FF08043D3F80423D20715D5D3F847
:10423000002192B10022C3F800210121D3F800210E
:10424000C3F8081305F046FD044B10B15A7922B9A2
:104250005971BDE810401B68184710BD6C2D002037
:10426000074A137943B90121106011714FF0804260
:104270001846C2F8183570476FF07700704700BFD6
:10428000742D002010B54FF080431D4CD3F8181446
:10429000D3F8182411F4803F1AD002F00302012A47
:1042A00001D092B900224FF08043C3F818250022B4
:1042B000C3F80421D3F8042101229A6022688AB944
:1042C000D3F80421002AFBD014E005F014FDE9E73F
:1042D000D3F81424D107E5D5D3F81C249207F4D4DD
:1042E00022681AB10222C3F8042310BDD3F80421B6
:1042F000002AFBD00022C3F80421D3F80431F4E7EC
:10430000742D0020F8B54FF08043194FD3F80443C3
:10431000012504F01A04002604B9F8BDB4FA84F0AB
:10432000C0F11F00830003F580739BB203F180434B
:1043300005FA00F2196892B224EA02040029EBD0CF
:104340001E601B684FF08043022AC3F808230BD17C
:10435000D3F81814D3F81814890705D1C3F81855E1
:10436000C3F804239D60D7E73B68C0B29847D3E702
:10437000742D0020036803F01F025B09026004D063
:10438000012B034818BF002070474FF0A040704732
:1043900000030050034A430900F01F00D35C184497
:1043A000C0B270476EED0200024611F0010030B558
:1043B00015D18B07C1F3400022D51249D1F8200551
:1043C00050604FF08052C1F82005D2F83021082A01
:1043D00008BFD1F82025003818BF012010E04FF0A9
:1043E000A0444FF08055D4F820351360C4F8203530
:1043F000D5F83051082D08BFD4F82045002BD8D06F
:1044000030BD00BF00030050F7B504460846FFF773
:10441000C1FF04EB40060D46B38ADB072AD52046D0
:1044200005F06CFD2946204605F0D8FC50B1204629
:1044300005F0EAFC276807EB80000023C0F8103580
:10444000C0F810352946204605F007FD0021B1824D
:1044500001A80195FFF78EFF019B00EB8300074B3E
:10446000D0F80027134043F00203C0F80037084695
:1044700003B0F0BD6FF01500FAE700BFF0F8FCFFE5
:10448000014805F0DFBB00BF0C05002010B5044853
:104490000C4605F0B9FB0028A4BF2070002010BD19
:1044A0000C0500202DE9F04F074689B057F8049B12
:1044B000D9F80413C9B28346082241F000414846A6
:1044C00005F0F4FC051E2FDA0023032106A8CDE930
:1044D0000633FFF769FF634B01930DF118084FF0A6
:1044E000000A019A604912F8013B0192DA0803F0D0
:1044F00007038A5C22FA03F3DB071CD40AF10103E9
:10450000022B08F104084FF0010AEAD14FF00041F4
:104510000022484605F0CAFC032106A8FFF744FF25
:104520000028D8D125F000450124002D40F08480DA
:1045300009B0BDE8F08F4D4B53440293D8F80060AA
:10454000002EDBD0029B96FAA6F61C78B6FA86F609
:1045500046EA44142046FFF71DFF0BEB4000F2082B
:10456000818A18F802000594C1F382030393009333
:1045700006F00706012303FA06F620EA060008F80B
:10458000020005A8FFF7F6FE059A039B02F5E0720C
:1045900011F0100F50F82260C6F3014633D0009A94
:1045A0003846214605F03AFC05A80594FFF7E2FEDF
:1045B000059B03F5E073F6B250F82330C3F30143D3
:1045C0009E4207D10021204605F0F9FB31462046E6
:1045D00005F0F5FB05A80594FFF7CCFE059B01222D
:1045E00002FA03F3C0F820354FF08053D3F830318E
:1045F000082B01BFD0F82035D0F82035D0F8203571
:10460000D0F820359AE7022E14BF0221032120465C
:10461000039305F0D4FB039B032B03D0022E07D199
:10462000012BD7D1009A2146384605F0F7FBD1E798
:10463000032ECFD1022BF4E795FAA5F3B3FA83F357
:1046400004FA03F225EA020503F5A2720BEB430319
:1046500059F82220B3F87C10C2F30142384605F025
:10466000DDFB62E77EED0200E8C602007EED02009F
:10467000044AD2F80034DB07FBD50160BFF35F8F3B
:10468000704700BF00E001404FF080531A69B0FB53
:10469000F2F302FB13036BB9084B0222C3F80425A3
:1046A000C3F80805D3F80024D207FBD50020C3F8CF
:1046B000040570476FF00C00704700BF00E0014038
:1046C00010B5054C0123C4F80435FFF7D1FF0023D2
:1046D000C4F8043510BD00BF00E0014070B5114DB5
:1046E0006C6BA4B14FF47A735C430A23B4FBF3F40C
:1046F0000D4ED6F800316BB995F8393053B90A2010
:1047000005F080FA013CF4D16FF0730008E04CF240
:104710005034EDE795F8393003F0FF00002BF3D16A
:1047200070BD00BF7C2D0020009002400A4B10B5E8
:1047300000220124C3F80045C3F800211C6028B101
:10474000FFF7CCFF20B9054B83F83840002010BD9F
:104750006FF07300FBE700BF009002407C2D00204B
:1047600070B500F06044B4F1005F5DD184075BD1A7
:10477000304C94F83050012D05D09D4257D194F81B
:104780003850002D53D02C4D022B0BBFC5F81025EF
:10479000C5F80425C5F81405C5F808050CBFC5F80B
:1047A0001815C5F80C154FF0000684F83960266816
:1047B0000CBF08250425BEB994F838306BB11E4BE8
:1047C00005F1804505F524350022C3F800210123B9
:1047D0002B60BDE87040FFF781BF0120FFF7A6FF07
:1047E00010F1740FEBD170BDA66826B1E060616175
:1047F000E2610020F7E7A2610F4A84F8303001231C
:10480000A0602161C2F80061C2F8043394F8382036
:1048100002F0FF0012B9FFF789FFEAE705F18045D2
:1048200005F524352B60E4E76FF00C00DBE76FF053
:104830000F00D8E77C2D002000900240084B9A68BA
:104840005A621A699A629A69DA62DA689A6032B1CF
:104850005A691A61DA699A610022DA607047704712
:104860007C2D002000F01F0340090FD0012810D13B
:104870000B4A02EB83020B4BD2F80007034043EADA
:10488000012343F00203C2F8003770474FF0A04203
:10489000EFE7002203F5E07352F82330FFDE00BF9C
:1048A00000030050F0F8FCFF10B50E4B0238D3F8AF
:1048B0003C26D3F83836072813D8DFE800F0110F6C
:1048C0000D0B0A080604100EC871100C8871100A2E
:1048D00048710A711A0ECA701A0C8A701A0A4A7044
:1048E0000B7010BD00900240023807281FD8DFE887
:1048F00000F02927251123211F04CB791B068A7973
:1049000043EA02434A7943EA02230A7913430E4AEF
:10491000C2F83C36CB781B068A7843EA02434A78D1
:1049200043EA02230A781343074AC2F8383670472D
:104930000023E4E70023E5E70023E6E70023EBE7B5
:104940000023ECE70023EDE7009002400268154BDE
:10495000FF2A08BF4FF0FF32C3F824254268FF2A20
:1049600008BF4FF0FF32C3F828258268FF2A08BF2E
:104970004FF0FF32C3F83025C268FF2A08BF4FF05E
:10498000FF32C3F834250269FF2A08BF4FF0FF3217
:10499000C3F838254269FF2A08BF4FF0FF32C3F839
:1049A0003C2570470090024030B5194D0FCD8DB0B9
:1049B00006AC0FC495E8030084E803001549D1F85C
:1049C0002435DBB20093D1F82835DBB20193D1F85E
:1049D0003035DBB20293D1F83435DBB20393D1F832
:1049E0003835DBB20493D1F83C3506A8DBB2059329
:1049F000FFF7ACFF0023C1F8003101230B60D1F8B1
:104A00000031002BFBD06846FFF7A0FF0DB030BD92
:104A1000A8BC02000090024070B590F8293004460E
:104A200013B190F82A204ABB6068FF2867D0A268BB
:104A3000FF2A64D0E268FF2A61D02269FF2A5ED093
:104A4000B3B90321FFF70EFFA068FFF70BFFE06883
:104A5000FFF708FF2069FFF705FF6069FF2801D015
:104A6000FFF700FFA069FF2802D00321FFF7FAFE3D
:104A700094F82A3013B9201DFFF768FF214E636AAE
:104A8000736394F8293086F83A304FF080531E4D06
:104A9000D3F83031082B04D10123C5F80833FFF7D0
:104AA00083FF2368C5F84035A37F617F227F9B0188
:104AB00043EAC1031343E27F43EAC213C5F8443516
:104AC000D5F8002694F8203022F07F4222F0FF0231
:104AD000134394F8212043EA026394F8222043EA26
:104AE000426394F8232043EA0273C5F80036336822
:104AF0000BB9002070BD2920EBF7CEF9F9E76FF074
:104B00001500F7E77C2D0020009002400A4B0022A0
:104B100083F83820094B01214FF08050C3F8081367
:104B20001961D0F83001082808BF5965C3F800257D
:104B3000C3F80021704700BF7C2D00200090024088
:104B400038B50D4C94F8305095B9C4E9001240B90D
:104B50000020C4E90200012384F8303084F83800D2
:104B600038BDFFF759FF0028F2D06FF01500F7E7C6
:104B70006FF07700F4E700BF7C2D00202DE9F041B5
:104B8000DFF89880064698F8300001280F46144652
:104B900040D198F8383083B3214D0123C5F808334C
:104BA0004FF08053D3F83031082B01D1FFF7FCFED2
:104BB0001FB170783946FFF797FE002788F83970E3
:104BC000C5F80071B37872781B0343EA0223327888
:104BD0001343F27843EA4233327943EA82337279FB
:104BE00043EAC233C5F83436FFF778FD743008D095
:104BF000C5F800714CB9002005E0FFF797FD74304F
:104C0000CAD16FF07300BDE8F08170782146FFF7DC
:104C10004BFEF0E76FF00F00F5E700BF7C2D0020A2
:104C200000900240044B93F838300BB9FFF77EBD7B
:104C30006FF07700704700BF7C2D002008B5064B51
:104C400093F83030012B03D1FFF760FF002008BD3F
:104C50006FF00F00FBE700BF7C2D0020034B93F8A3
:104C60003000003818BF0120704700BF7C2D0020A5
:104C700038B58B0735D11E4B1D681DB193F8302018
:104C8000012A31D11B4C0022C4F81C15C4F82005A0
:104C900083F8392095B993F8383043B10023C4F82C
:104CA00000310123E360BDE83840FFF717BD012064
:104CB000FFF73CFD10F1740FF0D138BD042183F8EB
:104CC0003010C4F800210122C4F8042393F83830CE
:104CD00003F0FF001BB9FFF729FD0020EDE7E260BC
:104CE000FBE76FF00C00E8E76FF00F00E5E700BFAF
:104CF0007C2D00200090024010B5224BD3F80021FB
:104D000092B1214C0022C3F8002194F8381094F895
:104D1000302071B90121032A84F8381005D0042A03
:104D200005D0022A00D1996010BD5960FCE7D96016
:104D3000FAE7032A19D0042A19D0022A04D1012340
:104D400084F82030FFF77AFDA36813B9012384F8B3
:104D5000303094F8393003F0FF0013B9D4E9003152
:104D60009847002384F82030DEE70223E8E7032297
:104D700084F82020D3F81C256262D3F8203584F80B
:104D80002830E1E7009002407C2D0020F0B58168DA
:104D900085B01039054621F0070402F0C1FD0B4B28
:104DA0006A4603F1100718685968164603C60833A7
:104DB000BB423246F7D110236A462146284602F00C
:104DC00081FD003818BF012005B0F0BD7CC702008E
:104DD00030B50D46816887B0102302AA1039044609
:104DE00002F05BFD002802DA012007B030BD10227E
:104DF00002A9204605F085FA00283AD11E49102262
:104E000002A806F0DCFB00280CBF012302232B7054
:104E1000204605F062FA012301460DF10702204603
:104E200002F03BFD0028DFDB9DF8073003F00F02A6
:104E30001B096A702B7101220DF10701204605F054
:104E400060FA10B96B78042B03D901236B7000232F
:104E50002B71A268183A22F00702083AA91C2046D2
:104E600005F062FA0028BFD1E91C204605F0B4FA2B
:104E7000BBE70323CBE700BF7CC702007FB5244D0F
:104E80004400694655F8240005F0ACFA90BB0134A3
:104E900002A955F8240005F0A5FA012804BF032350
:104EA0008DF808309DF800509DF80860194A08BF39
:104EB0008DF80B3000241078294605F014FAF8B16B
:104EC0005078314605F00FFAD0B19378042B03D017
:104ED0009DF80310994213D1D378042B03D09DF889
:104EE0000B1099420CD11379042B05D15079831EF4
:104EF000022B0BD9FF2009E09DF802109942F5D052
:104F00000134032C02F10602D5D1012004B070BD9A
:104F1000ECC6020080ED020070B516461D465A1C14
:104F200003681344C2689A42044605D2006A082105
:104F300005F0C4FD002070BD65B93278204605F04B
:104F4000C0FD0028F6D03544B5420CD1A36801332A
:104F5000A360F0E7AB1E062B9ABF064AD35C002382
:104F60001833DAB2EAE723685A1C226015F8012DDB
:104F70001A70E9E792ED020010B50446E9F7DAFE8F
:104F80000348044A012102F02DFB204605F0ACFE47
:104F9000D4BB020096EA02002DE9F843044600AFB4
:104FA0000D46EFF31188202383F31288BFF36F8F30
:104FB00004282A4A98BF2A4B9668117C94BF53F85C
:104FC0002030284BE9468AB06A462748CDE90731A8
:104FD00040F20133ADF82430244BCDE9050442F80A
:104FE000103F234800234FF43151E9F771FFCD46BC
:104FF00045B1EB69C3F3080323B11E4A1C480121E4
:1050000002F0F0FA2EB1304606F0E5F808B1037868
:1050100003B91948E9468AB06A46184B0790CDE9AA
:10502000053640F20133ADF82030154B42F8103F01
:1050300000230F484FF41151E9F74AFF2946CD46A6
:105040002046FFF799FF88F31188BFF36F8F304632
:10505000EAF7F4FFBD46BDE8F88300BFB82D002095
:10506000F4C60200A5EA0200B3EA0200050000014E
:10507000D4BB0200DBEA0200FED80200FCEA020018
:105080000400000138B50A4B53F82040013053F8B2
:105090002050A54200D838BD606830B1037EDB07E0
:1050A00001D405F0FEFD0834F3E723689847FAE7DA
:1050B00008C7020070B52A4B2A4C2B4D86B001223E
:1050C00003201A70FFF7DEFF01F044FA0420FFF717
:1050D000D9FF2646AE4204F130040FD300F0B4FDF0
:1050E000204CAC4226D300F0C3FDE8F70BFD1F4A6D
:1050F000938923F00103938106B070BD54F80C3CF2
:10510000059354F8103C049354F8143C039354F85A
:10511000183C029354F81C3C019354F8203C009333
:1051200054E90A2354E90C0100F0DEFB54F8303C4A
:105130005E65CEE7D4E90A23B3F1FF3F08BFB2F1C1
:10514000FF3F05D052EA0301206803D106F01AF9A7
:105150003034C6E70649183000F0DAFFF8E700BF40
:10516000E82E0020ACB90200ACB902007813002090
:10517000B3B2020070B5164E164D1749902386B093
:1051800003FB006601220023CDE904230F22CDE9B1
:1051900002320193142303FB005504464FF4C07000
:1051A00000FB04110D4B00954FF4A072304600F047
:1051B0009BFB337C0A4AEE6023F0040333744FF404
:1051C000046304FB033313442C746B6006B070BD9E
:1051D000E8120020B82D0020C0510020F5AD0200DB
:1051E000804900207FB50020FFF74CFF294B83F357
:1051F0000888294C636943F4007363610025E02348
:1052000084F82230E57725766576A57684F82050F7
:10521000636A43F4E023636284F82350EAF7A6FD4F
:10522000EAF7F6FE4FF0FF33A362E362EBF728F8EC
:10523000EAF770FFE9F7D8FC1848194C00F0E4FBD6
:105240000120FFF71FFF0220FFF71CFF00F03AFDCF
:10525000144B15495C61154B059301234FF408620B
:10526000CDE90353CDE90155114B0095204600F0DF
:105270003BFB237C064623F004032046237405F001
:10528000E4FF2846FFF776FF094A31462046EAF751
:105290009FFE00BFC051002000ED00E0B8140020C8
:1052A00078130020B82D0020405300205EEB020050
:1052B000B550020038B5064C064DAC4201D3002073
:1052C00038BDD4E90112204605F016FD1434F4E788
:1052D000EC050020EC05002038B5074C074DAC422A
:1052E00001D3002038BD204605F02AFD08B91C3442
:1052F000F5E76FF01500F5E77C050020EC050020D0
:1053000073B50C46EFF31181202585F31288BFF3A6
:105310006F8FC5685DB125602B68C36083690133F9
:105320008361002081F31188BFF36F8F11E052EA8F
:10533000030603D125606FF00B00F3E7CDE90023EE
:105340000246083000F04AFC18B9034B9B685B69C1
:10535000236002B070BD00BFB82D002073B51546A4
:10536000EFF31186202282F31288BFF36F8F046857
:10537000B4B12368426823F00303944208BF43603A
:10538000036023689B0704D02046656806F0E1F8B7
:105390002C4686F31188BFF36F8F204602B070BD94
:1053A00055EA0302F5D000F10802CDE90053314679
:1053B000104600F013FC0028EFD1024B9B685C699B
:1053C000EBE700BFB82D002070B5EFF31186202366
:1053D00083F31288BFF36F8F0468A0421BD0D4B14F
:1053E000D4E9003213605A60237C002523F00203C5
:1053F0002374C4E90055A56004F1180006F01CF8F8
:105400002046C4F88C5005F020FF31460748BDE81F
:10541000704005F074BFD0E902329A4218BF0133E0
:10542000836086F31188BFF36F8F70BDE92E002073
:1054300013B5EFF31181202484F31288BFF36F8F2B
:10544000846844B1013C846081F31188BFF36F8F9D
:10545000002002B010BD52EA030406D181F3118886
:10546000BFF36F8F6FF00F00F3E7CDE90023024623
:10547000014800F0B3FBECE7E92E002070B50546CB
:10548000EFF31186202383F31288BFF36F8F00237D
:105490002C68A54219D0C4B1D4E9003213605A6017
:1054A000227C002322F00202C4E900332274A360AC
:1054B00004F1180005F0C0FF6FF00A03C4F88C3047
:1054C000204605F0C2FE0123E2E70022AA6023B9CC
:1054D00086F31188BFF36F8F70BD31460248BDE877
:1054E000704005F00CBF00BFE92E002007B5074B48
:1054F0000093074907484FF0FF334FF4106200F064
:105500004FF9002003B05DF804FB00BF20C7020084
:10551000005C0020081400202DE9FF41544E044691
:105520002027EFF3118887F31288BFF36F8FD4F829
:105530009450F5B9022104F1AC0005F03DFD0028BE
:1055400070D004F1A40500220121284605F03AFF9D
:105550000028F8D1002302934FF0FF324FF0FF33C1
:10556000CDE90023414604F19C02424800F0D8FCFA
:10557000D7E7D4F898202B68C4F89430954208BF38
:10558000C4F89830D4F8AC3043F00203C4F8AC301F
:10559000EB6823F0040343F00103EB606B6888F3CE
:1055A0001188BFF36F8F28469847EFF3118887F370
:1055B0001288BFF36F8FEB68D80623F001023ED448
:1055C000EA60EB689A0717D5306823F00203EB60B6
:1055D00090B10368002178B1426895423DD10368DB
:1055E000002934D172683360904200D17360002387
:1055F00040F8083BFFF7E8FED4F8AC3023F0020394
:10560000C4F8AC30DB0530D4D4F89430003B18BF7C
:10561000012388F31188BFF36F8F002B81D000F036
:1056200059FB7EE7D4F8AC30D90693D5C4F8AC006A
:1056300088F31188BFF36F8F04B0BDE8F08123F0C9
:105640001103EB6005F11000FFF7BEFEB9E70B6038
:105650007368984208BF7160C9E701461BB11A68B8
:1056600018461346B7E71A46FAE70023D1E700BF0A
:10567000DC2D0020E92E0020F8B5C3689A07044607
:105680000E46C3F3400542D45F0742D40B680BB902
:1056900083680B60E368D80744BFA368336037684A
:1056A0004CBF0225012557B31B4B9A68D7F89030A1
:1056B0009A421ED105F086FD80F00100C0B2D7F8F5
:1056C000AC30D907C3F380021CD5F2B1F8B1002386
:1056D0002360D7F8983073B9C7E92544384605F0F8
:1056E00086FCE36843F00403E3603368A360284664
:1056F000F8BD0020E3E71C60C7F89840EEE76FF0C4
:10570000150506E06FF0120503E01B07DFD56FF00B
:105710000F0500233360EAE7B82D0020F8B5C36811
:1057200003F00503002B06460C4614BF0127002793
:105730001CD085680122002104F1100005F030FC26
:105740001349204605F0B4FCE36843F01003E3601E
:10575000F3685B0712D5336823606BB9D5F89830CE
:1057600033B9C5E92544284605F041FC3846F8BD63
:105770001C60C5F89840F6E73460F4E7D5F894303B
:105780002360D5F89830C5F89440002BEBD1F0E7B2
:10579000CFAF02000146014805F0B5BC0814002057
:1057A000F0B589B004460020C4E925000E9D04F13F
:1057B0009C00C4E9270004F1A400C4E9290055B302
:1057C0002879002840F2011008BF0120C4F8AC007D
:1057D00000204FF0FF364FF0FF37CDE90330CDE921
:1057E0000100CDE906670D4B0094204600F0E0F87B
:1057F00055B1296811B1204605F0EAFC6B791BB15F
:10580000A38943F00103A381204605F0BBFDC4F842
:10581000904009B0F0BD0120D8E700BF1955020043
:1058200037B501900846EFF31184202181F31288E7
:10583000BFF36F8FC16811F01E0F16D153EA020536
:1058400008D101A9FFF718FF84F31188BFF36F8F08
:1058500003B030BD41F00801C16001998162044983
:10586000103000F055FC0120EEE70020ECE700BF0F
:1058700063B0020001460148FFF7D2BF08140020C0
:10588000F7B50C46019016461D46EFF3118720230D
:1058900083F31288BFF36F8F084605F099FB55EA32
:1058A000060309D101A92046FFF7E6FE87F3118818
:1058B000BFF36F8F03B0F0BDE368074943F00803FF
:1058C000E360019BA36232462B4604F1100000F016
:1058D0001FFC0120EAE700BF63B002000146014857
:1058E000FFF7CEBF081400202DE9F04F073285B036
:1058F00022F0070204461F467F3200F15803C0E938
:10590000163322F03F02129BA38100200E46119B0A
:10591000A06004213F2ADDE90EA9C4E90600217434
:10592000A373E07306F14008A2F1400B05D880F3A1
:105930001188BFF36F8F084602DFB518294620464D
:10594000E9F7C8FF0730109B20F007002D1AE06729
:10595000C4E91D8B2A46CDE90193CDF800A03B4652
:1059600031462046EAF702FB00236365109BC4F82A
:105970006890C4E9187AE366EFF31182202383F379
:105980001288BFF36F8F094B196A21671C6282F37B
:105990001188BFF36F8F9B680BB1D3F88030C4F8C8
:1059A0008030284605B0BDE8F08F00BFB82D00203C
:1059B000F0B587B000250595109D04950F9D0395C2
:1059C0000E9D0295DDE912760D9D01950C9D0095C9
:1059D0000446FFF789FFB6F1FF3F08BFB7F1FF3F6D
:1059E00005D056EA070305D1204605F0CBFC20463A
:1059F00007B0F0BD3A46334604F11800014900F003
:105A000087FBF4E7B3B20200012303748381002310
:105A1000C0E91D33C0F88030014B9860704700BF6B
:105A2000B82D00200A4A93686FF00A01C3F88C1061
:105A30000849C3F888004B6843F080534B6000234B
:105A400083F31188BFF36F8F9368D3F88C0070478E
:105A5000B82D002000ED00E070B590F91020037C17
:105A6000002A2FDBD9062DD11A4C63F07F03224682
:105A7000037452F8183FE169934207D1C0E900214D
:105A80000860E0610FE09942F8D01B68002BF5D068
:105A900093F90E6090F90E50AE42F4DD5968C0E9FA
:105AA000003108605860A569954200D005B9E568E5
:105AB000A3681A7CD20606D1DA897F2A03D9AA699B
:105AC0000AB9636170BDAB4202D0284600F06AFAA1
:105AD0006561F7E7B82D002038B590F91020037CF8
:105AE000002A014604DA03F07F03037405F075FB16
:105AF0000D4D2A46AB6852F8184F944200D004B9B5
:105B0000EC688B4207D01A7CD20604D1DA897F2A4E
:105B100001D9A2692AB1A34202D0204600F042FA7C
:105B200023466B6138BD00BFB82D0020B3F1FF3FA5
:105B300008BFB2F1FF3F03D00249183000F0E8BAC5
:105B4000704700BFB3B20200034648B9EFF30582C5
:105B500032B9064A51699268914201D0FFF762BF9B
:105B600083F31188BFF36F8F704700BFB82D0020FB
:105B700038B5184CA168E0690B68814214BF1A4619
:105B8000002249680B605960A368E1692AB9124A8A
:105B9000C3E900210B60E3610AE092F90E5093F92A
:105BA0000E00854212DD5168C3E900210B6053608D
:105BB000A569094B9D4200D005B9E568A3689D42DF
:105BC00002D0284600F0EEF9656138BD8A42DED089
:105BD0001268DBE7B82D0020D02D0020F8B50E4B61
:105BE0000C4611460D4A98681060DDE90667EFF330
:105BF0001182202282F31288BFF36F8F9D6828469E
:105C000005F0FDFA284632463B46FFF78FFF204657
:105C1000BDE8F840FFF706BFB82D0020E42D0020B6
:105C2000034648B9EFF3058232B9064A51699268D2
:105C3000914201D0FFF7F6BE83F31188BFF36F8F57
:105C4000704700BFB82D0020EFF31181202383F3AC
:105C50001288BFF36F8F054B9A68D37B013BD373D8
:105C600081F31188BFF36F8F704700BFB82D0020FC
:105C700070B5EFF31186202383F31288BFF36F8F83
:105C80000F4DAB68DA7B0132DA732A4652F8184FAF
:105C9000944200D004B9EC681A7CD20604D1DA89A7
:105CA0007F2A01D9A2692AB19C4202D0204600F085
:105CB00079F923466B613046BDE87040FFF744BF79
:105CC000B82D0020024B03F11802C3E906227047E9
:105CD000B82D002070B5EFF31186202383F31288CE
:105CE000BFF36F8F1A4CA168E0690B68814214BF43
:105CF0001A46002249680B605960A368E1692AB915
:105D0000144AC3E900210B60E3610AE092F90E50E6
:105D100093F90E00854216DD5168C3E900210B603E
:105D20005360A5690B4B9D4200D005B9E568A36897
:105D30009D4202D0284600F035F965613046BDE845
:105D40007040FFF76FBE8A42DAD01268D7E700BF13
:105D5000B82D0020D02D0020F8B550EA01030646EA
:105D60000C4603D1FFF7B6FF0020F8BDEFF3118713
:105D7000202383F31288BFF36F8F124D124BA86854
:105D80001860FFF7A9FEA86810492346324618306C
:105D900000F0BEF9AA68137C43F0040313740446B0
:105DA0003846FFF73FFEAB68D3E90A23B3F1004F53
:105DB00008BF002AD8D105F074FB201A20EAE07051
:105DC000D3E700BFB82D0020E42D0020B3B20200BD
:105DD000014B9868704700BFB82D00202DE9F843AB
:105DE00004468789EFF31186202383F31288BFF3DB
:105DF0006F8F037C190705D586F31188BFF36F8F6A
:105E0000BDE8F883D90943F0080272D10274A3688F
:105E100013B1204605F0E9F904F1180005F00CFB78
:105E2000A56D04F15808A84511D04FF0000975B1CF
:105E3000284605F0DAF905F1180005F0FDFAC5F875
:105E40008C902846FFF708FEA56DA845EFD1DFF836
:105E5000C480D8F808309C4253D1EFF30589B9F1DA
:105E6000000918BF4FF00109D8F818502A4A954286
:105E700000D00DB9D8F80C50AB4202D0284600F043
:105E800091F82046C8F8145001F050FE204600F06A
:105E9000D9F8B9F1000F02D02048FFF7B5FDD8F8C6
:105EA00008309C4230D1EFF305836BBBA289D20747
:105EB00011D586F31188BFF36F8F83F31188BFF379
:105EC0006F8F0423184602DFEFF31186202383F33C
:105ED0001288BFF36F8F3046FFF7A4FDFB078FD505
:105EE000002383F31188BFF36F8F0423184602DF6A
:105EF00086E703F07F0343F00803037405F06DF9B0
:105F000085E74FF00009AFE786F31188BFF36F8F85
:105F1000E4E700BFB82D0020D02D0020B8140020E9
:105F2000D3B5DDE90667089CCDE90067FFF756FEAB
:105F30001CB1034B9B685B69236002B0D0BD00BFFE
:105F4000B82D0020027C12F01F02034610D10A492E
:105F500088420DD00949086868B1D9897F2909D8D4
:105F600093F90E20064B1B689A42B8BF0020704779
:105F70000020704710467047E812002010050020EE
:105F8000E82D0020044BC01A044BC0105843044BAA
:105F900001221A54704700BF48150020ABAAAAAAD4
:105FA000E92E002070B50C4B0C4D1E7CFFF7CAFF8C
:105FB000182303FB06550446284605F03DFA084B16
:105FC00000229A553CB1621E28460649BDE8704041
:105FD000D31700F09DB870BDB82D002048150020E3
:105FE000E92E0020855F020038B5EFF311852023EC
:105FF00083F31288BFF36F8F0F4B104A9C681068B1
:10600000A04206D1FFF7CEFF85F31188BFF36F8F53
:1060100038BD00211B7C1160094AD35C002BF3D0F2
:106020002046FFF78FFF0028EED0237CDB0601D14E
:10603000FFF79EFD2046E5E7B82D0020E42D002067
:10604000E92E0020EFF31181202383F31288BFF3A0
:106050006F8F0A4A136A834207D11B6F136281F361
:106060001188BFF36F8F70471346002BF7D01A6F5C
:106070008242F9D1026F1A67F1E700BFB82D002004
:10608000F8B505460E46EFF31187202383F31288F7
:10609000BFF36F8F064B1C6A24B987F31188BFF3D7
:1060A0006F8FF8BD20463146A847246FF4E700BF44
:1060B000B82D0020024B1868984208BF0020704796
:1060C00014050020034B1B680BB9FDF7FBBE002035
:1060D000704700BFEC2D002030B570B10B4B5B68F2
:1060E00098420AD0036843B1D3E90421D0E90445BA
:1060F000121941EB0501C3E90421D0E90032136014
:106100005A600023C0E9003330BD00BF14050020F1
:10611000B3F1FF3F08BFB2F1FF3F2DE9F84F04464E
:10612000994615461F467AD08160EFF311882023E7
:1061300083F31288BFF36F8FB9F1000FDFF8E4A08B
:1061400020DBFFF7BFFFDAE90027013549F100093D
:106150002D1849EBE073C4E90453AD18064643EB30
:1061600007074FF00109FFF7A5FFDFF8BCE0DEF8F5
:1061700004A00346EBB9C4E900EACAF80040CEF82F
:10618000044028E0DAE900126FF001035B1A4FF0D7
:10619000FF3161EB02025B1B62EB0902012B72F122
:1061A0000001BCBF01230022C0E904324FF0000906
:1061B000D9E7D3E9041CD4E904208A4270EB0C0B24
:1061C00024DA891A5A686CEB0000C3E90410C4E9A8
:1061D000003214605C60FFF76DFF84420ED1134BF8
:1061E0001B685BB9B9F1000F02D1FFF76BFF0646E0
:1061F000304605F00AF90021FDF736FE88F31188D4
:10620000BFF36F8F28463946BDE8F88F521A60EB0E
:106210000C005345C4E90420ADD01B68AAE7002553
:106220002F46EFE76015002014050020EC2D00201C
:106230002DE9F047DFF8A890DFF8A880C9F8000042
:106240000246FFF737FF0D4600260027D8E9001366
:106250004FEAE27E50B1D0E9044CA2427EEB0C0A38
:106260001BDAA41A6CEB0E06C0E9044652184FF074
:10627000000443EB0E032046C8E90023C9F80040A0
:1062800005F0C3F82146FDF7EFFD85F31188BFF354
:106290006F8FBDE8F047FFF7A7BE611843EBE473CB
:1062A000C0E90467C8E90013FFF716FF01224FF0A9
:1062B0000043C0E9042385F31188BFF36F8F83681F
:1062C0009847EFF31185202383F31288BFF36F8F74
:1062D000D9F80020121BC9F80020FFF7EBFEB5E744
:1062E000EC2D00206015002010B5EFF31184202361
:1062F00083F31288BFF36F8FFFF7E4FE054A03466E
:10630000D2E90001181841EBE37184F31188BFF35F
:106310006F8F10BD60150020F8B50446EFF31187AC
:10632000202383F31288BFF36F8FD0E90423B3F1E6
:10633000004F08BF012A04D087F31188BFF36F8F85
:10634000F8BDD0E90A566A1C46F10003022A73F12F
:10635000000334D3013D46F1FF36002EBCBF0025BB
:106360002E4605F0A2F8013041F10001401946EB3C
:106370000101012871F1000148DB05F096F80130B8
:1063800041F100016FF00203401946EB0101834225
:106390006FF000438B413EDB05F087F8013041F19F
:1063A00000016FF00102401946EB0103121A4FF091
:1063B000FF3161EB03031A492046FFF7A9FE236B67
:1063C00001332363236A63B187F31188BFF36F8FAF
:1063D00020469847EFF31187202383F31288BFF3F9
:1063E0006F8F54F8185FA542A6D0002DA4D0284680
:1063F00004F03AFF0023C5F88C3087F31188BFF30F
:106400006F8F2846BDE8F84004F01FBF6FF001020F
:106410004FF0FF33CFE700224FF00043CBE700BF40
:10642000196302002DE9F04105461C4690461F46BF
:10643000EFF31186202383F31288BFF36F8FB4F13B
:10644000FF3F08BFB2F1FF3F05D186F31188BFF3CC
:106450006F8FBDE8F081002C09DB012A74F1000385
:10646000BCBF0122002412F1FF3844F1FF37284657
:1064700004F0E2FFDDE906010023C5E90A012B6310
:1064800042463B4628460249FFF742FEDDE700BF91
:106490001963020070B50546EFF31184202686F3D8
:1064A0001288BFF36F8F04F0C7FF20B184F3118807
:1064B000BFF36F8F70BD6B6A63B184F31188BFF354
:1064C0006F8F6B6A28469847EFF3118486F3128822
:1064D000BFF36F8F05F1180004F0FBFE0028E5D034
:1064E00004F0B3FE21460248BDE8704004F007BF47
:1064F000EA2E0020F8B507460C46164604F062FE68
:1065000008B10020F8BD0E4B9B68D3F88050002DD9
:10651000F7D0221DF5D2EFF31184202383F31288E4
:10652000BFF36F8F47F004012846B04784F311880A
:10653000BFF36F8F0028E4D040F8045BE2E700BFB0
:10654000B82D00200146024A0020FFF7D3BF00BF4C
:106550001B6C0200014800F0F6BB00BF6FEB0200AD
:106560000CB430B58BB004460D462022002102A8A1
:1065700005F01DF802238DF80A30002D0C4B039313
:10658000069412DB01D06B1E1C440FAA0E990794CF
:1065900002A8019200F00EF815B1069B00221A70B5
:1065A0000BB0BDE8304002B070470024EDE700BFFB
:1065B0008DB602002DE9F04F8BB0436800938378CD
:1065C0009C078046924640F1F98000250878002813
:1065D00000F0F68025280AD04B1C01930135414676
:1065E000009B98470028C0F2E3800199EEE74E78BF
:1065F0008B1C252E0193F1D00027B9463C460A2278
:106600001F2C22D8A6F12003102B20D8DFE803F09E
:10661000141F1F1A1F1F1F0B1F1F1F121F171F1FC3
:10662000090044F00104019B13F8016B0193002E53
:10663000E6D13AE044F0020444F00404F3E744F005
:106640000804F0E744F01004EDE77F2C24D8A6F10D
:106650003003092B08D860064EBF02FB073702FB48
:10666000093944F02004DEE72A2E0DD161065AF8DC
:10667000043B53D4002BA7BF44F020049946C3F138
:10668000000944F02804CEE72E2E05D1630600F160
:10669000978044F04004C6E76C2E2ED028D8682E90
:1066A00032D06A2E37D04C2E35D0002F46F0200342
:1066B000B8BF24F04004A3F16502BCBFA4B2002718
:1066C000022A01D9612B2BD10AF1070A2AF0070A05
:1066D0009C4E0AF1080A0727210760D506EB070B35
:1066E00034465C455DD1AE1BA219A9EB070959E1FF
:1066F000742E98D07A2E96D0D7E7260648BF44F459
:10670000007444F080048EE7E00548BF44F4007450
:1067100044F4807487E744F4207484E71F4682E7DA
:10672000A6F16302122A00F2D880DFE812F013000B
:106730004D00D600D600D600D6004D00D600D600BB
:10674000D600D600D600E800D100D600D6001A0048
:10675000D600A0005AF8043B8DF81030012704AE93
:10676000BAE75AF8046B784B002E08BF1E4614F0A7
:10677000400F14BF39464FF0FF31304603F053FF4E
:106780000746A9E7009B41462020984700280FDBD9
:10679000013CA742F6D34D442D1BA1469EE74C4633
:1067A000F7E714F8010B009B41469847002898DA58
:1067B00098F8023043F0040388F802304FF0FF35B8
:1067C00028460BB0BDE8F08F220630D5A3052AD5A8
:1067D0000AF1070A2AF007039A4659685AF8080B83
:1067E00024F0100B00291FFA8BFB2FDA404261EBDB
:1067F00041014BF4806B04AC0A23224604F0EFFE07
:106800001BF0400FA0EB040200F08E802BF001047F
:106810009742A4B240F38F80002E40F08E802BF080
:106820001104A4B21DE05AF8040BC117D8E7E00523
:106830005AF8041B01D40846F7E7A2054BBF48B23B
:1068400008B241F3C01141F3C031C9E750EA010376
:10685000D1D16306CFD5002FCDD124F01104A4B23D
:106860003A463B4640F206410C4262D124E024F015
:106870001004A4B20A2314F0800243D014F400716F
:106880001FBF0AF1070A2AF007029246516814BF97
:106890005AF8080B5AF8040B50EA01023ED124F0D2
:1068A000160B62061FFA8BFB3CD5002F3AD124F061
:1068B0001704A4B23A463B4621075AD4E10705D54E
:1068C000994572DDA9EB03039F184B469B464AE0AE
:1068D00044F0100410237826CDE7782B04D1C6F1BC
:1068E000780343F01003C6E7009B414625209847F4
:1068F0000028FFF65DAF02354146304670E60823BA
:106900000026B8E714F480715AF8040BC4D014F4CC
:1069100000711ABFC0B2114680B2BDE724F0060470
:106920001FFA84FB04AC68E713465C46E10699D580
:106930002EB90133C0E71346F8E73B46F6E70233CA
:10694000BAE700BF9EEB020097EB0200CDE90232EE
:106950004146009B202098470028FFF629AFDDE93B
:1069600002320BF1010BD945F0DCEB1A03EB0B05FE
:106970005B46E10627D5CDE902324146009B302037
:1069800098470028FFF614AFDDE902327EB90135E1
:106990002F44791B8A4229DB144604AE9CBB2A444F
:1069A000A9EB03091546914442E017468EE7CDE96D
:1069B0000232023541463046009B98470028DDE907
:1069C0000232E5DAF4E640F206410C42E0D014F07F
:1069D000020F14BF2B20202014F4806FCDE9023267
:1069E00005F10105414618BF2D20E5E7CDE902324A
:1069F0004146009B302098470028DDE9023205F12E
:106A00000105C6DAD4E6013CCDE90232305D009BD7
:106A1000414698470028DDE90232BFDAC8E6009B0C
:106A2000414620209847002805F10105FFF6C0AE39
:106A3000A9EB0503002BF2DCD7E500BF704700EBA4
:106A4000C100408840087047F8B50346FFF7F7FFDC
:106A5000B0FA80F0C0F11F0003EB800CCA00DCF834
:106A60001060171D0C4606328DB256B9012101FA8D
:106A700000F0D9680143D960CCF81040DD539D5235
:106A8000F8BDF1000431585AD85303EBC0009E52B0
:106A9000C5805D52F4E710B500EBC104E3888B427A
:106AA00002F104010AD1012303FA02F2C36823EAC6
:106AB0000203C360002340F8213010BDA28840F8D3
:106AC000213000EBC20100EBC300CB808280F4E7F1
:106AD00008B50346FFF7B3FFB0FA80F2C2F11F0218
:106AE0001846BDE80840FFF7D6BF2DE9F843B1FAD4
:106AF00081F3C3F11F0200EB82090646D9F810703A
:106B00000D4687B9C3F120034FF0FF349C40F36872
:106B10001C4014D094FAA4F2B2FA82F2131D56F873
:106B20002340214608E03C464FF00308214630460A
:106B3000FFF785FF854205D83046FFF7ACFF2046BA
:106B4000BDE8F88306EBC404B8F10108E488C9F88D
:106B50001040D7D0BC42E9D1D4E738B50446FFF79E
:106B60006EFF0D46034611462046FFF768FF0344BB
:106B70009BB204EBC5055A006A802046FFF75FFF11
:106B8000014424F8313038BD70B50446FFF757FF93
:106B90000B4604EBC305511A9B1A89B203444E00FD
:106BA0009BB204EBC2006E805D00458024F8321079
:106BB00020461146FFF743FF014424F8313070BDF1
:106BC00070B509B9002070BD056801F007030B33EB
:106BD000CC0804EBD304AB689C4228BF1C4621467A
:106BE0002846FFF782FF06460028EBD001462846DC
:106BF000FFF725FFA04207D932192846FFF7C4FF47
:106C000011462846FFF720FF05EBC60210465388C1
:106C100043F0010353800430D5E71146FFF7D0BF9E
:106C2000043A2DE9F843CC1D114424F0070421F067
:106C30000706A6EB04084FEAD807B7FA87F2C2F1B5
:106C40002405AD004FF000090735C2F12002ED0820
:106C500004604946A760C4F80C90920004F110004B
:106C600004F0A5FCAAB2530043F0010363807B1B30
:106C70009BB204EBC5015800A4F80090488024F8AA
:106C80003520A6F8029024F8083004EBC703294603
:106C90005A8842F001025A802046BDE8F843FFF7C7
:106CA000D3BE2DE9F04706460D46174698462BB34E
:106CB00098F8004093F80190DB78A40004EB4304BB
:106CC00098F802301C4444444FF0000ACA4509D3E6
:106CD000D8F8042008F1080339463046AC46BDE830
:106CE000F047604714F8013B48F823402046E5F799
:106CF00033FB013004440AF1010AE7E76FF01500A5
:106D0000BDE8F08730B502460024002012F8013BB0
:106D100043B178B18C4207D1702B04D0A3F1400568
:106D20003A2D07D8002030BDA3F140053A2D01D8F7
:106D30000134EAE7252B08BF80F00100E6E70020D8
:106D4000704700F0CCBB0FB407B504A951F8040B91
:106D5000019100F0C4FB03B05DF804EB04B0704790
:106D60000FB407B504A951F8040B0191FFF7E9FF2F
:106D700003B05DF804EB04B0704710B50369024638
:106D800013F0080009D11368D4689C4297BF126AB7
:106D9000E31AD31A01200B6010BD00231846FAE74E
:106DA00013B501A90446FFF7E8FF20B1019BE26893
:106DB000013B13440193206A019BC01A013802B0C1
:106DC00010BD10B5044650182269236AD20702D5B7
:106DD000013B184010BD984228BFC01AFAE710B511
:106DE00004460A46C168FFF7ECFF2369E06023F020
:106DF0000803236110BD38B50D46C2698B000168D8
:106E000043F0020342F82130044601682A46FFF7A6
:106E1000D8FFE36861682060984202BF236943F0AD
:106E2000080323612A462046FFF7CBFF606038BD88
:106E30002DE9F74FD0F80CB0C669009216F82B2058
:106E400002F00302022A08BF56F82B209A4606EBEE
:106E50008B030F4601934FF00001009B0CBFC2F360
:106E60009D09894619600446CAF80010B9F1000F5F
:106E700007D04946FFF7B3FFE368A3604FF001086E
:106E800004E001698A0705D44FF00008404603B0CA
:106E9000BDE8F08F816906EB8B00884716F82B1050
:106EA00011F001080546EFD08B071DD51FB13946FB
:106EB0002046FFF7A0FF61682A462046FFF781FFC2
:106EC000D4E902138B42606007D12A462046FFF7BF
:106ED00078FF4FF000080146A0602369216043F06D
:106EE0000803E1602361D1E701462046FFF777FF01
:106EF000E168A1601FB12068E16941F82090EA19BA
:106F0000CAF8002021682046FFF75BFF2269206055
:106F100042F00802226116F82B2022F0010206F846
:106F20002B20DDE900321A60A8E770B5044615464B
:106F3000FFF747FF2368834205D12369216023F0CF
:106F40000803236170BDE269AB0043F0020342F81D
:106F50002130204661682A46FFF733FF6060F1E781
:106F600038B503695B07044606D5456AFFF718FF85
:106F700085422CBF6562606238BD38B50D46044657
:106F80001C22002104F013FBEB68A361AB68636172
:106F90002B68E3616B682362002262622A6923B175
:106FA000591E194208BF42F001022261012204F178
:106FB00028000021BDE8384003F0F2BF2DE9F04F72
:106FC0009846036A87B000258B4204460E469346D6
:106FD00003950595AA4638D3EFF31189202383F34F
:106FE0001288BFF36F8F059A2AB129462046FFF712
:106FF0009CFF0023059304A92046FFF7BEFE0499D9
:10700000B14207462AD32268E36913F8221021F01F
:10701000030103F8221003EB820A2168324620465E
:10702000FFF7CFFEE3682060984212D0002789F373
:107030001188BFF36F8F039929B162690AB12046A5
:10704000904700230393002FC6D1504607B0BDE8F8
:10705000F08F236943F008032361E7E718B1204666
:10706000FFF7C9FEE3E75BEA08031CD0019104F0D7
:10707000A9F80199B8B9B9F1000F14D189F31188B1
:10708000BFF36F8F5A46434604F12800FEF7D0F94C
:10709000EFF31189202383F31288BFF36F8FB0FAC7
:1070A00080F77F09C3E705AB03AA20462568FFF7F1
:1070B000BFFE0746BBE770B50446836908460D4628
:1070C00098470246EFF31186202383F31288BFF31B
:1070D0006F8F2B7843F001032B7061682046FFF718
:1070E00070FE60602046FFF73BFF86F31188BFF318
:1070F0006F8F70BD2DE9F843044600272026EFF37B
:10710000118586F31288BFF36F8F2369A268190770
:1071100002D46368934200D2236A9B1A002B42D0A8
:10712000E06910F8221011F0030300EB82093AD055
:10713000022B04D150F822305FEA930805D1CB0727
:1071400020D4A369484698478046A1684246204615
:10715000FFF737FE0127A06041462046FFF73FFEBC
:107160003B4685F31188BFF36F8F002BC7D137B132
:10717000B9F1000F03D104F12800FEF725F94846C4
:10718000BDE8F88341F0020100F822104846A369E7
:10719000D4F808809847414602462046FFF711FE82
:1071A0000023A060DDE79946DBE7F8B50446836974
:1071B00008460D4698470646EFF31187202383F3D0
:1071C0001288BFF36F8F2B7823F001032B70236994
:1071D0009B0705D5E268E36903EB82039D421AD160
:1071E0002B7823F002032B70D4E90231994204D1A9
:1071F00032462046FFF7E5FDA06031462046FFF706
:10720000EEFD87F31188BFF36F8F04F12800BDE80E
:10721000F840FEF7D9B82B6860F39F032B60F0E7C6
:10722000EFF31181202383F31288BFF36F8F02697C
:107230008368120702D442689A4200D2026AD31AC3
:1072400081F31188BFF36F8F181E18BF012070479C
:10725000036800220BB9184670478B4210D10B68A7
:1072600042B942680360914200D1436000230B6041
:107270000120704713604368994208BF4260F5E7F8
:107280001A461B68E6E7038B13F0070306D1036871
:10729000002B18BF032008BF00207047022B05D128
:1072A000408BB0FA80F0400980007047012B04D178
:1072B0000368002B18BF0520EDE70020704710B5CC
:1072C0000C4600B111B96FF0150010BD081D00F09B
:1072D000C6F80028F9D1A368032BF6D9F3E72DE906
:1072E000F0410D4607461946281D90461E4600F0FF
:1072F000C7F8044638B13346424629463846A446C4
:10730000BDE8F0416047BDE8F08110B4EFF31182B1
:10731000202484F31288BFF36F8F416110BC0121D8
:10732000E7F742BA38B50C46054658B151B10B687B
:1073300043B14B6833B11C22002104F038F92C61B1
:10734000002038BD6FF01500FBE7F8B504460E4687
:10735000FFF7B5FF051E3BDBEFF31182202383F31C
:107360001288BFF36F8F638B278B4FF6FF718B42B1
:1073700007F007072ED0062F2FD8DFE807F0182ECA
:10738000082E180418006FF08505002303E0013370
:1073900063830225012382F31188BFF36F8FBBB192
:1073A00000233A4631462046FFF799FF10E00023BC
:1073B0003360636823B9C4E9006627B13D46E4E75A
:1073C0001E606660F9E702212046E7F7EDF93D46C9
:1073D0002846F8BD6FF00A05D7E76FF00405D4E73B
:1073E00010B5EFF31182202383F31288BFF36F8F60
:1073F000048B04F00704022C0AD0012C0CBF6FF0A0
:1074000004006FF0850082F31188BFF36F8F08E0EE
:10741000438B013B9BB2438323B92146E7F7C4F971
:10742000204610BD2046EEE738B5A8B1A1B1EFF374
:107430001185202282F31288BFF36F8F048BFFF730
:1074400007FF30B104F0070085F31188BFF36F8F99
:1074500038BD6FF07700F7E76FF01500F8E70346E7
:1074600058B1426802F00302012A03D0032A04D172
:10747000026812B10020986070476FF015007047E5
:107480004268816002F00302032A4FF000020346C3
:107490000CBF006810465A607047704703785B075E
:1074A0005FBF03684288C3F34A2303EB12105DBF3A
:1074B000173020F007008008002070470020704738
:1074C00002F08CBB0346BFF35B8F53E8000F421CF6
:1074D00043E800210029F8D1BFF35B8F70471FB547
:1074E0000023CDE90201CDE900331A4619461846BA
:1074F000E7F76EFD05B05DF804FB0120E7F71ABB66
:10750000002070474368DA714368196043680122BC
:107510005A71E7F701BB70B515460C4669B1D2E95F
:1075200001369B1B99420AD813680A4601469819EE
:1075300004F016F8AB682344AB60204670BD6FF0D2
:107540001B00FBE770B50E4615461946044618B9F0
:10755000BDE87040E7F7EEBA33B1C2F34A2310300A
:10756000120D184403F0FCFFC4E900562046BDE8A4
:107570007040E7F78DBC2DE9F3415F1C4FEA8708A7
:10758000064608F1170020F0070080080C46154653
:10759000E7F752FB0023ADF805308DF807308DF882
:1075A000047068B10346019A43F8102FA8F1040152
:1075B0002A46294452F8045B43F8045F8A42F9D111
:1075C000A20102F4E07242EA482222F07F4222F451
:1075D0007002002322F03F02314602B0BDE8F041C4
:1075E000FFF7B0BF07B50123019201AAFFF7C3FF60
:1075F00003B05DF804FB07B5CDE9002302236A461A
:10760000FFF7B9FF03B05DF804FB1FB5CDE9012317
:10761000069B039301AA0323FFF7ADFF05B05DF8B6
:1076200004FBF8B506460D4614461F4604B9F8BDDE
:10763000214628463A46B047241A0544F6E710B5D5
:10764000426881680446D2E900230068FFF7E9FF39
:10765000636800221A6010BD38B54B681A68CB68A1
:107660009A4205460C4602D10846FFF7E8FF6368D8
:10767000BFF35B8F53E8002F511C43E80010002834
:10768000F8D1BFF35B8FA3689D54002038BD0A2852
:1076900038B504460D4602D10D20FFF7DDFF29461F
:1076A0002046FFF7D9FF002038BD2DE9F0430546FD
:1076B00089B008460E8891F80090D1F808800C46F1
:1076C0001746E7F7D7FC011EC6F38216C9F3C209B5
:1076D0001FDB4846E7F7EEFB03462146608851F87A
:1076E000102B0296C2F34A22002A01EB0204C0F3D7
:1076F0000B1008BF00210022CDE90507CDE90314D6
:10770000CDE9002241462846E7F7E0FC09B0BDE894
:10771000F0830023E1E743681B685B680020196180
:10772000704743681B681A685268536070472DE9B8
:10773000F04143681B685A68012111751D68D5E93D
:107740000136D3E900482F681CB96B681C60BDE89E
:10775000F081214630464246B847241A0644F3E7F2
:1077600043681B681868E7F7E7BD70B543681D6894
:107770006B6818690C46E7F7B9F9214603460F22F2
:107780002868BDE8704018472DE9F04F85B00446E1
:107790000E46019200254FF006080A27E388AB4207
:1077A00003DC002005B0BDE8F08F2379D4F810C0C9
:1077B00013FB05F318339BB2002262450ADAE06836
:1077C00008FB02F100EB010E415A99423BD1DEF871
:1077D00002208ABB02A98B46AE464FF0000C0A4637
:1077E000BEFBF7FA07FB1AE909F130090BF8019B18
:1077F000F146B9F1090F6046D6460CF1010CEFDCF9
:107800000CF1100CEC444FEA600902304FF0730E9B
:1078100008440CF808EC86464FF0000C0CF1010C03
:1078200091F800A01EF801BD01F801BBE1458EF8FA
:1078300000A0F3DA0021017001992046B04700282A
:10784000B0D10135AAE70132B7E70379C288002138
:107850005A43183003F0ABBE10B5C360BDF8083012
:10786000C280044603610171FFF7EFFF03982146D0
:10787000E7F7D6FD002818BF6FF0770010BD00298C
:1078800008DB8068884205D9401A904234BF002046
:107890000120704700207047704770B516461A46A1
:1078A00005460C46FFF7EBFF48B16968E8682144DC
:1078B000826814683246A446BDE8704060476FF0A5
:1078C000150070BD70B516461A4605460C46FFF702
:1078D000D6FF48B16968E868214482685468324636
:1078E000A446BDE8704060476FF0150070BD10B54C
:1078F0000B460446FFF7C3FF30B16168E0681944E6
:10790000BDE8104000F0E7B86FF0150010BD08B5F5
:10791000C0688368DB689847006808BDC068704726
:1079200008B5C0688368DB689847407908BD30B502
:107930004C680368A34201D2012030BD8A6822440A
:10794000934201D30020F8E7D1E90452954203D3D2
:107950006FF00B038B61F5E7CA681B1B42F83530EB
:107960004368086902EBC00253600B6901330B6185
:10797000E2E737B50C46C0B201A91546E7F76CFD42
:1079800000280CDB019850B121462A46E7F78AFD12
:1079900004460198FFF780FF204603B030BD6FF02A
:1079A0001504F9E708B50B684268934204D9084604
:1079B000E7F7EEFD002008BD4B6813444B60012043
:1079C000F9E72DE9F047894616469846044698B3EC
:1079D00082680369134482693344934230D8002596
:1079E000D4E90170A6EB050A3F1ABA4515D2B54293
:1079F00009D223685246184409EB050103F0B0FD93
:107A0000A3685344A360B8F1000F1CD0A068A8B1CC
:107A10002046BDE8F047E7F75FBD23683A461844C3
:107A200009EB050103F09CFD6368A3602046E7F7BE
:107A300053FD18B93D44D3E76FF00D00BDE8F08762
:107A40006FF00B00FAE74046F8E7F0B587B01F4645
:107A500004460D46164600F00FFD022302930DF179
:107A600016030193BDF83030ADF81600009332468E
:107A70003B462946204601F0EDFB07B0F0BD2DE95D
:107A8000FF411F460D4616460446EBF7FDF98046BA
:107A9000E4F762FCBDF82830009380B2CDE90180A4
:107AA0003B4632462946204601F0D4FB04B0BDE8EF
:107AB000F08170B5044600F501701E46FFF781FFA6
:107AC000054636B1D4F80002FFF7E6FE0023C4F8FD
:107AD0000032284670BD2DE9F0418768FB680446F6
:107AE0000D4616469847BB682BB1324629462046BC
:107AF000BDE8F04118476FF05700BDE8F08103F092
:107B000056BD03F02DBD01460068E7F783BE08B5FA
:107B1000E7F7DCFEBDE80840E8F780BA0A46012135
:107B2000FFF760BD00210120E7F774BE6FF085000C
:107B3000704761B662B680F31188BFF36F8F7047EC
:107B400072B6002383F31188BFF36F8FBFF34F8F9B
:107B500030BF62B6BFF36F8F704772B6002383F3F6
:107B60001188BFF36F8FBFF34F8F20BF80F3118851
:107B7000BFF36F8F62B67047202809D9B0F1004F6C
:107B800008D80138B0FA80F0C0F11F0040007047FB
:107B9000082070473E20704708B5E8F76BFC08B531
:107BA000D1E904319847002008BD08B5E8F74EFC3C
:107BB000002008BD7047BFF35B8F50E8003F0133E2
:107BC00040E80032002AF8D1BFF35B8F70470023F2
:107BD00003824369C3607047C1698968E8F7B0BC34
:107BE000EFF31182202383F31288BFF36F8F0023FA
:107BF0000B60436833B9C0E9001182F31188BFF309
:107C00006F8F704719604160F7E710B50346EFF3D7
:107C10001181202282F31288BFF36F8F006828B190
:107C20005C6802681A60A04208BF5A6081F311883C
:107C3000BFF36F8F10BD08B501460830FFF7BBFFDB
:107C4000084608BD034618465B68002BFBD1704709
:107C5000426810B52AB10B461C465B68002BFBD16D
:107C60006260416010BD10B5044628B901F10800FA
:107C7000FFF7A1FF084610BD034618465B68002BBE
:107C8000FBD1FFF7E5FF2046F5E710B508B14B68DB
:107C900043604C68002308464B60E8F7CFFC204661
:107CA00010BD83680B440360704703680B60436832
:107CB0004B6083688B6070478388026819448180B9
:107CC000D018704730B484880568A31883802819B9
:107CD00030BC03F045BC10B5838802685C1C84800E
:107CE000D154D01810BD034600689A88401A114438
:107CF0001860998070470268531E036083880133BF
:107D0000838002F8011C70478288521A03468280E1
:107D10000068084418607047034600689A88521A41
:107D200001449A801960704710B503681C780121DE
:107D3000FFF7EAFF204610BD10B503681C8802213A
:107D4000FFF7E2FF204610BD10B503681C88022132
:107D5000FFF7DAFF60BA80B210BD03898B420AD9FF
:107D6000436803EBC10053F831302BB94368002B53
:107D700008BF002070470020704737B50546084609
:107D80000C46FFF724FF2846082340F8044B2382C3
:107D9000E268618A63690839D31A0024CB1A009417
:107DA0000832022102F06FFF03B030BD2DE9F04F21
:107DB00085B005460E4690461F4602F071FD20B97B
:107DC0006FF04C0005B0BDE8F08F00234FF01409B0
:107DD0003B6009FB086934464FF0010A02A92846B6
:107DE00002F052FD60B1DDE902324FF0000B00936A
:107DF000C3450CD10021284602F0D2FD0028EDD168
:107E0000284602F076FD0028DAD00020DAE7A14506
:107E100098BF344661688A4214D121680098019263
:107E200003F0CDFB019A68B9237C7BB9D4E9023118
:107E30002846984768B184F810A03B680133143491
:107E40003B60CBE714340BF1010BD1E76FF06F000F
:107E5000B8E76FF02200B5E720B101280CBF02207F
:107E6000FF2070470120704702780B789A420FD3A9
:107E70000CD842784B789A420AD307D842884B886C
:107E80009A4205D38CBF0120002070470120704723
:107E90004FF0FF30704770B506460C4600F038F8DA
:107EA0000546304601F044FB0346013B85F00100E6
:107EB000032B0CD8DFE803F008060902022304B103
:107EC000237070BD0123FAE728460023F7E74FF03F
:107ED000FF30F6E773B546100546304600F018F857
:107EE000002304460DF1070130468DF80730FFF7F7
:107EF000D2FFA84203D19DF80730022B04D0631BA8
:107F00005842584102B070BD0120FBE770477047EE
:107F1000002070470020704770B5054688B00E46B7
:107F2000002400236A4631462046E9F783FA28B93F
:107F300020222946684603F042FB30B1631C022B25
:107F40004FF00104EDD14FF0FF34204608B070BD72
:107F5000002301461A461846E9F76CBA042804D8EB
:107F6000022808D809D1032070470638012894BF99
:107F7000052001207047052070470120704708B593
:107F80000020E6F7E1FA0B6801330B600020704730
:107F900030B50C460179042985B000EB03050ED0FD
:107FA00008290ED002290FD1C15A0023CDE90213AE
:107FB0006068236800926946984705B030BDC15893
:107FC000F3E7C1586B68F1E70420F6E7032804D80B
:107FD000022834BF012005207047042814BF012067
:107FE0000320704738B520220C460968054602F088
:107FF00011FE20B1A168284602F0F1FD08B9072062
:1080000038BD0020FCE770B5BCB0044600F1100597
:1080100017AE002200232846FDF7A0F9014608B953
:108020003CB070BD03AB6846CDE900460293E8F76B
:10803000C7FBEEE7E8F702BB70B505460E46E9F769
:10804000BDFD044618B1B36A1BB1294698472046C6
:1080500070BDEA7A05F11801183003F081FAF6E7ED
:1080600010B5044640B1CB6A0BB118309847204692
:10807000BDE81040E8F7E2BA10BD7047036813B1DD
:1080800000230360037170478B6913B183610B7F19
:1080900003770020704710B50446084659B1E9F748
:1080A000F3FD40B1A3698B4206D190F86930227F7D
:1080B0009B1A5842584110BD0120FCE708B5806961
:1080C00018B101F087F9033880B208BD08B5E9F7A7
:1080D000DBFD20B1BDE808406C30FDF775B908BD87
:1080E0004FF48070704738B50446018AC068FAF7CB
:1080F0003FFB05462046FFF79DFF284638BD10B5DB
:108100000446006818B1FFF795FF0023236010BDF7
:1081100010B586B003461446009103AA052104A8B1
:10812000E6F728FA042104A8A04706B010BDF0B570
:10813000036885B004460E46154633B9E9F73EFD9F
:108140002060002851D0FFF742FD012D4DD937881E
:1081500041F204439F4241D040F606139F4244D16E
:108160002068FFF734FD2368D3F80CE0188AB3F8D1
:1081700012C05969ACEB000CAEEB0101023D009559
:10818000B31C03AAACEB01017044E6F773FA48BBD9
:108190002268039B118A0B44138240F606139F4208
:1081A00009D12068038A012B1CD90C30FFF7CCFDC4
:1081B0000228A08016D92368A1881A8A8A4214D37B
:1081C00010D8D968002001F09FF9034650B9216802
:1081D0000A8A023A0A822068236007E023681B8A21
:1081E000002BC0D12046FFF78AFF002005B0F0BD6C
:1081F00010B50C46017822788A4288B00ED06946C4
:10820000E9F7DEFF04A92046E9F7DAFF10220DEBBB
:108210000201684603F0D3F908B010BD012A06D068
:10822000022A07D072B940886388C01AF4E7406810
:108230006368FAE71022611C013008B0BDE8104005
:1082400003F0BDB96FF01500E6E7042A0AD0102A42
:108250000DD0022A4FF0000315D103700B88438024
:1082600001207047012303700B684360F8E7022385
:1082700000F8013B01F1100351F8042B40F8042BE6
:108280009942F9D1ECE718467047012310B5062151
:10829000044600F8013BF7F79FFC18B9A37963F097
:1082A0003F03A37110BD0B6803608B8883808B79BB
:1082B0008371037823F00203037070470078C0F3E2
:1082C0004000704738B50446807AE8F70FF96169D5
:1082D000054649B1637ADB0704D4C3691B682046AD
:1082E0009B6898470023636121462846BDE83840D3
:1082F00002F03ABE2DE9F0410C4601F10C080546AA
:1083000000F10C01404617461E46FFF7CEFC62699D
:10831000E3682F829B1A13FA87F36B8201236B7237
:1083200039464046FFF7F0FCE3687360628A002339
:10833000E3607281638234602846BDE8F08138B51D
:10834000D1E90032DA600B684A895A820C46054648
:108350000868E8F773F920461022002103F027F996
:108360002846BDE83840FFF7ADBF438A23B9C0684F
:10837000B0FA80F040097047002070470F2806D8F7
:108380000D280BD8052814BF02200320704713289E
:1083900004D01A2814BF0220012070470120704722
:1083A000FFF720B9FFF727B910B50346BFF35B8F7E
:1083B00053E8000F40EA010243E80024002CF7D103
:1083C000BFF35B8F10BD0023E6F782BDBFF35B8F69
:1083D00050E8003F0B4040E80032002AF8D1BFF3DC
:1083E0005B8F704710B5EBF74BFE6FF4807104465E
:1083F0001030FFF7EBFF2046BDE8104000F017B942
:10840000C368DB78012B01D1FFF7ECBF7047C3686D
:10841000DB78012B01D1FFF7E5BF704738B5044683
:108420000D46EAF7F1F85F3005D129462046BDE850
:108430003840EAF71FB838BD10B5028843889A4221
:1084400018D8052A16D9B3F5486F13D88488B4F51F
:10845000FA7F0FD2C188A1F10A0292B240F67640AB
:10846000824207D804FB0333B3EB810F34BF0120F2
:10847000002010BD0020FCE700207047002070475E
:1084800070B506460D464FF0FF304FF0FF31EAF76A
:10849000FFFB044668B103210C30FFF70DFC06809A
:1084A000857021460022BDE8704040F20640EAF7A0
:1084B00049BD6FF0680070BDC368187808B1EAF76D
:1084C0007FBB1846EAF7E6BD38B54FF0FF310546E9
:1084D0004FF0FF30EAF7DCFB044668B102210C30B4
:1084E000FFF7EAFB2B88038021460022BDE83840D5
:1084F00042F21600EAF726BD6FF0680038BD70B58D
:1085000006460D464FF0FF304FF0FF31EAF7C0FB53
:10851000044618B9BDE87040E9F7A2BF03210C304A
:10852000FFF7CAFB06808570214642F22100BDE8B4
:108530007040EAF7B5BC033138B5C9B205460E2024
:10854000EBF7AEFA032104460C30FFF7B5FB01232D
:108550000370A0F80150204638BD70B505460E46A0
:108560000F200421EBF79CFA042104460C30FFF79E
:10857000A3FB0122067042704580204670BD08B5FD
:10858000072203F01CF8B0FA80F0400908BDFFF79D
:1085900029B800280CBF08460020704718B111B157
:1085A0000846EBF7BDBA6FF01500704713B50446E7
:1085B00080B106216846F7F70FFB48B99DF80530F2
:1085C000694603F03F0320468DF80530FFF7E6FFCC
:1085D00002B010BD6FF01500FAE7003818BF012097
:1085E000704770B5064686B00D464FF0FF304FF02D
:1085F000FF31EAF74DFB0446B0B10C3095B10121D3
:10860000FFF769FB06F1100203A920460095082335
:10861000EAF72CFB0022214642F20A00EAF792FC1C
:1086200006B070BD2946EBE76FF06800F8E7183038
:1086300002F0B5BDD0F8B400003818BF0120704773
:10864000084689691160C2691A60C27A002118302F
:1086500002F0ADBF2438EBF7A1BF036800220BB9CD
:10866000184670478B4210D10B6842B942680360CC
:10867000914200D1436000230B60012070471360DA
:108680004368994208BF4260F5E71A461B68E6E76F
:10869000837A072B01D1EBF7ADBF704710B50446C5
:1086A000006918B1E7F7CAFF0023236110BD10B5B8
:1086B00000F1C802BFF35B8FD0F8C830BFF35B8F07
:1086C0007BB1BFF35B8F591C52E8004F9C4204D131
:1086D00042E8001CBCF1000FF6D1BFF35B8FE7D17D
:1086E00010BD1846FCE710B5837A023B0446062B02
:1086F00016D8DFE803F009041515150B09004172BF
:1087000000212046ECF7DEF8002010BD0088FFF7BE
:10871000B7FE0028F9D1A37A072BF5D10821F0E79D
:108720006FF07F00F1E738B5037A8B4204461546B7
:1087300015D100F170010722284602F040FF80B1F8
:10874000E378072243B904F17E01284602F037FF9F
:10875000B0FA80F0400938BD04F17701F5E7002058
:10876000F9E70120F7E78378012B0CBF7030002078
:108770007047F8B507460D464FF0FF304FF0FF3118
:10878000EAF786FA0646D0B10E210C30FFF794FACC
:108790000E220446002102F00AFF3B8823802B882A
:1087A00063806B88A380AB88E380EB8823813146AC
:1087B0000022BDE8F84042F21300EAF7C3BB6FF0B5
:1087C0006800F8BD704710B50446FDF73DFA234632
:1087D00053F8402BD2F8B41061B92164D2F8B81024
:1087E00061B9C2E92D33FDF743FA2068BDE81040B6
:1087F000ECF73EB88B42F6D00968EDE70B60C2F8A3
:10880000B830F0E703682BB141681A6802608B4208
:1088100008BF4260704770472DE9F843446B2CB1A4
:1088200054F8085905B1083D00270CB9BDE8F88394
:10883000D4E900682EB3FDF707FAD6F8B43004F196
:108840004001002263B1994233D1236C4ABBD6F870
:10885000B820C6F8B430914201D1C6F8B8302764C8
:10886000FDF706FA04F13009002200234846FCF720
:1088700075FD064600BBD8F804300BB1204698477A
:108880002760E3680BB120469847D8F820300BB139
:1088900020469847DDB1AB6803B1083B2C461D4626
:1088A000C3E71360D6F8B830994208BFC6F8B820BD
:1088B000D5E71A461B68C5E7B36923B1F16920689B
:1088C0006FF06D0298473046E7F7B8FECCE72B46CD
:1088D000E4E7F8B50F4600210546164600234FF49D
:1088E00080320846ECF782FD044620B92846ECF7B2
:1088F00049FD2046F8BD04210C30FFF7DDF9057075
:1089000047704680F5E7406B30B1838B8B42A0F116
:10891000080001D08068F7E7704710B54AB989B2FE
:10892000FFF7F1FF28B143689B6913B1BDE8104020
:10893000184710BD38B50D460521FFF7E4FF0023A9
:108940001A462946ECF76CFD044610B12846E7F7B5
:1089500075FE204638BD406B30B183898B42A0F153
:10896000080001D08068F7E7704770470346006849
:1089700028B1596802681A60884208BF5A60704777
:108980000346002003B970471A8A5B681044F9E770
:1089900010B5D4682378023113B92170012010BDBD
:1089A0008B42FBD0038A023B038200201061F6E772
:1089B000FEF718BE2DE9F04104468868FFF7E0FF96
:1089C000638D628B934228BF134683420D461DD3AD
:1089D0002165D1F8088000278F60FDF735F9414601
:1089E0002046ECF713FF064638B1C5F80880276526
:1089F000FDF73EF93046BDE8F081618D638B994209
:108A000028BF1946284600F03CFDF1E76FF07906D3
:108A1000F0E773B51446014605464FF49572206899
:108A200000F0DAFC207530B92068294600F02CFDF2
:108A300020B908232375002002B070BD237AB3B19A
:108A4000A3F11802534253419B000193638A0093A0
:108A5000AE68238AE26820682946B047002808DB10
:108A6000238A98420CD1002323750120E4E70223D6
:108A7000EBE710F1FF0F03D34042C0B22075DAE7F5
:108A80000E20FBE738B504460D46ECF7BFFE30B1CB
:108A9000294604F15400BDE8384002F05ABA38BD06
:108AA000F8B59368166805460F46144663B95068D2
:108AB00001210C30FFF700F9A0602B681B78002B18
:108AC00014BF022301230370A3681B78012B03D07A
:108AD000022B1FD000201CE02B681B78002BF9D143
:108AE000606804210C30FFF7E7F8E06007802A682F
:108AF000E36852885A806168728D738B088A9A4243
:108B000094BFC0EB0200C0EB0300042894BF002018
:108B10000120F8BD2B681B78022BDBD16068122185
:108B20000C30FFF7C9F8E06007802B68E268591C39
:108B30000232113351F8040B42F8040B9942F9D177
:108B40006168728D738B088A9A4294BFC0EB0200F1
:108B5000C0EB03001228D9E770B40668F2695AB373
:108B6000144654F8983903B1983B002211467CB959
:108B7000438D408B8B4201D890421FD9824238BF2F
:108B800002469942306838BF194670BCEEF796BC71
:108B9000844207D0658D648BA94238BF2946A24222
:108BA00038BF224633B1D3F8985005B1983D1C46E2
:108BB0002B46DCE71D46FAE71146D9E770BC704743
:108BC000D0680378043113B90170012070478B42DB
:108BD000FBD091680B8A0020043B0B821061704728
:108BE0001FB5CDE90123002300931A46EEF7BAF82A
:108BF00005B05DF804FB0368002203B970478B429F
:108C00000FD10B683AB942680360914200D14360CA
:108C100000230B60704713604368994208BF4260AD
:108C2000F6E71A461B68E8E7BFF35B8F50E8003FA2
:108C300043F0080240E800210029F7D1BFF35B8F21
:108C4000C3F3C00070472DE9F041064690461F4629
:108C50000D46B9B104220121ECF7BAFE044618B959
:108C6000BDE8F041ECF78ABE04210C30FFF724F890
:108C70000570A0F80180C77021463046BDE8F0417C
:108C8000FFF700BFBDE8F08137B50C46054601F19E
:108C90000C00FFF751F8228A0192E2680092034625
:108CA000132212212846ECF7EBFE03B030BD37B596
:108CB0000C46054601F10C00FFF73EF8228A0192AE
:108CC000E26800920022034611462846ECF7D8FEDF
:108CD00003B030BD70B504460E460022002308469E
:108CE000FCF73CFB054658B101462046ECF78EFDEB
:108CF000044618B12946304602F036F9204670BDC8
:108D00006FF00104FAE707B5CA6813885288009229
:108D10000C210D22EDF7BAF803B05DF804FB07B59E
:108D2000CB6800221B8800920A210B22EDF7AEF8D7
:108D300003B05DF804FB2DE9F041CB681F88BBB29E
:108D4000162B05461BD90321ECF764FF0646C0B17C
:108D500002210C30FEF7B0FF00244FF0170880F816
:108D60000080447031462846FFF78CFE2846A5F85F
:108D70001A806F85FFF7F0FE2046BDE8F0810420E1
:108D8000FBE70E20F9E72DE9F04F064685B01046C7
:108D900090469946FFF7F4FD738B728D934228BF7E
:108DA000134683428B4675D9736803934046FEF79A
:108DB00049FF4FF0000A04464046FFF7E1FDE16835
:108DC000228A658A6369778BCB1AAD1AED1A738D87
:108DD0009F4294BFC0EB0700C0EB0300854228BF51
:108DE000054625BB98F80A00E7F780FB0022002320
:108DF000FEF7F2FE044608B9574627E00146404612
:108E0000FEF731FF4046FFF7BBFDE168228A658A25
:108E10006369778DCB1AAD1AED1A738B9F4294BF9D
:108E2000C0EB0700C0EB0300854228BF0546CDF824
:108E30000090DBF8047003980A44ABB25946B84777
:108E4000071E07DABAF1000F18BF5746384605B0BB
:108E5000BDE8F08F0E9BABB9394604F10C00FEF76C
:108E60002BFF4046FFF78CFD738D728B934228BF1A
:108E70001346B9448342BA441FFA89F9BCD9AF42B8
:108E80009AD0B9E70F9A0E9B39462046984700289A
:108E9000E2D1B1E70027D9E72DE9F3411768D7F808
:108EA000048000231446137301460646952240466B
:108EB00000F092FA0546207330B93146404600F082
:108EC000E1FA28B908232373002002B0BDE8F0813D
:108ED000A068798D7A8B038A914294BFC3EB01031A
:108EE000C3EB0203012BEFDD02210C30FEF7E4FEA1
:108EF000CDE900558046A388A26831463846FFF781
:108F000042FF031E06DA13F1FF0F26BF5B42DBB2FE
:108F10000E23D8E7A8F800300120D6E72DE9F34169
:108F20001768D7F8048000231446137301460646D9
:108F30009522404600F050FA0546207330B931467C
:108F4000404600F09FFA28B908232373002002B09E
:108F5000BDE8F081CDE900553146A388A2683846C6
:108F6000FFF711FF002807DA10F1FF0F26BF40427C
:108F7000C0B20E202073E9E70120E8E7F8B5054606
:108F8000071F00F1480350F8044CBFF35B8F53E810
:108F9000001F21F0040143E80012002AF7D1BFF3BB
:108FA0005B8FFCB1EB6C83B9636873B1201DFFF775
:108FB000DDFC064601463846FFF7FCFC90B16368CD
:108FC0003360A368666003B9A66005F150013846B6
:108FD000FFF780FE30B104F10C013846BDE8F840DF
:108FE000FFF778BEF8BD2DE9F041C469074644B1EA
:108FF00054F8986906B1983E0022154607F1040816
:109000000CB9BDE8F081236D9BB905B98AB940461A
:10901000FFF7ACFC054658B101462046FFF7CAFCF5
:109020000028EED07B682B60BB687D6003B9BD6013
:10903000224636B1D6F8983003B1983B34461E46E6
:10904000DEE73346FAE738B50546BFF35B8F0B68BA
:10905000BFF35B8FDB0716D550F8040C98B1EB6CAF
:109060008BB90430FFF782FC044660B10146281F2B
:10907000FFF7A0FC38B155F8043C5A6822609A68A2
:109080005C6002B99C6038BDEDF7FCBD08B5EDF73A
:1090900063FA40B1C06930B1024652F8983903B161
:1090A000983B002002B908BD518B528D8A4228BFDF
:1090B0000A46904238BF104633B1D3F8981001B138
:1090C00098391A460B46EDE71946FAE708B500232A
:1090D0000A8AC968EDF7A8FB002008BD70B50D46E7
:1090E000EDF73AFA044628B92846E7F7A7FA6FF0F1
:1090F0007F0070BD00F10C062946304601F029FFC3
:10910000E469C4B154F8985905B1983D002210465D
:1091100007E022467DB1D5F8983003B1983B2C4644
:109120001D46831C01D1002AF4D131462046FFF7A9
:10913000D1FD0028EDD10020DBE738B505460C460F
:10914000FCF782FD2846EDF707FA20B9FCF790FD01
:109150006FF07F0038BD0023236083683BB9C0E90E
:109160000144FFF740FFFCF783FD0020F2E71C609D
:109170008460F6E710600020704710B5029CA36879
:1091800033B1B1F5807F28BF0E21CAB2214698477E
:10919000A37DE268013BDBB2A37522B11BB9204677
:1091A000BDE81040104710BD10609180002070474E
:1091B00070B50D46064611F8010BEBF729FF044682
:1091C00010B12C89EBF728FB6B89A34207D0EB6821
:1091D0006C8123B121463046BDE87040184770BD10
:1091E00010B5144632B900F17001007AEDF710FCA9
:1091F00000B1846010BD08B5EDF70AFC18B100237A
:1092000003604360836008BD70B500F170060546D9
:109210003146007AFFF732F904463146287A1CB10C
:10922000BDE87040FFF7E7BFEDF7F2FB10B1046057
:109230004460846070BD022A10B508D1002300F19B
:1092400070011A46007AEDF7F5FB022010BDFFF71A
:10925000DBFFFAE738B5BDF81010BDF81840059DE2
:10926000A14210460CD84CB16DB1641A9C42A8BF03
:109270001C46A4B22246294402F072F9204638BDA9
:109280006FF00604FAE76FF00D04F7E770B5CC68ED
:1092900086B02678BDF8285066B96488ADF81640C7
:1092A000022402940DF11604CDE90054FFF7D2FF19
:1092B00006B070BD102602960134F5E7F0B50C46F5
:1092C00087B0C968054616461F46EDF75DFC00B13C
:1092D0000089ADF81600022302930DF116030193E5
:1092E000BDF83030009332463B4621462846FFF712
:1092F000B1FF07B0F0BD13B5044610B9002002B0AD
:1093000010BD00238DF80430006842F6030301A964
:10931000ADF80630FEF76CFF0028EFD1E3689888BF
:109320000028ECD12046EDF7EDFC013080B2E6E7F5
:109330002DE9F041CC688AB0064698460846A379E4
:109340008DF814300D461746FFF7D5FFADF8150020
:109350002468237893B96388ADF817300523029306
:1093600005AB0193BDF8403000933A464346294689
:109370003046FFF76FFF0AB0BDE8F081631C0DF1C6
:109380001702113453F8041B42F8041BA342F9D10D
:109390001323E4E71FB5CDE90123002300931A4608
:1093A000EDF7E0FC05B05DF804FB13B500230446BF
:1093B0008DF80430006842F6030301A9ADF80630C9
:1093C000FEF716FF18B92046EDF726FD04462046A5
:1093D00002B010BDFFF75ABE4B8A12F0010FC3F363
:1093E0000E0304D013F0950F10D0486870B112F03E
:1093F000020F04D013F4957F0AD0896841B113405D
:1094000013F4DE7F14BF0520002070470220704750
:1094100003207047F8B50F4651684B8A03F0940358
:109420000646144613BB0122EDF708FD08B3A289D6
:109430001B2102323046EDF789F90546E0B1A189DA
:109440000C300231FEF738FC20F8027BA289A168BB
:1094500002F086F8D4E9041228460123EDF7C6FA93
:1094600029463046BDE8F840FFF738BE4FF0FF30E0
:10947000F8BD6FF01500FBE76FF00B00F8E7012077
:1094800070477047012070470120704713B5C068CE
:10949000144668B100238DF8043001A94FF4C0537D
:1094A000ADF80630FEF7A4FE10B92368013323603F
:1094B000012002B010BD0021F8B54FF0FF324FF08F
:1094C000FF3305460846EBF791FF00F10C07044611
:1094D00001213846FEF7F0FB0526067001213846CB
:1094E000FEF7EAFB002306701A4621462846EBF7F2
:1094F00097FF10B12046E7F7A1F80020F8BD6FF004
:1095000085007047002070470A448A4200D17047A6
:1095100011F8013B40BA80B25840C0F303134340F6
:10952000180380B24340580100F4FF505840ECE764
:10953000FBF7A4BC203870470369C9B20C2202FBB8
:109540000133186C00F00700704770B50346C9B2CC
:109550000069EFF31186202484F31288BFF36F8F24
:109560000C2505FB0104246C14F0C00401D0A242B8
:1095700011D105FB010001220264002086F311884D
:10958000BFF36F8F30B95B680C2202FB01335B685D
:109590009847002070BD4FF0FF30EFE78022FFF7C3
:1095A000D4BFF8B5069F04690546C9B2EFF3118C24
:1095B000202080F31288BFF36F8F0C2606FB014634
:1095C000306C00F0070EBEF1010F10D13764002699
:1095D0008CF31188BFF36F8F3EB90C2041430C44CC
:1095E000C4E90E236B685B5898473046F8BD00F01D
:1095F000C00087420CBF6FF077064FF0FF36E7E7F9
:1096000013B580240094FFF7CCFF02B010BD10B456
:109610000069CBB21C2404FB0300002110BC1047DE
:109620001046FBF7D1BE00F07FBBFAF72BBEF7B5B3
:109630001C461646002382682360A36053690D46CA
:1096400001AA69469847019B5A1E01921BB96FF007
:10965000150003B0F0BD0098A268476821686760F4
:1096600085B9B31AD0F800C0634528BF63461A44D1
:1096700003FB07112160A26002689A4206D80830F5
:109680000090E0E76B1AB3FBF7F3EBE70020E0E7AD
:1096900013460022FFF7CBBF2DE9F047836886B061
:1096A0005B698846914601A902AA98470024A24610
:1096B0002546029BAB4202D806B0BDE8F087019F69
:1096C00007EBC50700267B6804933A68B2420AEBB1
:1096D000060302D801359A46EBE703940593494601
:1096E00003A8C0470028E7D0049B01361C44ECE7E0
:1096F0004FF400020023C1E900230020704718B98D
:1097000001F11000FBF760BE704731B94FF0FF3236
:109710004FF0FF331030FBF78BBE704710B5016977
:10972000BFF35B8F044601F1200353E8002F013A99
:1097300043E800200028F8D1BFF35B8F4B6A1A433F
:1097400001D1FBF77BFA2069BDE81040FBF73CBE76
:109750000369BFF35B8F203353E8001F013143E8F7
:109760000012002AF8D1BFF35B8F00694FF0FF327F
:109770004FF0FF33FBF75CBE1FB5002188420CBFE2
:109780000623042301A8CDE9011103918DF80430CB
:10979000F9F778F9002818BF6FF0040005B05DF8FC
:1097A00004FB7FB5FF238DF803300DF10303002187
:1097B00001930123CDE9023105238DF80C3003A874
:1097C00001AB04910593F9F75DF90028A8BF9DF856
:1097D000030007B05DF804FB10B50C4600F065FD12
:1097E0000023C4E90003184610BD38B505460C46F1
:1097F00000F05BFD002D07DBA84205D9401B844229
:109800008CBF0020012038BD0020FCE770B50D465C
:109810002846194616461C46FFF7E7FF30B9214691
:109820002846F9F76FFC6FF0150070BD24B1224691
:109830002946304601F094FE0020F6E743685B6855
:10984000D3F810350B600020704743685B6802EA6C
:10985000010021EA0201C3F80805C3F80C15002035
:10986000704743685B680020C3F808157047436879
:109870005B680020C3F80C15704743685B68D3F839
:10988000042521EA02001140C3F80805C3F80C15AD
:109890000020704730B50369586800B3002488423F
:1098A00019D108688CB99C685860A14200D19860B1
:1098B000002008602AB15A680A609A68596002B9A3
:1098C000996000200FE02846E9E72060986881420F
:1098D00008BF9C60ECE705680446002DF3D1002A20
:1098E000E9D16FF0150030BDFAF7DCBD30B5436843
:1098F0001360057A446804EBC504A34202D36FF0F9
:10990000010030BD5C798C4203F10803F0D10020E6
:10991000F7E743681B68D3F88004C3F880047047F6
:1099200042681368D3F8100150B1D2690020127850
:109930000A70C3F81001D3F8102101221A60704791
:109940004FF0FF307047002A0FDD42681368D3F8EC
:10995000100158B10020C3F81001D269D3F81001EA
:1099600012780A700120186070470020704710B507
:1099700043681C680369EFF31180202282F3128888
:10998000BFF36F8F1A68D17B39B991731B680122BD
:10999000DA734FF48003C4F8043380F31188BFF303
:1099A0006F8F10BD03691A68D17B21B101219173BA
:1099B0001B680022DA737047026911680346C87B8E
:1099C00040B15B681B68D3F8580118B100230B61E4
:1099D00013689889704743681B68D3F810010038F2
:1099E00018BF0120704743681B68D3F80423D206D0
:1099F0005CBF1022C3F80423704743681B68D3F888
:109A00000423D20644BF1022C3F8082370474368DA
:109A10001B684FF40072C3F80423704743681B6847
:109A20004FF40072C3F80823704738B543681D68C7
:109A3000D5F804335B02044605D4D5F8040310F0CE
:109A4000100006D138BDFFF7B7FF0028F5D0012080
:109A5000F8E72046BDE83840FFF7BDBF012070475A
:109A60000369186801601B685A6070470268034602
:109A7000D2F8580140B95B68DB0706D4D2F8200160
:109A8000003818BF012070470120704710B44368A8
:109A900002691B68D3F80413C90517D5D3F8201140
:109AA000A1B1EFF31181202484F31288BFF36F8FEB
:109AB000D3F8204134B10024C3F82041D3F8204129
:109AC0000124DC6081F31188BFF36F8F1168D3F834
:109AD000584171B17CB100240C611168C97B19B97E
:109AE0004FF48001C3F8081311688C7B1CB100236C
:109AF0008B7310BC7047D3F8241121B10021C3F837
:109B00002411D3F8243112681368002BF1D0516866
:109B100010BC184713B501AA0446FFF7E7FE00285A
:109B200005DB019B226819791868F9F70BFE02B072
:109B300010BD2DE9F041066933689C89BFF35B8F46
:109B400094420546A8BF14461033012753E8002F5E
:109B5000002A03D143E800700028F7D1BFF35B8FE0
:109B60000CBF3B4600232BD133682246986801F096
:109B7000F7FCEFF31188202383F31288BFF36F8F74
:109B800069680846FFF772FF326840B91061044601
:109B900088F31188BFF36F8F2046BDE8F0810B6812
:109BA0009268C3F844250022C3F84845C3F8202131
:109BB000D3F82011C3F85821D3F858219F60E7E764
:109BC0001C46E9E700F150039B009BB203F1804380
:109BD00003F5883300221A601B68704708B5F9F74F
:109BE000D9FF08BD4FF08053D3F83021082A03BFB6
:109BF000D3F83401B0FA80F04009002070470346E2
:109C00000020184701F049B810B502461168B1B1FB
:109C1000BFF35B8FB1FA81F3C3F11F0001238340CF
:109C200021EA030352E8004F8C4204D142E8003C91
:109C3000BCF1000FF6D1BFF35B8FE7D110BD6FF021
:109C40000B00FBE710B50368CB40DB0714D40123FE
:109C50008B400268BFF35B8F43EA020150E8004F7C
:109C6000944204D140E8001CBCF1000FF6D1BFF3D0
:109C70005B8FEED1002010BD6FF01500FBE770B5D3
:109C80000C460021054608461646FAF721FA48B95F
:109C90003378DB0003F1804303F5F833C3F8105544
:109CA000C3F8144570BD10B1012802D07047FAF70F
:109CB000E9BAFAF799BA18B1012803D100F019B836
:109CC00000F032B8704708B5FAF7AAFABDE80840C4
:109CD000FAF718BB4FF08053D3F83021082A06D189
:109CE000D3F8340102288CBF0020012070470020E7
:109CF0007047FAF73FBA38B54FF080440223C4F8F2
:109D000008330123E3600023C4F80431D4F804319C
:109D100042F21075D4F81834DB0304D50120FFF7A4
:109D200071FF013DF6D138BDFFF7E5BFF7B50190F2
:109D300001A8DDE9084716461D46FAF71BFB019B03
:109D4000B6F1000C18BF4FF0010C00EB83000B1EA6
:109D500018BF0123002D43EA4C030CBF4FF0000C49
:109D60004FF00C0C002C43EA0C030CBF4FF0000C1E
:109D70004FF4E06C002F43EA0C03D0F800270CBF2F
:109D80004FF0000C4FF4403C43EA0C0322EA03037B
:109D900001B109780EB13678760019430DB12D78EE
:109DA000AD0031430CB12478240229430FB13F7830
:109DB0003F040C433C43C0F8004703B0F0BD1FB55F
:109DC0000DF10F03019300238DF80F1000931A4635
:109DD0001946FFF7ABFF05B05DF804FB10B504466C
:109DE0000846FAF7D7FA04EB4004207DC0F3401090
:109DF00010BD10B504460846FAF7CCFA04EB40044F
:109E0000207DC0F3400010BD10B504460846FAF7A7
:109E1000C1FA04EB4004A08A400B10BD70B50446A3
:109E200008461646FAF7B6FA08300D4634F81030F0
:109E3000DA0509D5C3F3432304EBC302314654F8D2
:109E40003330526828469847A3682BB1E268314600
:109E50002846BDE87040184770BD10B50446084656
:109E6000FAF798FA04EB4000838ADA051DD5C3F3AC
:109E7000432123F4F853838204F1120204F17200A7
:109E800032F8023F13F4807F03D0C3F34323994297
:109E90000BD08242F4D104EBC10300225A6004F1DA
:109EA0007800BDE81040FFF7CDBE10BDF0B5034609
:109EB00000F58074002005460127844695420AD1AA
:109EC000D3F87C2132B10022C3F87C21D3F87C3155
:109ED00040F00040F0BD25F0404607FA06F631425A
:109EE00009D0D4F800E0BEF1000F04D0C4F800C0DF
:109EF000D4F800E0304301350434DFE738B50446D8
:109F00000D46FFF76BFFA8B12046FFF772FF88B937
:109F10002046FFF779FF226801238340C2F8083307
:109F2000236803EB8000D0F8103523F00303C0F85A
:109F3000103538BD28460021BDE83840FFF73FBF47
:109F40002DE9F043174685B004460846FAF722FA91
:109F5000D7F800800E460546B8F1000F1ED0204607
:109F6000FFF747FF18B12046FFF738FF20BB00235B
:109F7000CDE900338DF80E308DF80F300DF10F0262
:109F800043460DF10E013046FFF7D0FE04EB4502CB
:109F9000938A23F0020343F0010393827B689BB30F
:109FA0003146204693F80080D3F80490FFF721FF54
:109FB00028B1B9F1000F1FD06FF0150027E004EBB6
:109FC0004500838A23F4604323F020038382B9F1A0
:109FD000000F11D0B8F1030FEED87B6821685B68E1
:109FE00093F800C04FEA8C031944B8F1000F11D167
:109FF000C1F81085C1F8108504EB4502938A23F05F
:10A000001C0343EA88039382BB6843BB002005B06E
:10A01000BDE8F083D1F8102522F00302C1F8102525
:10A0200022681344D3F8102522F44F3222F44072F0
:10A03000C3F810253202D3F8101502F47C5242EA1C
:10A0400008420A43C3F8102504EB4C03A3F87C60D4
:10A05000838A43EA4C3343F020038382CCE7D3E97D
:10A06000007831462046FFF7F8FE002FCED0636817
:10A070009F4206D004F17800FFF7C6FD002804DAFD
:10A08000C5E7A3689845F5D1002004EBC003C3E9F8
:10A09000017804EB4505C0B2AB8A43EA402343F4A0
:10A0A0008073AB82B2E72DE9F043054685B00846E0
:10A0B00016461F46FAF76EF90C46804626B3284628
:10A0C000FFF797FE18B92846FFF788FE18BB05EB87
:10A0D0004809B9F8143003F01C0313B17378012B4D
:10A0E00019D001238DF80F300023CDE90063721CD5
:10A0F000B31C0DF10F012046FFF718FEB9F814301C
:10A1000043F00303A9F81430002F3FD0214628461E
:10A11000FFF76FFE20B96FF0150005B0BDE8F083C2
:10A120003E782B6803EB86030022C3F81025C3F8A2
:10A13000102505EB48024FEA860C938A23F460430E
:10A1400023F020039382787800B32968BF786144B4
:10A150000004D1F8103523F4991323F4F853C1F80F
:10A160001035230200F4403003F47C5303433805D8
:10A17000D1F8105500F4801003432B43C1F810357B
:10A18000938A43EA463343F0200393820020C4E7D6
:10A19000C0E90312704770B504461546FFF71EFE6E
:10A1A00048B10846FAF7F6F804EB40040020A38A09
:10A1B0005B0B2B7070BD6FF01500FBE738B590F8A6
:10A1C0008C4005469CB960222146143001F0EFF91D
:10A1D0002868C0F87C41D0F87C3140F30730E5F7BF
:10A1E0005BFE012385F88C30AB67204638BD6FF0ED
:10A1F0007700FBE790F88C00003818BF012070470B
:10A20000FAF702B92DE9F34104461746FFF7E6FDD8
:10A210000D462668F0B12046FFF7EBFD8046C8B931
:10A220002046FFF7F1FD820002F5807346F80380B7
:10A23000F35823681344D3F8102542F00102C3F801
:10A24000102527B1226801238340C2F8043302B0ED
:10A25000BDE8F081D6F80433002BA4BF4FF00043D3
:10A26000C6F804332846FAF795F804EB4004A38AAD
:10A27000C3F38203042B12D0052B12D001A8019541
:10A28000FAF778F8019BD0F81015D94001F00101D8
:10A290000231284602B0BDE8F041FFF790BD03212E
:10A2A000F7E70221F5E7FFF729BE4FF080531A695F
:10A2B0005869504370474FF08053186970474FF00A
:10A2C0008053586970470223FAF74ABA0323FAF712
:10A2D00047BA00210220FAF7CBBC8068183820F07A
:10A2E000070010387047042809D0052803D1481EFC
:10A2F00018BF01207047431A584258417047012047
:10A30000704738B515460C4661B15AB1FDF708FBE8
:10A310002544214611F8013B834203D1A942F9D1DA
:10A32000012038BD0020FCE738B50C46012311465A
:10A3300022460546FDF7B1FA00280FDB012221462F
:10A340002846FFF7DEFF18B103232370002038BD35
:10A350002378012B14BF02230123F6E70120F6E73F
:10A360002DE9F3471D4606460F469046FDF7CFFA06
:10A370006C1E044440420440082C01D9FDF70CFC3B
:10A380003046FDF7CDFA2A4682464146684601F03E
:10A39000E7F8621B51460DEB050001F008F9234672
:10A3A0006A4639463046FDF78DFA003818BF01205D
:10A3B00002B0BDE8F08707B501238DF8042001AA9B
:10A3C000FFF7CEFF03B05DF804FB81681839012266
:10A3D00021F00701FFF7EFBF8268183A22F0070269
:10A3E000FFF7A2BF13B50C46C0B201A9E5F734F8D8
:10A3F00050B921460198FAF7EBFC04460198FDF7A5
:10A400004BFA204602B010BD0124FAE70E2A13B51C
:10A41000044601D9FDF7C0FB0E29FBD841EA021121
:10A420008DF80710FFF759FF012301460DF10702D0
:10A430002046FFF795FF02B010BD73B50E46694682
:10A4400004461546FAF7C4FC20BB9DF80030022BE9
:10A4500022D0032B0BD0012B20D136B19DF8033035
:10A46000032B02D12046FFF7B0FF02B070BD002ED3
:10A47000FBD12046FAF78AFC60B935B9A91C002245
:10A48000C9B22046FFF7C2FFEFE72046FFF79DFF66
:10A490000028F3D00120E8E7F01CE6E7FDF77CFB9D
:10A4A00030B5026A0346D2E9014084424FF0000011
:10A4B00002D30123D36030BD18745068013050605E
:10A4C000186A4268541E0268242505FB04221846B7
:10A4D0005C1950F8045B42F8045BA042F9D1996022
:10A4E0000120E8E7F0B5064604460F4694460FCE35
:10A4F0008BB001AD0FC50FCE0FC5216A33684A6816
:10A500002B6022B90223CB6000200BB0F0BDFB070B
:10A510002068A56813D50B682426013A06FB023390
:10A520007E0703D41A7C0AB10F23ECE7224603F11D
:10A53000240153F8046B42F8046B8B42F9D1B9073C
:10A5400041BF226A536803F1FF335360AC4505D223
:10A55000236A002BD8D00422DA60D5E77A0748BFF7
:10A5600020603B0701D40120CFE706AB93E807004A
:10A57000143484E80700F6E710B502601A44029B21
:10A58000836001294FF00003C26003740375836187
:10A5900001D8036210BD24224A43243A841804627D
:10A5A0008350026A8C1E9460026A5360026AD36010
:10A5B000026A1374026A022953741EBF036A2430AC
:10A5C0001860E7E7182871F100030ED3B0F5807F1B
:10A5D00071F100030BD3B0F5803F71F1000308D394
:10A5E000002914BF09200520704701207047022070
:10A5F00070470320704737B508294FF000044FF02B
:10A600000005CDE900450A460AD80146684600F033
:10A61000A7FFDDE9000103B0BDE83040FFF7D2BF7E
:10A62000002003B030BD03460020884200D17047AF
:10A630001A5C002AFBD00130F7E700B1C160704717
:10A6400043680360836801338360006AFFF7F5BFE6
:10A6500008B50268C3689A4205D3006A0821FFF76B
:10A66000ECFF002008BD0120FCE738B504460D468C
:10A67000FFF7EEFF40B123681B78B5EB531F04D002
:10A68000206A0A21FFF7D9FF002038BD10B5044623
:10A69000FFF7DEFF38B123681A78FF2A05D0206A59
:10A6A0000A21FFF7CAFF002010BD01332360FBE73A
:10A6B00010B5027D044632B1FFF7E8FF48B1002330
:10A6C00023754FF0FF3220460721BDE81040FFF709
:10A6D00009BF10BD2DE9F84F04460E4691461D46B0
:10A6E000FFF7B6FF804628B1A36843B90321206A6B
:10A6F000FFF7A3FF4FF000084046BDE8F88F22683F
:10A70000177807F01F0BBBF11F0F12D1FDB1206AA4
:10A7100018B1037C0BB11521EAE701232B7000254A
:10A720002368636001352B442360A368013BA36069
:10A73000E2E7BBF1170F0CD9ABF11803D9B203292B
:10A7400005D801259D40A94504D20521CFE7072161
:10A75000CDE70025E36805F1010A5244934201D296
:10A760000821C4E74A460021304600F020FF15B911
:10A7700086F800B0D3E72268711E531913F8010957
:10A7800001F8010F9342F9D1236A002BC8D01B7C3A
:10A79000002BC5D00737FFB2022FC1D9494630463A
:10A7A000FFF729FF8245BBD01521A0E738B50C463D
:10A7B00011460546FFF759FF08B9002038BD0422AD
:10A7C0000023A1182846FFF785FF0028F5D02B6845
:10A7D0002360F3E737B5002304468DF80330FFF715
:10A7E00044FFA8B104220DF103030DEB0201204642
:10A7F000FFF770FF60B19DF8035065B901992046DD
:10A80000FFF74EFE50B963682360A3680133A3606D
:10A81000002003B030BD6FF00F01F0E72575F8E7B9
:10A8200038B504460D46FFF7C1FF48B12268E3681A
:10A830009B1A6A689A4204D908212046FFF700FF54
:10A84000002038BD70B50D46002104461646FFF7BE
:10A850000CFF38B13246294620460023BDE870403F
:10A86000FFF738BF70BD0422FFF7ECBFFFF7FBBF57
:10A8700038B5022204460D46FFF7D2FF18B123680F
:10A880006A681344236038BD38B5032204460D4678
:10A89000FFF7C6FF18B123686A681344236038BD08
:10A8A00010B505210446FFF795FF50B1237D4BB944
:10A8B000A3686FF00042934205D305212046FFF7BD
:10A8C000BFFE002010BD5B00A360FBE7037D23B942
:10A8D0008068B0FA80F0400970470368C26893420C
:10A8E00005D21878A0F1FF03584258417047002064
:10A8F0007047FFF7DDBE70B50D4607210446FFF730
:10A90000B4FE48B123681E7806F01F06182E05D93C
:10A91000206A0A21FFF791FE002070BD002301226A
:10A9200029462046FFF7D6FE0028F5D0182EF4D190
:10A930002B781F2BF1D815212046FFF781FEEBE77E
:10A9400037B50C460DF107010546FFF7D4FF58B1A6
:10A950009DF80730143BDBB2012B8DF8073006D988
:10A960000A212846FFF76CFE002003B030BD03F03B
:10A9700001032370F9E738B50D4606210446FFF7B9
:10A9800074FE08B9002038BD002304222946204661
:10A99000FFF7A0FE0028F5D0A3680133A360F2E71B
:10A9A000F0B58FB00446FFF753FE00285DD0236852
:10A9B0001D7800220023CDE902236D09234605AA54
:10A9C00004F1200718685968164603C60833BB42CD
:10A9D0003246F7D118683060062D1CD02A1F00239C
:10A9E000012A4FF008028DF804300DEB020198BFE8
:10A9F00001AB05A8FFF76EFE0646002835D0042DF2
:10AA00003BD019D8023D012D21D9059B2360A368B5
:10AA1000013BA3602AE001A905A8FFF7ACFF20B322
:10AA2000059B089A934204D30821206AFFF705FE8C
:10AA30001BE01D786D09CFE7052DE6D1DDE9023277
:10AA4000B3F1004F72F1000113D32946EDE7E3683B
:10AA50002168029A5B1A9A4203D8059B1344059316
:10AA6000D3E708212046FFF7EBFD002630460FB064
:10AA7000F0BDDB185241CDE902329DF8045025B1FA
:10AA80006FF00F020023CDE90223029B07938DF89C
:10AA9000285005A8FFF71AFF014638B1002DB4D0A1
:10AAA00005A8FFF7F3FD0028AFD1DEE705A8FFF703
:10AAB00077FF0028EDD1D8E7FFF75EBD00B1C16098
:10AAC000704710B50368C468A34205D3006A082123
:10AAD000FFF7F4FF002010BD02F01F0242EA41110F
:10AAE00019700368013303600120F4E770B505466F
:10AAF0000E46104619461446FFF77DFD2246431EBA
:10AB000031462846BDE87040FAF706BAF8B5174650
:10AB1000C36802689A4204460D4606D3206A08219B
:10AB2000FFF7CCFF00263046F8BD9B1A4A689A42D0
:10AB3000F4D80E4656F8043B53B104213046FFF7D3
:10AB40005AFD6A6823681344E26803449A42E5D3D5
:10AB50003246042339462046FFF7C8FF0646002840
:10AB6000E0D020682968884202D06A6800F006FDBB
:10AB700023686A6813442360D5E7082A73B513462F
:10AB80000C4606D9006A0521FFF798FF002002B0A5
:10AB900070BD8E1816F9012C002A0FDA0A466C4691
:10ABA0006946B24204D101212246FFF79FFFEEE73A
:10ABB00012F8015BED4301F8015BF2E70021F3E7D6
:10ABC00013460A460021FFF791BF07B50422019101
:10ABD0000DEB0201FFF7D1FF03B05DF804FB07B5F1
:10ABE000042201910DEB0201FFF7EAFF03B05DF8CB
:10ABF00004FBFFF7F4BF0222FFF788BF0322FFF731
:10AC000085BF07B5CDE900126946FFF7F7FF03B02E
:10AC10005DF804FB38B50C46054611462046FFF7A3
:10AC200002FD214602462846BDE83840FFF7E9BF4D
:10AC30001F220421FFF745BF1F220521FFF741BF57
:10AC40001F220721FFF73DBFFFF7FABF10B50A46E5
:10AC500009781839072905D9BDE8104001230721D3
:10AC6000FFF744BF006A1521FFF728FF002010BD41
:10AC700007B514318DF807100DF10701FFF7E6FF56
:10AC800003B05DF804FB1FB50024CDE90144069C28
:10AC90000094FFF771FC04B010BD08B1E5F712BDD8
:10ACA000704710B5436904463BB90020E268537809
:10ACB00043F001035370404210BD98470028F4D080
:10ACC0000028B8BF4042E368FF28A8BFFF201870E3
:10ACD000ECE740B1C368587810F001001EBF187847
:10ACE000B0FA80F040097047EFF31183202383F31B
:10ACF0001288BFF36F8FFEE710B400F10C04C0E9B7
:10AD0000034410BCFBF78CBF38B50446EFF3118544
:10AD1000202383F31288BFF36F8FE2F7D9FF04F18A
:10AD20000C0000F007FB30B1294604F11400BDE827
:10AD3000384000F0E4BA85F31188BFF36F8F38BD57
:10AD400010B542696AB1836842EA0301890708D1F4
:10AD50000169A2FB011424B95B182CBF0121002159
:10AD600002D36FF0150005E0C1609B1A02698A42A8
:10AD700001D8002010BDC2681A604269C360013169
:10AD80009B1AF3E72DE9F04105460F46EFF31188D2
:10AD9000202383F31288BFF36F8FC668FEB904685F
:10ADA000A0421CD0DCB1D4E9003213605A60237C8D
:10ADB000A66023F002032374C4E9006604F11800BE
:10ADC00000F03AFB2046C4F88C60676100F03DFA61
:10ADD000414605F10800BDE8F04100F090BA3E6040
:10ADE000AB69EF60013BAB6188F31188BFF36F8FF4
:10ADF000BDE8F08108B52024EFF3118384F31288B5
:10AE0000BFF36F8FFCF79CFEF6E7D0E900321360CA
:10AE10005A60027C002322F00202C0E9003302746F
:10AE2000836070472DE9F843904604469DF8202042
:10AE30000D46EFF31187202181F31288BFF36F8F46
:10AE400002B14568A66804F10809B14516D0AEB153
:10AE50003046FFF7DAFF002406F1180000F0ECFAA4
:10AE60003046C6F88C40C6F8148000F0EEF948462B
:10AE7000394600F044FA2046BDE8F883A3B1082023
:10AE8000FBF760FB002832D00122C0F8048002608A
:10AE9000016801F003015DB922680A43026062683B
:10AEA00020606AB960600BE0C8F800304046EFE708
:10AEB0002A68032A10D80160616839B9C4E9000022
:10AEC000002087F31188BFF36F8FD5E70A6802F07F
:10AED000030202430A60E5E722F003020A4302602C
:10AEE0002A6802F0030240EA02032B60E8E76FF0F1
:10AEF0000B00E6E70023C0E9003300F10803C0E9D6
:10AF00000233704770B5EFF31185202383F3128865
:10AF1000BFF36F8F846800F10806A64214D09CB17D
:10AF20002046FFF772FF04F1180000F085FA0023B5
:10AF30002046C4F88C30636100F087F9294630461A
:10AF4000BDE8704000F0DBB985F31188BFF36F8F67
:10AF500070BD07B50123009300230A461946FFF789
:10AF600061FF03B05DF804FB07B500230A460093B8
:10AF70001946FFF757FF03B05DF804FBEFF31183A9
:10AF8000202282F31288BFF36F8F006818B1026825
:10AF9000920718BF406883F31188BFF36F8F704723
:10AFA0003AB18A4205D3C0E90212C0E9000000208C
:10AFB00070476FF015007047026801238B4022EA4A
:10AFC0000303036022FA01F000F0010070477047AC
:10AFD00010B5032104460C30FFF7EEFF30B104F149
:10AFE000100000F029FAB0FA80F0400910BD20B13D
:10AFF000002211469C3000F0E5B9704770B5C36877
:10B00000C3F340069B07044616D4856802210C3022
:10B01000FFF7D2FF80B1D5F894206AB194421DD1D8
:10B0200022689EB9D5F89830C5F894209C4201D189
:10B03000C5F8982000232360E36813F01F001EBFAB
:10B0400043F00203E36040F0020070BD3260D5F8C7
:10B050009820944208BFC5F89860EBE7164612683E
:10B06000DBE773B50446EFF31185202383F31288E1
:10B07000BFF36F8F00230193D0E90423B3F1004F96
:10B0800008BF012A05D085F31188BFF36F8F02B086
:10B0900070BDA0F1100603210438FFF78DFF0028D2
:10B0A000F1D0A369019301A93046FAF7E5FAEAE77E
:10B0B00038B504460D461022002100F078FA65608C
:10B0C00038BDEFF31183202282F31288BFF36F8F14
:10B0D000C06800F01F0083F31188BFF36F8F7047C3
:10B0E00013B501900846EFF31184202383F31288EF
:10B0F000BFF36F8F01A9FAF7BFFA84F31188BFF38A
:10B100006F8F02B010BD10B5FFF7EAFF041E08DD17
:10B11000EFF31180202383F31288BFF36F8FFAF7C8
:10B120007FFD204610BD70B50D46EFF3118620233C
:10B1300083F31288BFF36F8FFAF7F0FA044686F3B1
:10B140001188BFF36F8F38B14FF0FF324FF0FF33EC
:10B1500005F11000FAF76CF9204670BD10B5EFF359
:10B160001184202383F31288BFF36F8FFFF746FF0C
:10B1700084F31188BFF36F8F10BD08B5B022002192
:10B1800000F015FA08BD38B5302204460D460021FE
:10B1900000F00DFA4FF480736560E36038BD38B598
:10B1A0000446EFF31185202383F31288BFF36F8FDA
:10B1B000FFF70EFF2046FFF721FF85F31188BFF34D
:10B1C0006F8F38BDEFF30580003818BF012070473E
:10B1D0006FF05700704700207047D0E900321360CD
:10B1E0005A600023C0E90033704708B5FFF7F5FF48
:10B1F000037C23F0020303740023836008BD38B589
:10B2000004460D46FAF768FC237C43F002032374DE
:10B21000D5B1A5602B689D4209D16B68C4E9005384
:10B220001C606C6010E06A689A42F6D01B68002BC4
:10B23000F3D093F90E1094F90E209142F3DD5A6881
:10B24000C4E9003214605C6038BD10B5EFF31184BE
:10B25000202383F31288BFF36F8FFAF7FDFB84F38B
:10B260001188BFF36F8F10BD08B5EFF31181202255
:10B2700082F31288BFF36F8F83680BB1FFF7B5FFBE
:10B2800081F31188BFF36F8F08BD08B5037C13F0FD
:10B29000280F01460CD183680BB1FFF7A6FF0B7C8A
:10B2A00023F004030B740846BDE80840FAF7D4BB4A
:10B2B00008BD10B5EFF31184202383F31288BFF388
:10B2C0006F8F1838FFF7E1FF84F31188BFF36F8F9A
:10B2D00010BD08B50346EFF31181202282F31288D6
:10B2E000BFF36F8F0068834207D008B1FFF77DFF7F
:10B2F00081F31188BFF36F8F08BD0020F8E708467F
:10B30000FAF722BC38B504680546AC424FF000009D
:10B3100000D138BD002CFCD02046FFF766FF04F1B9
:10B32000180000F089F82046FAF796FB2C680120F7
:10B33000A542EDE710B5EFF31184202383F31288C3
:10B34000BFF36F8FFFF7DEFF84F31188BFF36F8FBA
:10B3500010BD38B50C460546FAF7FEFCB4F1FF3FC8
:10B3600008BFB5F1FF3F1FBF47F6FF7300224FF440
:10B370007A71E0FB01321ABFD80B40EA42404FF02D
:10B38000FF3038BD38B50446EFF31185202383F331
:10B390001288BFF36F8F037C5B070ED5183000F067
:10B3A0004BF8237C23F0040320462374FAF754FB64
:10B3B0002846BDE83840FAF7C7BB85F31188BFF3CC
:10B3C0006F8F38BD38B5EFF31185202383F31288D2
:10B3D000BFF36F8F0468A04213D0A4B1C4F88C10DF
:10B3E00062612046FFF701FF04F1180000F024F825
:10B3F0002046FAF731FB012085F31188BFF36F8FE8
:10B4000038BD0020F8E72046F6E708B50246FAF70F
:10B4100051FE70B1D0E904319B1A61EBE272B3F1D5
:10B42000004F72F1000104DA002AACBF1846002078
:10B4300008BD6FF00040FBE738B50246EFF3118519
:10B44000202383F31288BFF36F8F0368D3B1FAF719
:10B4500031FE04461046FAF73FFE00224FF000434B
:10B460008442C0E9042305D0002085F31188BFF38E
:10B470006F8F38BDFAF726FEFFF7C7FF0021F8F7F8
:10B48000F3FCF1E7D0E90413B3F1004F08BF012941
:10B4900004D100204FF00041C2E904016FF0150013
:10B4A000E3E708B5FAF720FF08BDFAF71DBFB3F1CF
:10B4B000FF3F08BFB2F1FF3F70B506461D46144678
:10B4C00014D01A4316D0002B08DBFAF70DFF04192D
:10B4D00041EB0501C6E90041304670BD6FF0010344
:10B4E0001C1B4FF0FF3363EB0501F3E74FF0FF3414
:10B4F0002146EFE70024FBE7B3F1FF3F08BFB2F1BD
:10B50000FF3FF8B5074616461C4610D054EA020322
:10B5100011D0FAF7E9FEB0420A46A14103460AD229
:10B52000F31A64EB0204C7E900343846F8BD4FF063
:10B53000FF331C46F7E70023FBE70023C0E90812AE
:10B5400000F11802C0E90622C0E900330363436337
:10B55000704720B1011F50F8040CFFF7D5BB7047AE
:10B560000A44914200F1FF3300D1704710B511F841
:10B57000014B03F8014F9142F9D110BD884210B53B
:10B5800001EB020402D98442234607D8431EA1429C
:10B5900007D011F8012B03F8012FF8E7024482428B
:10B5A00000D110BD13F8011D02F8011DF7E7024498
:10B5B0000346934200D1704703F8011BF9E710B529
:10B5C00001390244904201D1002005E0037811F8CE
:10B5D000014FA34201D0181B10BD0130F2E7F0B5B6
:10B5E000C3F137070446FFB203F01F031046082BD0
:10B5F000E6B233D0102B3ED06508A40844EA81742B
:10B6000045EAC1752D194FEA910242EB5102290911
:10B6100041EA02716D1842EB1212290A41EA0261F5
:10B620006D1842EB1222290C41EA02416D1842EBDF
:10B630001242AD1842F10002EC0844EA4274D1080B
:10B6400004EB8402A6EB4205EDB2092D0CD90134BE
:10B65000A5F10A0541F10001EDB212E0E40844EA67
:10B66000417406F00705C908303554EA010200F8B4
:10B67000015BBCD1F0BD240944EA017406F00F055A
:10B680000909092D84BFED19EDB2EDE7D1E90432C6
:10B6900093421EBF5A1C0A6118707047CC0CFE7F83
:10B6A000010000000D070100000000008D060100F0
:10B6B00000000000000000004CB70200B55202007C
:10B6C00000000000D952020000000000000000004D
:10B6D00084B702000000000068B70200000000000C
:10B6E000A0B7020000000000BCB70200DD25020088
:10B6F00000000000093D020000000000F1E9000028
:10B70000000000009104010000000000ED54020060
:10B710000000000000000000D8B702000000000098
:10B7200010B8020000000000F4B702000524010078
:10B73000000000002D070100000000008D1B01002B
:10B7400000000000311F0100000000005EE7020061
:10B75000E4C5020014BA020032050020842C002047
:10B76000D52202000000000030EA020078C6020084
:10B77000E4B902003A0500203C2D0020ED3502001E
:10B78000000000003EEA02008CC60200E4B902009C
:10B790003C050020482D0020ED350200000000008F
:10B7A000DAE7020000000000ACB902003405002016
:10B7B000E02C00208D290200000000006BEA02004E
:10B7C000A0C6020030BA02003E050020E4040020BA
:10B7D000A5390200000000009CE9020004C6020036
:10B7E000CCB9020036050020BC040020F92A020072
:10B7F0000000000028C202000000000008BA020099
:10B80000300500209024002000000000000000000F
:10B810000CEA020000000000B4B902003805002064
:10B82000000000002931020000000000C79C020057
:10B83000FF9B020000000000257B0200BCB7020055
:10B840008D9A020000000000257B0200000000002D
:10B85000257B020000000000257B0200CC010020B7
:10B86000E998020000000000257B020000000000B3
:10B87000257B020000000000257B02000000000084
:10B88000257B02000000000071FD010000000000A7
:10B89000257B0200E02C0020F929020000000000B6
:10B8A0005D21020000000000257B02000000000076
:10B8B000257B020000000000993D0200000000000E
:10B8C000257B020000000000257B02000000000034
:10B8D000257B020000000000257B02000000000024
:10B8E000257B020000000000257B02000000000014
:10B8F000A1FD010000000000257B02000000000007
:10B90000257B020000000000257B020000000000F3
:10B91000257B020000000000257B020000000000E3
:10B92000257B020000000000257B020000000000D3
:10B93000257B020000000000257B020000000000C3
:10B94000257B020000000000257B020000000000B3
:10B95000257B020000000000257B020000000000A3
:10B96000257B020000000000257B02000000000093
:10B97000257B0200F94C0200FF9B02000000000042
:10B98000257B020000000000257B02000000000073
:10B99000257B020000000000257B02000000000063
:10B9A000257B020000000000257B020039290200EF
:10B9B000892802000D9802007D330200B93202008E
:10B9C000FD300200D9970200ED300200952D0200F3
:10B9D000BD2E0200C12F02007D2A0200F196020056
:10B9E0006D2A02001D3402003D9802004B980200AF
:10B9F000639802006F9802007B98020029360200CB
:10BA000095980200000000000D9F01002D9D01008F
:10BA10008D9C01002D2302009D95020001960200DD
:10BA20000000000039950200000000000000000046
:10BA300021990200ED38020013990200339B0200A5
:10BA4000479902006F990200A5990200B999020076
:10BA5000E7990200FB990200B9990200D799020008
:10BA60000F9A02001D9A02002B9A02005D9A0200B2
:10BA7000619A020005000000C953010006000000A1
:10BA800081750100040000003164010001DC000048
:10BA9000C1DB000065DB00000000000000000000CA
:10BAA00000000000011F0100C91E0100000000008D
:10BAB0000000000000000000000000004CC1020077
:10BAC00004000000A4BD020007000000F8BE020050
:10BAD000040000007BCC0200030000003CDF0200F9
:10BAE000030000001BE6020003000000DBD402009C
:10BAF00003000000F9E102000300000018C4020086
:10BB00000300000068C30200030000003CC2020002
:10BB10000300000004C4020003000000E2D402009D
:10BB200003000000DFE60200030000005DDD02000C
:10BB300003000000E3DE02000300000083E30200D4
:10BB4000030000000CE7020003000000F1C902003E
:10BB50000300000079E7020003000000BACC0200F5
:10BB600003000000B0CC02000300000026EA02003F
:10BB7000030000003ECA02000300000042CA0200A7
:10BB80000300000042CB02000300000052E7020065
:10BB90000300000089EA020002000000A6D30200B0
:10BBA00003000000E3D302000300000038D40200C9
:10BBB000030000001DD4020003000000ACD002000E
:10BBC0000300000014D10200030000001CD1020099
:10BBD0000300000063EB02000300000046C90200FE
:10BBE00003000000A9E9020003000000C6C802002B
:10BBF00004000000E6C70200040000002BD1020090
:10BC0000030000002BCA020003000000CEE7020080
:10BC10000300000079EA02000300000044BD0200B6
:10BC20009801002031CB020001000000F91301004F
:10BC3000091801009D1C0100B9190100FFFFFFFF59
:10BC40000000000003000000300000006000000061
:10BC50000000000048DC02004DDC020051DC020064
:10BC600055DC020059DC02005DDC020061DC0200F0
:10BC700065DC020069DC02006DDC020071DC0200A0
:10BC800075DC020079DC02007DDC020081DC020050
:10BC900085DC020089DC02000001060201000000D0
:10BCA0000001020104040404FF000000FF00000082
:10BCB000FF000000FF000000FF000000FF00000088
:10BCC0000338FDD87047000009060000BFC8020015
:10BCD000010100002C050020071000001C050020B9
:10BCE000E007002000010000FB7402009D740200C8
:10BCF00002000000AB76020000000000000000001F
:10BD0000000000000000000011CB020019CB02006F
:10BD100000000000000000000000000021CB020035
:10BD200025CB020029CB02002DCB020034BD02003E
:10BD3000B0150020BDF30000C81500200C2E002017
:10BD4000010000006B770200617702002F7702008C
:10BD500023770200000000001777020000000000B7
:10BD600004000000000000000000000000C000000F
:10BD700010B802000100000000C0000000600700D1
:10BD800010B8020002000000002008000060070058
:10BD900010B802000300000000800F0000800000C7
:10BDA00010B8020054C702008D920200000000008B
:10BDB00050C70200000001004CC70200319302008E
:10BDC00000000000B40100200000010044C7020090
:10BDD0007F7A020000000000000000000000010067
:10BDE00040C702003193020000000000AC010020B7
:10BDF0000000010038C702004B7A0200000000007A
:10BE0000000000000000010034C70200319302006E
:10BE100000000000A4010020000001002CC7020067
:10BE200079F60000000000000000000000000100A2
:10BE3000000000200000000000000B0602000000CF
:10BE400044BE020000000000FCD0020026000202F6
:10BE50000000002004D1020022000B111D0501008A
:10BE600000000000B57B0200AD1001009912010036
:10BE700000000000011601000000000000000000AA
:10BE800000000000000000000000000000000000B2
:10BE900000000000851501002D1801002D1801007B
:10BEA00000000000000000009118010000000000E8
:10BEB0000000000000000000000000000000000082
:10BEC0000000000015180100251A01000000000004
:10BED000C5190100000000005CBE0200E8BE0200BF
:10BEE0008001000000000000E06500202DD4020069
:10BEF000000000000000000060C702008D920200F8
:10BF000000000000D7EC0200000001005CC7020046
:10BF10003193020000000000A40200200000010094
:10BF2000B5EC020000000000111E0100000000003E
:10BF30000000020058C70200BD920200B56B01006C
:10BF40008C020020000003005CBE020058BF02000B
:10BF50004700000000000000606C00205CBE020092
:10BF60006CBF02002E0000000000000004710020E1
:10BF70005CBE020080BF0200020100000000000061
:10BF8000D87100208DDC0200ABDC0200C6DC0200B0
:10BF9000D6DC0200E3DC0200ECDC0200F3DC020091
:10BFA000FADC020001DD020009DD0200E3DC020030
:10BFB00011DD020023DD020038DD02004BDD02004E
:10BFC0000E0300003D3901000F0400000939010093
:10BFD0001A010000C922010005040000E12201004D
:10BFE00013010000112501003E0100008927010016
:10BFF00001120000018402000A1E00000F840200EA
:10C00000FF010000FD2801003E010000DD280100C5
:10C01000050400002D23010010010000A5230100EC
:10C0200001120000253201000A1E0000B98402003E
:10C0300003090000992A0100040B0000BD2401003F
:10C04000060A0000453801000C05000071230100BC
:10C050005CBE020060C0020047000000000000005B
:10C06000F472002078E1020085E10200A5E10200FF
:10C0700099E10200B0E10200C7E10200D7E102004D
:10C0800040E50200EBE102005CBE020098C0020045
:10C090000000000000000000B47300205CBE02003D
:10C0A000ACC002002000000000000000DC73002093
:10C0B000C587020017880200000000000000000091
:10C0C00000000000C5560100000000000000000054
:10C0D000000000000000000002020100378D020095
:10C0E00004040100F1600100060601003160010056
:10C0F000080401001D5F01000A0201001F8D0200FB
:10C100000C040100078D02000E040100F95D01001E
:10C1100020040100655D010010040100755C010050
:10C1200012020100898C02001E000400CD90020062
:10C1300052020000AF8C02005CBE020048C1020047
:10C140002200000000000000B474002078C7020044
:10C150008D9202000000000074C702000000010080
:10C1600070C7020031930200000000003403002079
:10C170000000010068C7020000000000000000008D
:10C18000000000000000000064C70200BD92020031
:10C19000B56B01003C03002000000300000000001C
:10C1A000000000000000000000000000000000008F
:10C1B000B794020000000000000000000000000032
:10C1C00000000000456D707479204843492070617B
:10C1D000636B657400000000556E6B6E6F776E20A8
:10C1E0004843492074797065202575004C4C2069BE
:10C1F0006E697469616C697A6174696F6E206661D9
:10C20000696C65643A2025640000000042542043B4
:10C21000544C5220525820707269000042542043FE
:10C22000544C52205258000062745F6863695F6327
:10C230006F6E74726F6C6C657200000062745F6385
:10C24000746C725F6863695F64726976657200001E
:10C250005A6570687972204F532076342E342E320E
:10C26000000000004E6F2048434920436F6D6D6110
:10C270006E6420686561646572000000496E7661D5
:10C280006C69642048434920434D44207061636BCE
:10C290006574206C656E6774680000004E6F2048FE
:10C2A00043492041434C2068656164657200000089
:10C2B000496E76616C6964204843492041434C20B3
:10C2C0007061636B6574206C656E67746800000054
:10C2D000496E76616C6964204843492041434C2093
:10C2E00044617461206C656E677468005478204204
:10C2F0007566666572204F766572666C6F770000B2
:10C30000496E76616C696420547820456E7175655C
:10C310007565000068616E646C653A203078253080
:10C3200034782C207374617475733A2025782C202E
:10C3300074783A2025782C2072783A2025782E00BF
:10C34000747970653A20307825303278000000002A
:10C3500072656A656374206F70636F64653A20303C
:10C36000782530327800000062745F63746C725F0D
:10C3700068636900574553545F544F504449522FE6
:10C380007A65706879722F7375627379732F626C36
:10C390007565746F6F74682F636F6E74726F6C6CF9
:10C3A00065722F6C6C5F73772F756C6C5F636F6E4B
:10C3B0006E2E6300657272203D3D2030207C7C2013
:10C3C000657272203D3D202D31323000415353457E
:10C3D0005254494F4E204641494C205B25735D2005
:10C3E000402025733A25640A00000000097061723C
:10C3F000616D313A20257520706172616D323A208D
:10C4000025750A0062745F63746C725F756C6C5F93
:10C41000636F6E6E0000000062745F63746C725F25
:10C4200063727970746F0000574553545F544F50D6
:10C430004449522F7A65706879722F7375627379E7
:10C44000732F626C7565746F6F74682F636F6E7491
:10C45000726F6C6C65722F6C6C5F73772F6E6F727E
:10C460006469632F6C6C6C2F6C6C6C5F6164762EEE
:10C4700063000000300000000925733A2041637416
:10C4800075616C204556454E545F4F5645524845A0
:10C4900041445F53544152545F5553203D2025750C
:10C4A0000A000000574553545F544F504449522FDF
:10C4B0007A65706879722F7375627379732F626C05
:10C4C0007565746F6F74682F636F6E74726F6C6CC8
:10C4D00065722F6C6C5F73772F6E6F726469632F58
:10C4E0006C6C6C2F6C6C6C5F7065726970686572D7
:10C4F000616C2E630000000031D0010041D00100CA
:10C5000051D0010061D001000000000000000000D7
:10C5100071D0010009D1010081D0010000000000AC
:10C5200039D101000000000091D0010019D10100B3
:10C5300000000000A1D0010079D10100B1D00100BC
:10C5400049D1010059D101000000000069D101006A
:10C5500089D1010099D10100C1D001000000000083
:10C5600000000000000000000000000000000000CB
:10C5700029D1010008020B020A0305020000000095
:10C580000000000002020000060200000403000098
:10C59000000009030000000001030000000000008B
:10C5A000070300000000000000000000F401FA0092
:10C5B000960064004B0032001E001400707265701B
:10C5C0006172655F63620000707265706172655FC1
:10C5D000636200000103040591220200612202004F
:10C5E00000000000DD2302005D2302006DE7020071
:10C5F0002B9602002796020073E702000400000059
:10C6000000FF00000000000000000000000000002B
:10C61000000000000000000000000000000000001A
:10C620000403000000000003F40100000001010009
:10C6300000008000C22817003CC6020000900240A3
:10C6400048C602000100000050C6020006000000BB
:10C650001318001D1418001F1518002016180021AB
:10C66000171800221118001E00080000001000001A
:10C670000400000000FF0000FFFF00000003005066
:10C68000CC0100200000000001000000BCF801FF08
:10C6900000000050CC01002000000000000000005D
:10C6A000002000400100000000000000C0C60200A1
:10C6B0000000D60100000000C72E0020C62E00207A
:10C6C00000200040CCC6020001000000D4C60200D9
:10C6D000040000000600000005000002080600013A
:10C6E000070600030800000003000000010000002E
:10C6F0000200000014EB020022EB020036EB020005
:10C7000045EB020051EB0200A4B60200ACB60200F9
:10C71000F4B60200FCB6020034B702004CB70200C7
:10C7200066EB020000010000000000000000042A87
:10C730000000042A000003280000012A0000012A4A
:10C74000000003280000002A0000002A000003283F
:10C750000000001800000028000002290000032843
:10C7600000000028000002290000052A0000052A18
:10C7700000000328000001180000002877C295F38C
:10C7800060D2EF7F3552500F2CB67980736D705F99
:10C790007376725F7374617473004572726F722086
:10C7A000696E697469616C697A696E672073746116
:10C7B00074732073797374656D205B25645D00620A
:10C7C00075696C642074696D653A20417567202035
:10C7D0003620323032362031383A32303A33340073
:10C7E0007469636B7300736D705F73616D706C65FA
:10C7F00000436F6E6E656374696F6E206661696C6D
:10C8000065642C20657272203078253032782025BE
:10C810007300446973636F6E6E65637465642C2086
:10C82000726561736F6E2030782530327820257301
:10C8300000436F6E6E656374656400426C75657469
:10C840006F6F7468206661696C656420746F20691D
:10C850006E697469616C6973653A2025640041648E
:10C86000766572746973696E67206661696C656468
:10C8700020746F20737461727420287263202564A1
:10C8800029004164766572746973696E67207375F7
:10C89000636365737366756C6C792073746172740D
:10C8A000656400426C7565746F6F746820656E61B5
:10C8B000626C65206661696C65643A202564005A83
:10C8C000657068797200736D705F62745F73616D1B
:10C8D000706C65006865617020636F72727570744A
:10C8E000696F6E20286E6F7420696E207573653FC6
:10C8F00029206174202570006865617020636F7263
:10C9000072757074696F6E20286275666665722034
:10C910006F766572666C6F773F2920617420257091
:10C92000006865617020636F7272757074696F6EF4
:10C930002028646F75626C6520667265653F2920EA
:10C940006174202570006F735F68656170002875E1
:10C950006E7369676E6564292063686172202A209E
:10C960007573656420666F7220252570206172677B
:10C97000756D656E742E2049742773207265636F20
:10C980006D6D656E64656420746F206361737420DF
:10C99000697420746F20766F6964202A2062656351
:10C9A00061757365206974206D61792063617573A9
:10C9B00065206D69736265686176696F7220696E62
:10C9C000206365727461696E20636F6E6669677556
:10C9D000726174696F6E732E20537472696E673A58
:10C9E0002225732220617267756D656E743A256425
:10C9F0000063627072696E74665F7061636B616719
:10CA000065004661696C656420746F207265626FB1
:10CA10006F743A207370696E6E696E6720656E641C
:10CA20006C6573736C792E2E2E0A007379735F67B1
:10CA300065746F7074006C6F6767696E67006C6F08
:10CA400067006C6F675F6D676D74004D6573736130
:10CA50006765202822257322292064726F70706513
:10CA6000642062656361757365206974206578630D
:10CA7000656564732073697A65206C696D6974619A
:10CA800074696F6E2028257529004D657373616781
:10CA9000652064726F707065642062656361757390
:10CAA0006520697420657863656564732073697AAD
:10CAB00065206C696D69746174696F6E20282575D5
:10CAC00029000D0A001B5B306D00257320005B25DB
:10CAD00030386C755D20005B253032753A25303278
:10CAE000753A253032752E253033752C2530337547
:10CAF0005D20003C25733E200025732F0025733AEE
:10CB00002000253032782000202020007C00256382
:10CB1000001B5B313B33316D001B5B313B33336DAD
:10CB2000006572720077726E00696E6600646267FB
:10CB3000006C6F675F6261636B656E645F756172E5
:10CB400074006C6F675F7561727400666C61736806
:10CB50005F7772697465206572726F722025642038
:10CB60006F66667365743D30782530387A78006674
:10CB70006C6173682072656164206661696C6564CC
:10CB80003A2025640063616C6C6261636B206661AE
:10CB9000696C65643A20256400427566666572209A
:10CBA00073697A65206973206269676765722074AA
:10CBB00068616E2070616765004275666665722007
:10CBC00073697A65206973206E6F7420616C696780
:10CBD0006E656420746F206D696E696D616C20777D
:10CBE000726974652D626C6F636B2D73697A650071
:10CBF000496E636F727265637420706172616D65F6
:10CC00007465720053697A6520697320696E636F79
:10CC10007272656374005265717565737465642022
:10CC200072616E6765206F766572666C6F777320D0
:10CC300053495A455F4D4158004465766963652004
:10CC40007365656D7320746F206861766520302090
:10CC500073697A65005265717565737465642072D5
:10CC6000616E6765206F766572666C6F777320649E
:10CC700065766963652073697A650053545245414E
:10CC80004D5F464C415348004661696C65642074B1
:10CC90006F207265616420646174612066726F6DDB
:10CCA00020666C61736820617265613A20256400BA
:10CCB000666C6173685F696D6700666C61736800BC
:10CCC00072302F61313A202030782530387820209A
:10CCD00072312F61323A2020307825303878202088
:10CCE00072322F61333A2020307825303878007244
:10CCF000332F61343A202030782530387820723153
:10CD0000322F69703A2020307825303878207231FF
:10CD1000342F6C723A202030782530387800207813
:10CD20007073723A2020307825303878004661756B
:10CD30006C74696E6720696E737472756374696F61
:10CD40006E206164647265737320287231352F70B0
:10CD500063293A2030782530387800556E68616E46
:10CD6000646C6564204952516E3A202564002A2A79
:10CD70002A2A2A205553414745204641554C5420E4
:10CD80002A2A2A2A2A0020204469766973696F6E4C
:10CD9000206279207A65726F002020556E616C697F
:10CDA000676E6564206D656D6F7279206163636580
:10CDB00073730020204E6F20636F70726F63657312
:10CDC000736F7220696E737472756374696F6E73BA
:10CDD000002020496C6C6567616C206C6F61642079
:10CDE0006F66204558435F52455455524E20696E38
:10CDF000746F205043002020496C6C6567616C2083
:10CE0000757365206F662074686520455053520025
:10CE10002020417474656D707420746F206578658E
:10CE20006375746520756E646566696E65642069F6
:10CE30006E737472756374696F6E002A2A2A2A2AC7
:10CE400020425553204641554C54202A2A2A2A2A4A
:10CE5000002020537461636B696E67206572726F86
:10CE600072002020556E737461636B696E67206574
:10CE700072726F720020205072656369736520645E
:10CE800061746120627573206572726F7200202078
:10CE90004246415220416464726573733A2030788F
:10CEA0002578002020496D70726563697365206480
:10CEB00061746120627573206572726F7200202048
:10CEC000496E737472756374696F6E206275732036
:10CED0006572726F72002020466C6F6174696E67B4
:10CEE0002D706F696E74206C617A7920737461742F
:10CEF0006520707265736572766174696F6E206506
:10CF000072726F72002A2A2A2A2A204D5055204612
:10CF100041554C54202A2A2A2A2A00202053746181
:10CF2000636B696E67206572726F722028636F6E23
:10CF3000746578742061726561206D69676874201A
:10CF40006265206E6F742076616C69642900202010
:10CF500044617461204163636573732056696F6C2B
:10CF60006174696F6E0020204D4D4641522041642E
:10CF700064726573733A2030782578002020496EFA
:10CF8000737472756374696F6E2041636365737344
:10CF90002056696F6C6174696F6E005265736572BB
:10CFA00076656420457863657074696F6E2028002B
:10CFB00053707572696F757320696E7465727275DE
:10CFC000707420284952512000535053454C206919
:10CFD0006E20746872656164206D6F646520646F93
:10CFE0006573206E6F7420696E6469636174652077
:10CFF000505350002A2A2A2A2A20484152442046C7
:10D0000041554C54202A2A2A2A2A0020204275738E
:10D01000206661756C74206F6E20766563746F7224
:10D02000207461626C652072656164002020446533
:10D03000627567206576656E740020204661756CA8
:10D040007420657363616C6174696F6E2028736509
:10D05000652062656C6F772900415243485F4558EF
:10D0600043455054207769746820726561736F6E10
:10D070002025780A002A2A2A2A2A20446562756710
:10D08000206D6F6E69746F72206578636570746966
:10D090006F6E202A2A2A2A2A002A2A2A2A2A2025AA
:10D0A0007320256429202A2A2A2A2A006D707500F7
:10D0B0004661696C656420746F20616C6C6F63619C
:10D0C0007465206E6577204D505520726567696FD5
:10D0D0006E2025750A00506172746974696F6E2044
:10D0E00025753A20636F686572656E6365206368B5
:10D0F00065636B206661696C65642E00464C415324
:10D10000485F30005352414D5F300061626F72746E
:10D1100028290A006E65745F627566006E65745F2B
:10D120006275665F73696D706C6500736F63007222
:10D13000630067726F7570004661696C6564207486
:10D140006F206F70656E20666C6173682061726518
:10D15000612049442025753A202564004661696CA8
:10D16000656420746F20657261736520666C6173FD
:10D170006820617265613A202564004661696C65CA
:10D180006420746F2072656164206461746120663C
:10D19000726F6D20666C6173683A2025640043618C
:10D1A0006E27742062696E6420746F207468652035
:10D1B000666C6173682061726561202865727220F7
:10D1C00025642900626164206F6666736574202897
:10D1D0003078256C782900696D61676520736C6F04
:10D1E00074206572617365206F66203078257A78C7
:10D1F000206279746573206661696C6564202865B6
:10D20000727220256429004572617365642030784C
:10D21000257A78206279746573206F6620696D6164
:10D22000676520736C6F7400696D61676520736C4E
:10D230006F7420747261696C6572206572617365C8
:10D24000206F66203078257A7820627974657320A3
:10D250006661696C65642028657272202564290006
:10D26000457261736564203078257A78206279741C
:10D270006573206F6620696D61676520736C6F74DC
:10D2800020747261696C65720076657273696F6E85
:10D29000003C3F3F3F3E006861736800626F6F74FF
:10D2A00061626C650070656E64696E6700636F6EC5
:10D2B0006669726D656400616374697665007065A6
:10D2C000726D616E656E7400696D61676573007380
:10D2D000706C6974537461747573004661696C6530
:10D2E0006420626F6F745F7365745F6E657874201D
:10D2F0007769746820636F64652025642C20666FED
:10D300007220736C6F742025642C207769746820F8
:10D3100061637469766520736C6F74202564206185
:10D320006E6420636F6E6669726D20256400636FA2
:10D330006E6669726D002568752E2568752E2568E4
:10D3400075002E2575006F6666006C656E0073684B
:10D3500061007570677261646500496D6167652081
:10D3600075706C6F616420696E737065637420669C
:10D3700061696C65643A2025640049727265636F67
:10D3800076657261626C65206572726F723A2066B2
:10D390006C617368207772697465206661696C6579
:10D3A000643A202564006D63756D67725F696D670F
:10D3B0005F677270007461736B73005461736B20EC
:10D3C0006974657261746F7220737461747573200F
:10D3D0006973206E6F74204F4B007072696F007418
:10D3E0006964006D63756D67725F6F735F677270FC
:10D3F00000737461745F6C697374006E616D6500B5
:10D40000496E76616C69642073746174206E616D1D
:10D41000653A202573006669656C6473006D6375F9
:10D420006D67725F737461745F677270006D6375AE
:10D430006D677220736D70006D63756D67725F73D9
:10D440006D7000426C7565746F6F746820534D5039
:10D45000207472616E73706F727420726567697385
:10D46000746572206661696C65642028657272203B
:10D47000256429004E756C6C20637064206F626AAD
:10D4800065637420666F7220636F6E6E6563746986
:10D490006F6E202570007075626C69630072616E3A
:10D4A000646F6D007075626C69632D6964007261F0
:10D4B0006E646F6D2D696400253032583A25303224
:10D4C000583A253032583A253032583A25303258B9
:10D4D0003A2530325820282573290062745F62751E
:10D4E000660062745F64617461004461746120620B
:10D4F0007566666572206F766572666C6F77202838
:10D500006C696E6B207479706520307825303278C4
:10D510002900556E61626C6520746F206C6F6F6BB3
:10D5200020757020636F6E6E207769746820686163
:10D530006E646C6520257500556E61626C652074A3
:10D540006F206C6F6F6B757020636F6E6E20666FEF
:10D55000722068616E646C65202575004861726494
:10D5600077617265206572726F722C2068617264D7
:10D570007761726520636F64653A20256400436FAC
:10D58000756C64206E6F74207375626D697420729F
:10D59000785F776F726B3A20256400556E61626C1C
:10D5A0006520746F20616C6C6F63617465206275B7
:10D5B0006666657200556E68616E646C65642065B0
:10D5C00076656E7420307825303278206C656E2058
:10D5D00025753A20257300657674206E756D5F6839
:10D5E000616E646C657320283D25752920746F6F0A
:10D5F000206C617267652028257A75203E2025758C
:10D6000029004E6F20636F6E6E656374696F6E20C4
:10D61000666F722068616E646C65202575007061AC
:10D62000636B65747320636F756E74206D69736DC1
:10D630006174636800546F6F20736D616C6C202897
:10D64000257520627974657329206576656E74206E
:10D6500030782530327800496E76616C69642048F4
:10D660004349206576656E742073697A65202825A4
:10D67000752900496E76616C6964204C45206D65A2
:10D680007461206576656E742073697A652028253B
:10D69000752900574553545F544F504449522F7ACF
:10D6A00065706879722F7375627379732F626C7508
:10D6B00065746F6F74682F686F73742F6863695F28
:10D6C000636F72652E63006576745F666C61677365
:10D6D0002026202831554C203C3C20283029290088
:10D6E000415353455254494F4E204641494C205BCB
:10D6F00025735D20402025733A25640A00496E7623
:10D70000616C696420627566207479706520257586
:10D7100000496E76616C6964204843492041434C5E
:10D72000207061636B65742073697A6520282575A4
:10D73000290041434C2064617461206C656E6774FC
:10D7400068206D69736D61746368202825752021D8
:10D750003D2025752900556E61626C6520746F202F
:10D7600066696E6420636F6E6E20666F72206861FA
:10D770006E646C652025750062745F6863695F651F
:10D7800076745F6765745F666C616773286864723E
:10D790002D3E657674292026202831554C203C3CAE
:10D7A000202831292900556E6B6E6F776E206275C7
:10D7B00066207479706520257500556E68616E6409
:10D7C0006C65642076656E646F722D737065636935
:10D7D000666963206576656E74203078253032780E
:10D7E000206C656E2025753A202573004E6F2063EE
:10D7F0006F6D6D616E642073656E7420666F72204C
:10D80000636D6420636F6D706C657465203078257E
:10D81000303478004F70436F6465203078253034A1
:10D820007820636F6D706C6574656420696E7374C5
:10D83000656164206F662065787065637465642037
:10D8400030782530347800696E74657276616C20AA
:10D8500065786365656473207468652076616C69BA
:10D86000642072616E6765202575207573006C6198
:10D8700074656E6379206578636565647320746888
:10D88000652076616C69642072616E67652030780E
:10D890002530347800737570765F74696D656F75C7
:10D8A00074206578636565647320746865207661AB
:10D8B0006C69642072616E67652030782530347839
:10D8C000004E6F2070656E64696E672070657269C6
:10D8D00070686572616C20636F6E6E656374696FEA
:10D8E0006E00556E6578706563746564207374614D
:10D8F0007475732030782530327820257300756E6A
:10D900006B6E6F776E005B305D0048434920747228
:10D91000616E73706F72743A20257300436F6E747A
:10D92000726F6C6C6572004964656E7469747925F8
:10D93000733A202573004964656E746974795B25B8
:10D94000645D3A202573004843493A207665727336
:10D95000696F6E2025732028307825303278292091
:10D960007265766973696F6E203078253034782C53
:10D97000206D616E756661637475726572203078B2
:10D9800025303478004C4D503A2076657273696FBB
:10D990006E20257320283078253032782920737541
:10D9A000627665722030782530347800556E616279
:10D9B0006C6520746F2073656E6420746F206472D0
:10D9C0006976657220286572722025642900657267
:10D9D00072203D3D20300009436F6E74726F6C6C95
:10D9E000657220756E726573706F6E736976652CE3
:10D9F00020636F6D6D616E64206F70636F6465206E
:10DA00003078253034782074696D656F75742077AF
:10DA1000697468206572722025640A006F70636FF4
:10DA200064652030782530347820737461747573A0
:10DA300020307825303278202573004E6F207065B5
:10DA40006E64696E6720636F6E6E20666F72207001
:10DA5000656572202573004E6F6E2D4C4520636105
:10DA60007061626C6520636F6E74726F6C6C65724E
:10DA700020646574656374656421004E756D206F64
:10DA80006620436F6E74726F6C6C657227732041F1
:10DA9000434C207061636B65747320213D204143CA
:10DAA0004C2062745F636F6E6E5F747820636F6E7C
:10DAB00074657874732028257520213D20257529EB
:10DAC0000041434C2042522F454452206275666605
:10DAD000657273206E6F7420696E697469616C6918
:10DAE0007A65640056656E646F722048434920650C
:10DAF0007874656E73696F6E73206E6F74206176D3
:10DB000061696C61626C6500485720506C61746695
:10DB10006F726D3A202573202830782530347829AB
:10DB20000048572056617269616E743A202573204F
:10DB30002830782530347829004669726D77617213
:10DB4000653A2025732028307825303278292056F0
:10DB5000657273696F6E2025752E25752042756973
:10DB60006C64202575004661696C656420746F20C3
:10DB70007265616420737570706F7274656420766D
:10DB8000656E646F7220636F6D6D616E64730046C5
:10DB900061696C656420746F2072656164207375BF
:10DBA00070706F727465642076656E646F72206643
:10DBB00065617475726573004843492064726976C3
:10DBC0006572206973206E6F7420726561647900DC
:10DBD00042542052582057510048434920647269EA
:10DBE000766572206F70656E206661696C65642071
:10DBF0002825642900556E65787065637465642016
:10DC0000484F53545F4E554D5F434F4D504C455414
:10DC100045445F5041434B4554532C207374617409
:10DC200075732030782530327820257300556E6367
:10DC30006C65617265642070656E64696E672073DF
:10DC4000656E745F636D6400312E306200312E3179
:10DC500000312E3200322E3000322E3100332E3081
:10DC600000342E3000342E3100342E3200352E3068
:10DC700000352E3100352E3200352E3300352E344E
:10DC800000362E3000362E3100362E3200537461AD
:10DC90006E6461726420426C7565746F6F74682085
:10DCA000636F6E74726F6C6C65720056656E646F34
:10DCB0007220737065636966696320636F6E747246
:10DCC0006F6C6C6572004669726D77617265206C6D
:10DCD0006F616465720052657363756520696D617B
:10DCE0006765007265736572766564006E524635CD
:10DCF0003178006E5246353278006E5246353378B0
:10DD0000006E524635344878006E524635344C78B1
:10DD100000496E74656C20436F72706F7261746934
:10DD20006F6E004E6F726469632053656D69636F37
:10DD30006E647563746F72004E58502053656D6940
:10DD4000636F6E647563746F727300457370726590
:10DD5000737369662053797374656D730062745FC1
:10DD60006863695F636F726500574553545F544F32
:10DD7000504449522F7A65706879722F73756273B7
:10DD800079732F626C7565746F6F74682F686F7329
:10DD9000742F6863695F636F6D6D6F6E2E630063D0
:10DDA0006D6420646973616C6C6F776564004F6E9D
:10DDB0006C792072616E646F6D2073746174696335
:10DDC000206964656E746974792061646472657336
:10DDD0007320737570706F7274656400496E76613C
:10DDE0006C696420696E70757420706172616D6514
:10DDF00074657273004661696C656420746F20728B
:10DE0000656164207075626C696320616464726529
:10DE100073730052656164205374617469632041B7
:10DE2000646472657373657320636F6D6D616E6496
:10DE3000206E6F7420617661696C61626C6500466A
:10DE400061696C656420746F20726561642073740D
:10DE50006174696320616464726573736573004EF5
:10DE60006F20737461746963206164647265737395
:10DE700065732073746F72656420696E20636F6EC2
:10DE800074726F6C6C65720043616E2774207365E9
:10DE90007420626F7468204944454E544954592097
:10DEA00026204E52504100556E61626C6520746FA1
:10DEB00020736574206964656E7469747920616487
:10DEC000647265737300556E61626C6520746F20B7
:10DED0007365742072616E646F6D20616464726535
:10DEE00073730062745F696400546F6F20626967C6
:10DEF000206164766572746973696E672064617409
:10DF000061004661696C656420746F20737461728E
:10DF10007420616476657274697365720046616924
:10DF20006C656420746F2073746F70206164766513
:10DF300072746973696E673A2025640062745F6168
:10DF40006476004661696C65642072656164207264
:10DF5000656D6F74652066656174757265732028E0
:10DF60002564290050485920307825303278206EB9
:10DF70006F7420737570706F7274656400556E6590
:10DF800078706563746564206669727374204C32BE
:10DF9000434150206672616D6500556E657870650D
:10DFA00063746564204C3243415020636F6E746922
:10DFB0006E756174696F6E004E6F7420656E6F755B
:10DFC000676820627566666572207370616365209C
:10DFD000666F72204C324341502064617461005579
:10DFE0006E65787065637465642041434C20666C8F
:10DFF0006167732028307825303278290041434CFE
:10E00000206C656E206D69736D61746368202825CE
:10E0100075203E202575290028756E6B6E6F776E12
:10E0200029006E6F207472616E736974696F6E205F
:10E03000257300496E76616C696420282575292056
:10E040006F6C6420737461746500636F6E6E20255D
:10E0500070206661696C656420746F2065737461FB
:10E06000626C6973682E205246206E6F6973653F3B
:10E07000006E6F2076616C696420282575292073F5
:10E0800074617465207761732073657400696E63D1
:10E090006F6D70617469626C652068616E646C6537
:10E0A0002025750054696D656F757420646973630C
:10E0B00061726465642E204E6F20626C6F636B69C1
:10E0C0006E6720696E2073797377712E00466174D4
:10E0D000616C206572726F7220282564292E20449D
:10E0E0006973636F6E6E656374696E672025700077
:10E0F000466F756E642076616C696420636F6E6E26
:10E10000656374696F6E20282570292077697468AB
:10E11000206164647265737320257320696E202505
:10E1200073207374617465200053656E64204C45E0
:10E1300020706172616D2075706461746520666124
:10E14000696C656420286572722025642900536516
:10E150006E64206175746F204C4520706172616D32
:10E1600020757064617465206661696C656420283F
:10E170006572722025642900646973636F6E6E6531
:10E180006374656400646973636F6E6E6563742D98
:10E19000636F6D706C657465007363616E2D62658D
:10E1A000666F72652D696E6974696174696E670066
:10E1B000696E6974696174696E672D66696C7465EE
:10E1C000722D6C697374006164762D636F6E6E6579
:10E1D000637461626C65006164762D6469722D639D
:10E1E0006F6E6E65637461626C6500646973636F02
:10E1F0006E6E656374696E670062745F636F6E6EE6
:10E2000000556E61626C6520746F20616C6C6F6389
:10E210006174652062756666657220666F72206F34
:10E220007020307825303278004E6F206176616939
:10E230006C61626C65204C3243415020636F6E7498
:10E2400065787420666F7220636F6E6E2025700093
:10E25000457870656374696E672031207265662C3D
:10E2600020676F7420256400616C72656164792099
:10E27000686176652076696577206F6E202570006D
:10E280004C32434150206C656E677468206D697331
:10E290006D617463682028257520213D202575292E
:10E2A00000496E76616C6964206964656E742076DD
:10E2B000616C756520696E204C324341502050449A
:10E2C0005500496E76616C6964204C4520636F6E21
:10E2D0006E20706172616D207273702073697A654F
:10E2E0002028257520213D20257A75290052656A50
:10E2F000656374696E6720756E6B6E6F776E204C08
:10E30000324341502050445520636F64652030787B
:10E310002530327800546F6F20736D616C6C204C27
:10E3200032434150207369676E616C696E6720509B
:10E33000445500546F6F20736D616C6C204C3243F8
:10E3400041502050445520726563656976656400CC
:10E3500049676E6F72696E67206461746120666FD1
:10E360007220756E6B6E6F776E206368616E6E657E
:10E370006C2049442030782530347800636F6E6615
:10E3800069670062745F6C326361700041545420AD
:10E390006368616E6E656C206E6F7420636F6E6E65
:10E3A0006563746564004572726F72207369676E8D
:10E3B000696E6720646174610052616E206F7574CC
:10E3C000206F662054582062756666657273206FF0
:10E3D0007220636F6E74657874732E004661696C89
:10E3E000656420746F207375626D69742061747444
:10E3F0005F74785F64657374726F795F776F726B47
:10E400003A20256400556E61626C6520746F20634C
:10E410007265617465206572722072737020504459
:10E420005500415454204D5455206578636565640A
:10E4300065642C206D61782025752C2077616E74C1
:10E44000656420257A7500556E61626C6520746F75
:10E4500020637265617465207273702050445500AA
:10E46000546F6F20736D616C6C2041545420504484
:10E470005520726563656976656400556E68616EE6
:10E48000646C65642041545420636F646520307867
:10E490002530327800496E76616C6964206C656E57
:10E4A00020257520666F7220636F646520307825A3
:10E4B00030327800556E61626C6520746F20637233
:10E4C0006561746520555549443A2073697A652021
:10E4D000257500556E61626C6520746F20637265EE
:10E4E00061746520555549443A2073697A65202541
:10E4F00064004E6F20617661696C61626C652041D9
:10E50000545420636F6E7465787420666F72206354
:10E510006F6E6E202570004E6F20617661696C61B0
:10E52000626C6520415454206368616E6E656C2096
:10E53000666F7220636F6E6E202570004E6F7420C0
:10E54000636F6E6E656374656400556E61626C65C1
:10E5500020746F2066696E642041545420636861A2
:10E560006E6E656C00476F74206572722025642C96
:10E57000206E6F742063616C6C696E672041545427
:10E58000206362004661696C656420746F20726567
:10E590002D7375626D69742025733A202564004ED1
:10E5A0006F20415454206368616E6E656C20666F05
:10E5B00072204D545520257A75004E6F2070656E7F
:10E5C00064696E6720415454207265717565737477
:10E5D00000446973636F6E6E656374696E6720666D
:10E5E00061696C6564202865727220256429004188
:10E5F00054542054696D656F757420666F72206481
:10E6000065766963652025732E20446973636F6E98
:10E610006E656374696E672E2E2E0062745F61747E
:10E620007400756E61626C6520746F20736176652D
:10E630002053433A206E6F20636667206C656674D2
:10E64000004E6F20737061636520746F2073746F68
:10E65000726520434343206366670052656164200E
:10E660006D6574686F64206E6F7420736574004606
:10E6700061696C656420746F2072656164206174E7
:10E680007472696275746520257020286572722025
:10E69000257A642900496E76616C6964207265612F
:10E6A00064206C656E6774683A20257A6400434381
:10E6B00043202570206E6F74207772697461626CDC
:10E6C0006500534320726573746F726520696E64D0
:10E6D00069636174696F6E206661696C656400626C
:10E6E000745F67617474004E6F20617661696C615C
:10E6F000626C6520534D5020636F6E746578742092
:10E70000666F7220636F6E6E2025700062745F7397
:10E710006D7000466C617368206F70656E20617269
:10E720006561202575206661696C65643A20256401
:10E73000004661696C656420746F2067657420739E
:10E740006563746F722064657461696C733A202527
:10E7500064006D6375626F6F745F64667500636CEF
:10E760006F636B4034303030303030300068666377
:10E770006C6B006C66636C6B00636C6F636B5F63E8
:10E780006F6E74726F6C00496E737566666963694B
:10E79000656E7420627566666572732C20667261A0
:10E7A000676D656E742064726F70706564004C698B
:10E7B0006E6520746F6F206C6F6E672C20667261BF
:10E7C000676D656E742064726F707065640075614A
:10E7D00072745F6D63756D67720072616E646F6DE8
:10E7E0004034303030643030300063696E7374729E
:10E7F0002025303278207472616E736665722074E1
:10E800006F6F206C6F6E673A20257A7500636C65B8
:10E810006172004A45444543206964205B253032DB
:10E8200078202530327820253032785D2065787068
:10E83000656374205B2530327820253032782025BE
:10E840003032785D0052445352206661696C6564D1
:10E850003A202564005145202573206661696C6566
:10E86000643A2025640072656164206572726F727B
:10E870003A2061646472657373206F722073697AE1
:10E880006520657863656564732065787065637479
:10E8900065642076616C7565732E416464723A20FC
:10E8A0003078256C782073697A6520257A75007731
:10E8B00072697465206572726F723A206164647265
:10E8C000657373206F722073697A6520657863655C
:10E8D0006564732065787065637465642076616C27
:10E8E0007565732E416464723A203078256C782007
:10E8F00073697A6520257A75006572617365206594
:10E9000072726F723A2061646472657373206F7201
:10E910002073697A6520657863656564732065781E
:10E920007065637465642076616C7565732E4164EF
:10E9300064723A203078256C782073697A652025D6
:10E940007A7500756E737570706F7274656420618E
:10E9500074203078256C782073697A6520257A7563
:10E960000077616974206572726F72206174203063
:10E9700078256C782073697A6520257A7500657230
:10E98000617365206572726F722061742030782522
:10E990006C782073697A6520257A75006D78323538
:10E9A000723634333566403000717370695F6E6F54
:10E9B0007200696E76616C6964206164647265736B
:10E9C000733A2030782530386C783A257A7500759E
:10E9D0006E616C69676E65642061646472657373EF
:10E9E0003A2030782530386C783A257A75006E6F89
:10E9F0007420776F72642D616C69676E65643A206C
:10EA000030782530386C783A257A7500666C6173F9
:10EA1000682D636F6E74726F6C6C65724034303049
:10EA2000316530303000666C6173685F6E7266000D
:10EA30006770696F40353030303033303000677088
:10EA4000696F403530303030303030004661696CAD
:10EA5000656420746F20616C6C6F63617465205015
:10EA60005049204368616E6E656C00756172744038
:10EA7000343030303230303000756172745F6E7215
:10EA800066785F7561727465006D6375626F6F742F
:10EA90005F7574696C0048616C74696E6720737986
:10EAA0007374656D00556E6B6E6F776E2065727254
:10EAB0006F72003E3E3E205A455048595220464112
:10EAC00054414C204552524F522025643A20257320
:10EAD000206F6E20435055202564004661756C748C
:10EAE00020647572696E6720696E746572727570E4
:10EAF000742068616E646C696E670A004375727297
:10EB0000656E74207468726561643A2025702028EF
:10EB10002573290043505520657863657074696FCB
:10EB20006E00556E68616E646C656420696E746514
:10EB3000727275707400537461636B206F766572C6
:10EB4000666C6F77004B65726E656C206F6F7073CB
:10EB5000004B65726E656C2070616E6963006D615B
:10EB6000696E006F7300737973776F726B71002A2F
:10EB70002A2A20426F6F74696E67205A657068791F
:10EB800072204F53206275696C642076342E342EC7
:10EB900032202A2A2A0A00286E756C6C29002A66FF
:10EBA0006C6F61742A001800E0C702007F7F7F7FCE
:10EBB0007F7F7F7F7F7F7F7F7F7F7F7F7F7F7F7F65
:10EBC0007F7F7F7F7F7F7F7F7F7F7F7F7F7F7F7F55
:10EBD0007F7F7F7F7F7F7F3E7F7F7F3F34353637EC
:10EBE00038393A3B3C3D7F7F7F407F7F7F00010289
:10EBF000030405060708090A0B0C0D0E0F1011126D
:10EC0000131415161718197F7F7F7F7F7F1A1B1C1F
:10EC10001D1E1F202122232425262728292A2B2CAC
:10EC20002D2E2F303132337F7F7F7F7F414243440F
:10EC300045464748494A4B4C4D4E4F50515253540C
:10EC400055565758595A6162636465666768696AC0
:10EC50006B6C6D6E6F707172737475767778797A8C
:10EC6000303132333435363738392B2F206D6573D8
:10EC700073616765732064726F70706564202D2DF9
:10EC80002D0D0A1B5B306D001B5B313B33316D2D4D
:10EC90002D2D20000A02040C01171D05050101019C
:10ECA0000106010101010302010101030303030144
:10ECB000030301060602487C997411269EAE014E9C
:10ECC000CEFB28782EDA02487C997411269EAE017C
:10ECD0004ECEFB28782EDA0284AA6074528A8B8684
:10ECE000D34CB71D1DDC538D00FFFFFFFFFFFF005E
:10ECF000000000000000FFFFFFFFFFFF000000001A
:10ED0000000030313233343536373839616263646C
:10ED10006566000000000000001000800000805FB9
:10ED20009B34FB0104000200000002000000000010
:10ED300000000500000000000000000000000000CE
:10ED4000000005010101010102036174745F747820
:10ED50005F64657374726F795F776F726B5F686100
:10ED60006E646C6572000001020304050607002052
:10ED700030303030303030303030303030300001F2
:10ED80000401040304020401040104030104030454
:10ED9000010401020203030303000000000000005D
:10EDA0007F7F020000000000000100000000000062
:10EDB0000000000000000000000000000000000053
:10EDC0000000000000000000000000000000000043
:10EDD0000000000000000000000000000000000033
:10EDE0000000000000000000000000000000000023
:10EDF0000000000000000000000000000000000013
:10EE00000000000000000000000000000000000002
:10EE100000000000000000000000000000000000F2
:10EE200000000000000000000000000000000000E2
:10EE300000000000000000000000000000000000D2
:10EE400000000000000000000000000000000000C2
:10EE500000000000000000000000000000000000B2
:10EE600000000000000000000000000000000000A2
:10EE70000000000000000000000000000000000092
:10EE80000000000000000000000000000000000082
:10EE9000000000005D3701000000000000000000DD
:10EEA0000000000000000000000000000000000062
:10EEB0000000000000000000000000000000000052
:10EEC0000000000000000000000000000000000042
:10EED0000000000000000000000000000000000032
:10EEE0000000000000000000000000000000000022
:10EEF0000000000000000000000000000000000012
:10EF00000000000000000000000000000000000001
:10EF10000000000000000000F4B702001F00000025
:10EF200000000000FFFFFFFFFF1F00003F6D020019
:10EF3000BD7402002CBD02000000000064BD020090
:10EF400030C70200000002003CC7020000000200BF
:10EF500048C702000000020000000000AB7B020076
:10EF60000000000000000000006000400000000001
:10EF70000000000000000000000000000000000091
:10EF80000000000000000000000000000000000081
:10EF90000000000000000000000000000000000071
:10EFA0000000000000000000000000000000000061
:10EFB0000000000000000000000000000000000051
:10EFC0000000000000000000000000000000000041
:10EFD0000000000000000000000000000000000031
:10EFE0000000000000000000000000000000000021
:10EFF00000000000000000000000000068BE0200E9
:10F0000006000100C91301000000000098BE0200C4
:10F01000060000005D7F020000000000C8BE020084
:10F0200002000200CD7F020000000000000000008E
:10F03000000000007B8002000000000000000000D3
:10F04000C6EC020000001400000000007D1F01005B
:10F05000000000000000000000000000B9390100BD
:10F06000000000000000000000000000A9270100CF
:10F07000000000000000000000000000794A0100CC
:10F0800000000000000000000000000049450100F1
:10F09000000000000000000091590100A16801007B
:10F0A0000000000000000000000000004D5B0100B7
:10F0B0007D8F0200479002004D59010000000000C2
:10F0C00000000000A5650100000000000000000035
:10F0D0006CC70200000020000000000000000000DB
:10F0E0000000000000000000379202000000000055
:10F0F00000000000D01B002000000000459C010023
:10F1000000000000D81B0020000000008D900100CE
:10F1100000000000E01B002000000000410202008F
:10F1200000000000E81B0020000000004102020077
:10F1300000000000F01B002000000000B58D010061
:10F1400000000000B8240020000000008D0B020029
:10F1500000000000C0240020000000004102020066
:10F1600000000000C82400200000000015B10100CC
:10F17000000000003C2500200000000041B8010014
:10F1800000000000442500200000000041020200B1
:10F19000000000004C25002000000000CDB9010057
:10F1A0000000000054250020000000005DC10100A7
:10F1B000000000007826002000000000C826002083
:10F1C0000000000068270020000000001828002030
:10F1D0000000000095150200000000003828002003
:10F1E0000000000065FF010000000000582800201A
:10F1F000000000004102020000000000682C002016
:10F20000000000000D81010000000000602C0020C3
:10F21000000000000D81010000000000582C0020BB
:10F2200000000000397D010000000000502C00208B
:10F23000000000000D81010000000000482C0020AB
:10F2400000000000397D010000000000402C00207B
:10F25000000000000D810100BC040020BC0400205F
:10F260000100000001000000CC040020CC040020BC
:10F27000000000000100000000000000000000008D
:10F28000F404002000000000000000000000000066
:10F290000000000000000000C82E00202000000038
:10F2A000000000000090D003FF000000900200006A
:10F2B000140500201405002084AA6074528A8B86ED
:10F2C000D34CB71D1DDC538D06000000000000006C
:10F2D000000000000000000000000000000000002E
:10F2E000000000000000000000000000000000001E
:10F2F000000000000000000000000000000000000E
:10F3000000000000000000000000000000000000FD
:10F3100000000000000000007C0500207C050020AB
:10F32000947500200000000001000000240000008F
:10F33000000000009805002098050020406500208E
:10F340000000000001000000A0000000000000001C
:10F35000B4050020B4050020B875002000000000AE
:10F36000030000001000000000000000D005002095
:10F37000D0050020E8750020000000000200000019
:10F380008800000000000000EC050020EC050020D3
:10F390000000000001000000FC050020FC0500202A
:10F3A00000000000FFFFFFFF000000000000000061
:10F3B00014060020140600200000000000000000D9
:10F3C00024060020240600200000000000000000A9
:10F3D0003406002034060020030003001000000063
:10F3E000000000009CC002003C74002000000000EF
:10F3F000000000005806002058060020030003000B
:10F4000010000000E958010038C102001C750020FE
:10F4100000000000000000007C0600207C060020A8
:10F420000300030000000000000000005CBF0200B9
:10F43000907100200000000000000000A0060020E5
:10F44000A00600200100010010000000FD440100A2
:10F4500088C00200B473002000000000000000001B
:10F46000C4060020C40600200200020000000000C4
:10F470000000000050C00200847300200000000063
:10F4800000000000E8060020E80600200C000C0048
:10F49000040000002922010048BF0200B46F0020D0
:10F4A00000000000000000000C0700200C070020F6
:10F4B000040004000800000000000000D8BE0200A4
:10F4C000E06B00200000000000000000300700207A
:10F4D00030070020010001000000000000000000D3
:10F4E00070BF0200DC72002015E015E007695001D2
:10F4F00010002000574F52CA2C97273D060D631A63
:10F5000061C3A4B2B2947D446D6F1BC4AA2A26D1F4
:10F51000F1FBEE5301002000FC5701DC6135E132C4
:10F520003847BDC40F04D2E5BEE5833B23C29F9399
:10F53000593D00018CFA99942000000184EE4E5C44
:10F54000B633A7A12BF6C2476349E0569ACA47EBE8
:10F5500052654477E02AAD6D36F69F2BF6DB6F5689
:10F56000110B0DED5AFBEF9D3E4C05B3B424F7E8AB
:10F57000F1C6895D7A3F095D2CDC0C8C0DC400D28C
:10F58000D898F34CD740402AA8ADAA0EDC34CAEB79
:10F59000CE50B3A41B6CA4D7AE47DC943EE736B57F
:10F5A0003A6B6969BC9D0705AED49ED3F8219AAC2D
:10F5B00005E331076502EFAA3C71DF9D1109B8A68A
:10F5C0006A064E9DEA60BE2327099481AAF3C0C251
:10F5D00086072E3EF9E2F02A5EE1501E72D3F44A0D
:10F5E0006725C00C705955A1747E99ADE5EAAFF15D
:10F5F000E98BB14E341280A37382ACD416ABAF75D5
:10F6000018C365E458209A12A4B0B61BF7BDE743AF
:10F61000A98A59AD66DDBEE75D682510A926A572E9
:10F620005F71291E1AA9E554ACCDAD238CABAB9606
:0CF630003383C30D2F86241C50A921A495
:00000001FF
