:020000040000FA
:10C000003DB8F3960000000000020000FCFB0000B9
:10C010000000000000000000000000000000000020
:10C020000000000000000000000000000000000010
:10C030000000000000000000000000000000000000
:10C0400000000000000000000000000000000000F0
:10C0500000000000000000000000000000000000E0
:10C0600000000000000000000000000000000000D0
:10C0700000000000000000000000000000000000C0
:10C0800000000000000000000000000000000000B0
:10C0900000000000000000000000000000000000A0
:10C0A0000000000000000000000000000000000090
:10C0B0000000000000000000000000000000000080
:10C0C0000000000000000000000000000000000070
:10C0D0000000000000000000000000000000000060
:10C0E0000000000000000000000000000000000050
:10C0F0000000000000000000000000000000000040
:10C10000000000000000000000000000000000002F
:10C11000000000000000000000000000000000001F
:10C12000000000000000000000000000000000000F
:10C1300000000000000000000000000000000000FF
:10C1400000000000000000000000000000000000EF
:10C1500000000000000000000000000000000000DF
:10C1600000000000000000000000000000000000CF
:10C1700000000000000000000000000000000000BF
:10C1800000000000000000000000000000000000AF
:10C19000000000000000000000000000000000009F
:10C1A000000000000000000000000000000000008F
:10C1B000000000000000000000000000000000007F
:10C1C000000000000000000000000000000000006F
:10C1D000000000000000000000000000000000005F
:10C1E000000000000000000000000000000000004F
:10C1F000000000000000000000000000000000003F
:10C20000403900203DE50000C98A010029E5000011
:10C2100029E5000029E5000029E5000000000000F4
:10C2200000000000000000000000000019E600000F
:10C2300029E500000000000009E8000029E50000F1
:10C2400081E80000FD34010081E8000081E8000081
:10C2500081E8000081E8000081E8000081E800003A
:10C2600081E8000081E8000081E8000081E800002A
:10C2700081E8000081E8000081E8000081E800001A
:10C2800081E8000081E8000081E8000081E800000A
:10C2900081E8000081E8000081E8000081E80000FA
:10C2A00081E8000081E8000081E8000081E80000EA
:10C2B00081E8000081E8000081E8000081E80000DA
:10C2C00081E8000081E8000081E8000081E80000CA
:10C2D00081E8000081E8000081E8000081E80000BA
:10C2E00081E8000081E8000081E8000081E80000AA
:10C2F00081E8000081E8000081E8000081E800009A
:10C3000053B94AB9002908BF00281CBF4FF0FF31BC
:10C310004FF0FF3000F00CB8ADF1080C6DE904CE21
:10C3200000F018F8DDF804E0DDE9022304B07047FE
:10C33000704700BF034611F8012B03F8012B002AB8
:10C34000F9D17047034613F8012B002AFBD1181AC4
:10C35000013870472DE9F0478C468E46089E1546F9
:10C3600004461946002B40F0D080724547D9B2FAF6
:10C3700082F74FB1C7F120030EFA07FC20FA03F34E
:10C38000BD4043EA0C0CBC404FEA154EA8B2BCFBC2
:10C39000FEF8230C0EFB18CC08FB00F943EA0C4313
:10C3A000994528D9EB1808F1FF3204D2994502D9F2
:10C3B000A8F102022B44A3EB0903A4B2B3FBFEFCD9
:10C3C0000EFB1C330CFB00F044EA0344A04214D9DA
:10C3D0002C190CF1FF3304D2A04202D9ACF10203B4
:10C3E0002C44241A43EA02401EB1FC40002334606E
:10C3F0007360BDE8F0874246DDE76346F1E7002A57
:10C4000079D0B2FA82F3002B3FD01946C1F1200354
:10C4100002FA01F52EFA03F20EFA01FE20FA03F3F6
:10C4200043EA0E034FEA154E00FA01F4B2FBFEFC9C
:10C43000AFB20EFB1C201A0C0CFB07F842EA0042BC
:10C4400090455AD9AA180CF1FF3004D2904502D970
:10C45000ACF102002A44A2EB08029BB2B2FBFEFC44
:10C460000EFB1C220CFB07F743EA02439F4246D90E
:10C47000EB180CF1FF3204D29F4202D9ACF1020258
:10C480002B44DB1B42EA004202E0AEEB0203012236
:10C490004FEA154EAFB2B3FBFEFC200C0EFB1C3373
:10C4A0000CFB07F840EA034398452AD9EB180CF136
:10C4B000FF3004D2984502D9ACF102002B44A3EB23
:10C4C0000803A4B2B3FBFEFC0EFB1C330CFB07F706
:10C4D00044EA0344A74216D92C190CF1FF3304D2C5
:10C4E000A74202D9ACF102032C44E41B43EA00400A
:10C4F0000F46114678E71F2188E76046ABE76246A2
:10C50000BFE76046DBE76346EFE7734506D916B938
:10C51000002108466DE7C6E9000EF9E7B3FA83F794
:10C5200087B9734501D3824207D8841A6EEB03039F
:10C5300001209C461EB900215BE73846FAE7C6E9B0
:10C54000004CF8E7C7F1200CBB4022FA0CF51D4364
:10C5500020FA0CF12EFA0CF30EFA07FE41EA0E0156
:10C560004FEA154900FA07F4B3FBF9F81FFA85FE04
:10C5700009FB18300B0C08FB0EFA43EA00439A45FE
:10C5800002FA07F240D9EB1808F1FF3004D29A45BD
:10C5900002D9A8F102002B44A3EB0A0389B2B3FB32
:10C5A000F9F809FB183308FB0EFE41EA03418E45FA
:10C5B0002CD9691808F1FF3304D28E4502D9A8F1AD
:10C5C0000203294443EA0040A0FB0298A1EB0E01BC
:10C5D0004145CE46434602D306D14C4504D2B9EB81
:10C5E000020E68EB05030138002EA4D0B4EB0E0256
:10C5F00061EB030101FA0CFC22FA07F34CEA030396
:10C60000F940C6E9003196E74046C5E74346D9E719
:10C610002DE9F041684C94F832308CB003F00103FE
:10C62000002800F09580002B40F08480627E94F812
:10C63000253004EB820204EB8303D5699E6A0DB3B7
:10C640002F4617F8020BC0F3801005F09DFC03681D
:10C65000C5F802308388BB802B785B0606D506219F
:10C66000384604F0A5F9002800F09780374617F8FF
:10C67000020BC0F3801005F087FC0368C6F8023097
:10C680008388BB80237D0121C3F302030BA88DF8AF
:10C690002C3004F0FDFA0246002855D031462846D9
:10C6A00006F0B2FC454A464B278E07210025E0FBE9
:10C6B00002311846C4E902553DA3D3E90023257091
:10C6C000FFF71EFE606005F035FC06940295626877
:10C6D0003C4B049200F109063B4802F247121A60F3
:10C6E00091210993A7FB000301FB0731374B079307
:10C6F000374B05934FF6FF734FF002080AAF0393D1
:10C700002BA3D3E90023CDF828800897FFF7F8FD85
:10C710000321CDE9005033464246284605F066FB2A
:10C72000394605F067FE78B994F8323043F00103DA
:10C7300084F8323000200CB0BDE8F0811E4805F0CE
:10C7400077FE844200D000DE0C200CB0BDE8F08102
:10C75000002BEFD0204605F05FFE84421FD10BADC9
:10C7600002220321194B009500200B9205F0ACFB2F
:10C77000294605F03FFE0028E0D1164805F06AFE84
:10C7800088B90D4805F054FE84420AD194F832303D
:10C7900023F0010384F83230CCE71220CBE700DE2F
:10C7A000DDE700DEF2E77830EBD000DEE9E700BF3E
:10C7B0008D49FD1A070000000016002000CA9A3BB0
:10C7C0008C49FD1AF4150020002AE784FD1F0100A2
:10C7D000813001001016002070B5037D8AB0C3F3CC
:10C7E00002030D46044601210DF1230016468DF883
:10C7F000233004F04DFA31460246284606F004FC88
:10C800001D4A1E4B0721E0FB0231184618A3D3E94D
:10C810000023FFF775FD63689842054621D21B1A75
:10C8200000220192164A0293164BA21AA3FB02326F
:10C830000221120900230A4409AE09911249059107
:10C84000CDE9033303210696D2B20093184605F0D2
:10C8500023FB314605F0CEFD38B9656000200AB0F3
:10C8600070BDFBD9C21A0023DBE70C200AB070BDF3
:10C870008D49FD1A0700000000CA9A3B8C49FD1A39
:10C88000001600204FECC44EFD1F01000000000008
:10C89000F0B583B0C468054607F0D4FD002007F06A
:10C8A000F5FD0021084607F0E3FD002225210820C0
:10C8B00007F04AFE304B019301A807F031FE2F49E3
:10C8C00040F25B6007F0DAFE2279134662F3C5039B
:10C8D0002371204607F018FC27682E68384607F0B9
:10C8E000DDF806446A6806F10901012007F0E6FF59
:10C8F00008F074F8204606F019FD811C3246C9B2D2
:10C90000384607F0CDF840B9204607F0A3F810B933
:10C91000002003B0F0BD00DEFAE70546184A1949C9
:10C92000194840F211430BF0B3FB184B0721A5FB4C
:10C93000030301FB05310EA3D3E90023FFF7E0FC5D
:10C940001349024613480BF0A3FB002585F3118819
:10C95000BFF36F8F0323184602DF0F48214607F00D
:10C9600045FD07F035FE6FF08B00D2E7AFF3008096
:10C9700000CA9A3B00000000D6BE898E555555006E
:10C9800010A701005CA7010060A701008D49FD1AF6
:10C99000ACA7010080A70100BD3D010070B59AB0B1
:10C9A0000023012608930796CDF82330014620B1D5
:10C9B00027480BF060FB1AB070BD264D26480BF0DF
:10C9C0005AFB0FCD0DAC0FC42B6823602349244BB9
:10C9D000009603220DA803F0D9FD014608B12148B5
:10C9E000E7E707A908A803F083FB9DF820300AAC0D
:10C9F000032B27D8DFE803F0022022241A4920461F
:10CA0000FFF798FC9DF8213004939DF822300393A2
:10CA10009DF8233002939DF8243001939DF8253032
:10CA200000931E219DF82630104A059412A80AF0A2
:10CA30002FFF0F4812A9BCE70E49E0E70E49DEE7D9
:10CA40000E49DCE70E4A0A2120460AF021FFD9E709
:10CA50008CA8010020A40100ACA8010090A4010052
:10CA600088A40100C3A80100E9A801000BA90100E6
:10CA70002EA90100F0A80100F7A8010001A90100FA
:10CA8000B2B0010008B506480BF0F5FA054803F00E
:10CA900033F9014610B104480BF0EDFA002008BD4F
:10CAA00051A901009DC900008CA801002DE9F84F93
:10CAB0008A4600AF002974D004680E1F361BF508A3
:10CAC00026F0070604EB0608B8F802B01BF0010BCD
:10CAD00016D1E94688B06A46334BCDE905310323C8
:10CAE00042F8103F31485B464FF4C25100F0AEFFB0
:10CAF000CD468BF31188BFF36F8F0423184602DFF6
:10CB0000294620460BF033F9284434F83030C01A57
:10CB1000854217D0E94688B06A46254BCDE9053AEB
:10CB2000032342F8103F214800234FF4C25100F084
:10CB30008DFF0023CD4683F31188BFF36F8F04234D
:10CB4000184602DFB8F8023023F00103A8F80230DB
:10CB5000294620460BF00BF905EB000804EBC8034F
:10CB60005B88DA0708D4414620460BF049F9424673
:10CB7000294620460BF089F9A65BAE1B04EBC603E1
:10CB80005B88DB0709D4314620460BF039F92A4689
:10CB9000314620460BF079F93546294620460BF000
:10CBA000EBF8BD46BDE8F88FC0A90100E4A3010081
:10CBB00097A901002DE9F04F91B08407009302F08E
:10CBC00004030293C2F3C20303F10103DDF868A07A
:10CBD000039205460E46059340F09D81041D0028F2
:10CBE0004AD101F00706341DC6F10806009B002754
:10CBF0005A1E4FF004084FF0FF3301930497B946D3
:10CC0000BB4643460DB1009921600598002800F30A
:10CC1000D78090480099814203D38F488142C0F069
:10CC2000CF80039911F0020CA4EB050040F0D680F0
:10CC3000B9F10F0F00F2CF80002D00F0D68009F17E
:10CC400040010DEB010EC0F3870001990EF8200C96
:10CC50000EF8101CBCF1000F00F0C38060F07F00E4
:10CC60000EF8200C013709F10109C5F1080104345F
:10CC700006914FF6DA7E8CE00729B7D86FF01B00DB
:10CC800011B0BDE8F08F7A285BD84B280FD8472821
:10CC900057D829282ED8252850D052D8202818BF58
:10CCA00023280CBF4FF0010B4FF0000B71E04C3804
:10CCB0002E2846D8DFE800F06D45454545454545F9
:10CCC00045454545484545454545454545564548FD
:10CCD000485656566D486A456D4518481845457F73
:10CCE0007C48454548457C0000204FF0000B4FF044
:10CCF000040835E02A38C0B2012101FA00F010EA38
:10CD00000E0F46D110F0625C2CD110EA010B40D01E
:10CD10006046013C4444B4FBF8F408FB04F425B13C
:10CD2000A3EB050CA444B445A8D8002870D00599FD
:10CD3000013905915AF8041B009163E70199013903
:10CD400001914FF0000B24E012F8010C6C2834D153
:10CD500012F8023C00206C2B8346C8D14FF0080823
:10CD60004346D6E70AF1070A2AF0070A0734FAE829
:10CD700002BC24F0070435B106982044B0423FF6C7
:10CD80007DAFC4E900BC08344FF0000B4FF0080839
:10CD9000434612F8010F002853D0BBF1000F7FF477
:10CDA00072AF2528F5D1019B013301934FF0010BA0
:10CDB0004FF00408ECE7584697E700208346A8E7C1
:10CDC000039988077FF551AF601B4FF0010CB0F558
:10CDD000007FFFF42DAF6FF0150051E74FF0000C0E
:10CDE000F5E70498013004903DE7BCF1000F01D055
:10CDF000013638E70298023600287FF434AF0098F5
:10CE0000CDE90632FFF79EFADDE9063206442AE74D
:10CE1000042B08D10AF1040015B1DAF800102160E2
:10CE200004348246B5E70AF1070323F0070303F150
:10CE3000080A1DB1D3E90001C4E900010834082340
:10CE4000A7E7631BB3F5806FC5D23DB9A6F108040F
:10CE5000E01815E75CA001002CBA0100029A2860D6
:10CE60009B082B709DF81030AAB1EB70AF702FB1FA
:10CE700008A80022C5F1010C91450ED1C5F10103AE
:10CE80000DF120084FF0000A01930DF1300BD14550
:10CE900012D1601BF4E66B70E8E710F8013B19064D
:10CEA00008D50CEB040EB64503F07F033FF6E6AE63
:10CEB00004F8013B0132DFE71FB198F90020002A96
:10CEC00017DB029BD3B11AF80B2004F8012B0022C8
:10CED000019B18191044B0423FF6D0AE98F80000FC
:10CEE00004F8010B0099039220460DF009F8039A0B
:10CEF00014440AF1010A08F10108C8E798F8002073
:10CF000055F822300093029B45F822300098FFF735
:10CF100019FA421CDCE76FF00D00B1E62DE9F04F85
:10CF200097B000AFC7E90A3205468A4649B9037887
:10CF30004678807800EB83002844564524D8A0EB3F
:10CF4000050AD7F8803095F80280D7F8804003F0C2
:10CF50000103FB61EB787B62B8F1000F0CBF00248A
:10CF600004F001041BB1D7F880309A0715D4A4B996
:10CF7000FB6A1BB1BA6A5146284698475646304666
:10CF80005C37BD46BDE8F08F441C2046FFF7DAF958
:10CF9000013020440AF1010ACFE7D7F88030C3F30B
:10CFA000C0033B622B78BB619B003B616B687B617C
:10CFB000BB6905EB830BFB6A002B77D15646D8443F
:10CFC000BCB11C461BF8013B55F82300FFF7BAF92A
:10CFD000D7F88430013043B1D7F88830A34282BFFC
:10CFE000D7F8843023F814000134C3450644E9D14E
:10CFF000D846D7F8803013F0050F0CBF4FF0020B66
:10D000004FF0010B4FF000097B6A9945B7D298F8B1
:10D01000013055F823A0AE4B9A4508F10208C0F044
:10D020004B81AC4B3A6A9A452CBF002301230AB3CB
:10D0300018F8021C7869FB620AF0FCFFFB6AC8B1B1
:10D04000EA468AB06A46A44B05937B69CDE906316E
:10D050004FF40073ADF82030A04B42F8103FA048C9
:10D0600000234FF4125100F0F1FC023ED54609F1C5
:10D070000109C9E723B1FB6933B9A6EB0B06F6E753
:10D08000D7F880309B07F2D55046FFF75BF9D7F809
:10D0900084304BB1D7F888309C423FBFD7F884200A
:10D0A000431C22F8143001340644E0E7002C69D117
:10D0B000B8F1000F6CD0D7F8803058076BD5C14657
:10D0C00007F14800424659460CF01AFF0BEB0803E3
:10D0D000FB6000220233796A8A425ED3D7F880204F
:10D0E00095F801B0F969920704EB0B03DBB254BF6A
:10D0F0004FEA59020022002940F0A680D7F880109C
:10D1000011F0040F14BF494600216B70A970EA703A
:10D110003969BA6AFB6A28469847061EFFF62FAFA0
:10D12000BB692B707B6AEB704946BA6AFB6A85F86B
:10D1300001B085F8028007F148009847B0F1000976
:10D14000C0F2B6803B697A6A786A03EB4201FB68F9
:10D15000BA6A414403EB4000AAEB0101FB6A98471D
:10D160000028C0F2A780B14409EB00064FF0000B85
:10D1700007F1380AA34569D30021BA6AFB6A084659
:10D180009847FCE6444607F138004FF0000999E75C
:10D190004446C1469AE7A14698E713F8016CDFF8C8
:10D1A00030C155F8260013F8021C6045C0F08A8093
:10D1B000DFF820C16045386A2CBF4FF0000B4FF0FC
:10D1C000010B38B17869C7E901320AF033FFD7E9BA
:10D1D0000132F0B9BBF1000F1ED0F96949B1611CF1
:10D1E00004F1280007F13004041904F8206CCCB2D3
:10D1F0000FE0D7F8801049070BD509F1280007F197
:10D20000300C09F1010100EB0C0909F8106C5FFA10
:10D2100081F9013202335EE7D7F880008007DED45F
:10D2200009F1280C07F1300EF44409F101000CF863
:10D23000101C07F1580151FA80F009F102095FFA58
:10D2400089F900F8106CE4E700215EE71BF80A306A
:10D2500087F8373055F82390D7F884302BB3D7F8B8
:10D2600088309B4521D2D7F8843033F81B80BA6AC6
:10D27000FB6A012107F13700984700281ADB0644B2
:10D28000B8F1000F06D14846FFF75CF800F101083D
:10D290001FFA88F8BA6AFB6A414648469847002850
:10D2A00008DB06440BF1010B64E74FF00008DEE7F2
:10D2B0004E4664E6064662E63B6A002B3FF4E0AE6B
:10D2C0000023B5E6386A0028A6D04FF0000B79E7B6
:10D2D0005CA001002CBA0100EDA9010004000001CE
:10D2E0009CA30100014B1860704700BF280100207B
:10D2F00080B505460E461746984609F02BFF0346B3
:10D3000001F0D0FADFF81890044649F800304246A0
:10D3100030463946A84754F8090001F05FFA00BFCB
:10D32000080000002DE9F047058B04462807174642
:10D330000CD501290CBF45F0100545F020052583CB
:10D3400087F31188BFF36F8FBDE8F087022905F0DE
:10D35000070540F0948020460BF02DF9052864D88D
:10D3600001A353F820F000BF41D300007FD4000098
:10D370002BD40000EDD3000007D4000019D4000026
:10D3800001F007035A1F012A1FD8002221F00701CC
:10D39000062BD4F8008089B2C4E9002209D14346A3
:10D3A00003E0628B013262831B68002BF9D141F0EC
:10D3B0000201218320460BF0FEF84FF000090028FF
:10D3C0006DD041F02001218369E0042B0AD121F0C6
:10D3D000070189B2218320460BF0EDF810B141F02E
:10D3E000200121834FF00008C14658E02369D3F89B
:10D3F0000090238B23F0070343F0060323834FF0B1
:10D40000000846464BE02369D3F80490238B23F0B1
:10D41000070343F00403F1E72369D3F80890238B53
:10D4200023F0070343F00503E8E74FF00008C14687
:10D43000E7E7012243F00803238387F31188BFF352
:10D440006F8F002A3BD1B8F1000F4AD1B9F1000F1C
:10D4500002D02D492046C847EFF31187202383F3DC
:10D460001288BFF36F8F238B23F008039BB22383B3
:10D47000D9063FD523F01002228303F00705666921
:10D48000218B002EBFF67CAF0023D4F8008021F062
:10D490000701C4E9003341F0010121839946238B40
:10D4A00003F0070AAA4502D0A268002AC1D1B8F148
:10D4B000000F02D1B9F1000FDAD00022BAE7A1685B
:10D4C0000029C0D00D680029BDD04F6833465246B0
:10D4D0002046B8471DB12B6829461D46F3E72B4669
:10D4E000FAE74146334652462046D8F800800BF012
:10D4F0008EF8A8E79A067FF523AF23F02002228357
:10D5000003F0070527E700BF3B8601002DE9F04740
:10D51000DFF85480044607464FF0010994FAA4F559
:10D52000B5FA85F509FA05F32E0108EB05156FEA42
:10D53000030A24EA03042B7B63B158F806301B6905
:10D540006BB94644042273682846196807EA0A073B
:10D550000BF070F9002CE1D13846BDE8F087284681
:10D5600098470028F6D1ECE704A4010010B50F4954
:10D570000F4888B000220CF0B0FC00220023CDE957
:10D58000062300240E23CDE90334CDE90144094BE1
:10D59000094900944FF44072084809F0CFFB08494C
:10D5A00006480CF0E6FA204608B010BDC5D50000CC
:10D5B00058080020F5D8000040190020D0030020B2
:10D5C000ACAA0100014809F061B900BF2C0300209A
:10D5D0002DE9F047804621480F460BF00BF906462F
:10D5E000002833D000252846BDE8F087237B83B18F
:10D5F0002368DB680BB120469847636883F8069080
:10D6000023681B69D3B963680422196820460BF0AC
:10D6100011F9013610345445E8D3B8F1000FE2D0C7
:10D62000002DDFD02846FFF771FF0546002FF7D009
:10D6300000214FF4A4700CF05DFBF1E72046984701
:10D640000028E0D009FA06F31D43E2E7044CDFF8B6
:10D6500014A005464FF00109DDE700BF600D002072
:10D6600004A4010014A40100014B53F820007047EA
:10D67000BCA4010008B5034608462BB1044A136058
:10D6800000F044FC002008BD6FF01500FBE700BF70
:10D690002C01002010B5044C237813B9034809F07D
:10D6A000F5F80123237010BD7E1800202C03002004
:10D6B00010B504460B480BF09DF85CB1BFF35B8FCF
:10D6C000094B53E8001F013943E80012002AF8D142
:10D6D000BFF35B8F05480AF061F80548BDE81040CC
:10D6E00009F0D4B8580D00205C0D00205808002027
:10D6F0002C030020064BBFF35B8F002253E8000F82
:10D7000043E800210029F9D1BFF35B8F704700BFC8
:10D71000580D002070B5FFF7EDFF084C084E054688
:10D72000B44200D370BD63685B792BB123685B683A
:10D7300013B12946204698471034F1E704A40100AC
:10D7400014A4010010B5044C044920460AF0ADFDB4
:10D75000034B1C6010BD00BFF0020020A8A4010014
:10D76000500D00200D4A0E48002310B513700D4ACD
:10D7700013600D4A4FF400411360FFF77BFFFFF782
:10D78000E1FF0A4B0A4918468B4200D310BD1A1A12
:10D790005C681211013222711033F5E77F18002006
:10D7A000F1870100580D00205C0D002004A4010049
:10D7B00014A4010001460022014800230AF096BD8E
:10D7C000F002002001480AF02DBE00BFF002002048
:10D7D000024B014618680AF080BE00BF500D0020C1
:10D7E00001480AF0B5BE00BFF002002070B52A4B18
:10D7F0001B78002B4ED0FFF7E5FF0446002846D1EA
:10D80000264B274D1B68002B19DD0CF01EFB4FF437
:10D810007A76A0FB063206FB0121D5E90020DB0B5E
:10D8200043EA41439B1A4FEAD13140F2E93261EBBE
:10D830000001934271F1000101D3FFF76BFFD5E9BD
:10D84000003213F57A7342F10002C5E900320CB3DD
:10D85000BDE87040FFF7C4BF6B685B7923B12B68EC
:10D8600021461B68284698471035B542F4D3204618
:10D87000FFF7AEFFBFF35B8F0A4B53E8001F013980
:10D8800043E80012002AF8D1BFF35B8FB8E7064DDA
:10D89000064EEAE7002070BD7E180020580D0020DB
:10D8A000500800205C0D002004A4010014A4010015
:10D8B00070B50D4D297861B90120FFF789FE0B4C39
:10D8C0000B4EB44206D3FFF791FF0028FBD1012392
:10D8D0002B7070BD63685B791BB1236820469B6821
:10D8E00098471034EDE700BF7F18002004A4010022
:10D8F00014A4010000212DE9F8430846FFF768FE53
:10D90000044648B340F267684FF0000900F0CAFFD0
:10D910001A4B1B4A1B58136033B11A4B1B68092B57
:10D9200002DD194808F0B2FF184F002544B1204627
:10D93000FFF7ECFD044618B94FF0FF384FF0FF3900
:10D94000FFF754FF064628B9B5B90F4842464B4683
:10D9500008F0D0FF3546E9E74FF0FF384FF0FF39C8
:10D96000D4E72B689B691BB10022114628469847D3
:10D970001035BD42F5D3E8E7054DFAE70800000091
:10D98000540D00205C0D00202C03002014A4010085
:10D9900004A4010013B518480AF02CFF174B1B789C
:10D9A00073B1EFF31184202383F31288BFF36F8FD9
:10D9B000FFF71CFF84F31188BFF36F8F02B010BD17
:10D9C0000F4B1B68002BF9D050B900220023CDE982
:10D9D00000230C484FF40042002309F0A7FEEDE7B6
:10D9E0000928EBD1074809F0D9FE074802B0BDE885
:10D9F000104008F04BBF00BF5C0D00207F180020D6
:10DA0000540D0020580800202C03002010B5064BB0
:10DA10001B68044698472146A06004480AF0E3FCCE
:10DA2000BDE81040FFF7B6BF2C010020F002002037
:10DA3000044A054B9B1AB1EBD30F34BF52F83100A7
:10DA4000002070475CA3010004A401002DE9F04F01
:10DA50008FB004AFC1F34A26B8600D4690467B6094
:10DA60000C0D002E61D04FF000090A234FF0040B7B
:10DA700007F1140AFE60C7E90799C7F824900093DC
:10DA8000CDF808B0CDF804A007F11C03F9684A46A8
:10DA90004046FFF743FAB0F5006F03461CD36C46CF
:10DAA0008AB0D8F8041004AB2448C3E9050140F259
:10DAB000FF71D9611A464FF400711984204B42F866
:10DAC000103F20484B464FF41251FFF7BFFFA546C9
:10DAD0002C37BD46BDE8F08FC0F30A0604F11700ED
:10DAE000184420F0070080083B60FFF763FE66F3F0
:10DAF0005325044680B13B68134A00F11001C7E981
:10DB00000839F961CDE901AB0A230093F96807F1FF
:10DB10001C034046FFF702FA66F353257B68B96899
:10DB20002A4620460AF0A6FED2E704F1170020F0AC
:10DB300007008008FFF73EFE0446EDE7C1AA01009A
:10DB400004000001ACA30100478801002DE9F04F5B
:10DB500087B0DDE9127ADDE9106B05468846144688
:10DB60009946BFB11021CDF800A03B465A4600208F
:10DB7000CDF814A0FFF71EF8B0F5006F01460BD3E7
:10DB8000194A1A4840F2FF73022107B0BDE8F04F6E
:10DB90000AF0C9BE3946384604F0070305F0070409
:10DBA000E40044EA831444EA402444EA065406F1BB
:10DBB0001700084420F0070080080391FFF7FAFDE2
:10DBC000054640B13FB10399CDF800A03B465A4607
:10DBD0001030FEF7EFFF4B4622464146284607B07D
:10DBE000BDE8F04F0AF046BE00AB0100ACA3010057
:10DBF000406820B1034BC01A40F3CF0070474FF08C
:10DC0000FF3070475CA301000EB403B503AB0146BF
:10DC100053F8042B0448019300F0CAFF02B05DF8EA
:10DC200004EB03B0704700BF89890100CA0605D420
:10DC30008B064CBF02490349FFF7E6BF704700BFA0
:10DC400039AB010038AB01002DE9F04F89B098469F
:10DC5000159B0693DDE916A39DF85090189F059239
:10DC600004460D460493B9F1000F00F0B08007F4AC
:10DC7000807307930AF0DCFD07F0020B02460028D0
:10DC800074D078492046FFF7BFFF0646BBF1000F6E
:10DC900008D017F0440F6BD173492A462046FFF78E
:10DCA000B3FF064407F0010353B1704B704953F8BA
:10DCB0002920704B2046002A08BF1A46FFF7A4FF10
:10DCC00007F48073002B07F0080318BF4FF000081B
:10DCD000002B79D0684B694953F829202046FFF77B
:10DCE00093FF0546059B2BB165491A462046FFF771
:10DCF0008BFF0544B8F1000F05D06249424620462B
:10DD0000FFF782FF054460483544069B1BB15F491D
:10DD100022460AF05EF9049B002B00F08E80DDF8AD
:10DD200010803946B8F1100F204628BF4FF0100878
:10DD3000FFF77CFF0026B54250DC002633461AF878
:10DD4000032053492046FFF75FFF0136102E4BD0CA
:10DD5000710703D14F492046FFF756FF464533462A
:10DD6000EDD34D492046FFF74FFFEEE706468DE71E
:10DD70004A4B1868002894D0494B4FF47A7B1B68B3
:10DD8000B5FBF3F54FF46163B5FBF0F100FB115502
:10DD90000BFB05F54FF03C0CB1FBF3F203FB12114A
:10DDA000B5FBF0FEB1FBFCF300FB1E550CFB1311A1
:10DDB0000BFB05F50091B5FBF0F53A49CDE901E51E
:10DDC0002046FFF721FF6CE707F008058AE7B8F166
:10DDD000010F0CBF2C4834484D4696E72D4920468C
:10DDE000FFF712FF0136A6E7304920460026FFF76D
:10DDF0000BFF33461AF803202D49A2F120035F2BB5
:10DE000028BF2E222046FFF7FFFE0136102E0DD030
:10DE1000720703D11F492046FFF7F6FEB04533468F
:10DE2000E8D81C492046FFF7EFFEEEE7049BB3EB72
:10DE30000803C24404937FF472AFB9F1000F0AD013
:10DE4000FB0704D50B4A0A492046FFF7DDFE394699
:10DE50002046FFF7EBFE204609B0BDE8F04F0AF080
:10DE600086BD00BF40AB010044AB0100CCA4010063
:10DE700088B201003BAB0100E0A4010069AB0100E6
:10DE80006FAB010073AB010089890100B1EB0000A9
:10DE900078AB010080AB01007EAB0100680D002073
:10DEA000640D00204DAB0100BF89010082AB010071
:10DEB00084AB010073B542F20F738B4228BF0B464F
:10DEC00005680F4A04460521684609F0E1FC6368CD
:10DED0000C495B6806460B2228460AF03AFD636847
:10DEE0003246694628465B680AF033FD6368064996
:10DEF0005B681B2228460AF02CFD02B070BD00BFF3
:10DF000055B00100C0B90100A4B90100074A0021C1
:10DF10000123904206D8064A01B901231360054B3C
:10DF20001860704740085B000121F2E740420F0093
:10DF3000640D0020680D0020F8B5074F0D4604461B
:10DF40004618B44201D12846F8BD14F8011BBB683D
:10DF500001485B689847F4E744A10100014B036066
:10DF60000020704728A5010008B50348034A002196
:10DF7000121A0AF0A1FD08BDD003002030190020BC
:10DF80000748084A084908B5121A0AF097FD0748D9
:10DF9000074A0849BDE80840121A0AF08FBD00BFC1
:10DFA00000000020CC0300202CBA0100000000205B
:10DFB000000000202CBA01002DE9F047064600AF12
:10DFC0000C46002936D0E9468AB0D1E90012A36890
:10DFD0006D462148E8464FF0050ACDE90501CDE937
:10DFE000072348F810AF1D48424600234FF4215143
:10DFF000FFF72CFDCD46D4E903126369AD461848FE
:10E00000C5F810A0C5E90501C5E907231348002399
:10E0100042464FF42151FFF719FDCD46E369114AFD
:10E020000E4801210AF07FFCA3690F4A0B48012129
:10E030000AF079FC012E07D1EFF305830B4A07485C
:10E04000103B31460AF06FFC2146304608F048FA92
:10E05000BD46BDE8F08700BFC1AB0100DCA30100F5
:10E06000F0AB01001FAC01002EAC01005CAC010064
:10E0700030BFFFF7FDBF00BF2DE9F0410B4EDFF8C9
:10E08000308006EB0807CC1B05463246094920467E
:10E090000BF036FFA01942460021083C0BF057FF59
:10E0A0002C6707F10800BDE8F08100BF0000000008
:10E0B0000400000014A4010010B5204C20492148A0
:10E0C0000AF009FDA36A990136D51E481E490AF0D7
:10E0D00002FD1E20A36ADA0104D51A481B490AF082
:10E0E000FAFC1F20154CA36A1B0304D515481849D8
:10E0F0000AF0F1FC2120A36A590304D511481549FF
:10E100000AF0E9FC22200D4CA36A9A0304D50D48BD
:10E1100011490AF0E0FC2320A36ADB0304D5094877
:10E120000E490AF0D8FC2420044A936A6FEA03439C
:10E130006FEA1343936210BD1D20CBE700ED00E0B2
:10E140006FAC0100DCA3010087AC01009AAC0100B8
:10E15000B4AC0100D2AC0100F7AC010011AD01007C
:10E1600070B506460D46284C284929480AF0B3FCEC
:10E17000A36AD9043CD5264826490AF0ACFC1720EE
:10E18000A36A1A0504D5224823490AF0A4FC1820E2
:10E190001D4CA36A9B0512D51D4820490AF09BFC23
:10E1A000A36BA26A100409D51D4A194801210AF07F
:10E1B000BAFB1EB1A36A23F40043A3621920124CD8
:10E1C000A36A590504D5124816490AF084FC1A209E
:10E1D000A36ADA050ED50E4813490AF07CFC1B2011
:10E1E000094A936A43F47F43936200232B7070BD06
:10E1F0001620C5E7A36A9B04F2D505480B490AF02F
:10E200006AFC1C20ECE700BF00ED00E03CAD010023
:10E21000DCA3010052AD010063AD010076AD010049
:10E220008FAD0100A4AD0100BFAD0100D7AD01006D
:10E230002DE9F843804689461746354D354936481D
:10E240000AF049FCAB6ADE0627D5344932480AF0A9
:10E2500042FC1124AB6A1D0704D531492E480AF04F
:10E260003AFC12242A4DAB6A980718D52D492A4842
:10E270000AF031FC6E6BAB6A190646D52A4A26486D
:10E28000334601210AF04FFBB9F1000F03D0AB6A0E
:10E2900023F08003AB62132403E01024DAE76FF06D
:10E2A00015061B4DAB6ADA0704D520491A480AF057
:10E2B00012FC1424AB6A9B0604D51D4916480AF0CB
:10E2C0000AFC1524124B9A6AD50602D49A6A900762
:10E2D0000AD55B68190507D54146304600F034FA87
:10E2E00010B180F309880224094B9A6A920642BF52
:10E2F0005A6A22F400525A629A6A42F0FF029A6203
:10E3000000233B702046BDE8F8836FF01506C2E796
:10E3100000ED00E006AE0100DCA301001CAE010030
:10E3200063AD01004FAE010067AE01007DAE01009C
:10E33000D7AD01002DE9F041684B8AB0D3F80480D5
:10E3400000AF0446C8F30806002585F31188BFF323
:10E350006F8F02F07F43B3F17F4F07D102F00C03C0
:10E36000082B12D15E495F480AF0B5FB00252C4608
:10E370000023FB71F31E092B00F28F80DFE803F00E
:10E380000A8588818D8D8D8D8D8B10074CBF0C4635
:10E390000125EDE754495348504E0AF09CFB0023F9
:10E3A000FB71F36A9A0705D550494E480AF093FB72
:10E3B00000232DE0F36A002B01DA4D49F5E7F36AFB
:10E3C0005B00F5D54B4947480AF085FB7369A269A4
:10E3D00043F480737361BFF34F8FBFF36F8F32F8D5
:10E3E000023C726922F480727261BFF34F8FBFF3F7
:10E3F0006F8F03F47F42B2F55F4F2BD1DBB2022B5C
:10E4000028D123683C4A374801210AF08CFA236856
:10E41000FA79DAB907F1080604F1200C206861687E
:10E42000324603C2083464451646F7D17A6A002D95
:10E4300050D0C2F3080121B96FEA52226FEA42229A
:10E440007A6207F108011846FFF7B6FD2837BD4686
:10E45000BDE8F081214B9A6AD2B22AB1FA1D01219E
:10E460002046FFF7E5FE0EE09A6A12F47F4F04D0D3
:10E47000F91D0120FFF774FE05E09B6AB3F5803FAC
:10E4800096D3FFF719FE0346C2E7FA1D0021E7E71E
:10E49000F91D0020EEE7194987E7194A194B18F4CE
:10E4A000F87FE8468AB008BF13466A461649CDE9A8
:10E4B00005134FF40073ADF82030103E134B079650
:10E4C00042F8103F074800234FF41151FFF7BEFAFE
:10E4D000C5466DE76FF30802B2E700BF00ED00E04C
:10E4E000CAAE0100DCA30100F5AE01000CAF0100D3
:10E4F0002DAF01003BAF01005AAF010076AF010024
:10E500009CAE0100B1AE01009AAF01000400000111
:10E51000044B5A6942F010025A615A6922F008020B
:10E520005A61704700ED00E0EFF30880EFF30981D6
:10E5300001B57246FFF7FEFE01BD00BF002080F36B
:10E540001488BFF36F8F0F4880F3088807F00CFC26
:10E5500000200D490860BFF34F8F00F02BF82020FA
:10E5600080F3118809484FF40461401880F309884A
:10E57000EFF314800221084380F31488BFF36F8FF8
:10E5800000F0B2F84039002094ED00E0802B00202C
:10E590000749D1F890200023C2F30722184693427E
:10E5A00000DB7047C1F89830C1F8A0000133F6E7EE
:10E5B00000ED00E008B572B6002383F31388FFF77F
:10E5C000E7FF144B4FF0FF32C3F88020C3F88420DC
:10E5D000C3F88820C3F88C20C3F89020C3F8942097
:10E5E000C3F89820C3F89C20C3F88021C3F8842185
:10E5F000C3F88821C3F88C21C3F89021C3F8942173
:10E60000C3F89821C3F89C2162B6BFF34F8FBFF3C4
:10E610006F8F08BD00E100E01EF0040F0CBFEFF3A8
:10E620000880EFF30980816911F8021C0229FFD0EC
:10E6300001B572460AF044FA01BD00BF40B200289D
:10E6400007DB044A4109012300F01F00834042F820
:10E650002130704700E100E040B200280CDB4309A4
:10E66000064900F01F0020330122824041F8232098
:10E67000BFF34F8FBFF36F8F704700BF00E100E023
:10E68000054B420900F01F0053F82220012303FA32
:10E6900000F01040704700BF00E100E040B20028E9
:10E6A000A8BF00F1604001F10101B8BF064B4FEA7D
:10E6B0004111ACBF00F5614000F00F00C9B2B4BF1A
:10E6C000195480F80013704714ED00E0044B054A1C
:10E6D00023F07F039360BFF34F8FBFF36F8F7047BB
:10E6E00000C2000000ED00E008B5FFF7EFFF074AA9
:10E6F000D2F8883023F47003C2F88830FFF734FC76
:10E70000FFF73EFC00F0B0F808F010F800ED00E074
:10E7100042F8203C009B42F81C3C0A49019B42F80D
:10E72000183C029B42F8143C21F001014FF0807329
:10E7300042F8043C42F8081C0023203A0265436773
:10E74000704700BFF1D20000094A0346906870B1DB
:10E7500013F1160F006E05D0A0F14002934205D3CD
:10E76000834203D2814228BF0020704700207047B7
:10E770004818002008B515460B4A0C4B9060026FF4
:10E780001A600E4600F0A0F82C4686F30988002097
:10E79000034B98472046002100220023014C2047CC
:10E7A000ED8A0100F1D2000048180020900D0020F1
:10E7B000014B10221A61704700ED00E0054B5A69C9
:10E7C0009B689A421FBF044A536843F080535360CA
:10E7D000704700BF4818002000ED00E0084B9B6820
:10E7E00083420BD1EFF3058343B1064B5A6842F0E5
:10E7F00080525A605A6A22F400425A6208F0B0BC51
:10E800004818002000ED00E014498A684FF03000FD
:10E810001044EFF3098C80E8F01F202080F3128869
:10E82000BFF36F8F0E4F4FF000664A698A603E60FB
:10E83000106F0C4C2060506F0023536780F31188D9
:10E8400004B5104600F040F8BDE8044002F1300085
:10E8500090E8F01F8CF309887047000048180020EA
:10E8600004ED00E0900D0020044800232021C21890
:10E870000133302B82F80013F9D1704700E100E03A
:10E8800008B5EFF30583064A103B02EBC30152F8CB
:10E89000330049688847BDE80840FFF78FBF00BFD5
:10E8A0007CA101000148006870470000900D002025
:10E8B000024B034A0348012100F08AB800000420FB
:10E8C0000000002028A50100036E054A403B1360AC
:10E8D000044B4021C2E901131046012100F082B827
:10E8E000940D002000000B1508B503461048D0F821
:10E8F0009020C2F30722013A934207D90D480E4AED
:10E9000001210AF010F86FF0150008BDC0F898302A
:10E910000A6822F01F021A4342F01002C0F89C203D
:10E920008A6842F00102C0F8A0201846EDE700BF57
:10E9300000ED00E0C4A30100B1AF0100F0B50E4648
:10E9400085B01F4604460025B5420DDA606810B355
:10E9500097B1431E18420AD0104A11482B46012194
:10E9600009F0E1FF6FF01502104605B0F0BD1F2859
:10E97000F2D921680B42EFD1236801930AF0D9F84C
:10E98000A36801A90343D0B20393FFF7ADFF10F1D1
:10E99000160FE7D0421C01350C34D5E7D7AF010084
:10E9A000C4A30100044B0522C3F89420BFF34F8F8A
:10E9B000BFF36F8F704700BF00ED00E0BFF35F8FC4
:10E9C000024B0022C3F89420704700BF00ED00E026
:10E9D00010B5034C01232278FFF7B0FF207010BD63
:10E9E0008118002008B50B4A00231278FFF7A6FF14
:10E9F00010F1160F07D0084A0021D2F89030C3F367
:10EA00000723984200DB08BDC2F89800C2F8A010A6
:10EA10000130F2E78118002000ED00E02DE9F0431D
:10EA20005D485E49D0F890300C68C3F307239C42E0
:10EA300085B000F2AE80FFF7C1FF49680022944222
:10EA400001F10C011AD1564F564D3C706846FFF744
:10EA500085FA554C554E81464FF00008C14520D1EE
:10EA60003B784D490020D1F89020C2F30722934211
:10EA7000C0F28980FFF796FF002050E0C0F8982090
:10EA800051F80C3C23F01F03134343F01003C0F86C
:10EA90009C3051F8043C43F00103C0F8A03001322F
:10EAA000CDE7009800EB08114FEA081CCB68234023
:10EAB000B3F5000F49D00BD8B3F5001F32D0B3F532
:10EAC000800F37D0B3F5801F14D008F10108C5E7D7
:10EAD000B3F1007F42D0B3F1805F48D0B3F1807FC3
:10EAE000F3D150F80C3088684A680AF022F840F0F8
:10EAF000887009E050F80C3088684A680AF019F804
:10EB000040F0885040F43020039001A93878CDE9D6
:10EB10000123FFF7E9FE002831DA6FF0150005B098
:10EB2000BDE8F08350F80C3088684A680AF001F8B4
:10EB30003043E9E750F80C3088684A6809F0F9FF7B
:10EB400040F0C06040F40030DEE750F80C308868D8
:10EB50004A6809F0EEFF40F08270D5E750F80C30BB
:10EB600088684A6809F0E5FF40F48020CCE750F857
:10EB70000C3088684A6809F0DCFF2843C4E73B781A
:10EB800001333B70A1E7C1F89830C1F8A000013310
:10EB900069E74FF0FF30C2E700ED00E034A5010067
:10EBA00081180020000002110000F0FF0000081191
:10EBB000F0B587B007460E4614460021102268467D
:10EBC0001D460BF0C4F902238DF802302A46054B8E
:10EBD000019321466846CDE9047608F083FE07B02C
:10EBE000F0BD00BF538B010008B5024B1B6898476E
:10EBF000002008BDA00D0020034B044A1860937844
:10EC000043F0020393707047A00D002038010020EC
:10EC100008B50649064821F00701C1F1005202F586
:10EC2000802209F095F9002008BD00BFF7430020BD
:10EC3000A40D002070B54169867A0B4D044659B188
:10EC4000437ADB0706D4242303FB0653DB691B68E6
:10EC50009B689847002363612420214600FB0650EF
:10EC6000BDE870400AF0A6BE3C030020024B2422FF
:10EC700002FB0030704700BF3C030020827A064B45
:10EC8000242101FB02331A6A1B7D1B33801A23F0F7
:10EC90000303B0FBF3F070473C03002038B5074B8B
:10ECA000827A242404FB0233DB69D3E901240C605B
:10ECB0001568FFF7E3FF04FB005038BD3C0300205C
:10ECC0002DE9F04385B005466846039190461C4601
:10ECD0000BF0BDF8DDE90067EFF31189202383F322
:10ECE0001288BFF36F8F6B8A002B41D02A8A9A4219
:10ECF00025D900220023284607F092FD0446F0B1F2
:10ED000089F31188BFF36F8F039B002B41D03246EC
:10ED10003B4668460BF0C0F8A27A264B242101FB43
:10ED200002332046DB691B6803A91D68DDE9002367
:10ED3000A847606170BB2046FFF77CFF24E0698A2A
:10ED40004B1E6B8289F31188BFF36F8F2B7D2A8A4C
:10ED50002C6A1B3323F00303521A02FB0344154BA6
:10ED6000154AEB1A9B105343A3722B7DE372CBE73A
:10ED700089F31188BFF36F8F23464246284607F078
:10ED80004FFD04460028BFD10024204605B0BDE851
:10ED9000F0836361012300252381039B6382E27A70
:10EDA0006560294604F118000BF0D1F863692582EB
:10EDB000E360EAE73C030020398EE338F8B5124DF2
:10EDC0000024242600B9F8BD00F108024768BFF30B
:10EDD0005B8F52E8003F591E42E8001CBCF1000F57
:10EDE000F7D1BFF35B8FDBB2012BECD1837AC46028
:10EDF00006FB035344609B6913B198473846E1E72B
:10EE0000FFF718FFFAE700BF3C0300200C4B01227C
:10EE1000C3F840254FF080434FF08051C3F8782568
:10EE2000D1F83001082805D1D1F83411022908BFE2
:10EE3000C3F838260122C3F880250020704700BFA0
:10EE400000E0014048B1054B054A1B68B3FBF2F3F3
:10EE50005843044B43F0010318477047B8020020A1
:10EE600040420F0080A4010008B5054A054B13601D
:10EE700010463C23536007F04DF8002008BD00BF4A
:10EE8000B00D00203FC00F000E4B402970B528BFC9
:10EE900040210D4C46181D46B04203F1020304D137
:10EEA000002305F81130074870BD02781209A25CF2
:10EEB00003F8022C10F8012B02F00F02A25C03F8F9
:10EEC000012CE9E7A0180020DFB9010030B5037874
:10EED0008BB0044607AD032B21D8DFE803F0021AFC
:10EEE0001C1E12492846FDF725FA05956378049300
:10EEF000A3780393E37802932379019363790093D2
:10EF0000A3790B4A0B481E2108F0C2FC09480BB03C
:10EF100030BD0949E6E70949E4E70949E2E7094A5A
:10EF20000A21284608F0B4FCDFE700BFE9A8010089
:10EF30000BA9010082180020F0A80100F7A8010029
:10EF400001A90100B2B0010010B509F0B3FE0AF04A
:10EF50000AFE044608B908F039F8BFF35B8F064B88
:10EF60001B68BFF35B8F0BB10A2098471CB9BDE843
:10EF7000104008F03FB810BDB80D002038B5044669
:10EF8000084809F003FE054648B1631EDBB21F2B9B
:10EF900096BF054A0021D15C0C3009F04CFE284692
:10EFA00038BD00BF84030020F0B901000E380128ED
:10EFB00010B50AD8094809F0E9FD044618B1042142
:10EFC0000C3009F038FE204610BD09B10448F2E7C4
:10EFD000BDE810400220FFF7D1BF00BFA80300200A
:10EFE0003C03002010B501210C3009F045FE0378E8
:10EFF000034A0448BDE81040012109F075BE00BF76
:10F0000036B001008CA3010010B586B003AB00241C
:10F0100000930749074805944FF0FF334FF480628F
:10F02000CDE9034407F0CAFD204606B010BD00BF7D
:10F03000801C00209008002010B5094BD3F80C313B
:10F0400063B1084908480AF059FD031E06DA074A69
:10F050000748BDE81040012109F046BE10BD00BFC1
:10F0600000000020E80100203009002058B0010015
:10F070008CA30100B0B50B460D8A00AF04462946AB
:10F08000D868FFF701FF8AB06A46094BCDE905341D
:10F0900040F20243ADF82430064BCDE907504FF45F
:10F0A000325142F8103F044809F02FFEBD46B0BD72
:10F0B00075B00100050000018CA3010037B502EB1B
:10F0C000C303044608469A4202D16FF05E0010E086
:10F0D000114611F8085BA54211D1038A5178994273
:10F0E00009D90848084A0094012109F026FC6FF06C
:10F0F000150003B030BD536898470020F9E70A4671
:10F10000E1E700BF8CA3010097B0010010B5012119
:10F1100004460C3009F0B0FD2146034A0078BDE8F2
:10F120001040002309F0F4BDF0A5010010B5012145
:10F1300004460C3009F0A0FD2146034A0078BDE8E2
:10F140001040002309F0E4BD08A60100F8B5012134
:10F1500000AF04460C3009F08FFD0678114A0023F9
:10F1600021463046FFF7AAFF5F3019D1258AE068B3
:10F170002946FFF789FE6C468AB06A460A4BCDE9FC
:10F18000053640F20243ADF82430084BCDE9075074
:10F190004FF4325142F8103F054809F0B6FDA5463C
:10F1A000BD46F8BD08A60100B9B001000500000188
:10F1B0008CA301002DE9F74FDFF818A1BFF35B8F97
:10F1C00080468946174600235AE8004F4AE8003235
:10F1D000002AF9D1BFF35B8F264644B93E4A3F4827
:10F1E0004346012103B0BDE8F04F09F07DBD204644
:10F1F000FFF744FD3A4D4FF00C0B0BFB00504388DA
:10F2000043451FD02046FFF739FD0BFB00504388D4
:10F21000344A009331484346012109F08EFBBFF385
:10F220005B8F5AE8003F4AE80062002AF9D1BFF339
:10F230005B8F002B4BD01E46304603B0BDE8F04F2D
:10F24000FFF7BCBDA74208D0204609F09AFC3A8AD5
:10F25000F96804F10C0009F0E5FC2046FFF70EFD0B
:10F260000C2707FB00504368ABB1B9F1000F12D176
:10F270002046FFF703FD07FB005001214268536859
:10F2800003F01F00814010685B0900EB8300137AD4
:10F29000CBB109F02BFD2046FFF7F0FC0C2707FB54
:10F2A00000508368002BC7D02046FFF7E7FC784367
:10F2B00005F800902046FFF7E1FC07FB0055A86821
:10F2C00007F0E4FAB8E7C94309F030FDE3E703B01B
:10F2D000BDE8F08F08010020EBB001008CA3010015
:10F2E000BC0D002013B10100094BBFF35B8F1A68FE
:10F2F000BFF35B8F02F00B02BFF35B8F53E8001F7D
:10F3000043E800200028F9D1BFF35B8F704700BFAE
:10F31000D40000202DE9F0470C4607F057FEE568C1
:10F32000268A2B78042B7DD1022E0ED8434A3346F1
:10F330004348012109F0D8FC2046FFF73FFD002497
:10F3400007F058FE2046BDE8F0876B783E2B0CD1C5
:10F35000032E02D13B4A3346EAE7EB78012B01D07A
:10F360000A2B49D14FF0030806E0052BFAD00E3BDB
:10F37000012B41D84FF0010804F10C070121384658
:10F38000D4F814A009F070FC0221384609F074FC8E
:10F3900003783E2B814607D1E3681B78012B01D00F
:10F3A0000A2B06D1032714E0052BFBD00E3B012BC3
:10F3B00032D9254A2549264841F2681308F068FEEB
:10F3C000002383F31188BFF36F8F0323184602DFF6
:10F3D000022703231F4A99F80000214609F098FCF0
:10F3E000BB071BD563692682A5EB0A0513FA85F5D1
:10F3F000E560B8F1010FA2D01748214609F0CAFB19
:10F40000164917480AF07AFB031E98DA154A0C4889
:10F41000012109F069FC92E70127DAE72046FFF7AE
:10F42000CDFCE6E7104A0648012109F05DFC2046C4
:10F43000FFF7C4FC6FF0150482E700BF46B101007E
:10F440008CA3010062B1010082B10100B6B10100DC
:10F45000CFB10100D8A501000C010020E801002077
:10F460003009002058B00100ECB1010038B51C484B
:10F4700009F0A5FB044690B300F10C05284609F0FD
:10F4800003FC0428034624D12846022109F0F4FB9A
:10F4900003780E3B012B05460ED8124A1249134839
:10F4A00040F69A4308F0F4FD002383F31188BFF37C
:10F4B0006F8F0323184602DF0D4A28780323214665
:10F4C00009F026FC2046FFF779FCBDE83840FFF73D
:10F4D000B3BD084A0848012109F006FCF2E738BD2F
:10F4E0000C01002082B1010000B20100CFB1010087
:10F4F000F0A501002EB201008CA3010010B5C1E9F6
:10F5000000239DF808300B720C46FFF7B7FB034B46
:10F510000C2202FB00335C6010BD00BFBC0D00205C
:10F52000F8B502460B46104809F030FB0446C0B15E
:10F5300004210C3009F06CFB2046FFF79FFB0B4DBC
:10F540000C2707FB0050002646802046FFF796FB5D
:10F5500007FB005086602046FFF790FB07FB005535
:10F560006E602046F8BD00BF60030020BC0D002087
:10F5700010B592B004460749442201A80AF0C0FC25
:10F58000102C9BBF12AB03EB8404034854F8440CCB
:10F5900012B010BD34A4010042B20100034B014679
:10F5A000D3F8240182689268104700BF0000002051
:10F5B0002DE9F047042100AF464809F097FB6D465E
:10F5C00088B06A46444B0593444B06934FF400734E
:10F5D000ADF81C30424C434B42F8103F4248434E7A
:10F5E0004FF4E65109F091FB414BE179AD462046DD
:10F5F000012998BF1E46FFF769FC8AB06A463D4B59
:10F600000790CDE905363C4B08933C4B42F8103F40
:10F6100035483B4EDFF8EC804FF4235109F075FB81
:10F62000A246AD460125E3799D420AF1070A3ADB7D
:10F6300094F870502846FFF79BFF6E468CB0B4F8E4
:10F640007210B4F876306A46DFF8BCC00993CDE991
:10F6500007512E4B4FF40075CDE905C0ADF8285089
:10F660004FF4535142F8103F1F4809F04EFBB54686
:10F6700094F871603046FFF77BFF8AB0B4F87430BD
:10F680006A462349ADF82450CDE90763214BCDE903
:10F69000051042F8103F14484FF4335109F035FB80
:10F6A000BD46BDE8F0875046FFF710FCE9468AB03A
:10F6B0006A4640F20133CDE905650790ADF8203088
:10F6C000094842F8108F4FF4135109F01EFB013521
:10F6D000CD46A8E7D40000204EB2010060B2010080
:10F6E00000000020030000018CA301004AB20100C9
:10F6F0003AAB01006BB201000002010304000002FA
:10F700007AB20100040000018BB201000600000182
:10F71000C9B2010005000001014902480AF0EEB932
:10F72000D80100209008002070B505460C4639B17C
:10F73000CB684A699B1A032B0ED86FF0150509E0B8
:10F740004FF0FF304FF0FF31FFF7EAFE044618B9E3
:10F750006FF06805284670BD2046FFF78FFA174BFB
:10F760000C2202FB0033A618032130465D8009F00D
:10F770006AFA0580238A033B83700121304609F031
:10F780006AFA40F635439D420FD12046FFF706FF47
:10F7900005460028DED00A4A03460121094809F03F
:10F7A000A3FA2046FFF70AFBD4E7074821460AF0F0
:10F7B000F6F80025FFF7B0FFCCE700BFBC0D002036
:10F7C000F0B201008CA30100140100202DE9F047E4
:10F7D00084B0804600AF91460C4671B94FF0FF30BF
:10F7E0004FF0FF31FFF79CFE044660B96FF06805EB
:10F7F00028461037BD46BDE8F087887AFFF736FA0D
:10F800003C4B83426FD10122002138460AF0DCF8DC
:10F810002046FFF733FADFF8E0A00C2303FB00A03B
:10F820008760204609F0E1F901464046FFF77CFF7A
:10F83000054618B12046FFF7C1FAD9E74FF4A022D8
:10F840000023384607F056F8064690B14FF4F1739E
:10F850002A4A2B492B4808F01BFC2B4832464146CC
:10F8600008F016FC85F31188BFF36F8F0323184649
:10F8700002DF2046FFF702FA0C2358431AF8006013
:10F880005EB36D468AB06A46204B0796CDE90538CF
:10F890001F4B089340F20243ADF824301D4B42F851
:10F8A000103F1D484FF4325109F02FFA2046AD4663
:10F8B000093EFFF783FA092E0CD8DFE806F0050BA6
:10F8C0000B08170B0B0B0B146FF06E0590E76FF026
:10F8D0000C058DE76FF004058AE7B9F1000FA9D098
:10F8E000C9F8004084E76FF0150581E76FF00B055C
:10F8F0007EE700BF60030020BC0D002082B1010044
:10F9000012B30100CFB101001BB3010060B30100CD
:10F910003AAB0100050000018CA301002DE9F04184
:10F92000002282B0114600AF40F60340FFF74EFFC1
:10F93000044600285BD1FFF7D7FC21463A1D41F26F
:10F940000300FFF743FF0446002850D17A68C34DF7
:10F95000D168D1F80100D1F8051005F1780303C38F
:10F960001046FFF72BFA21463A1D41F20100FFF73E
:10F970002DFF044600283AD17868C3685A7885F884
:10F9800070205A88A5F872201A7985F87120B3F88A
:10F990000720A5F87420B3F80530A5F87630FFF7F6
:10F9A0000DFA21463A1D41F20200FFF70FFF04460F
:10F9B000E8B9D7F804C0DCF80C2005F18006531C28
:10F9C000413218685968344603C4083393422646C6
:10F9D000F7D16046FFF7F2F995F87C305C060BD45E
:10F9E0009F4AA048012109F07DF96FF012042046DA
:10F9F0000837BD46BDE8F0813A1D002142F2030000
:10FA0000FFF7E4FE04460028F1D17A68964BD168EE
:10FA1000D1F80100D1F8051003C31046FFF7CEF965
:10FA20001F23A5F8E83095F87C30980619D44FF0DC
:10FA3000FF304FF0FF31FFF773FD0646002800F05E
:10FA40003D8102210C3009F0E7F801234470037076
:10FA50002246314640F66D40FFF7B8FE04460028C6
:10FA6000C5D195F89C30190712D53A1D002142F2F4
:10FA70001C00FFF7ABFE04460028B8D17868C368C5
:10FA8000D3F80120D3F80530C5E93823FFF796F9FC
:10FA90004FF0FF304FF0FF31FFF742FD04460028E2
:10FAA00000F00C8108210C3009F0B6F80226002283
:10FAB000067042708270C270027142718271C271AE
:10FAC000214642F20100FFF781FE044600288ED154
:10FAD0004FF0FF304FF0FF31FFF722FD8046002846
:10FAE00000F0EC8008210C3009F096F88023437078
:10FAF000202304708470047144718471C670C371D2
:10FB00002246414640F60140FFF760FE04460028C9
:10FB10007FF46DAF01463A1D4FF60140FFF756FEE8
:10FB200060B1524A4F48022109F0DCF8EB79002B12
:10FB300040F0B48000F070FC044658E77B68DC6855
:10FB4000B4F80130042B96BF494A4A4952F82310B1
:10FB50006E468AB06A46484807934FF40073ADF882
:10FB60002030464BCDE9050142F8103F3D484FF4A7
:10FB7000135109F0CAF8B4F80120B4F80330022A8E
:10FB8000B5464BD1052B49D83D4A52F823106E4655
:10FB90008AB06A463B4807934FF40073ADF82030B3
:10FBA000364BCDE9050142F8103F4FF413512D4873
:10FBB00009F0ABF8637994F806C0D4F80900032B78
:10FBC000B54698BF304AB4F8076094BF52F8231086
:10FBD00028496C468CB06A46DFF8B0E0CDE9073CB6
:10FBE0004FF40073ADF82C30294BCDE905E1CDE998
:10FBF00009604FF4735142F8103F1A4809F085F834
:10FC0000A5467868FFF7DAF83A1D00214FF6024062
:10FC1000FFF7DCFD044618B11E4A83E71549B6E735
:10FC20007868C368B3F80130A5F8C130FFF7C6F8AB
:10FC300095F8C1305A077FF579AF3A1D21464FF646
:10FC40000340FFF7C3FD08B1134A6BE77868C36848
:10FC50005B7885F8C030FFF7B1F867E70000002057
:10FC60007FB301008CA30100D8000020A3B30100E2
:10FC7000C4A5010042B20100C7B3010004000001A5
:10FC8000ACA50100E0B301009CA50100F8B30100A0
:10FC90000700000125B401004EB401002E78002EAB
:10FCA0007FF448AF95F8C1309B061FD54FF0FF3069
:10FCB0004FF0FF31FFF734FC044610B96FF06804D1
:10FCC00095E606210C3008F0A7FFD5F80130036057
:10FCD000084B9B888380214632464FF60640FFF74B
:10FCE00075FD044600283FF425AF80E66FF08504DB
:10FCF0007DE600BF0100002073B52C4D0646D5F807
:10FD0000240109F068FD48B9294A2A48012108F070
:10FD1000E9FF6FF01204204602B070BD6FF00201DF
:10FD200005F1D40009F002F8012108F0DFFF10EA24
:10FD3000010437D1204B1E600A4605F1F80009F096
:10FD400043FE05F58A7009F0FCFD1C4809F0E6FE4B
:10FD50001B491A4800946FF007034FF4966206F0AF
:10FD60002DFF1849154809F004FFD5F8240116495C
:10FD700083681B689847044630B1144A0346012142
:10FD80000C4808F0B1FFC6E73EB9FFF7C7FD0446CF
:10FD90000028C0D1FFF70CFCBDE705F1C40006F058
:10FDA00007FFB8E76FF07704B5E700BF0000002059
:10FDB00077B401008CA30100C80D00203009002099
:10FDC000C02000208FB4010015F3000098B401009A
:10FDD00010B5FFF7A3FD044608B9FFF7E9FB044B94
:10FDE0001B681BB12046BDE81040184710BD00BF7E
:10FDF000C80D002038B5042104460C3008F03CFF43
:10FE0000034640885D7818B119782246FFF7D2F989
:10FE100035B1044806F03AFDBDE83840FFF77CBC38
:10FE200038BD00BFF8000020B0B50321044600AF84
:10FE30000C3008F021FFE2680346B0F801001178A9
:10FE400040F63542904216D16C468AB06A46104B55
:10FE50001048CDE90531104B079340F20133ADF85E
:10FE600020300E4B42F8103F4FF4125108F04DFF76
:10FE7000A546BD46B0BD1D7810B12246FFF79AF9E0
:10FE8000002DF6D0064806F001FDFFF745FCF0E72F
:10FE9000B4B401008CA301003AAB010004000001DE
:10FEA000F800002038B507F091F82E4DD5F8143140
:10FEB000002B52D00022002305F1F80006F01AFDB5
:10FEC00000284AD10022002305F58A7006F0A8FC1C
:10FED000044668B9244A2549254840F6AA4308F053
:10FEE000D7F884F31188BFF36F8F0323184602DF1E
:10FEF000D5F808315BB11F4A1F48012108F0F2FE16
:10FF0000D5F80801FEF75AFF0023C5F8083120464E
:10FF100008F06BFEC5F808012046FFF73FFB0346DB
:10FF2000C8B1164A1448012108F0DEFE144806F054
:10FF3000ADFC2046FEF7A2FE124B0C2202FB003362
:10FF4000588818B122461F21FFF734F92046FEF7E2
:10FF500035FFFFF7E1FBFFF7DFFBBDE8384007F0B7
:10FF600049B800BF0000002082B101002AB00100A2
:10FF7000CFB10100ECB401008CA30100F0B201008C
:10FF8000F8000020BC0D002070B54FF0FF320D4688
:10FF90004FF0FF3300210646FFF708F8044660B92A
:10FFA0000A4A0B490B481A2308F072F884F31188A7
:10FFB000BFF36F8F0323184602DF022104F10C0008
:10FFC00008F02AFE06704570204670BD28B6010074
:10FFD0002AB00100CFB10100F8B50A4DEF7906460D
:10FFE0000024E3B29F4202D86FF0010007E02946E7
:10FFF000304608F0CBFE0735631C08B12046F8BD3B
:020000040001F9
:100000001C46EEE70000002070B51A4E062231466D
:10001000054609F0A4FF38B34FF0FF304FF0FF3131
:10002000FFF77EFA044608B3062229460C3008F092
:10003000F9FD2146002242F20500FFF7C7FB044606
:1000400048B110F10D0F04D10B4A0C48022108F001
:10005000A5FE204670BD33462A6843F86929AA8860
:10006000B280012283F868200024F2E76FF0680470
:10007000EFE700BF690000205EB6010094A3010015
:1000800073B504460D4689B11749284608F07EFE2F
:1000900060B9164A2968C4EBC404A3181151AA8890
:1000A0009A80AA799A71002002B070BD6E463046DF
:1000B00008F0F2FD0028F7D13046FFF78DFF002849
:1000C000F5DA0A4A0098B179C4EBC404A3181051B8
:1000D000B08898809971002DE5D012592A609A88CD
:1000E000AA809B79AB71DEE7CCB90100000000204B
:1000F00038B50D460649CC7938B12B689C4228BFEB
:100100001C46C4EBC40209F0FBFE2C6038BD00BFE6
:100110000000002070B5044629BB38B3274908F019
:1001200035FE18BB2046FFF757FF002840DA23783A
:100130006BB9234AD379002B3AD120681060A1799A
:10014000A088917101219080D171184670BD012B5A
:1001500004D1A37903F0C003C02B07D0194A1A4871
:10016000012108F01BFE6FF01500EFE7144DEB794D
:10017000012B20D0BFF35B8FD5F8D430BFF35B8F5A
:10018000DB0707D4002CEED00C49204608F0FEFD1A
:100190000028E8D1EE792146731C3046EB71FFF759
:1001A0006FFF08B93046D1E7EB79013BEB71CDE742
:1001B0006FF07700CAE76FF00B00C7E7CCB901001A
:1001C000000000206DB6010094A301002DE9F34169
:1001D000044640B91A4A1B48022108F0DFFD0020FE
:1001E00002B0BDE8F08101AA002141F20900FFF749
:1001F000EDFA054608B1144AEDE7019E1349D6F819
:100200000C8008F101070622384609F0A8FE28B143
:100210000F490622384609F0A2FE18B93046FEF70B
:10022000CDFDDCE7D8F80130C4F80130BB88A4F874
:10023000053030462570FEF7C1FD0120D0E700BF34
:100240009BB6010094A30100B4B60100D9B9010026
:10025000D3B9010007B56846FFF7B8FF044BD87162
:1002600018B169460020FFF70BFF03B05DF804FBEF
:10027000000000202DE9F041304EF17988B00029CE
:1002800054D196F8C24014F0010411D12C4A2D48E3
:10029000022108F083FD0024F471162500240127B3
:1002A000F379E0B283422BD8002B3FD000203AE014
:1002B0006A464FF60940FFF789FA08B1224AE6E795
:1002C000DDF800C0DCF80C5095F80180B8F1000FA3
:1002D0000ED0AB1C02AA123518685968174603C71E
:1002E0000833AB423A46F7D1186838609B88BB8028
:1002F0006046FEF763FDB8F1000FCDD1134AC6E7A3
:1003000008AB05FB0033694653F8182C33F8143C4E
:10031000CDF80120ADF805308DF80070FFF7B0FE84
:1003200001340028BCD008B0BDE8F08100210846A7
:1003300008B0BDE8F041FFF7EDBE00BF00000020AF
:10034000D2B6010094A30100FEB601001EB7010061
:100350002DE9F0411D460E461746034648B145B10A
:100360000A0311D54C0708D5284A2948012108F06D
:1003700015FD6FF01500BDE8F08108F019FD0028AB
:10038000F9D101232B70F6E7B107047824D0214975
:100390002FB1B20603D591F8D820500632D5C4EB60
:1003A000C40411F80480B8F1010F09D101342144CB
:1003B000184608F0F5FC0028DDD185F8008002E041
:1003C000B8F1000FF9D02FB1B30642BF2B7843F03C
:1003D00002032B700020CEE7720710D50D49C4EB45
:1003E000C4040F5D012F07D10134214408F0D8FC6B
:1003F0000028C0D12F70E7E7002FE5D1FAE708F019
:10040000D7FCBEE76FF08500B5E700BF47B7010036
:1004100094A301000000002038B5104DEB7913B112
:100420000024204638BDFFF715FF044628B10C4ACA
:100430000C48012108F0B2FCF3E7EB79002BEFD177
:10044000FFF718FF04460028F1D1681CFFF7DCFD18
:1004500004460028E5D0044AEAE700BF0000002077
:1004600066B7010094A3010085B701002DE9F74F9D
:10047000884601904FF0FF314FF0FF30FFF750F802
:10048000044600284ED020210C3008F0C5FB002186
:1004900020220646002709F05AFDD8F8005006F140
:1004A000010B3946D8F804309F4208D301983170C7
:1004B0000022214603B0BDE8F04FFFF787B96A7804
:1004C00095F800C0881C13181F2B5FFA80F915D906
:1004D000BCF1090FC9F11F0201D1002A0CDC134A3B
:1004E0001348012108F016FA2046FEF767FC6FF06A
:1004F000150003B0BDE8F08F4FF0080C5FFA82FAE8
:100500000AF1010E0BF801E00131C9B258440BF8B1
:1005100001C0D144696809F0F3FC01375FFA89F141
:100520000835BFE76FF06800E3E700BFA8B7010038
:100530005CA30100F7B5CDE90001694642F208006D
:100540009DF8207016461D46FFF790FF044668B9D7
:100550007FB9BFF35B8F0C4B53E8001F41F00401E0
:1005600043E80012002AF7D1BFF35B8F204603B0A7
:10057000F0BD694642F20900CDE90065FFF776FF5C
:100580000028E6D00446F1E7280000202DE9F04FCE
:1005900089B0D0F810900293B9F1000318BF01237D
:1005A000DFF8C0A2039305460F469346BFF35B8F67
:1005B000DAF80030BFF35B8F5A0740F13F8146689D
:1005C00073050BD56FF01504002340F201119B4514
:1005D00040F03D81204609B0BDE8F08FD0F8108092
:1005E000B8F1000F01D0B407ECD09F4C2878E37924
:1005F0008342E7D9C0EBC0009C490722204409F0A0
:10060000AEFC0028DED0B00706D194F87030082B7D
:1006100002D8AB689F2BD5D916F0300F74D0B8F143
:10062000000FCFD0F10672D406F46036B6F5603F05
:10063000C8D0284608F0D3FB80460028C2D08C4E94
:10064000BFF35B8F3268BFF35B8FC2F30023D20529
:1006500000F1F7806A68CDE90533CDF81B30AB684F
:10066000ADF8103012F4004FEB68ADF8123014BF43
:1006700006230723D00348BF03F00503910348BFB7
:1006800003F0FB038DF81D30BFF35B8F5AE8003F8A
:1006900023F480734AE80032002AF7D1BFF35B8F5E
:1006A0002B78237684F86F30039A696871480DF1CE
:1006B0001503FFF74DFE0446002885D16E4BB9F1B6
:1006C000000F30D02A6911684AF8B31C91889980CC
:1006D00092799A716B689A0727D0B9F1000F2AD0E6
:1006E00013F0100F0CBF012304238DF814302B6975
:1006F0001A68CDF816209A88ADF81A209B798DF8E3
:100700001C304FF0000819E0B8F1000F8CD1D5E98A
:1007100002239A423FF656AF1F2A7FF653AFB3F536
:10072000804F81D94EE7514ACDE79C0501D4029B09
:100730005BB3022300E04B468DF814304FF0FF30DE
:100740004FF0FF31FEF7ECFE044600287CD00F226C
:1007500004A90C3008F066FA2146002242F2060095
:10076000FFF734F8044600287FF42EAFB9F1000FEC
:100770000FD04048012108F036FB0446A8B13F4A9B
:100780003F48012108F0C6F81EE703238DF8143016
:10079000B7E7129B029ACDF8008059463846FFF71A
:1007A000C9FE04460028E4D00EE76B68BFF35B8FF8
:1007B000980728D056E8003F43F4007346E800321B
:1007C000002AF7D1BFF35B8FBFF35B8FB8F1000F47
:1007D00022D056E8003F43F4806346E80032002A06
:1007E000F7D1BFF35B8F6B68BFF35B8F59071CD5E5
:1007F00056E8003F43F4805346E80032002AF7D120
:10080000BFF35B8FE0E656E8003F23F4007346E851
:100810000032002AD6D0F6E756E8003F23F4806382
:1008200046E80032002ADCD0F6E756E8003F23F421
:10083000805346E80032002AE2D0F6E76FF00A045F
:10084000C2E66FF07704BFE66FF06804BCE63A8852
:100850008A4204D17A6812B11278D20712D40133D5
:100860000837B4E6D400002000000020CCB9010015
:10087000280000201800002021000020C1B701003E
:100880005CA301000549064809F04EF94FF47022B7
:100890000023034806F000FA9CE600BFD5080100DB
:1008A0003000002010B50A4C204608F0C2FABFF311
:1008B0005B8F2369BFF35B8FC3F30020DB0505D596
:1008C00020460021BDE8104008F08DBA10BD00BFE1
:1008D0001800002010B5FFF7E5FF034630B1044AC9
:1008E0000448BDE81040022108F01DB810BD00BF4B
:1008F000DCB701005CA3010000F1070C2CF0030C35
:1009000010B4541E1860A4B2ACF80020023A93B29E
:1009100001FB04F24FF0000C40F802C074B103FB7D
:10092000011403FB01F22044121B4FF6FF7C013B34
:100930009BB263458050A0EB0100F8D110BC70471A
:100940000346006810B102680AB91A60704700F1E6
:10095000070C2CF0030CD11DBCF800C021F00301E2
:100960000CF1FF3CA1F800C0EFE700BF0B687BB1C2
:10097000073323F003031A88013292B20346D1F8F9
:1009800000C043F807CB23F003031A8008607047C8
:100990000122F3E7531E11449BB242B1DB430138FD
:1009A000CA1811F8013D00F8013F9142F9D1704792
:1009B000014402E010F8013B1BB98842FAD1002043
:1009C00070470120704700BF10600860704700BF8B
:1009D000D2F800C0CCF80000D2F800C0CCF8041067
:1009E00010607047884203D01AB1436813607047A3
:1009F000002070470B68834209D02AB15868106004
:100A00001A680A6018467047002BF9D1FAE70023EC
:100A1000F8E700BF2DE9F8430E4EDFF83C904FF0A9
:100A200090080C2706F1200409EB08052A1D294629
:100A30002046083CFFF7C8FFB442A5F10C05F5D1EC
:100A4000043F3B1DA8F13008A4F12006EAD1BDE81F
:100A5000F88300BF280E0020740E0020F8B506466B
:100A60001C460D4602B322786378D21A12F00302B4
:100A700029D1294F71004FEA450C3144AC4489001B
:100A800001EB0C1101330431DBB27A18606823707A
:100A90002146FFF79DFF214B0122294630465A553A
:100AA00003F0DAFF0020F8BD03F0C0FF0028DAD021
:100AB0002946304603F0ACFF637860B92278D21A39
:100AC00012F00302D5D0012A03D00133DBB2237028
:100AD000E1E71046F8BD05EB450206EB46010E4F77
:100AE000120102EB81023A447100907AD27A90426C
:100AF0004FEA450C05D02078C01A10F00302E2D16D
:100B0000BBE72278D21A920702D00233DBB22370FD
:100B1000D4E902039847C5E7500E0020CC0D002011
:100B20002DE9F04FDFF8609119F8003089B0002B03
:100B300059D0DFF858A1C0EB00134FF0000B00EBC9
:100B400040079B000324CDE904BB09F800B00AEB81
:100B50000717039302948346B8460023B96A58F8EE
:100B6000240F079307AAFFF73DFF044607AAB4B175
:100B7000079D2E786978761A06F00306012E35D087
:100B80002B78591A01F003010129DBB23DD1D7E9D5
:100B90000901FFF727FF044607AA002CE8D197F8C0
:100BA0002E3097F82F209A4203D087F82F30012358
:100BB000049397F82C3097F82D209A4203D087F8A9
:100BC0002D3001230593029B5D1EEBB2FF2B029398
:100BD000A7F10C07C0D10499D846DDF814B011B1C3
:100BE000BBF1000F45D009B0BDE8F08F0139697045
:100BF000079BD3E902029047079D2A786978D3B210
:100C0000521A02F00302012A21D0B86A019300228D
:100C10004146FFF7EFFE6C60019B6A786B702B78A2
:100C20009B1A03F00303012B08D0D7E9090107AA97
:100C3000FFF7D8FE012E044698D10EE0039B6A70A0
:100C40001A1D294620465244FFF7C2FEEDE7D7E9B8
:100C5000090107AAFFF7C6FE0446029B8BB10123D8
:100C60005946584609F80B3003F0F6FE09B0BDE8C6
:100C7000F08F5A464146404609B0BDE8F04F03F0B8
:100C8000BBBE002C8BD0EAE7CC0D0020500E00201C
:100C90004B1EDBB271B1411E00EB030C002011F8BA
:100CA000013F23B15A1E01301340C0B2FAD1614551
:100CB000F5D170470846704770B5057E0468FF2D72
:100CC0002AD02A464FF0000C07E09E6814F80E3038
:100CD000FF2B1546B4441FD01A4602EB4203914243
:100CE0004FEA031E04EB0313EFD18D4202D114F837
:100CF0000E20027614F80E20986805EB45052D01AC
:100D0000FF2A625506D002EB420204EB02129368FE
:100D100003449360604470BD002070BDA2EB010CE1
:100D20001CF4000F10B4836844690AD12CF07F4C86
:100D30006344A3420DD8E41A00234461836010BCCD
:100D40007047891A21F07F418B4208D95B1AA34270
:100D5000F1D91B1B00244461836010BC70470C4414
:100D6000E41AE9E72DE9F041244DBDF824708E46E0
:100D70002C2101FB0055696801EBCE0011F83E60A3
:100D8000C478417804F1010C5FFA8CFC664598BF89
:100D90004FF0000C61452DD0466804EB440421015E
:100DA00006EB04144FF0040806F801806360069B0C
:100DB000A360079BE360089B23610A9BA3610F9BD1
:100DC00063620B9BE3610C9B23620D9BA3620E9BF2
:100DD000E36202236270A782A37080F803C0D5E9A2
:100DE0000836704698472B4641460022B047A07807
:100DF000BDE8F0810120BDE8F08100BF100F0020A8
:100E00002DE9F04F87B00346427A019000685F6891
:100E10000290002A00F0EF80531EDBB207EBC30301
:100E20008A4603930597039B5A6893F801B004928E
:100E3000BAF1FF0F57D00AEB4A04029BCDF800A08D
:100E40004FEA0419002513F809A003EB0414019BD1
:100E5000FF2727701E681B7E06EB0908BB42D8F8E7
:100E600008100DD1C1E0091A05D1B8F81E90BEF8DE
:100E70001EE0F1457AD8B25CFF2A1F4665D01346C2
:100E800003EB430206EB021E4FEA430CDEF80800B8
:100E900088424FEA0212E6D9FF2FC8F8081088F8F6
:100EA00000305DD1DDE900200276634406EB0313D8
:100EB0009A68521A9A60A37801336370002DB7D0F4
:100EC000AB6A4FF000022A70AA7013B1E96A0020E1
:100ED00098476368002BABD1AB6A2362EB6A63620D
:100EE000BAF1FF0FA7D1039B049E99780BEB4B033C
:100EF0000BF1010059454FEA03125FFA80FB06EB44
:100F0000031569D0039B1878B35C584508BF4FF0B0
:100F1000000B042BEAD16978029801EB410300EB46
:100F200003144FEA03196078A378984220D04FF059
:100F30000003B354AB6A4FF001020120AA700BB159
:100F4000E96A9847039B9978D0E79C444FEA0C1CC8
:100F5000009BC8F8081088F8002006F80C30AAE7B3
:100F600007EB47073F01009AF2559EE7014693E7DA
:100F7000019AAB8A009151694FF6FE72934207D0F5
:100F80004FF6FF729B1AB3FA83F35B0984F82C3097
:100F90006B6AA362EB6863602B6923620022626262
:100FA000AB8A4FF6FD70834288BF1346A383AB69BB
:100FB000A361EB69E3602B6A2361AB68A3606261A4
:100FC0006A682046FFF7AAFE4FF00003E383E37848
:100FD00043F00103E3703AE7039A51700599914297
:100FE000A2F1080307D003931DE706F80930DDE9F5
:100FF000003213765FE707B0BDE8F08F2DE9F04FC0
:10100000447E01238FB08376002C40F0BA80037EAB
:10101000FF2B814600F0B48003F0CAF9D9F8142000
:10102000D9F81C3099F81880D9F80060801A20F09F
:101030007F4B5B4594BF00230123B8F1FF0F03935F
:10104000A2467CD0049408EB480806EB08144FEA4B
:101050000818A3685B4571D8A27816F80880ABEB36
:10106000030B9A4463789B1ADDB2012D63D1A06A09
:10107000A3690293002800F019810168002900F09B
:101080008380002B00F02A81039B002B00F04A8113
:10109000037A5A0700F03B81037A23F007030372B7
:1010A000E78BE27822F001027B1CE27094F82C209E
:1010B0009BB2E383002A00F0E080A28B9A4280F08A
:1010C000DC80A06A002800F06581037A03F0070342
:1010D000012B00F0D280002741684760A36A1A7A8A
:1010E00067F302021A72A278E768013AA27017B396
:1010F0006369D9F8142094F803C0AAEB03031344DE
:1011000023F07F40626A23690CF0010C002D40F04F
:10111000DF80B4F81EE0CDE900C37346B847DDE9CF
:101120000223002A18BF43F001030393E378E58309
:1011300065F30003E370B8F1FF0F84D1049C99F8C4
:101140000B3099F80A209A4208D10132D2B2022A11
:101150001ABF14462346002389F80B4009EB83038A
:101160000022C3F80CA0D9F8244089F81A204B4675
:10117000012204210320A4460FB0BDE8F04F6047D0
:1011800084760FB0BDE8F08F029B002B00F08C80BE
:10119000039B002B80D1D9F81C309A45FFF47CAF1B
:1011A000B8F1FF0F7DD0029BE78B09939C46A38B80
:1011B0006168CDF818B0BB429ABFFB1A9BB23B46A0
:1011C00003FB0113CDE907A805934FF0000E43463A
:1011D0000B92DDF824800C95CDF824C0A3468A46F6
:1011E00084460D97CDF8289003EB430306EB0312DA
:1011F0001B0191688E44F04548D3906A9469002899
:101200003FD0006800283CD0D58B978B5068AF4208
:1012100040F29380002840F09780BCF1000F32D05C
:101220008146DCF8000028B1029919B97444A04243
:1012300080F0BD80AF4226D8D0789BF8032000F024
:10124000010402F00105A54205D34240D1071AD49A
:10125000B9F1000F17D060465C46DDF820800C9D88
:10126000DDF824C00D9FDDF82890DDE906BA0028DE
:1012700040F09680CDF808C013E7A378013BA37037
:1012800059E7002CC0D1F35CFF2BADD16046DDE9FE
:10129000088C5C46DDE906BA0B9ADDF82890CDF89B
:1012A00008C0002800F09080002514E7029B5BB383
:1012B000039B002B7FF4F4AED9F81C309A45FFF461
:1012C000EFAEB8F1FF0F7FF46EAF03990D460BE759
:1012D000CDE900C34FF6FF73B8472CE7039B63B912
:1012E000D9F81C309A4508D3B8F1FF0F54D04FF00D
:1012F000040CE78BCDF824C059E704230293037A4A
:101300005A077FF4C9AE02E0029D0021ECE6A18BF2
:10131000E28B91423FF6C0AE012262F302030372F8
:10132000E78BBEE6D9F81C309A45FFF4B1AEB8F1B0
:10133000FF0F7FF438AF039DCDE668B9BCF1000F15
:101340007FF46EAFE14677E7BAF1000F20D1BCF130
:10135000000F98D0D14664E7BAF1000F12D0A5EB88
:1013600007091FFA89F9411A00FB091105988842FB
:101370002CBF4FF000094FF00109BCF1000F7FF4C2
:1013800050AF57E7D146BCF1000F7FF44AAF51E7A9
:10139000A946E8E7A278B8E70423039D02939AE6FA
:1013A0000168CDF808C000293FF476AE70E65C46CF
:1013B0000146DDE906BA6046DDF820800C9DDDF8C7
:1013C0002890DDF824C0ECE7054601468CE600BF16
:1013D000837E002B40F034832DE9F04F477E8DB0A3
:1013E0008346002F76D1837AC27A012141769A42D0
:1013F0004169079100F025830133DBB2022B12BF54
:101400001A463A463B4600EB82028372D268079B3B
:101410000592134423F07F43436101259BF8183064
:10142000089302F0C5FF9BF80920DBF80030019318
:10143000531EDBF804600490DBB2002A00F01F8426
:10144000CDE90A7506EBC30AFF2303930696D94636
:10145000DAF804704FF0000B9AF803109AF8025073
:1014600005EB45046B1CA9424FEA0418DBB207EBFD
:10147000041460D09AF800209A4208BF00238AF82A
:10148000023017F80820042A3AD9082A2CD86178A3
:10149000019801EB410300EB03161B01B0780293A6
:1014A00073781B1A13F0FF032CD1062A1CD199F86C
:1014B0001B308B4250D007F808B0A36A84F802B002
:1014C000002BC9D0E16A002098479AF803109AF8D7
:1014D0000250C5E7446A0421034601220420A446C1
:1014E0000DB0BDE8F04F604707F808B04FF00103BA
:1014F000A370A36A002BAFD0E16A01209847ABE745
:101500001D46ADE7052A1ED162684AB9A2683AB9FC
:10151000E2682AB922691AB9626932F07F42E3D0DF
:10152000012B29D00421D9F824404B46012208463A
:10153000A0478AF80250069A5245AAF1080300F023
:10154000E0809A4684E7012B00F0A480062AE9D1C6
:1015500099F81B308B42AED16168D9F814208B1AF0
:101560001D0240F1BD80059B521A22F07F4293423A
:101570008CBF9B1A0023B7E04846FFF79DFBB06085
:10158000D9F814E0049B059AA3EB0E0323F07F43E4
:101590001344984240F2AF80C01A7368002B46D0C3
:1015A000A38A002B43D0013B9AB2A2827568F38BC9
:1015B000A84218D81BE0726ADFF8A4C28BB2A9490E
:1015C00051186145A0EB050006D902F1E87202F559
:1015D000D43202F5A5720138316AF383521A72626D
:1015E0008542A28A03D2934203F1FF31E3D89A42A3
:1015F0001CD9316A099706E0726201339BB2F3830A
:10160000A28A9A4211D9726ADFF858C2944F0A44EA
:101610009444BC452844EFD8A2F1E872A2F5D43234
:10162000A2F5A57272620130E7E7099FB283636891
:10163000B16A0344B360A26873691344736129B14A
:101640000B681BB1D4E901329B1A4B60049A7146B6
:101650003046FFF763FBE268B3691344B361226964
:1016600093428CBF9B1A0023B361A37D1BB1F27818
:1016700063F30002F270E37D13B1013B86F82C3076
:10168000DDE90121039B535473786278039201339F
:10169000737010E7062A3FF40AAF4846FFF70CFBC9
:1016A000B378B060737099F81B2063789A427FF426
:1016B00002AF17F80830062B3FF44EAFFF2389F82E
:1016C0001B3017F80830062B3FF446AF082B3FF4C9
:1016D00043AF0499D9F814208B1A1D023FF543AF8C
:1016E000059A23F07F431344D9F81C209A4288BFFF
:1016F000C9F81C30DFE6726913441B1A73610020BD
:101700004BE7DDE90A75CB469BF81860002D00F029
:101710001781049B079ADBF800809B1A23F07F4A0D
:10172000089BF51A18BF0125FF2E08BF2C465FD075
:101730004FF00009CDF804900497DDF8149005955A
:1017400006EB460508EB05142D01A2684A4500F298
:101750006882019BA178E08B1344019363785B1A44
:10176000DBF81C108A4234BF891A0021A9EB020958
:10177000AAEB020A24BF4FF0FF328BF81B20CBF8F4
:101780001C10A16AA769DBB2002900F0CC800A68AE
:10179000002A00F0B480002F40F0B480022B00F04B
:1017A0003B820022A26018F805208BF8182061689F
:1017B000A26A002974D122B1127A02F00702012A2A
:1017C00052D03BB1012B00D020B1236A13B1616A22
:1017D00001209847A37863709BF81860FF2EAFD163
:1017E000DDE90475089BFF2B0CBF2C4645F0010476
:1017F00003995846FFF704FBCDE90247DBF800A048
:10180000CDF804B04FF0000C019B187EFF2800F0CB
:10181000398204464FF0FF0800E01C4604EB440305
:101820000AEB03151B01A96A8E4629B10A7A02F058
:101830000702012A00F00B811AF80330FF2BA046A3
:10184000EBD1DDE90247DDF804B0BCF1000F40F058
:101850009280089B834240F08E80002C7BD08EE0EB
:10186000592B177F5A2B17FFA378C4F80890637081
:10187000079B019ADBF814109A1822F07F42204649
:10188000FFF74CFA039B08F80530637803960133A1
:10189000DBB263709BF81860FF2E7FF451AF9FE7B7
:1018A00022B1137A03F00703012BDDD0B4F81EE058
:1018B000BEF1000F40D1B4F81CE07046D4E908C373
:1018C00000220294BC4FBD4C6344DF19A74200F1D3
:1018D000FF300A4406D8A3F1E873A3F5D433A3F587
:1018E000A5730132441CEDD1029C94F82C70636204
:1018F000002F00F08480A260A4F81EE0B8E7002F5B
:101900003FF44FAF022B7FF44CAF00287FF449AF78
:101910000A7A02F00702012A3FF443AFCBF81C70A9
:101920008BF81B603DE7002F3FF43BAF022B7FF4A9
:1019300038AF0028F2D034E7A37863700020BDE709
:1019400058460399FFF75CFA9BF81800089B8342FE
:101950000ED19E420CD100238BF819309BF81A301F
:10196000002B49D0DBF824405B4601220321B5E57A
:10197000FF2800F09281089BFF2B00F06B81DBF8C1
:10198000003000EB400003EB0013D3F80880B8F1FF
:10199000000F59D002F00CFD0A260446DBF8143083
:1019A000E21A22F07F42904506F1FF3602F1030170
:1019B0001AD941452CBF5B18434423F07F45284684
:1019C000DBF82830984702F0F3FC031B2D1B23F0B3
:1019D0007F43023325F07F45AB4206D90EB1044662
:1019E000DCE700DE0446D9E7012700238BF8193035
:1019F0009BF81A303B43B5D10DB0BDE8F08F92454E
:101A00007FF679AF6C48CDF8088006946B4C634440
:101A100003EB00080137A0450A44BFB206D8A3F182
:101A2000E873A3F5D4330132A3F5A5739245EDD83D
:101A3000069CDDF80880636277441FFA87FE5AE748
:101A400070473D460597E9E48BF819808AE7AA6854
:101A5000002A40F03A81D5F818B0BBF1000F06D14A
:101A60000A68002A00F03D818E464FF0040BDEE943
:101A70000029914580F0E380A2EB090C1AF80320BD
:101A8000FF2A00F0DC800199CDF81C80C969ACEB1D
:101A90000B000E1D0021CDE90594049099460F46D8
:101AA0000846344613460BEB0708C4453FD303EB07
:101AB00043030AEB03121B019668304404287FD9C4
:101AC000061F3E44664528BF66460BEB04018C4565
:101AD0000ED3B0450CD8A969002900F08C809EF87F
:101AE0000810090700F18780B6EB0B0140F0BD80BC
:101AF000916A21B1097A01F00701012971D0916938
:101B000000296ED05268002A6BD0AA6907440431BC
:101B1000CC19002A63D09EF808201207ACEB0B0109
:101B200000F1AA801AF803300020FF2BBBD14B46EE
:101B3000DDE90648DDF814908944CEF804901AF8DF
:101B400003B0BBF1FF0F5A4618BF4FF0FF0C01D195
:101B5000CDE0024602EB42000AEB00174FEA4209D1
:101B6000BE688E424FEA001080F0C3801AF8000071
:101B7000FF289446A1EB0601EBD1A960B8F1FF0F55
:101B800000F09F8008EB480109010AF801B04A44BF
:101B900012011AF802100AF803100AF80240EB8B3F
:101BA000013BEB839EF80830022262F302038EF8B9
:101BB00008304FF0010C27E65A2B17FF592B177FDF
:101BC000AE6996B19EF8086016F008063FF47DAF46
:101BD0009469049A074404343C44A242A2D32146A7
:101BE000A0E71AF8033000219FE791690744043108
:101BF00039440C4696E7002C3FF47AAFA6EB0B066F
:101C0000A642FFF475AF4B46DDF81490224691448E
:101C1000DDE90648114690E700287FF4C2AD0427AD
:101C200076E64B46D21AA260059D9BF81830089ABA
:101C3000049F93420CBF2C4645F00104D8E5CEF832
:101C400004901AF80330FF2B08BF00214FD0002367
:101C5000AB60A4E702F0ACFB044602F085FB40B9A0
:101C60009BF81800CBF8144089E6A142FFF440AF7E
:101C70005DE79BF8180082E60A460021ADE7FF23E6
:101C8000039341E5029C9B46BCF1000F05D1089BE4
:101C9000FF2B02D1002C3FF45EAE02F075FB044630
:101CA00000287FF458AECBF81C0002F081FB8BF8C3
:101CB0001940CBF814009BF81A30002B3FF49CAE6F
:101CC00050E6019981F818B061E700DEA96AD5F8FD
:101CD00018B08E46BBF1000F7FF4C9AE00297FF427
:101CE000BFAE00DE4FF0040BD5F828E0BFE6A960D8
:101CF00055E7761ABCF1FF0FBE60A9603FF44FAF05
:101D00001AF803B062464FEA4C0937E7F8B5069E69
:101D10009DF81C50089CB8B9144F3A605A1E39728D
:101D20007B727E60D2B273B106EBC2025460114680
:101D300012F808398E4203EB4300A5EB030304EBD2
:101D40000014DDB2F2D10DB10120F8BD099B3B6258
:101D50000A9B7B62FF240B9BBB623C7602F028FB54
:101D60007D817861FC76FD612846F8BD100F00206A
:101D700040B9064B1A7EFF2A01D1187270476FF0E6
:101D80000F0070476FF01500704700BF100F002064
:101D900010B4074B2C2202FB00335C6A2CB1A44622
:101DA000012210BC03210220604710BC704700BF15
:101DB000100F002010B58AB00C9C00940D9C01946B
:101DC0000E9C0294BDF83C400394109C0494119C1A
:101DD0000594129C0694139C0794149C0894002468
:101DE0000994FEF7BFFF0AB010BD00BF10B4BDF8E4
:101DF0001040049410BCFEF7B5BF00BF2DE9F047BA
:101E0000244DBDF82C809DF830709DF83CE02C24CA
:101E100004FB00556C6804EBC10014F83190C478E1
:101E2000467804F1010C5FFA8CFCE14598BF4FF055
:101E3000000C66452AD0466804EB44044FEA0419B6
:101E400006EB04144FF0050A06F809A06360089B2E
:101E5000A360099BE3600A9B23610D9BA3620E9B19
:101E6000E36202236270A4F81480A77584F817E077
:101E7000A37080F803C02B6A6E6A084698472B4609
:101E800000220421B047A078BDE8F0870120BDE81A
:101E9000F08700BF100F002010B588B00A9C009496
:101EA0000B9C01940C9C0294BDF8344003949DF863
:101EB000384004940F9C0594109C069400240794C9
:101EC000FFF79CFF08B010BDF8B5194E2C2404FB99
:101ED0000066746804EBC10014F831E0C4784578FA
:101EE00004F1010C5FFA8CFCE64598BF4FF0000C42
:101EF00065451BD0456804EB44044FEA041E05EB1E
:101F00000414072705F80E70A362069BE362022300
:101F10006270A37080F803C0336A756A08469847F8
:101F2000334600220421A847A078F8BD0120F8BD5F
:101F3000100F002002F03CBA401A20F07F4070479A
:101F400000200021704700BF002303700B70704712
:101F500038B5054600200C4601F0F6F970B93DB9D8
:101F6000074B44B120681860A2889A80002038BDD1
:101F7000044B002CF6D11C609C80F7E70C2038BD88
:101F8000440F00203C0F0020012804D808B9034862
:101F90007047034870470020704700BF440F00207F
:101FA0003C0F0020012809D830B9064B186808609A
:101FB0009A888A8018467047034BF7E70023184633
:101FC000704700BF440F00203C0F002010B50446AE
:101FD00001F0F6FC38B901F0CDFF48B92046BDE864
:101FE000104004F053BC00DE01F0C4FF0028F5D01F
:101FF00000DE2046BDE8104004F048BC08600148FF
:1020000004F044BCC812002004F040BC2DE9F041AB
:10201000284E294F82B04FF00008D6E9000101AAEE
:10202000FEF7E0FC044670B1019D002D3AD02B79FB
:10203000022B0BD000DED6E9000101AAFEF7D2FC8C
:1020400004460028F0D102B0BDE8F081002270689B
:102050003146FEF7CFFCAA6832B11378002B26D0A8
:102060001378013BDBB213702B7B03B100DE85F8E4
:102070000C807B7D397D0133DBB2052B08BF00234B
:10208000994212D02C60797D47F821507B75002A47
:10209000C3D01378002BC0D19368002BBDD0D0687B
:1020A0009847BAE700DE019DC1E700DEEFE700DEFA
:1020B000D6E700BF780F0020A81100202DE9F041DD
:1020C000DFF86480B8F80050FE2D25D815F0FF0524
:1020D00020D0164F7C7D3B7D15480134E4B2052CA1
:1020E00008BF00249C4215D0FEF72AFC0646114882
:1020F00086B1FEF725FC88B106607B7D47F823009A
:10210000B8F800307C75013D013B15F0FF05A8F8DB
:102110000030E0D1BDE8F081FF25DAE73046044920
:10212000BDE8F041FEF722BC800F0020181100200E
:10213000840F0020C00F00202DE9F8432E4B2F4FB5
:102140000422981814214FF00008A7F81480FEF715
:10215000D3FB2B4B042208219818FEF7CDFB97F8F0
:1021600014907C7D04260134E4B2052C08BF0024C1
:10217000A145234813D0FEF7E3FB05461E4875B181
:10218000FEF7DEFB002831D0C5F8048005607B7DBA
:1021900047F82300013E16F0FF067C75E3D1194B8A
:1021A0000522181D4421FEF7A7FB174B0722181D17
:1021B0000821FEF7A1FB1448FEF7C2FB90B1134AB9
:1021C000111FFEF701FC1048FEF7BAFB60B1104A80
:1021D000111FFEF7F9FB0F4B04221A80BDE8F843EC
:1021E000FFF76CBF00DEEAE700DEF0E704492846AF
:1021F000FEF7BCFBD3E700BF54110020A81100205C
:1022000030110020C00F0020840F00207C0F002020
:10221000740F0020800F002030B51E4B1E4C87B07D
:10222000186002F093F8237863B31C4A1C4D1D4CD0
:102230001D49CDE904251D4A0220CDE902240423CD
:102240000C24CDE900141A4A087408760B700B723E
:1022500000200321FFF75AFDC8B9012200211548CB
:1022600007F0B2FB01F04AFB08B107B030BDFFF741
:1022700063FF01F067FE0028F7D107B0BDE83040EA
:1022800000F0FEBFFEF7C6FB01232370CDE700DEA2
:10229000E3E700BFC412002021190020A54A010075
:1022A000454B0100854A010018150020D812002076
:1022B00038150020C812002030B585B000F0E6FFC8
:1022C00038BB174A174B0024A2F800419C82012218
:1022D0002146684607F078FB134B2246214603202F
:1022E0006D46C3F808D0FEF7B9FBA0B94FF0FF3236
:1022F0004FF0FF33284604F0FDFA01F007F860B90B
:10230000FFF71AFF0021012005B0BDE83040FFF7BC
:102310001FBE00DED5E700DEE8E700DEF0E700BF25
:10232000C0110020181100202802002008B5FFF776
:10233000C3FF01F019FB00B108BDBDE80840FFF77D
:1023400017BD00BF10B50022074B82B002600446E3
:1023500001AAD3E90001FEF745FB08B1019B236008
:10236000002002B010BD00BF700F002000B50B4967
:1023700083B000234868019301AAFEF73BFB58B1E4
:102380000749FEF7F3FA019B1B790BB12D2B00D007
:1023900000DE03B05DF804FB00DEF1E7700F002003
:1023A000840F002070B5046806464CB10F4D2046DE
:1023B0002468037953B12D2B09D000DE002CF6D10F
:1023C00000233360BDE87040FFF778BE00DE2B8845
:1023D000032B07D8013306492B80FEF7C7FA002CE0
:1023E000E5D1EDE700DE2B88F4E700BF800F002089
:1023F000C00F0020022810B50C4602D00B68022B3B
:1024000007D004484FF0FF324FF0FF3304F072FA68
:10241000206810BDC812002004490A680AB110469D
:102420007047024608601046704700BF6C0F0020DE
:10243000044A136823B1984206BF002111600023AB
:10244000184670476C0F0020014B1868704700BF9A
:102450006C0F002070B505682B7884B0EBB1044692
:1024600001220021684607F0AFFA0D4B6E46C5E920
:1024700002362B788BB10B4B0022114603209C6057
:10248000FEF7ECFA38B94FF400420023304604F06E
:1024900031FA04B070BD00DEF5E76FF07700F8E7C1
:1024A00009200100180200200B490A7D4B7D9A4249
:1024B0000AD8A3EB020C5FFA8CFC604509D89A425B
:1024C00007D051F82200704705339B1ADBB29842BF
:1024D000F7D90020704700BF181100202DE9F04304
:1024E0001A4D9DF81C8095F801C10CF1010E5FFAA0
:1024F0008EFEBEF1080F994695F8003108BF4FF0E7
:10250000000E73451DD0144605EB4C1CE3680746CE
:102510000E4610685168926864460FC49CF81C30DF
:10252000CCF8186008F0010823F0030343EA08031D
:10253000CCE904978CF81C3085F801E16046BDE8D1
:10254000F0834FF0000C6046BDE8F083C01100201E
:10255000054890F8003190F801219A4214BF00EB31
:1025600043100020704700BFC011002001460B48F7
:102570000A7890F80131072A84BF90F800210A7088
:10258000934208D0531CDBB2082B08BF002300EB9A
:1025900042100B7070470020704700BFC011002030
:1025A0002DE9F04F3D4E96F8003196F8012187B0A5
:1025B0009A4202903ED04FF00008CDE9048806EB25
:1025C00043130A24CDF80C80C346C2461D7FD3F8BE
:1025D0000090DF68C5F3400205F00105002C4DD0E6
:1025E000013CE4B24AB396F8011196F800319942E1
:1025F00020D00133DBB2082B08BF0023994286F8B4
:10260000003117D0590106EB4313002ADED1D868F8
:1026100005BBBAF1000F33D0BBF1000F36D01A7FE3
:102620009707D3D15045725834D05845CED105992B
:102630008A42CBD107B0BDE8F08F194902988B6070
:102640000B4611460192FEF709FA019A0028CAD0FA
:1026500000DEC8E7039ABAB1B8F1000F08BFB84668
:102660001A7F9507B2D4D207DCD5BBF1000FADD1EC
:10267000039A8242DED08045A8D1DBE700DEAFE7D7
:10268000BA46CDF81090EBE70397E9E7BB46CDF8E3
:102690001490E5E704998A42C7D1CBE7C011002026
:1026A000F801002070B5114A117D537D8B421BD07B
:1026B0004B1CDBB252F82140052B08BF00231375D9
:1026C00084B10223054600262068094A2371214669
:1026D0002660A560FEF77CF90122064B11463046C4
:1026E000FEF7BCF9204670BD0024FBE7A8110020CE
:1026F0007C0F00200802002010B582B00024049B4B
:1027000093F80AC02CF0020C83F80AC0CDE900440B
:1027100001F046FA02B010BD10B50346007F1A69F9
:102720009969012482B02040CDE90004586901F084
:1027300037FA08B902B010BD7730FBD000DEF9E7F8
:1027400030B50B8A83B0002B37D0054601F10C0061
:102750000C4606F099FA0128034626D1002301A968
:102760002046019300F0F8F90146C0B1C36828691A
:102770001A78042A05D003682846984720B103B088
:1027800030BD5B78052BF6D1019D45B1284600F0A0
:102790001FFC034601990C486B7107F000F92046B5
:1027A000FCF70CFB002003B030BD084A08480121AB
:1027B00006F0B9F86FF01500E1E7064A0448012178
:1027C00006F0A8F8F6E700BFCC15002030A60100FF
:1027D0007CA301001CA6010010B50469FFF7A6FD4B
:1027E00040B90548FBF7FAFF0448FBF7F7FF002064
:1027F000206010BD00DEF4E7D0090020500A002060
:102800002DE9F041076982B006464FF000082A48DA
:102810004FF0FF324FF0FF3304F002F80028F6D0FB
:1028200090F9053001905A1E032A2ED8022B34D07D
:102830004FF0FF324FF0FF330220FCF79FFB0446BE
:102840000198002C33D0214600F0BCFB019B01A86D
:10285000C3F80080FFF7A6FD204606F0C6F905463E
:102860002146002006F0C8F92B8A012B0446294690
:10287000304606D93B68984704F0EEFB002CEBD1BC
:10288000C5E72846FCF79AFAF6E700DE019B01A8A7
:10289000C3F80080FFF786FDB9E70022002301217D
:1028A0000020FCF783FB04460198002CCBD1046088
:1028B00001A8FFF777FDAAE7CC15002010B582B07C
:1028C0000DF1020101A8FFF73DFD0028F8D1019BA1
:1028D0006BB1FFF74BFD019C204600F079FB01999D
:1028E0006071074807F05BF8019B002BE8D14FF0BF
:1028F000FF324FF0FF33034803F0FCFFE0E700BF77
:10290000CC150020DC150020F0B50546076989B01C
:102910000E46244807F015F84FF0FF3200212248F8
:1029200007F052F82048FFF777FC044600282FD123
:102930003E6000F04FFB002600276FF00903CDE951
:102940000334CDE90667CDE90144184B18490095D9
:102950004FF4E072174804F0F1F91749154807F0F1
:1029600008F96FF00702CDE90324CDE90667CDE948
:102970000144124B124900954FF46072114804F063
:10298000DDF911490F4807F0F4F8204609B0F0BD11
:102990000E4A0F482346012105F0C5FF204609B025
:1029A000F0BD00BFCC150020DC150020BD280100C3
:1029B000C0250020D009002064A6010001280100E4
:1029C000C0270020500A002074A6010044A6010080
:1029D0007CA3010008B504F0F9FA054806F0B9FF38
:1029E000034806F0AEFFBDE8084004F003BB00BF9B
:1029F000CC150020F0B5013887B01446092806D858
:102A0000DFE800F009283E050550056281946FF06B
:102A1000150007B0F0BD4E4B0D21188806F092F955
:102A20000D2120600C3006F0F7F84FF4806200238F
:102A30004FF002140421A0F8052002220370C0F810
:102A40000140C171037242728372C372037300202A
:102A500007B0F0BD3E4B4121188806F073F94121C3
:102A600020600C3006F0D8F8002104463E2200F821
:102A7000031B07F06CFA40F2A733A4F80130E6E735
:102A8000334B0921188806F05DF9092120600C30CC
:102A900006F0C2F80346002203F8012BC0F801201B
:102AA0005A60D4E7C9680020FFF752FA284B012189
:102AB000188806F047F9012105460C3006F0ACF8FD
:102AC000002303702560C2E7224E214F0FCE01ADD7
:102AD0000FC5336838882B70122106F033F91221A4
:102AE00020600C3006F098F80446002301AE04F88C
:102AF000013B84460FCE2D78CCF801006160A260C6
:102B0000E3602574A3E7124B1821188806F01AF920
:102B1000182120600C3006F07FF8002304460121C4
:102B200000F8023B01F098FB607090E7084B212110
:102B3000188806F007F9212120600C3006F06CF8A7
:102B40000146002301F8113B013001F0D5FB7EE77F
:102B50007C180020A8A60100F0B5038A8BB00026DF
:102B6000022B059638D9054603210C3006F084F86F
:102B70002A8A83789A42C0F0E7800388D94FC3F34A
:102B80008522082A98B23B80C3F309042DD012D8BD
:102B9000032A00F0C780042A18D1631E082B15D819
:102BA000DFE813F01801F900E70014001400140026
:102BB00014001400D8003F2A08D105AA294620464F
:102BC000FFF718FF163040F0FA81388801210BB06A
:102BD000BDE8F04006F0C8B8C34AC448012105F07A
:102BE00099FE002528460BB0F0BD631E4A2BEDD898
:102BF00001A252F823F000BF8B2F01006B2F0100C0
:102C0000232F0100CD2B0100192F0100FD2E010003
:102C1000CB2E0100BF2E0100B32E0100932E010028
:102C2000CD2B0100CD2B0100CD2B0100CD2B0100C0
:102C3000CD2B0100CD2B0100CD2B0100CD2B0100B0
:102C4000CD2B0100CD2B0100CD2B0100CD2B0100A0
:102C5000592E01003B2E0100CD2B0100CD2B010090
:102C6000CD2B01001D2E0100CD2B0100CD2B01002D
:102C7000CD2B0100CD2B0100CD2B0100CD2B010070
:102C8000CD2B0100CD2B0100CD2B0100CD2B010060
:102C9000CD2B0100CD2B0100CD2B0100CD2B010050
:102CA000CD2B0100CD2B0100CD2B0100CD2B010040
:102CB000CD2B0100CD2B0100CD2B0100CD2B010030
:102CC000CD2B0100CD2B0100CD2B0100CD2B010020
:102CD000CD2B0100CD2B0100CD2B0100CD2B010010
:102CE000CD2B0100CD2B0100CD2B0100CD2B010000
:102CF000CD2B0100CD2B0100CD2B0100CD2B0100F0
:102D0000CD2B0100CD2B0100CD2B0100CD2B0100DF
:102D1000CD2B0100CD2B0100CD2B0100CD2B0100CF
:102D2000FD2D0100032C00F03B81632C02D0012C0F
:102D30007FF44CAF012106F005F8012105460C3067
:102D400005F06AFF06704DE7694A6848012105F001
:102D5000E1FD46E7072105F0F5FF072105460C30A8
:102D600005F05AFF0146002001F8010BFFF71AF9A0
:102D700038E7092105F0E6FF092105460C3005F08A
:102D80004BFF0346002203F8012B6021C0F801200D
:102D90005A60417126E7412105F0D4FF41210546E3
:102DA0000C3005F039FF00210446402200F8011BD9
:102DB00007F0CDF8C022A2714FF40A7204234D49E6
:102DC000A4F80F208022E372E375C4F81A1084F887
:102DD000272007E7092105F0B5FF092105460C303A
:102DE00005F01AFF4FF450610023434A01800D2182
:102DF0008370C3700171C0F80520F3E6032105F06C
:102E0000A1FF032105460C3005F006FF0146002313
:102E100001F8023B0130FFF797F8E3E6092105F0DE
:102E200091FF092105460C3005F0F6FE00234FF412
:102E30004072026043600372D4E6092105F082FF0C
:102E4000092105460C3005F0E7FE002300F8013BA0
:102E5000082100F099FDC5E6E868002306AA00F104
:102E6000100101F0C1FE3888112105F06BFF11211E
:102E700005460C3005F0D0FE0646002306F8013B5F
:102E800006AC07460FCCC7F801007160B260F36072
:102E9000A8E6EB681878F9F7BBFB044601213888EF
:102EA00005F050FF012105460C3005F0B5FE047019
:102EB00098E6E96811F8010B00F016FBEDE7E96808
:102EC00011F8010B00F0A2FAE7E7022105F03AFF42
:102ED000022105460C3005F09FFE0023037043706D
:102EE00080E600BF7C180020BCA6010074A301008E
:102EF000D4A60100F703C008F105FFFFEC68A57B2D
:102F0000A3796279217920880295657B0195073440
:102F1000009400F049F9C0E7E9680120FFF718F8CC
:102F2000BBE7092105F00EFF092105460C3005F02D
:102F300073FE0346002403F8014BC0F801405C60B7
:102F40000646FEF7FDFF234661F30703C1F30722A0
:102F500062F30F23090C61F31743090A61F31F633E
:102F6000C6F80100C6F805303CE6042105F0EAFE8B
:102F7000042105460C3005F04FFE00231B210322DF
:102F8000037041708370C2702CE6012105F0DAFEF7
:102F9000012105460C3005F03FFE0023037021E6B9
:102FA000FFF78AF93888012105F0CCFE012105469A
:102FB0000C3005F031FE0670FFF70CFD12E6059DA2
:102FC00010E600BF0379032B00D000DE704700BF7E
:102FD00000207047FFF7FEBC094A0A4B12781A70AE
:102FE00000B9704700B583B00191FFF72DFA019940
:102FF000814202D103B05DF804FB00DEFAE700BFB6
:10300000231900202219002000B50378497802F125
:10301000FF3C103103F00F03C9001FFA8CFC062B94
:1030200013D8DFE803F004271712121204004378C4
:103030001033DB0003F21B32881803F5B37313FB64
:103040000CF3184480B25DF804FB40F253204FF4B7
:10305000F373F4E741780CEB8C03C3EB03104000EF
:1030600001F11003DB0000F23B1003FB020290B2FF
:103070005DF804FB40F2E33040F21623DFE700BFC7
:1030800010B54FF6FF718AB08B429DF830C00D9C91
:1030900019D021780131C9B22170002948D02649C0
:1030A000C1E900028A7A0B816CF30002234B8A7219
:1030B00004F110000022C860996001201146FDF75C
:1030C000CDFC002836D11E4A1E4B11781B788B424E
:1030D00001D00AB010BD0133042109A8137000F01B
:1030E0005DFC099B1849194A0694A1FB0301581A73
:1030F00001EB50011648A21A090AA0FB020240F295
:10310000471404FB11331209124900200232CDE9A1
:1031100004010133CDE90200CDE90000D2B2012162
:103120000993FEF7B9FE10F0FD0FD2D000DED0E714
:1031300000DEB4E700DEC6E7D00A00203802002037
:10314000231900202219002021F1D490001600201C
:103150004FECC44ED92F010010B5124C204600F0A0
:1031600021FF04F10C0000F01DFF627814F8043C0C
:1031700004EB820203F03803526843F0070304F8BB
:10318000043C062100234FF4006CA4F818C013700F
:103190005170637B04EB8300042203691A70597039
:1031A00010BD00BF1816002070B58C463249334C54
:1031B000864603C982B0009094F832008DF804105E
:1031C00010F001009DF81C509DF8201041D1BCF179
:1031D000010FEC44667E05F0070545EA81159CF871
:1031E000001094F814C004EB86060CF0380C45EA85
:1031F0000C05F669257508BF4FF0000EA4F830E005
:10320000357801F00F0125F03F05294301F00F0546
:10321000012D317002F0010CC9B21DD06CF3861182
:10322000737860F3C71131700BB90623737094F88B
:103230002530246104EB83049201A36A02F040026A
:10324000597842F004021A7009B906225A7002B085
:1032500070BD0C2002B070BD6CF3861163F3C71112
:103260003346069D03F8081B2D68B560069D0C21AA
:10327000AD889D807170DAE778A401000016002007
:1032800008B5FFF769FF002008BD00BF30B51C4C32
:1032900094F83230DB0785B020D52046FFF7BCF824
:1032A000844225D103AD02220321164B0095002054
:1032B0000392FEF709FE2946FFF79CF888B91248E9
:1032C000FFF7C8F8B0B90E48FFF7B2F8844215D13D
:1032D00094F8323023F0010384F83230002005B036
:1032E00030BD0748FFF7A4F88442F7D000DEF5E7C9
:1032F00000DED7E77830E6D000DEE4E700DEE7E77F
:1033000000160020FD1F01001016002008B5064819
:1033100000F058FE044B03F10C0000F053FEFFF7E1
:103320001BFF002008BD00BF18160020044A0068DB
:10333000044B801AA3FB0030C0F30F10704700BF8E
:10334000001600204FECC44E28B9044B93F832000D
:1033500000F0010070470020704700BF00160020F9
:103360001F2951D82DE9F041437E00EB830382B041
:10337000DF693B7803F00F03012B044640D00E4673
:1033800018300DF10701904600F066FE3A78037898
:1033900002F00F0223F03F03134303703B780278DF
:1033A000C3F38013394663F38612027011F8023BAF
:1033B000D2B2DB0963F3C712054600F8022B0622DE
:1033C00006F0ACFD3246414605F10800063606F02F
:1033D00097FD6E7094F83230DB0706D49DF8073005
:1033E0006376002002B0BDE8F08194F8253004EB4C
:1033F000830329469A6A2046F9F7EEF90028EDD0B2
:103400000C2002B0BDE8F0811220704703460A4646
:1034100001481946FFF7A4BF001600201F295FD8F6
:103420002DE9F04190F8253000EB830382B09E6ACD
:103430000F460446904600F12405002E41D0284650
:103440000DF1070100F008FE037823F03F03314639
:1034500043F00403037011F8022BDBB2C2F38012B5
:1034600003F03F0343EA82130370BB1D437005461C
:103470000622023006F052FD3A46414605F10800A8
:1034800006F03EFD94F83230DA0707D49DF8073095
:1034900084F82530002002B0BDE8F081627E04EBA4
:1034A00082024123D1690A7802F00F02D340DB0780
:1034B000ECD52A462046F9F78FF90028E6D00C20F3
:1034C000E9E7284600F06EFDC0B258B994F82530FF
:1034D00004EB83039E6A0423337006237370AEE704
:1034E000122070470720D6E703460A4601481946CE
:1034F000FFF794BF0016002000F046BA684620F09F
:1035000007018D4601B500F061FFFBF757F9BDE8F3
:1035100001408546704700BF08B50A4BD3F84021EB
:103520003AB90120FDF7FCFABDE808400220FDF79A
:10353000F7BA0020C3F84001D3F84031FEF728FC69
:10354000EFE700BF00B000400020FDF7E9BA00BF80
:1035500090B90E4B0E4A197810788842CBB20DD133
:103560000C480D4990F800C0013313700B78634587
:1035700007D003780B70704700DEEAE700DE1378AF
:10358000EEE700DE03780B70704700BF24190020BF
:103590002519002029190020281900200B4A0C4B5E
:1035A000117893F800C08C450DD012781A70094A32
:1035B000094B18B911781878884202D012781A701D
:1035C000704700DEFAE700DEEFE700BF27190020B2
:1035D00026190020241900202519002001F018B810
:1035E00008B50B480B4B027819788A420CD00A4B6D
:1035F000017000220398986011460120FDF72EFA11
:1036000000B908BD00DE08BD00DE1978EFE700BF95
:103610002419002025190020480200202DE9F0413E
:10362000304A314E127833789A428AB00C4605D12E
:103630002E4B2F4A1B7812789A4247D02768DFF822
:10364000B48007F12D0525F07F45D8F800102846F5
:10365000FEF772FC10F4000002D10AB0BDE8F08160
:10366000254A264B11781A78914213D11F4A2049D6
:103670001278097891420DD01A780132D2B21A70BC
:1036800000221F4B009211461046FEF71DFC10F061
:10369000FD0F24D11B4BE168C8F800500022CDE992
:1036A0000732194BCDE90322CDE90531CDE90122DD
:1036B0002D23009334780134E4B23B461146104682
:1036C0003470FEF777FB0AB0BDE8F0810768DFF8D9
:1036D000248007F12D05044625F07F45DAE700DE5A
:1036E00000DED7E72819002029190020241900201E
:1036F000251900203C16002026190020271900203B
:103700009D35010051350100E13501007A4A936889
:10371000002B00F096802DE9F04F136889B08146A8
:10372000002B46D04FF0FF338DF80A300DF10A0020
:10373000FEF71CFF044600283BD0037F9907F5D114
:10374000857A15F00205F1D1C3684B4555D006685E
:10375000A8462F460DF10A00FEF708FF8346F0B198
:10376000027F9207F6D1827A9307F3D4C268B8F148
:10377000000F21D04A4558D0DBF800A03146504612
:10378000FEF7DAFB00F4000000280DF10A001CBF70
:103790005F465646FEF7EAFE83460028E0D1002F3A
:1037A00008BF274639463846FFF738FF30F0020396
:1037B00039D109B0BDE8F08F91458046DCD1237F37
:1037C000E16843F0020323772046A3699847FF236B
:1037D0008DF80A300DF10A00FEF7C8FE04460028F5
:1037E000E7D0037F9F07F5D1837A9E07F2D4C368A1
:1037F0004B4502D000DED0F80C903F4A4846D2E953
:10380000001303AA98470646002843D010F1100F72
:1038100059D0394A002093681168984716F10B0F68
:1038200010D08C36C5D000DEC3E7227FE16842F0BD
:10383000020222772046A2699047D8457FF472AFF2
:10384000C5E770472C4A0023D2F80890D2E9004817
:1038500002261360FF278DF80B700DF10B00FEF7A9
:1038600085FE90B1037F9A07F7D40DB9DB07F4D436
:10387000C368A342F1D1037F826943F00203037757
:10388000214690478DF80B70E7E70125AE420AD03C
:103890002E46E0E7237FA269E16843F00203237725
:1038A0002046904785E70022CDE904220692039B3B
:1038B00000964946404604AA0794FEF70FFE0028EA
:1038C0007FF477AFAFE7A37A43F00203A3720DF161
:1038D0000A00FEF74BFE014600283FF46AAF037F63
:1038E0009D07F4D1837A9C07F1D4FFF797FE30F05F
:1038F00002033FF45EAF96E7E00A002010B51748D8
:1039000005F069FF30B3164B00249C6000F0FAF913
:1039100000281EDB224621460120FAF7BFFE224680
:1039200001210B20FAF7BAFE214622461820FAF7A9
:10393000B5FE0C4B1022C3F804230120FAF77EFEDB
:103940000B20FAF77BFE1820FAF778FE00F058FDFE
:10395000204610BD6FF0120010BD00BF28A101006D
:10396000E00A00200010004008B500F0DDF9002852
:1039700009DB0120FAF770FE0B20FAF76DFE182024
:10398000FAF76AFE002008BD034603488AB21946CA
:1039900083681B68184700BF28A1010030B4074D99
:1039A000AB685C6834B18AB2A4460146002328465D
:1039B00030BC60476FF0570030BC704728A1010051
:1039C0000020704770B5044682B0002833D0204BE9
:1039D0001A68824229D0FF250DF107008DF80750A3
:1039E000FEF7C4FD034640B91DE0A1420CD00DF125
:1039F0000700FEF7BBFD0346A8B11A7F9207F6D475
:103A0000D9681846002CF0D11A7F9E6942F0020254
:103A10001A77B0470DF107008DF80750FEF7A6FDA5
:103A200003460028E9D102B070BD9B686BB1014626
:103A300000209847CFE7064A9368002BCBD0116847
:103A40000029C8D000209847C5E700DEC3E700BFC3
:103A5000E00A00200020704710B50446FEF778FD0C
:103A60008CB90D4B9A68AAB11C6800229A601A6042
:103A700004B124680020FEF793FD2046FEF712FEF5
:103A800028B1002010BD0028F3D100DEF1E700DEF0
:103A9000002010BD00DEE7E7E00A00202D2070477F
:103AA00010B51446FEF746FA2146FEF745FA030222
:103AB00004D40230092898BF002010BD002010BD9A
:103AC000262810B5044613D0272809D0252817D159
:103AD000022000F00BFD2046BDE8104000F00CBDB8
:103AE000502000F003FD2046BDE8104000F004BD6A
:103AF0001A2000F0FBFC2046BDE8104000F0FCBCA2
:103B00000A2807D927280AD900DE2046BDE8104038
:103B100000F0F2BC0230400000F0E8FCDBE70330CC
:103B2000400000F0E3FCD6E708B500F071FDBDE809
:103B3000084000F0A7BE00BF08B500F069FD00F026
:103B4000A1FE00F085FEBDE8084000F063BE00BFA6
:103B500008B50146114800F049FC00F085FD60B150
:103B600000F022FF00F082FC00F004F900280EDBD8
:103B7000BDE808400020FFF76FBF00F029FD00F00E
:103B800013FF00F073FC00F0F5F80028F0DA00DE17
:103B90000020BDE80840FFF75FBF00BFDD35010032
:103BA0002DE9F04F89B01F469DF848B0FF238046AD
:103BB000894692468DF81F300DF11F00FEF7D6FCA6
:103BC000002846D0037F9D07F6D1837A9C07F3D463
:103BD00005683E689DF81F30059304462946304627
:103BE000FEF7AAF9BBF1000F53D0BC4208BF002476
:103BF00026460DF11F00FEF7B9FCD0B1027F9107F8
:103C0000F7D1827A9207F4D40268049029461046CC
:103C10000392FEF791F9039A049B00F40000002838
:103C20000DF11F001CBF15461E46FEF79FFC002825
:103C3000E4D1059B8DF81F30314B9A68002A30D1B2
:103C40007EBB54B1BBF1000F48D1BC4205D000DEB1
:103C500003E02B4B9A68044612BBFA681A60C3E96A
:103C600001893846D04704460DF11F00FEF77EFC5F
:103C7000014650B1037F9A07F6D1837A9B07F3D4AC
:103C8000FFF7CCFC30F0020333D1204609B0BDE889
:103C9000F08F0002A9D5FF23354605935C46A7E7C0
:103CA00006464946CDF800B0534640463A46FEF730
:103CB00015FC014680B1BBF1000F0AD1BB7A980711
:103CC00007D4C6B13046FFF7A9FC30F0020300D09C
:103CD00000DE6FF07604D8E700DEECE7CDF800B048
:103CE00053463A4649464046FEF7F8FB0028F0D1D5
:103CF000EEE700DEC9E7002C14BF26460E46E1E7DA
:103D0000E00A002010B50120064C01F097F80023CE
:103D10000121A1606360E3602146BDE8104004F02A
:103D2000ACBC00BF4416002010B5012001F086F89D
:103D30000449044604F010FD2046BDE8104004F09C
:103D4000E7BC00BF4416002008B5094BBFF35B8FEA
:103D500053E8002F511C43E800100028F8D1BFF3AE
:103D60005B8F002A01DC01F071F8002008BD00BF64
:103D70004016002008B50E4BBFF35B8F1A68BFF3E7
:103D80005B8F002A10DDBFF35B8F53E8002F511EBD
:103D900043E800100028F8D1BFF35B8F012A01DC53
:103DA00001F06AF8002008BD6FF0770008BD00BF81
:103DB000401600206FF08B00704700BF10B504461E
:103DC000FFF7BAFE00F03AFD2046BDE81040FFF7CD
:103DD000BFBE00BF38B5044600F044FCFFF7A4FEA8
:103DE000962000F05FFD002318461A46194600F0A1
:103DF000A3FC0120FEF758FBF0B11C3000F0CEFB15
:103E000000F01CFC00BB2146104800F0EFFA00F067
:103E1000EDFD00210446084600F0CEFB00210546DA
:103E2000084600F0C7FB2C44CB34201A00F0C8FD34
:103E3000BDE8384000F0D2BD00DE1C3000F0AEFB23
:103E400000F0FCFB0028DED000DEDCE7813E010054
:103E500010B548B10C46FFF78DFF00280BDB20465C
:103E6000BDE81040FFF7F8BD044800F0BFFABDE818
:103E7000104000F0ADBB00DEF1E700BFBD3D01002A
:103E800070B5044600F0E4FBC0B200284ED000F04C
:103E900001FC054600F0E6FCEDB2064600F0ECFC45
:103EA00000F0C2FCFFF748FE3DB92146234800F070
:103EB0009DFABDE8704000F08BBB0120FEF7F4FADC
:103EC000002836D0237A04EB8303DD682B7803F0D7
:103ED0000F02012AE9D0027F02F00F010329E4D189
:103EE000417F0C29E1D12179490602D5F6B2002E95
:103EF000DBD0C3F38013B3EBD21FD6D100F1240182
:103F00000622A81C06F02BF80028CED10C4821462A
:103F100000F06CFA00F070FC237D04EB83039869D9
:103F200000F042FB00F08AFB28B970BDFFF704FEE9
:103F3000BBE700DEC6E700DE70BD00BFB94101008F
:103F4000E9410100084B042210B598182821FCF71C
:103F5000D3FC064B00249C8102222146044805F034
:103F600033FD204610BD00BF7416002064160020EB
:103F700054160020084B042210B598182821FCF78D
:103F8000BBFC064B00249C8102222146044805F01C
:103F90001BFD204610BD00BF7416002064160020D3
:103FA0005416002010B504460548FCF7C9FC20B1A2
:103FB000034600205870636010BD6FF00B0010BD09
:103FC00074160020034600201870587098607047DF
:103FD00038B51E4D2B7B6A7B9A4202D055F82340A0
:103FE00034B91B48FCF7ACFC044680B1204638BD10
:103FF000184802F0A5FC2B7B6A7B9A42F6D001336D
:10400000DBB2032B08BF00232B73204638BD1148B9
:104010004FF42032002302F06DFCA0B90D4802F0ED
:104020008FFC2A7B6B7B93420BD0531CDBB255F881
:104030002220032B08BF00232B7312B11446204605
:1040400038BD00DED2E700DEE8E700BF64160020DE
:10405000741600205416002010B5027843789A4256
:1040600014D0D4B244700278944204D05A1C4370E5
:10407000D3B2022B0ED01A4600EB82040B7060689C
:1040800000B110BDFFF7A4FF606010BD0133DBB2CB
:10409000022BF0D100221346EEE700BFF8B50278FC
:1040A00043789342044625D0D5B2154A507B92F806
:1040B0000CC0431CDBB2032B04EB850708BF0023B5
:1040C0009C450E46796806D042F8201053730D487F
:1040D00002F0DCFB00216B1CDBB2022B0ABF0022CA
:1040E0001A46134679602370012104EB8204317073
:1040F0006068F8BD1A4604EB82046068F8BD00BF32
:10410000641600205416002030B50379C3F3C203AF
:104110000446002B93FAA3F0B0FA80F008BF4FF0EA
:10412000FF3083B000F101003AD021795A1E1340CC
:1041300063F3C50121712430FFF7C2FC00230DF1A8
:10414000070104F108008DF80730FFF7A7FF0546C7
:1041500020B3284600F028FA2B7803F00F03022B37
:1041600013D00DF1070104F11400FFF797FFE0B140
:1041700021460F4800F03AF9962000F093FB00200A
:1041800003B0BDE8304000F08FBA0A48214600F085
:104190002DF903B0BDE8304000F02EBB00DED8E7BB
:1041A00000DE2379C3F3C203BFE700DEE0E700BF10
:1041B000D53D0100E941010010B50446FFF7BCFC04
:1041C000237913F0380F06D100F038FB2046BDE804
:1041D0001040FFF7BDBC2046FFF796FF00F0F2F954
:1041E000BDE8104000F0FABB10B5044600F03AFA02
:1041F000FFF7A2FC237913F0380F06D100F01EFB65
:104200002046BDE81040FFF7A3BC2046FFF77CFF27
:1042100000F0D8F9BDE8104000F0E0BB10B582B066
:104220000446FFF791FD002809DB084A08490948C0
:1042300000940023FEF760FA18B902B010BD00DE4A
:10424000F3E77730F9D000DEF7E700BF91C8000050
:10425000513E0100B53D01004FF080530246D3F8B6
:10426000A410013107D04FF08051D1F8A00010F018
:10427000010009D17047D3F8A8304FF6FF719BB207
:104280008B42F0D100207047D1F8A4301360D1F8F0
:10429000A8301371C3F3072363F03F035371D1F8C0
:1042A000903001331CD0D1F89430013318D0D1F8BC
:1042B0009830013314D0D1F89C30013310D0D1F8AC
:1042C0009030C2F80630D1F89430C2F80A30D1F8F4
:1042D0009830C2F80E30D1F89C30C2F8123008E0A5
:1042E0000023C2F80630C2F80A30C2F80E30C2F815
:1042F00012300120704700BF00234FF0805203604E
:1043000043608360C360D2F88030013318D0D2F8A4
:104310008430013314D0D2F88830013310D0D2F871
:104320008C3001330CD0D2F880300B60D2F884305E
:104330004B60D2F888308B60D2F88C30CB607047FD
:1043400000230B604B608B60CB607047054B4FF4D4
:1043500080320021C3F80815C3F84423C3F80423AE
:10436000704700BF00B00040054B1878421C1A701F
:1043700018B9044B01221A6070470120704700BF32
:104380002A19002000B00040074B187848B10138C6
:10439000C0B2187018B9054B01225A60704701204D
:1043A000704700DE1878F2E72A19002000B00040BC
:1043B000014BD3F80405704700B00040024B00F5F4
:1043C000A87043F82010704700B00040044BD3F8A9
:1043D000103123B1034A044B10681B68184770471B
:1043E00000100040181700201C170020024A034B41
:1043F00011601860704700BF181700201C170020BC
:104400004FF080434FF0FF320021C3F8002EC3F875
:10441000042EC3F8081EC3F80C2EC3F8101EC3F8F0
:10442000142EC3F8182EC3F81C2EC3F8202EC3F880
:10443000242EC3F8282EC3F82C2EC3F8302EC3F830
:10444000342E7047074B084810B44FF490510024A5
:104450004FF41052C0F81845C3F80018C3F80428E8
:1044600010BC704700F0014000100040704700BFD2
:10447000054B02280CBF0421032140F20122C3F89E
:104480001015C3F85026704700100040072819DCAB
:10449000831EDBB2052B11D9002818DA031D1BDAA5
:1044A00010F1080F1ADA10F10C0F19DA10F1100FD1
:1044B00018DA10F1150FCCBFEC20D8200A4BC3F846
:1044C0000C057047084B0820C3F80C057047064BD5
:1044D0000020C3F80C057047FC20EFE7F820EDE75B
:1044E000F420EBE7F020E9E700100040014BC3F8AF
:1044F0000805704700100040084B00F07F00C3F82B
:104500005405D3F8182522F00072C3F81825D3F803
:10451000182542F00072C3F81825704700100040BB
:10452000084A00210123C2F82C15C2F83035C3789F
:10453000C2F824358178038843EA01431B02C2F89C
:104540001C3570470010004002F01C03A3F1080363
:1045500002F00302B3FA83F3013A5B091B06022A55
:1045600098BF43F4801300F00F000A4A184340F448
:104570008070C2F81405D2F81805074B0340C2F842
:104580001835D2F81835194341F44031C2F81815DE
:10459000704700BF001000400000F8FE014BC3F858
:1045A0000405704700100040014BC3F80405704734
:1045B000001000400120704702280CBF05200A208F
:1045C000704700BF014B01221A6070470010004085
:1045D0000B4B0C480C4910B44FF41064C3F8084559
:1045E00001224FF480245A60DA60C0F84843074C37
:1045F000C3F808450020C1F800020A6110BC7047EA
:1046000000F0014000B0004000100040C001700CFC
:10461000094B0022C3F80021D3F80011C3F804218C
:10462000D3F80411C3F80C21D3F80C11C3F81021EE
:10463000D3F81031704700BF00100040034BD3F88F
:104640000001003818BF0120704700BF0010004073
:10465000034BD3F80C01003818BF0120704700BF8E
:104660000010004001207047034BD3F85005B0FA0A
:1046700080F04009704700BF00100040044B40F23A
:104680000312C3F83425C3F83805C3F83C15704746
:1046900000100040034BD3F80004003818BF01207D
:1046A000704700BF00100040F0B41D4B1D4D1E4E62
:1046B0001E4C1F4F0322C3F800222A78C6F86875E3
:1046C00002F10C03DBB2D000DB00910003F1804368
:1046D00000F1804003F5F83300F5F83001F1804136
:1046E000C6F86C0501F5104104EB82041148C3F8CB
:1046F0001045C3F81405D1F840352D2B8ABFD1F8E9
:10470000403501232D3BC1F840350132064B4FF4B3
:10471000106102F00102C3F804152A70F0BC704762
:10472000001000402B19002000F001404091004093
:104730000C110040041000402DE9F041284E294C96
:10474000294FDFF8A8E0DFF8A8800323C6F800327D
:104750002178CEF8688501F10C03DBB2DB00CD00D7
:1047600003F1804303F5F83305F1804507EB81073A
:1047700005F5F835CEF86C554FEA810CC3F8107585
:1047800049F63465C3F814654AF2B813022A18BF13
:104790001D460CF1804C42F2B84241F288330228A7
:1047A00018BF13460CF5104C124A2B44A2FB0323EE
:1047B000DCF84025B2EB931F85BF9809DCF8403543
:1047C00001231B1ACCF840350131084B4FF410621D
:1047D00001F00101C3F804252170BDE8F08100BF9C
:1047E000001000402B1900204091004000F00140D3
:1047F0000C110040D34D62100449054B03204FF4C7
:104800001062C1F80002C3F808257047001000408C
:1048100000F00140034B0022C3F81C21D3F81C31E7
:10482000704700BF00100040034BD3F81C01003854
:1048300018BF0120704700BF00100040034AD2F8A3
:10484000403623F0FF03C2F84036704700100040A6
:10485000034B0022C3F81421D3F81431704700BF72
:1048600000100040034BD3F81401003818BF01209A
:10487000704700BF00100040014BD3F81004704790
:10488000001000400449054B054A4FF48020C1F850
:104890004803C3F80825704700B0004000F001400D
:1048A000C001700C034B044A1B7803F5A87342F84F
:1048B000230070472B19002000900040F0B4A2F5AF
:1048C00074232F4DA3F51073AB42044606D902F1B1
:1048D000E87202F5D432013902F5A572294B2A4853
:1048E0002A4D2B4E0127DF600027C3F80475A0FB7B
:1048F00002020427C3F81075900C0227C3F808754C
:10490000244AC3F84005C5F848154FF48021C5F87E
:1049100044134021C2F84065C2F84435C2F804157A
:1049200044B34FF48013C2F804351B4A194B1B4D96
:104930000124D46000210424C2F80415C2F81045F3
:10494000C2F80815C3F828290C32C3F85055C3F82B
:10495000542502F5AF32124CC3F8584502F5FC72EB
:10496000C3F85C250F49C3F860150832C3F8642505
:10497000F0BC70474FF40013C2F80435D5E700BF10
:10498000BFBDF07F0080004083DE1B4300B00040CD
:1049900048B1004000F00140009000400C11004080
:1049A00040910040449100400349044A01234B6078
:1049B0000B6153601361704700800040009000401D
:1049C0000449054BC1F844054FF08862C3F804253B
:1049D000704700BF0080004000F00140024B4FF0E4
:1049E0000062C3F80425704700F00140014BD3F882
:1049F00048057047008000400139012905D80B2087
:104A00000AB1F9F71BBEF9F727BE00DE704700BFF9
:104A100029B10139012905D80B20F9F731BE182039
:104A2000F9F72EBE00DE0020704700BF88420BD091
:104A3000012803D0022809D000207047A1F102000C
:104A4000B0FA80F04009704701207047A1F10100E1
:104A5000B0FA80F040097047012908D0022906D039
:104A600059B9074B4FF08072C3F800217047044BCF
:104A70004FF40062C3F80021704700DE704700BFAA
:104A800000E100E0032803D8054B185C28B170470B
:104A900000DE034B185C0028F9D100DE704700BF30
:104AA000B8A70100013810B41C46042806D8DFE876
:104AB00000F008111A23030004292FD000DE10BCD7
:104AC00070470429FAD1194B9C6010BC02210020C8
:104AD000FBF7C4BF0329F1D1154B01219C6010BC29
:104AE0000846FBF7BBBF0429E8D1124B9C6010BC01
:104AF00002210120FBF7B2BF032908D00429DDD130
:104B00000D4B02219C6010BC0846FBF7A7BF0B4B66
:104B10009C6010BC01210220FBF7A0BF084B9C60E9
:104B200010BC02210320FBF799BF00BFA8020020A0
:104B300098020020880200206802002078020020ED
:104B40005802002001460020FFF738BC124B30B459
:104B50000121044600205960C3F80445C3F8000150
:104B6000C3F80401196005E0D3F8042132B9D3F881
:104B700004251AB1D3F80021002AF5D05960D3F8E2
:104B80000421002AE7D1D3F80455002DE3D0C3F85F
:104B9000042530BC704700BF00E0004070B5114CE8
:104BA0000126D4F8045566600E20F9F755FDD4F8B7
:104BB000040140B10021C4F80411D5E90E32304699
:104BC000BDE870401847D4F8003143B1C4F8000183
:104BD000D5E90E3205F12001BDE87040184700DE2E
:104BE00070BD00BF00E0004070B58CB00E461546A9
:104BF0000146102268461C46FBF7CCFE10220DEB46
:104C000002003146FBF7C6FE6846FFF79FFF25B15D
:104C1000102208A92846FBF7BDFE2CB108AD0FCD28
:104C200020606160A260E3600CB070BD084B70B59D
:104C3000C31A0D4607499B100446594306484022B3
:104C400004F003F92B4601462046BDE870401847A2
:104C500064170020B76DDBB6D4A0010073B50C4C0F
:104C60000C4A4023041B00930D460B460A49A4102E
:104C700061430646094804F014F9014628B130465C
:104C80002B4602B0BDE87040184702B070BD00BFAF
:104C9000641700200F8F0100B76DDBB6D4A00100B0
:104CA0000022F8B5012105461046F9F7F7FC104837
:104CB00001F058F90446B8B901F074F92F690D49AB
:104CC000384603F0C7FC031E09DB01263E642D694C
:104CD000084905F11C0003F0BDFC031E02DA1C4666
:104CE0002046F8BDEE64FBE76FF00404F8E700BF70
:104CF000214E0100BCA701001FB500220123CDE910
:104D000002236C46074A6B46CDE9004404F0F8F8EC
:104D100028B94FF480420023684601F0EBFD04B04F
:104D200010BD00BF218F010010B5EFF311842023C7
:104D300083F31288BFF36F8F074A136823F00201D1
:104D4000DB07116002D4012004F02FFA84F31188EC
:104D5000BFF36F8F10BD00BFB417002030B4104BED
:104D60000C2202FB003301460020D3E90E52986367
:104D7000EFF31180202484F31288BFF36F8F1C6C33
:104D800004F0C00444F002041C6480F31188BFF3F3
:104D90006F8F1DB12B46034830BC184730BC70479D
:104DA00064170020D4A0010010B4EFF3118020227A
:104DB00082F31288BFF36F8F17490B6843F0020428
:104DC00013F001030C601AD04FF08043D3F80C1499
:104DD000D3F80C3413F0010311D0EFF3118182F3F7
:104DE0001288BFF36F8F0D4A136C03F0C00343F0BA
:104DF0000203136481F31188BFF36F8F012380F3E3
:104E00001188BFF36F8F1BB110BC0020FFF7A6BF46
:104E100010BC012004F0C1B9B417002064170020B1
:104E200010B1012804D07047034B1B6C5B0701D104
:104E3000FFF794BF704700BF64170020024AC3B257
:104E40001C2000FB0320704764170020094BBFF3B0
:104E50005B8F53E8002F42F0010143E80010002867
:104E6000F7D1BFF35B8F930702D4012004F095B90B
:104E7000704700BFB417002010B5EFF31184202352
:104E800083F31288BFF36F8F074A136823F0010181
:104E90009B07116002D4012004F087F984F3118884
:104EA000BFF36F8F10BD00BFB41700202DE9F04194
:104EB0003849BFF35B8F8046012251E8003F41E84B
:104EC00000200028F9D1BFF35B8F33B93249334852
:104ED0004B60CB608A6003F0D0FB08F1FF33012BFD
:104EE0004BD8B8F1010F07D14FF08043D3F81C34F1
:104EF00003F00303012B40D004F035FE054658B102
:104F0000EFF31186202383F31288BFF36F8F0125FF
:104F1000234F4FF080441EE0224B1B78002BEFD034
:104F20004FF080430222C3F808230646F0E735B36A
:104F3000304603F0EFFDD4F8183563B9D4F80421F6
:104F40004AB1C4F80431D4F804310123C4F8183547
:104F5000C7F88031A360D4F81824D4F81834D203E9
:104F6000E5D503F00303012B02D0B8F1010FDED128
:104F700055B186F31188BFF36F8FBDE8F081002132
:104F8000212004F0B7FED6E74FF080430222C3F899
:104F90000423F2E76017002050170020801700203C
:104FA00000E100E02E19002008B5074804F013FCCA
:104FB00038B10648F9F720FE0448F8F793F90020C5
:104FC00008BD6FF01200FBE744A10100D14F0100C2
:104FD0000A2838B5074D044604D1AB680D215B683B
:104FE00028469847AB6803485B68E1B2984720467B
:104FF00038BD00BF44A10100EFF31182202383F3E9
:105000001288BFF36F8F0A4BD3F8001161B10021F2
:10501000D3F80805C3F80011D3F80031C0B282F309
:105020001188BFF36F8F70476FF00A00F7E700BF7A
:1050300000D00040F0B503468478C678EFF3118EB7
:10504000202080F31288BFF36F8F1D7893F801C082
:10505000641B3440A24288BFA2B2AF183740284632
:105060001F708EF31188BFF36F8F8F188F4218D186
:1050700065450CD1EFF31181202080F31288BFF336
:105080006F8F1878587081F31188BFF36F8F1B7979
:10509000A41AA34228BF074B90B224BF01221A6072
:1050A000F0BD03EB000E01309EF805E001F801EBC6
:1050B0003040DBE700D00040DB432DE9F04713F040
:1050C00001050F46144604D02448FFF7B3FFBDE89E
:1050D000F087B2B3EFF31186202383F31288BFF376
:1050E0006F8F0D20F9F7CCFA80460D20F9F7B4FA4E
:1050F00086F31188BFF36F8FDFF864A0194ECAF8EA
:105100000051DAF800314FF400590123CAF8003099
:105110002546C6F88091DAF80031A3B1FFF76CFF9D
:10512000031EA4BF05F1FF35ADB2C6F88091A8BF3C
:105130007B55002DEFD1B8F1000F02D00D20F9F70B
:105140007DFA2046C3E7EFF31180202383F3128812
:10515000BFF36F8F03F0DEFCDDE700BFD817002040
:1051600000D0004000E100E070B50D4614460CB9D7
:10517000204670BD4FF0FF334FF0FF320C4801F076
:10518000B9FB224629460B48FFF754FF064608485C
:1051900001F07CFB3EB94FF0FF324FF0FF33064881
:1051A00001F0A8FBE6E7A41BA4B23544DFE700BF8B
:1051B000B8170020ED170020C817002038B50122CD
:1051C0001146174804F000FC154D0122002105F19D
:1051D000100004F0F9FB40F207432B874FF0706397
:1051E0002B620C2385F8243000240E4B85F83540C3
:1051F000EC86D3F8042542F00102C3F8042501210E
:10520000C3F80041D3F80021C3F804132246196003
:105210000D20F9F743FA0D20F9F710FA204638BDB2
:10522000B817002000D0004010B5FFF7E5FE0028B9
:1052300020DB174B93F8222093F8214093F823109A
:10524000141B31EA0404C0B20DD193F8372093F84F
:10525000364093F83810141B31EA04040BD10D4B7F
:1052600001225A600EE09C180132114084F825009A
:1052700083F8221010BD9C180132114084F83A00C6
:1052800083F837100448BDE8104001F0FFBA00BFB2
:10529000B817002000D00040C81700202DE9F043C7
:1052A000476840F20636D0063B7C87B002EA060625
:1052B00054BFC2F3401C4FF0030C01F01F05B6F5BC
:1052C000837F144645EA43158DF803C044D00DD8BA
:1052D000062E16D005D8A6B1022E3FD06FF01500CD
:1052E00037E0B6F5807FF9D101260AE040F20222CC
:1052F000964235D0B6F5407F34D0B6F5007FEDD17B
:105300000226220330D57A6801238B40C2F8083583
:10531000B868A0BB05F01F036D092DD0012D77D112
:105320003E4A02EB8302C4F30043D2F8001783F035
:105330000103C4F3404444EA430421F4E16144EA34
:105340008C0421F0070144EA06230B43C2F800371E
:10535000002007B0BDE8F0830726D2E70426D0E797
:105360000526CEE70326CCE7630341BF01237A6815
:105370008B40C2F80C35CBE74FF0A042D1E70DF1DE
:105380000202294604F081F914F4403F80460CD112
:10539000B868294604F0AEF9B8F1000FD8D19DF8ED
:1053A0000210B86800F094FFD2E74FF0000901AB9B
:1053B000CDE90199CDE90439CDF80C90B86803AA7C
:1053C000294604F037F84845C2DB14F4003314D002
:1053D000C4F300449DF803308DF80E3084F00104CE
:1053E0008DF80C608DF80D40B8684B4603AA29462D
:1053F00004F0D3F80028CFDAAAE7CDE904330DF1A1
:1054000003030393B86803AA294604F013F8F1E7ED
:1054100003F5E07350F82330FFDE00BF00030050B7
:10542000420970B5034602D0012A17D070BD0D4E57
:10543000326951680029F9D003F01F0301250C6877
:105440009D400029F2D08A682A4002D04B6830463D
:1054500098472CB1236821461C46F2E7024EE7E745
:105460002346F8E70CA10100F0A0010038B545681B
:10547000A86890B104F038F9014670B9A86804F042
:1054800017F9044658B902460649A86804F0FAF824
:10549000224605210620F9F701F9002038BD6FF0FA
:1054A0000400FBE721540100F0B545681646A868E2
:1054B0002A7C01F01F0487B044EA4214002869D016
:1054C000B6F5001F04D1214604F067F9002052E030
:1054D00001AA0020B6F5800F0190506037D1B3F1DA
:1054E000007F14BF052304238DF804300023CDE989
:1054F00004230393EB6823FA01F111F001010DF18C
:1055000003073AD1B6F1A07F37D104F01F03620937
:1055100003F5E07326D0012A3FD1214A52F8233007
:10552000DB072AD4A8683A46214604F0AEF81630C4
:105530001BD00297A86803AA214603F07BFF00282E
:1055400019DBA8680122214604F0D6F8BEE7B3F1C2
:10555000C06F05D0B3F1007F14BF01230223C3E75E
:105560000323C1E74FF0A042D8E7A868394600F00E
:10557000B5FE0028DDDA07B0F0BDA8683A4621463E
:1055800004F083F80028D5D19DF80310A86800F036
:105590009FFECFE76FF08500EDE751F82330FFDE87
:1055A00000030050036803F01F025B09026004D08F
:1055B000012B034818BF002070474FF0A0407047F0
:1055C000000300502DE9F04F00EB8109654985B0DB
:1055D0001546834640F2FF1AD94503D1002005B095
:1055E000BDE8F08FDBF80020C2F3C72818F00808E8
:1055F000C2F3C320C2F3080440F0B1805A4B5445B3
:1056000008BF4FF0FF34B2F10C5F1E5C4FEA12602E
:1056100015D2222815D8DFE800F017272B382E34B2
:1056200038141414143E48141414141414141414B8
:105630004B86898C1414148F9396999C9F004E2846
:1056400026D06FF08500CAE7C5F80C45621C67D00C
:1056500003A80394FFF7A6FF039A012707FA02F2B3
:10566000C0F80825384639E0C5F81445002718E089
:10567000C5F80845EAE7C5F808450027601C22D1AF
:105680004EE0C5F80C450127F8E7C5F81045EDE7F1
:10569000C5F81445DAE7C5F80845002EE6D100271D
:1056A0000626631C3CD0002018E0C5F80C45F4E742
:1056B000C5F86045BBF80220671C02F001022FD03C
:1056C000002AC5D1012703A80394FFF76BFF039AB3
:1056D0008446012000FA02F2CCF80C25DBF8002009
:1056E000019202F4004CBCF1000F08BF804603A8F1
:1056F00018BF01270394FFF755FF039C019A00EBA5
:105700008400C2F3412CD0F80047320242EA8C02F6
:1057100042EA08020C40224342EA4702C0F800274E
:105720000BF1040B58E7C5F86445C3E7C5F86845B5
:10573000C0E7C5F86C45BDE7C5F824450127B0E7CB
:10574000C5F8284582E7C5F83045F7E7C5F8344580
:10575000F4E7C5F83845F1E7C5F83C4576E76FF062
:1057600015003CE7F0F8FCFF10BA01002DE9F0410C
:10577000044647680D4604F0F6F988B14FF020085A
:10578000EFF31186314688F31288BFF36F8F60689C
:1057900003F052FC50BB86F31188BFF36F8FEFE725
:1057A0001F4B1B78002BE9D04FF02008642660685F
:1057B00003F042FC70B9012003F09EFC013EF6D1DB
:1057C0000021212004F096FAF0E786F31188BFF358
:1057D0006F8FF5E7EFF31186314688F31288BFF338
:1057E0006F8F606803F028FC0028EED0BB691D7045
:1057F0006368BA691B680020C3F844250122C3F816
:105800004825C3F82001D3F82041C3F85801D3F844
:1058100058019A6081F31188BFF36F8FBDE8F08162
:105820002E1900202DE9F041002205460121022019
:10583000F8F734FF0220F8F701FF6C680121E068F7
:1058400003F02BFC6B681A682369C2F82435617D6C
:10585000237D0B43A17D0B43C2F86C356F68D7E9FC
:10586000004313F0010318D0D5F8108004F10C01A7
:1058700008F1080204F5907003F07BFC061E07DABD
:10588000224A2348012103F045F83046BDE8F08163
:1058900098F8080000F052FB01230822C4F8002504
:1058A000BA69C4F8442501210022C4F84825A16042
:1058B0006BB9D4F82031002BFBD0C4F82021D4F8E8
:1058C00020310123E3604FF48073C4F80433D4F82B
:1058D0005831002BFBD00021C4F800156D682C68EE
:1058E000E86803F0DAFB0823C4F800352A7A52B9D5
:1058F000EB69C4F834350123C4F83835C4F81021F5
:10590000D4F8102123600026BFE700BF57B801007C
:10591000FCA3010070B5012383400F4ABFF35B8FE6
:10592000DC4352E8001F01EA040542E80056002E5D
:10593000F7D1BFF35B8F4FF4803282400748C0F845
:105940000823BFF35F8FBFF36F8F03EA01000038B6
:1059500018BF012070BD00BF2418002000100140B6
:1059600070B41249D1E90034D01AC31844F10004CC
:1059700022F07F46C1E90034A6F50013B3F5400FCD
:1059800009D20B4B1B681A0A1B069C19094B42F1E2
:105990000005C3E90045EFF31181202383F312884A
:1059A000BFF36F8F70BC01F0C9BD00BF000B0020BA
:1059B00028180020080B002011B3BFF35B8F0123D0
:1059C000104A834052E800CF4CEA030C42E800C181
:1059D0000029F7D1BFF35B8F0B4A4FF4803383402C
:1059E000C2F80433094BBFF35B8F1B68BFF35B8FB7
:1059F000C340DB0742BF064B4FF40032C3F800211F
:105A0000704700BF2418002000100140201800201B
:105A100000E100E00D4B1868010A0006BFF35F8F3C
:105A20000B4BD3F80435181841F10001B3F5801F72
:105A30000AD2084BD3E90023904271EB030303D24F
:105A400010F1807041F10001704700BF281800205C
:105A500000100140080B00202DE9F04F85B01646DC
:105A60001F469DF840A00446FFF754FF0190FFF742
:105A7000D1FFB04271EB07035ED23E4B301A67EBA9
:105A80000101984271F1000109D36FF0150520461C
:105A90000199FFF791FF284605B0BDE8F08F364B1E
:105AA00003EB0413D3E902239F4208BF964254D06C
:105AB00032494FF4803804F1500508FA04F8AD007B
:105AC000C1F848832046ADB203F0F6FA26F07F4BCA
:105AD00005F1804504F5A87305F58835DC464FF0DF
:105AE00003090293029A2CF07F4341F82230C1F857
:105AF0004483D1F80435224A6FF00200C01A604492
:105B000020F07F40904228D9286868B1D1F8043548
:105B10000393A3EB0B0020F07F40B0F5000F1CD9DE
:105B2000204603F0C9FA039BBAF1000FADD109EB8F
:105B3000030C09F10109D5E7BAF1000FA5D1012342
:105B4000104ABFF35B8FA34052E8000F184342E8AE
:105B500000010029F8D1BFF35B8F07490E9823019C
:105B600001EB0412C8500F9B5360C2E90267002585
:105B70008DE700BF01008000F00A00200010014006
:105B8000FDFF7F00201800207FB51C4C1C4BC4F883
:105B90000833C4F848331B4B00254FF0FF304FF05B
:105BA000FF31C4F80855C3E902014FF48033C4F84B
:105BB0000433154B02264FF400320121C4F804636C
:105BC0001120C3F880212A46F8F768FD1120F8F764
:105BD00035FD0E4A0123A360236013600C4B0D4A70
:105BE0000093CDE9015500232846FFF735FF3046E5
:105BF000FFF75CF9284604B070BD00BF00100140FB
:105C000003000F00F00A002000E100E0241800204B
:105C100061590100FFFF7F002DE9F7432E4CD4F8B6
:105C2000043399070BD5D4F8043143B12B4A002330
:105C3000C4F80431D4F80431136801331360D4F884
:105C40000433DA0343D5BFF35B8F254B53E8002FB2
:105C500022F0010143E800100028F7D1BFF35B8F69
:105C6000D30702D4D4F840318BB30025C4F8405197
:105C7000D4F84031FFF7CEFEEFF31182202383F3F7
:105C80001288BFF36F8F174BD3E90267B042B94157
:105C900020D34FF0FF304FF0FF31C3E90201D3E9C9
:105CA00000981D604FF48033C4F84833C4F8405165
:105CB000D4F8403182F31188BFF36F8FB9F1000F30
:105CC00005D0CDF8008032463B460020C84703B0DF
:105CD000BDE8F083A946EDE7001001402818002038
:105CE00020180020F00A002030B5431C124C85B06B
:105CF00005D08442A8BF0446012CB8BF0124FFF799
:105D000089FE0E4B0C4DD3E90013401AB0F5000F7D
:105D100010D22218AA4228BF2A4652184FF000007B
:105D200007490091CDE9010043F10003FFF794FE1C
:105D300005B030BD2A46F0E7FFFF7F00000B0020D2
:105D40006159010008B5FFF765FE024B1B68C01AD8
:105D500008BD00BF000B0020024AD2F80034002B1F
:105D6000FBD0704700E0014010B54FF08053D3F8EE
:105D70003021082A4ED14FF080420021C2F80C1188
:105D8000C2F81011C2F8381502F54042D3F80414D5
:105D9000C2F82015D3F80814C2F82415D3F80C144F
:105DA000C2F82815D3F81014C2F82C15D3F814141F
:105DB000C2F83015D3F81814C2F83415D3F81C14EF
:105DC000C2F84015D3F82014C2F84415D3F82414AF
:105DD000C2F84815D3F82814C2F84C15D3F82C147F
:105DE000C2F85015D3F83014C2F85415D3F834144F
:105DF000C2F86015D3F83814C2F86415D3F83C140F
:105E0000C2F86815D3F84014C2F86C15D3F84434BE
:105E1000C2F8703503F060F918B1374B374AC3F850
:105E20008C2603F059F918B1354BFB22C3F818251D
:105E300003F052F958B14FF080424FF08051D2F840
:105E4000E43ED1F8581261F30303C2F8E43E03F0D4
:105E500043F920B12B4B4FF40072C3F840264FF0AA
:105E60008053D3F83031082B17D14FF08043D3F84B
:105E70000024D20744BF6FF00102C3F800244FF0A2
:105E80008053D3F83431042B81BF4FF01023D3F863
:105E900008224FF08043C3F858254FF01023D3F861
:105EA0000022002A03DBD3F80432002B22DA164941
:105EB00001234FF01020C1F804351224FFF74CFFE6
:105EC000C0F80042FFF748FFC0F80442FFF744FF64
:105ED0000023C1F80435FFF73FFFBFF34F8F0B4995
:105EE0000B4BCA6802F4E0621343CB60BFF34F8FE1
:105EF00000BFFDE710BD00BF005000404881030017
:105F000000F000400090024000E0014000ED00E0A1
:105F10000400FA05014B1860704700BF2C180020E0
:105F200010B5054B1868144603F0E8F80028A4BF24
:105F30002070002010BD00BF2C180020024A012351
:105F40008340C2F80435704700F00140014B002047
:105F50001B68184730180020014B1B68184700BF0A
:105F60003018002010B50C4C237993B9012323710C
:105F70000A4B2060002818BF184600F049F850B9B5
:105F800023680748002BBDE8104008BF184600F002
:105F90008FB86FF0770010BD301800204D5F010002
:105FA000595F010008B5064B1B683BB10020F8F7AC
:105FB00067FB18B9BDE80840F8F740BB08BD00BF53
:105FC0003018002038B54FF080440123C4F808335E
:105FD00063600023C4F80031D4F8003142F2107538
:105FE000D4F80C24D4F80C34D20307D5DB0705D53C
:105FF000012003F081F8013DF2D138BD03F0E4F84F
:106000000028FAD0014B00225A71F6E73818002018
:1060100010B508490C794CB9012308600B7103F0E5
:10602000D3F808B9002010BD4C71FBE76FF0770082
:10603000F9E700BF381800204FF080430022C3F872
:106040000021D3F80021094901221A60096811B121
:10605000C3F804237047D3F80021002AFBD00022A4
:10606000C3F80021D3F80031704700BF3818002072
:1060700010B54FF08043D3F80423D20715D5D3F8D9
:10608000002192B10022C3F800210121D3F80021A0
:10609000C3F8081303F098F8044B10B15A7922B9E9
:1060A0005971BDE810401B68184710BD3818002012
:1060B000074A137943B90121106011714FF08042F2
:1060C0001846C2F8183570476FF07700704700BF68
:1060D0004018002010B54FF080431D4CD3F8181421
:1060E000D3F8182411F4803F1AD002F00302012AD9
:1060F00001D092B900224FF08043C3F81825002246
:10610000C3F80421D3F8042101229A6022688AB9D5
:10611000D3F80421002AFBD014E003F066F8E9E785
:10612000D3F81424D107E5D5D3F81C249207F4D46E
:1061300022681AB10222C3F8042310BDD3F8042147
:10614000002AFBD00022C3F80421D3F80431F4E77D
:1061500040180020F8B54FF08043194FD3F804439E
:10616000012504F01A04002604B9F8BDB4FA84F03D
:10617000C0F11F00830003F580739BB203F18043DD
:1061800005FA00F2196892B224EA02040029EBD061
:106190001E601B684FF08043022AC3F808230BD10E
:1061A000D3F81814D3F81814890705D1C3F8185573
:1061B000C3F804239D60D7E73B68C0B29847D3E794
:1061C00040180020036803F01F025B09026004D03E
:1061D000012B034818BF002070474FF0A0407047C4
:1061E00000030050034A430900F01F00D35C184429
:1061F000C0B2704718BA0100024611F0010030B574
:1062000015D18B07C1F3400022D51249D1F82005E2
:1062100050604FF08052C1F82005D2F83021082A92
:1062200008BFD1F82025003818BF012010E04FF03A
:10623000A0444FF08055D4F820351360C4F82035C1
:10624000D5F83051082D08BFD4F82045002BD8D000
:1062500030BD00BF00030050F7B504460846FFF705
:10626000C1FF04EB40060D46B38ADB072AD5204662
:1062700003F0BEF82946204603F02AF850B1204624
:1062800003F03CF8276807EB80000023C0F81035C6
:10629000C0F810352946204603F059F80021B18294
:1062A00001A80195FFF78EFF019B00EB8300074BD0
:1062B000D0F80027134043F00203C0F80037084627
:1062C00003B0F0BD6FF01500FAE700BFF0F8FCFF77
:1062D000014802F031BF00BFBC02002010B50448E5
:1062E0000C4602F00BFF0028A4BF2070002010BD58
:1062F000BC0200202DE9F04F074689B057F8049BF7
:10630000D9F80413C9B28346082241F00041484637
:1063100003F046F8051E2FDA0023032106A8CDE975
:106320000633FFF769FF634B01930DF118084FF037
:10633000000A019A604912F8013B0192DA0803F061
:1063400007038A5C22FA03F3DB071CD40AF101037A
:10635000022B08F104084FF0010AEAD14FF0004186
:106360000022484603F01CF8032106A8FFF744FF6B
:106370000028D8D125F000450124002D40F084806C
:1063800009B0BDE8F08F4D4B53440293D8F800603C
:10639000002EDBD0029B96FAA6F61C78B6FA86F69B
:1063A00046EA44142046FFF71DFF0BEB4000F208BD
:1063B000818A18F802000594C1F3820303930093C5
:1063C00006F00706012303FA06F620EA060008F89D
:1063D000020005A8FFF7F6FE059A039B02F5E0729E
:1063E00011F0100F50F82260C6F3014633D0009A26
:1063F0003846214602F08CFF05A80594FFF7E2FE1F
:10640000059B03F5E073F6B250F82330C3F3014364
:106410009E4207D10021204602F04BFF3146204624
:1064200002F047FF05A80594FFF7CCFE059B01226B
:1064300002FA03F3C0F820354FF08053D3F830311F
:10644000082B01BFD0F82035D0F82035D0F8203502
:10645000D0F820359AE7022E14BF022103212046EE
:10646000039302F026FF039B032B03D0022E07D1D8
:10647000012BD7D1009A2146384602F049FFD1E7D7
:10648000032ECFD1022BF4E795FAA5F3B3FA83F3E9
:1064900004FA03F225EA020503F5A2720BEB4303AB
:1064A00059F82220B3F87C10C2F30142384602F0BA
:1064B0002FFF62E728BA010050A8010028BA0100A6
:1064C00010B50446F7F7F4F90348044A012102F035
:1064D00021FA204603F08AF9DCA3010094B80100F8
:1064E0002DE9F843044600AF0D46EFF31188202351
:1064F00083F31288BFF36F8F04282A4A98BF2A4B70
:106500009668117C94BF53F82030284BE9468AB036
:106510006A462748CDE9073140F20133ADF824300F
:10652000244BCDE9050442F8103F234800234FF4E3
:106530003151F7F78BFACD4645B1EB69C3F3080348
:1065400023B11E4A1C48012102F0E4F92EB1304665
:1065500003F012FB08B1037803B91948E9468AB081
:106560006A46184B0790CDE9053640F20133ADF885
:106570002030154B42F8103F00230F484FF41151C3
:10658000F7F764FA2946CD462046FFF799FF88F3CE
:106590001188BFF36F8F3046F8F720F9BD46BDE88C
:1065A000F88300BF4818002054A80100A3B80100D8
:1065B000B1B8010005000001DCA30100D9B8010059
:1065C00042B20100FAB801000400000138B50A4BDC
:1065D00053F82040013053F82050A54200D838BD70
:1065E000606830B1037EDB0701D403F0DCF80834C7
:1065F000F3E723689847FAE768A8010070B52A4BCB
:106600002A4C2B4D86B0012203201A70FFF7DEFFC3
:1066100001F022F90420FFF7D9FF2646AE4204F12B
:1066200030040FD300F0D2FC204CAC4226D300F053
:10663000E1FCF6F727FA1F4A938923F001039381BF
:1066400006B070BD54F80C3C059354F8103C04930C
:1066500054F8143C039354F8183C029354F81C3C2F
:10666000019354F8203C009354E90A2354E90C01A7
:1066700000F018FB54F8303C5E65CEE7D4E90A23FD
:10668000B3F1FF3F08BFB2F1FF3F05D052EA03016B
:10669000206803D103F047FB3034C6E706491830C1
:1066A00000F0BCFEF8E700BF2E190020FCA201009C
:1066B000FCA20100900B0020559C010070B5002346
:1066C00086B00122CDE90423134E144D01930F220D
:1066D000CDE902321249142303FB005506EBC01624
:1066E00004464FF4C07000FB04110E4B00954FF4AC
:1066F000A072304600F0D6FA337C0B4AEE6023F0ED
:10670000040333744FF4046304FB033313442C7405
:106710006B6006B070BD00BF100B00204818002051
:10672000C033002045980100802B00207FB5002059
:10673000FFF74CFF294B83F30888294C636943F426
:10674000007363610025E02384F82230E577257625
:106750006576A57684F82050636A43F4E02363628B
:1067600084F82350F7F7D4FEF8F722F84FF0FF3300
:10677000A362E362F8F752F9F8F79AF8F6F7F2FF36
:106780001848194C00F006FB0120FFF71FFF0220FC
:10679000FFF71CFF00F058FC144B15495C61154BCA
:1067A000059301234FF48062CDE90353CDE90155F0
:1067B000114B0095204600F075FA237C064623F025
:1067C00004032046237403F011FA2846FFF776FFEE
:1067D000094A31462046F7F7CDFF00BFC0330020FD
:1067E00000ED00E0100C0020900B00204818002065
:1067F000403500205CB90100FD65010038B5064C4C
:10680000064DAC4201D3002038BDD4E90112204628
:1068100002F0F4FF1434F4E72C0300202C030020D2
:1068200073B51546EFF31186202282F31288BFF369
:106830006F8F0468B4B12368426823F00303944265
:1068400008BF4360036023689B0704D02046656847
:1068500003F04FFB2C4686F31188BFF36F8F204661
:1068600002B070BD55EA0302F5D000F10802CDE98F
:1068700000533146104600F073FB0028EFD1024B65
:106880009B685C69EBE700BF4818002070B5EFF328
:106890001186202383F31288BFF36F8F0468A04210
:1068A0001AD0CCB1D4E9003213605A60237C0025A1
:1068B00023F002032374C4E90055A56004F1180015
:1068C00003F08AFA2046A56703F090F9314608489C
:1068D000BDE8704003F0E4B9D0E902329A4218BF33
:1068E0000133836086F31188BFF36F8F70BD00BFE3
:1068F0002F19002013B5EFF31181202484F312889F
:10690000BFF36F8F846844B1013C846081F31188C8
:10691000BFF36F8F002002B010BD52EA030406D10E
:1069200081F31188BFF36F8F6FF00F00F3E7CDE9AC
:1069300000230246014800F013FBECE72F1900206A
:1069400070B50546EFF31186202383F31288BFF359
:106950006F8F00232C68A54218D0BCB1D4E9003257
:1069600013605A60227C002322F00202C4E9003343
:106970002274A36004F1180003F02EFA6FF00A03EA
:10698000A367204603F032F90123E3E70022AA605F
:1069900023B986F31188BFF36F8F70BD314602486B
:1069A000BDE8704003F07CB92F1900202DE9FF41AC
:1069B000544E04462027EFF3118887F31288BFF363
:1069C0006F8FD4F88450F5B9022104F19C0003F0D4
:1069D00007F8002870D004F1940500220121284610
:1069E00003F0C1F90028F8D1002302934FF0FF32E1
:1069F0004FF0FF33CDE90023414604F18C024248B9
:106A000000F04CFCD7E7D4F888202B68C4F8843019
:106A1000954208BFC4F88830D4F89C3043F0020394
:106A2000C4F89C30EB6823F0040343F00103EB60EF
:106A30006B6888F31188BFF36F8F28469847EFF390
:106A4000118887F31288BFF36F8FEB68D80623F0A5
:106A500001023ED4EA60EB689A0717D5306823F04C
:106A60000203EB6090B10368002178B1426895425F
:106A70003DD10368002934D172683360904200D15F
:106A80007360002340F8083BFFF700FFD4F89C3008
:106A900023F00203C4F89C30DB0530D4D4F88430F2
:106AA000003B18BF012388F31188BFF36F8F002BC1
:106AB00081D000F0D1FA7EE7D4F89C30D90693D586
:106AC000C4F89C0088F31188BFF36F8F04B0BDE851
:106AD000F08123F01103EB6005F11000FFF7D6FE03
:106AE000B9E70B607368984208BF7160C9E7014657
:106AF0001BB11A6818461346B7E71A46FAE700238F
:106B0000D1E700BF681800202F190020F8B5C3682E
:106B10009A0704460E46C3F3400542D45F0742D4A9
:106B20000B680BB983680B60E368D80744BFA368A0
:106B3000336037684CBF0225012557B31B4B9A6859
:106B4000D7F880309A421ED103F00DF880F0010092
:106B5000C0B2D7F89C30D907C3F380021CD5F2B17C
:106B6000F8B100232360D7F8883073B9C7E921440E
:106B7000384602F04FFFE36843F00403E3603368F4
:106B8000A3602846F8BD0020E3E71C60C7F88840F2
:106B9000EEE76FF0150506E06FF0120503E01B0746
:106BA000DFD56FF00F0500233360EAE748180020B7
:106BB0000146014802F0A2BFB00C0020F0B589B038
:106BC00004460020C4E921000E9D04F18C00C4E9B4
:106BD000230004F19400C4E9250055B32879002866
:106BE00040F2011008BF0120C4F89C0000204FF0C3
:106BF000FF364FF0FF37CDE90330CDE90100CDE995
:106C000006670D4B0094204600F098F855B12968AE
:106C100011B1204602F0ADFF6B791BB1A38943F09F
:106C20000103A381204603F07EF8C4F8804009B038
:106C3000F0BD0120D8E700BFAD690100F7B50C46F3
:106C4000019016461D46EFF31187202383F3128827
:106C5000BFF36F8F084602F0CEFE55EA060309D156
:106C600001A92046FFF752FF87F31188BFF36F8F0A
:106C700003B0F0BDE368074943F00803E360019BFC
:106C8000A36232462B4604F1100000F0C7FB01203E
:106C9000EAE700BF899A010001460148FFF7CEBF2D
:106CA000B00C00202DE9F043073285B022F0070236
:106CB0000E461F461099818100F158037F32C0E9CA
:106CC00016330446002322F03F020421836001743E
:106CD0003F2A0F98A073C4E90633E37306F1400915
:106CE000A2F1400805D883F31188BFF36F8F0846DF
:106CF00002DFB51829462046F7F7BEF907300E9B8C
:106D000020F00700A066C4E9189802930D9B019338
:106D10002D1A0C9B00932A463B4631462046F7F736
:106D2000F7FC00236365044B9B6803B1DB6EE366ED
:106D3000284605B0BDE8F08348180020F0B587B0BC
:106D400000250595109D04950F9D03950E9D0295B8
:106D5000DDE912760D9D01950C9D00950446FFF727
:106D6000A1FFB6F1FF3F08BFB7F1FF3F05D056EADC
:106D7000070305D1204602F0D6FF204607B0F0BD3C
:106D80003A46334604F11800014900F047FBF4E7A6
:106D9000559C01000123037483810023C0E918334B
:106DA000C366014B9860704748180020094A9368F1
:106DB0006FF00A019967084958674B6843F08053A0
:106DC0004B60002383F31188BFF36F8F9368986F34
:106DD000704700BF4818002000ED00E070B590F942
:106DE0001020037C002A2FDBD9062DD11A4C63F02A
:106DF0007F032246037452F8183FE169934207D19A
:106E0000C0E900210860E0610FE09942F8D01B68FA
:106E1000002BF5D093F90E6090F90E50AE42F4DDE0
:106E20005968C0E9003108605860A569954200D0F2
:106E300005B9E568A3681A7CD20606D1DA897F2AEB
:106E400003D9AA690AB9636170BDAB4202D0284672
:106E500000F066FA6561F7E74818002038B590F948
:106E60001020037C002A014604DA03F07F03037438
:106E700002F084FE0D4D2A46AB6852F8184F94423A
:106E800000D004B9EC688B4207D01A7CD20604D13A
:106E9000DA897F2A01D9A2692AB1A34202D0204609
:106EA00000F03EFA23466B6138BD00BF4818002051
:106EB000B3F1FF3F08BFB2F1FF3F03D002491830E2
:106EC00000F0ACBA704700BF559C0100034648B9BA
:106ED000EFF3058232B9064A51699268914201D0B6
:106EE000FFF764BF83F31188BFF36F8F704700BF54
:106EF0004818002038B5184CA168E0690B68814239
:106F000014BF1A46002249680B605960A368E16902
:106F10002AB9124AC3E900210B60E3610AE092F941
:106F20000E5093F90E00854212DD5168C3E900212D
:106F30000B605360A569094B9D4200D005B9E56817
:106F4000A3689D4202D0284600F0EAF9656138BD89
:106F50008A42DED01268DBE7481800206018002063
:106F6000F8B50E4B0C4611460D4A98681060DDE9E5
:106F70000667EFF31182202282F31288BFF36F8F2E
:106F80009D68284602F00CFE284632463B46FFF735
:106F90008FFF2046BDE8F840FFF708BF48180020E3
:106FA00070180020034648B9EFF3058232B9064A4B
:106FB00051699268914201D0FFF7F8BE83F31188BE
:106FC000BFF36F8F704700BF48180020EFF31181A7
:106FD000202383F31288BFF36F8F054B9A68D37B0E
:106FE000013BD37381F31188BFF36F8F704700BFEC
:106FF0004818002070B5EFF31186202383F3128820
:10700000BFF36F8F0F4DAB68DA7B0132DA732A461C
:1070100052F8184F944200D004B9EC681A7CD2069A
:1070200004D1DA897F2A01D9A2692AB19C4202D00F
:10703000204600F075F923466B613046BDE870408C
:10704000FFF744BF48180020024B03F11802C3E9C0
:10705000062270474818002070B5EFF311862023F0
:1070600083F31288BFF36F8F1A4CA168E0690B6835
:10707000814214BF1A46002249680B605960A36818
:10708000E1692AB9144AC3E900210B60E3610AE00F
:1070900092F90E5093F90E00854216DD5168C3E94E
:1070A00000210B605360A5690B4B9D4200D005B9D0
:1070B000E568A3689D4202D0284600F031F9656179
:1070C0003046BDE87040FFF771BE8A42DAD01268E0
:1070D000D7E700BF4818002060180020F8B550EA34
:1070E000010306460C4603D1FFF7B6FF0020F8BDAA
:1070F000EFF31187202383F31288BFF36F8F124DB4
:10710000124BA8681860FFF7A9FEA868104923462B
:107110003246183000F082F9AA68137C43F0040369
:10712000137404463846FFF741FEAB68D3E90A23DF
:10713000B3F1004F08BF002AD8D102F082FE201A16
:1071400020EAE070D3E700BF481800207018002044
:10715000559C0100014B9868704700BF48180020FB
:107160002DE9F84304468789EFF31186202383F342
:107170001288BFF36F8F037C190705D586F311883A
:10718000BFF36F8FBDE8F883D90943F008026FD1D0
:107190000274A36813B1204602F0F8FC04F1180051
:1071A00002F01AFEA56D04F15808A84511D04FF061
:1071B000000975B1284602F0E9FC05F1180002F05B
:1071C0000BFEC5F878902846FFF708FEA56DA84588
:1071D000EFD1DFF8BC80D8F808309C4250D1EFF3F3
:1071E0000589B9F1000918BF4FF00109D8F8185006
:1071F000284A954200D00DB9D8F80C50AB4202D0C5
:10720000284600F08DF82046C8F8145001F06BFCB9
:10721000B9F1000F02D02048FFF7BCFDD8F80830C4
:107220009C4230D1EFF305836BBBA289D20711D505
:1072300086F31188BFF36F8F83F31188BFF36F8FCD
:107240000423184602DFEFF31186202383F312880C
:10725000BFF36F8F3046FFF7A9FDFB0792D50023E0
:1072600083F31188BFF36F8F0423184602DF89E789
:1072700003F07F0343F00803037402F07FFC88E708
:107280004FF00009B2E786F31188BFF36F8FE4E790
:107290004818002060180020100C0020D3B5DDE94C
:1072A0000667089CCDE90067FFF75AFE1CB1034B47
:1072B0009B685B69236002B0D0BD00BF4818002006
:1072C000027C12F01F02034610D10A4988420DD0F9
:1072D0000949086868B1D9897F2909D893F90E202E
:1072E000064B1B689A42B8BF0020704700207047C9
:1072F00010467047100B0020C002002074180020B8
:10730000044BC01A044BC0105843044B01221A54BA
:10731000704700BF900C0020ABAAAAAA2F1900202A
:1073200070B50C4B0C4D1E7CFFF7CAFF182303FBF6
:1073300006550446284602F04FFD084B00229A5598
:107340003CB1621E28460649BDE87040D31700F0E4
:1073500065B870BD48180020900C00202F1900203F
:107360000173010038B5EFF31185202383F31288F0
:10737000BFF36F8F0F4B104A9C681068A04206D174
:10738000FFF7CEFF85F31188BFF36F8F38BD002163
:107390001B7C1160094AD35C002BF3D02046FFF719
:1073A0008FFF0028EED0237CDB0601D1FFF7A2FD82
:1073B0002046E5E748180020701800202F1900200B
:1073C000024B1868984208BF00207047C402002092
:1073D000034B1B680BB9FEF7B5BC0020704700BF1C
:1073E0007818002030B570B10B4B5B6898420AD01A
:1073F000036843B1D3E90421D0E90445121941EBF4
:107400000501C3E90421D0E9003213605A6000236A
:10741000C0E9003330BD00BFC4020020B3F1FF3F1C
:1074200008BFB2F1FF3F2DE9F84F044699461546D3
:107430001F467AD08160EFF31188202383F31288EE
:10744000BFF36F8FB9F1000FDFF8E4A020DBFFF787
:10745000BFFFDAE90027013549F100092D1849EB92
:10746000E073C4E90453AD18064643EB07074FF039
:107470000109FFF7A5FFDFF8BCE0DEF804A0034632
:10748000EBB9C4E900EACAF80040CEF8044028E0AD
:10749000DAE900126FF001035B1A4FF0FF3161EB84
:1074A00002025B1B62EB0902012B72F10001BCBFFF
:1074B00001230022C0E904324FF00009D9E7D3E9E3
:1074C000041CD4E904208A4270EB0C0B24DA891ADC
:1074D0005A686CEB0000C3E90410C4E90032146080
:1074E0005C60FFF76DFF84420ED1134B1B685BB9E4
:1074F000B9F1000F02D1FFF76BFF0646304602F0EC
:1075000054FC0021FEF7F0FB88F31188BFF36F8F66
:1075100028463946BDE8F88F521A60EB0C005345F7
:10752000C4E90420ADD01B68AAE700252F46EFE789
:10753000A80C0020C4020020781800202DE9F04794
:10754000DFF8A890DFF8A880C9F800000246FFF72E
:1075500037FF0D4600260027D8E900134FEAE27EE8
:1075600050B1D0E9044CA2427EEB0C0A1BDAA41AFB
:107570006CEB0E06C0E9044652184FF0000443EBD2
:107580000E032046C8E90023C9F8004002F00DFCB4
:107590002146FEF7A9FB85F31188BFF36F8FBDE885
:1075A000F047FFF7DFBE611843EBE473C0E90467FF
:1075B000C8E90013FFF716FF01224FF00043C0E9AE
:1075C000042385F31188BFF36F8F83689847EFF327
:1075D0001185202383F31288BFF36F8FD9F8002021
:1075E000121BC9F80020FFF7EBFEB5E77818002062
:1075F000A80C002010B5EFF31184202383F3128828
:10760000BFF36F8FFFF7E4FE054A0346D2E900019E
:10761000181841EBE37184F31188BFF36F8F10BD2D
:10762000A80C0020F8B50446EFF31187202383F35C
:107630001288BFF36F8FD0E90423B3F1004F08BF66
:10764000012A04D087F31188BFF36F8FF8BDD0E90A
:107650000A566A1C46F10003022A73F1000334D370
:10766000013D46F1FF36002EBCBF00252E4602F03C
:10767000ECFB013041F10001401946EB010101280A
:1076800071F1000147DB02F0E0FB013041F1000144
:107690006FF00203401946EB010183426FF0004393
:1076A0008B413DDB02F0D1FB013041F100016FF075
:1076B0000102401946EB0103121A4FF0FF3161EB52
:1076C000030319492046FFF7A9FE236B0133236307
:1076D000236A63B187F31188BFF36F8F2046984701
:1076E000EFF31187202383F31288BFF36F8F54F8D1
:1076F000185FA542A6D0002DA4D0284602F085FA36
:107700000023AB6787F31188BFF36F8F2846BDE86E
:10771000F84002F06BBA6FF001024FF0FF33D0E790
:1077200000224FF00043CCE7257601002DE9F0411F
:1077300005461C4690461F46EFF31186202383F32F
:107740001288BFF36F8FB4F1FF3F08BFB2F1FF3F64
:1077500005D186F31188BFF36F8FBDE8F081002C4F
:1077600009DB012A74F10003BCBF0122002412F1DD
:10777000FF3844F1FF37284602F02EFBDDE9060111
:107780000023C5E90A012B6342463B4628460249CD
:10779000FFF744FEDDE700BF2576010070B5054622
:1077A000EFF31184202686F31288BFF36F8F02F067
:1077B00013FB20B184F31188BFF36F8F70BD6B6A28
:1077C00063B184F31188BFF36F8F6B6A28469847C3
:1077D000EFF3118486F31288BFF36F8F05F1180061
:1077E00002F048FA0028E5D002F000FA21460248EB
:1077F000BDE8704002F054BA30190020F8B50746D1
:107800000C46164602F0AFF908B10020F8BD0D4B4A
:107810009B68DD6E002DF8D0221DF6D2EFF31184A7
:10782000202383F31288BFF36F8F47F004012846AB
:10783000B04784F31188BFF36F8F0028E5D040F87C
:10784000045BE3E7481800200146024A0020FFF7E6
:10785000D5BF00BF4B7F0100014800F00CBC00BF4A
:1078600064B9010007B5074B0093074907484FF07B
:10787000FF334FF48062FFF7A1F9002003B05DF8F9
:1078800004FB00BF80A8010080390020B00C00205C
:107890000CB430B58BB004460D462022002102A85E
:1078A00002F055FB02238DF80A30002D0C4B039398
:1078B000069412DB01D06B1E1C440FAA0E9907948C
:1078C00002A8019200F00EF815B1069B00221A7072
:1078D0000BB0BDE8304002B070470024EDE700BFB8
:1078E00045A001002DE9F04F8BB0436800938378E9
:1078F0009C078046924640F1F980002508780028D0
:1079000000F0F68025280AD04B1C01930135414632
:10791000009B98470028C0F2E3800199EEE74E787B
:107920008B1C252E0193F1D00027B9463C460A2234
:107930001F2C22D8A6F12003102B20D8DFE803F05B
:10794000141F1F1A1F1F1F0B1F1F1F121F171F1F80
:10795000090044F00104019B13F8016B0193002E10
:10796000E6D13AE044F0020444F00404F3E744F0C2
:107970000804F0E744F01004EDE77F2C24D8A6F1CA
:107980003003092B08D860064EBF02FB073702FB05
:10799000093944F02004DEE72A2E0DD161065AF899
:1079A000043B53D4002BA7BF44F020049946C3F1F5
:1079B000000944F02804CEE72E2E05D1630600F11D
:1079C000978044F04004C6E76C2E2ED028D8682E4D
:1079D00032D06A2E37D04C2E35D0002F46F02003FF
:1079E000B8BF24F04004A3F16502BCBFA4B20027D5
:1079F000022A01D9612B2BD10AF1070A2AF0070AC2
:107A00009C4E0AF1080A0727210760D506EB070BF1
:107A100034465C455DD1AE1BA219A9EB070959E1BB
:107A2000742E98D07A2E96D0D7E7260648BF44F415
:107A3000007444F080048EE7E00548BF44F400740D
:107A400044F4807487E744F4207484E71F4682E797
:107A5000A6F16302122A00F2D880DFE812F01300C8
:107A60004D00D600D600D600D6004D00D600D60078
:107A7000D600D600D600E800D100D600D6001A0005
:107A8000D600A0005AF8043B8DF81030012704AE50
:107A9000BAE75AF8046B784B002E08BF1E4614F064
:107AA000400F14BF39464FF0FF31304602F067FAFD
:107AB0000746A9E7009B41462020984700280FDB96
:107AC000013CA742F6D34D442D1BA1469EE74C46F0
:107AD000F7E714F8010B009B41469847002898DA15
:107AE00098F8023043F0040388F802304FF0FF3575
:107AF00028460BB0BDE8F08F220630D5A3052AD565
:107B00000AF1070A2AF007039A4659685AF8080B3F
:107B100024F0100B00291FFA8BFB2FDA404261EB97
:107B200041014BF4806B04AC0A23224602F033FA85
:107B30001BF0400FA0EB040200F08E802BF001043C
:107B40009742A4B240F38F80002E40F08E802BF03D
:107B50001104A4B21DE05AF8040BC117D8E7E005E0
:107B60005AF8041B01D40846F7E7A2054BBF48B2F8
:107B700008B241F3C01141F3C031C9E750EA010333
:107B8000D1D16306CFD5002FCDD124F01104A4B2FA
:107B90003A463B4640F206410C4262D124E024F0D2
:107BA0001004A4B20A2314F0800243D014F400712C
:107BB0001FBF0AF1070A2AF007029246516814BF54
:107BC0005AF8080B5AF8040B50EA01023ED124F08F
:107BD000160B62061FFA8BFB3CD5002F3AD124F01E
:107BE0001704A4B23A463B4621075AD4E10705D50B
:107BF000994572DDA9EB03039F184B469B464AE06B
:107C000044F0100410237826CDE7782B04D1C6F178
:107C1000780343F01003C6E7009B414625209847B0
:107C20000028FFF65DAF02354146304670E6082376
:107C30000026B8E714F480715AF8040BC4D014F489
:107C400000711ABFC0B2114680B2BDE724F006042D
:107C50001FFA84FB04AC68E713465C46E10699D53D
:107C60002EB90133C0E71346F8E73B46F6E7023387
:107C7000BAE700BF9CB9010095B90100CDE9023215
:107C80004146009B202098470028FFF629AFDDE9F8
:107C900002320BF1010BD945F0DCEB1A03EB0B05BB
:107CA0005B46E10627D5CDE902324146009B3020F4
:107CB00098470028FFF614AFDDE902327EB901359E
:107CC0002F44791B8A4229DB144604AE9CBB2A440C
:107CD000A9EB03091546914442E017468EE7CDE92A
:107CE0000232023541463046009B98470028DDE9C4
:107CF0000232E5DAF4E640F206410C42E0D014F03C
:107D0000020F14BF2B20202014F4806FCDE9023223
:107D100005F10105414618BF2D20E5E7CDE9023206
:107D20004146009B302098470028DDE9023205F1EA
:107D30000105C6DAD4E6013CCDE90232305D009B94
:107D4000414698470028DDE90232BFDAC8E6009BC9
:107D5000414620209847002805F10105FFF6C0AEF6
:107D6000A9EB0503002BF2DCD7E500BF704700EB61
:107D7000C100408840087047F8B50346FFF7F7FF99
:107D8000B0FA80F0C0F11F0003EB800CCA00DCF8F1
:107D90001060171D0C4606328DB256B9012101FA4A
:107DA00000F0D9680143D960CCF81040DD539D52F2
:107DB000F8BDF1000431585AD85303EBC0009E526D
:107DC000C5805D52F4E710B500EBC104E3888B4237
:107DD00002F104010AD1012303FA02F2C36823EA83
:107DE0000203C360002340F8213010BDA28840F890
:107DF000213000EBC20100EBC300CB808280F4E7AE
:107E000008B50346FFF7B3FFB0FA80F2C2F11F02D4
:107E10001846BDE80840FFF7D6BF2DE9F843B1FA90
:107E200081F3C3F11F0200EB82090646D9F81070F6
:107E30000D4687B9C3F120034FF0FF349C40F3682F
:107E40001C4014D094FAA4F2B2FA82F2131D56F830
:107E50002340214608E03C464FF0030821463046C7
:107E6000FFF785FF854205D83046FFF7ACFF204677
:107E7000BDE8F88306EBC404B8F10108E488C9F84A
:107E80001040D7D0BC42E9D1D4E738B50446FFF75B
:107E90006EFF0D46034611462046FFF768FF034478
:107EA0009BB204EBC5055A006A802046FFF75FFFCE
:107EB000014424F8313038BD70B50446FFF757FF50
:107EC0000B4604EBC305511A9B1A89B203444E00BA
:107ED0009BB204EBC2006E805D00458024F8321036
:107EE00020461146FFF743FF014424F8313070BDAE
:107EF00070B509B9002070BD056801F007030B33A8
:107F0000CC0804EBD304AB689C4228BF1C46214636
:107F10002846FFF782FF06460028EBD00146284698
:107F2000FFF725FFA04207D932192846FFF7C4FF03
:107F300011462846FFF720FF05EBC602104653887E
:107F400043F0010353800430D5E71146FFF7D0BF5B
:107F5000043A2DE9F843CC1D114424F0070421F024
:107F60000706A6EB04084FEAD807B7FA87F2C2F172
:107F70002405AD004FF000090735C2F12002ED08DD
:107F800004604946A760C4F80C90920004F1100008
:107F900001F0DDFFAAB2530043F0010363807B1BB5
:107FA0009BB204EBC5015800A4F80090488024F867
:107FB0003520A6F8029024F8083004EBC7032946C0
:107FC0005A8842F001025A802046BDE8F843FFF784
:107FD000D3BE2DE9F04706460D46174698462BB30B
:107FE00098F8004093F80190DB78A40004EB430478
:107FF00098F802301C4444444FF0000ACA4509D3A3
:10800000D8F8042008F1080339463046AC46BDE8EC
:10801000F047604714F8013B48F823402046F4F746
:1080200091F9013004440AF1010AE7E76FF0150005
:10803000BDE8F08730B502460024002012F8013B6D
:1080400043B178B18C4207D1702B04D0A3F1400525
:108050003A2D07D8002030BDA3F140053A2D01D8B4
:108060000134EAE7252B08BF80F00100E6E7002095
:10807000704700F0CCBB0FB407B504A951F8040B4E
:10808000019100F0C4FB03B05DF804EB04B070474D
:108090000FB407B504A951F8040B0191FFF7E9FFEC
:1080A00003B05DF804EB04B0704710B503690246F5
:1080B00013F0080009D11368D4689C4297BF126A74
:1080C000E31AD31A01200B6010BD00231846FAE70B
:1080D00013B501A90446FFF7E8FF20B1019BE26850
:1080E000013B13440193206A019BC01A013802B07E
:1080F00010BD10B5044650182269236AD20702D574
:10810000013B184010BD984228BFC01AFAE710B5CD
:1081100004460A46C168FFF7ECFF2369E06023F0DC
:108120000803236110BD38B50D46C2698B00016894
:1081300043F0020342F82130044601682A46FFF763
:10814000D8FFE36861682060984202BF236943F06A
:10815000080323612A462046FFF7CBFF606038BD45
:108160002DE9F74FD0F80CB0C669009216F82B2015
:1081700002F00302022A08BF56F82B209A4606EBAB
:108180008B030F4601934FF00001009B0CBFC2F31D
:108190009D09894619600446CAF80010B9F1000F1C
:1081A00007D04946FFF7B3FFE368A3604FF001082B
:1081B00004E001698A0705D44FF00008404603B087
:1081C000BDE8F08F816906EB8B00884716F82B100D
:1081D00011F001080546EFD08B071DD51FB13946B8
:1081E0002046FFF7A0FF61682A462046FFF781FF7F
:1081F000D4E902138B42606007D12A462046FFF77C
:1082000078FF4FF000080146A0602369216043F029
:108210000803E1602361D1E701462046FFF777FFBD
:10822000E168A1601FB12068E16941F82090EA1976
:10823000CAF8002021682046FFF75BFF2269206012
:1082400042F00802226116F82B2022F0010206F803
:108250002B20DDE900321A60A8E770B50446154608
:10826000FFF747FF2368834205D12369216023F08C
:108270000803236170BDE269AB0043F0020342F8DA
:108280002130204661682A46FFF733FF6060F1E73E
:1082900038B503695B07044606D5456AFFF718FF42
:1082A00085422CBF6562606238BD38B50D46044614
:1082B0001C22002101F04BFEEB68A361AB686361F7
:1082C0002B68E3616B682362002262622A6923B132
:1082D000591E194208BF42F001022261012204F135
:1082E00028000021BDE8384001F06EBB2DE9F04FB9
:1082F0009846036A87B000258B4204460E46934693
:1083000003950595AA4638D3EFF31189202383F30B
:108310001288BFF36F8F059A2AB129462046FFF7CE
:108320009CFF0023059304A92046FFF7BEFE049995
:10833000B14207462AD32268E36913F8221021F0DC
:10834000030103F8221003EB820A2168324620461B
:10835000FFF7CFFEE3682060984212D0002789F330
:108360001188BFF36F8F039929B162690AB1204662
:10837000904700230393002FC6D1504607B0BDE8B5
:10838000F08F236943F008032361E7E718B1204623
:10839000FFF7C9FEE3E75BEA08031CD0019101F097
:1083A000E2FB0199B8B9B9F1000F14D189F3118832
:1083B000BFF36F8F5A46434604F12800FEF79AFA3E
:1083C000EFF31189202383F31288BFF36F8FB0FA84
:1083D00080F77F09C3E705AB03AA20462568FFF7AE
:1083E000BFFE0746BBE770B50446836908460D46E5
:1083F00098470246EFF31186202383F31288BFF3D8
:108400006F8F2B7843F001032B7061682046FFF7D4
:1084100070FE60602046FFF73BFF86F31188BFF3D4
:108420006F8F70BD2DE9F843044600272026EFF337
:10843000118586F31288BFF36F8F2369A26819072D
:1084400002D46368934200D2236A9B1A002B42D065
:10845000E06910F8221011F0030300EB82093AD012
:10846000022B04D150F822305FEA930805D1CB07E4
:1084700020D4A369484698478046A16842462046D2
:10848000FFF737FE0127A06041462046FFF73FFE79
:108490003B4685F31188BFF36F8F002BC7D137B1EF
:1084A000B9F1000F03D104F12800FEF7EFF94846B7
:1084B000BDE8F88341F0020100F822104846A369A4
:1084C000D4F808809847414602462046FFF711FE3F
:1084D0000023A060DDE79946DBE7F8B50446836931
:1084E00008460D4698470646EFF31187202383F38D
:1084F0001288BFF36F8F2B7823F001032B70236951
:108500009B0705D5E268E36903EB82039D421AD11C
:108510002B7823F002032B70D4E90231994204D165
:1085200032462046FFF7E5FDA06031462046FFF7C2
:10853000EEFD87F31188BFF36F8F04F12800BDE8CB
:10854000F840FEF7A3B92B6860F39F032B60F0E7B8
:10855000EFF31181202383F31288BFF36F8F026939
:108560008368120702D442689A4200D2026AD31A80
:1085700081F31188BFF36F8F181E18BF0120704759
:10858000036800220BB9184670478B4210D10B6864
:1085900042B942680360914200D1436000230B60FE
:1085A0000120704713604368994208BF4260F5E7B5
:1085B0001A461B68E6E7038B13F0070306D103682E
:1085C000002B18BF032008BF00207047022B05D1E5
:1085D000408BB0FA80F0400980007047012B04D135
:1085E0000368002B18BF0520EDE70020704710B589
:1085F0000C4600B111B96FF0150010BD081D00F058
:10860000C6F80028F9D1A368032BF6D9F3E72DE9C2
:10861000F0410D4607461946281D90461E4600F0BB
:10862000C7F8044638B13346424629463846A44680
:10863000BDE8F0416047BDE8F08110B4EFF311826E
:10864000202484F31288BFF36F8F416110BC012195
:10865000F4F768BE38B50C46054658B151B10B6801
:1086600043B14B6833B11C22002101F070FC2C6136
:10867000002038BD6FF01500FBE7F8B504460E4644
:10868000FFF7B5FF051E3BDBEFF31182202383F3D9
:108690001288BFF36F8F638B278B4FF6FF718B426E
:1086A00007F007072ED0062F2FD8DFE807F0182E87
:1086B000082E180418006FF08505002303E001332D
:1086C00063830225012382F31188BFF36F8FBBB14F
:1086D00000233A4631462046FFF799FF10E0002379
:1086E0003360636823B9C4E9006627B13D46E4E717
:1086F0001E606660F9E702212046F4F713FE3D464E
:108700002846F8BD6FF00A05D7E76FF00405D4E7F7
:1087100010B5EFF31182202383F31288BFF36F8F1C
:10872000048B04F00704022C0AD0012C0CBF6FF05C
:1087300004006FF0850082F31188BFF36F8F08E0AB
:10874000438B013B9BB2438323B92146F4F7EAFDF7
:10875000204610BD2046EEE738B5A8B1A1B1EFF331
:108760001185202282F31288BFF36F8F048BFFF7ED
:1087700007FF30B104F0070085F31188BFF36F8F56
:1087800038BD6FF07700F7E76FF01500F8E70346A4
:1087900058B1426802F00302012A03D0032A04D12F
:1087A000026812B10020986070476FF015007047A2
:1087B0004268816002F00302032A4FF00002034680
:1087C0000CBF006810465A607047704703785B071B
:1087D0005FBF03684288C3F34A2303EB12105DBFF7
:1087E000173020F0070080080020704700207047F5
:1087F00000F06EBC0346BFF35B8F53E8000F421CD2
:1088000043E800210029F8D1BFF35B8F70471FB503
:108810000023CDE90201CDE900331A461946184676
:10882000F5F794F905B05DF804FB0120F4F740BFBB
:10883000002070474368DA71436819604368012279
:108840005A71F4F727BF70B515460C4669B1D2E9E5
:1088500001369B1B99420AD813680A4601469819AB
:1088600001F04EFBAB682344AB60204670BD6FF057
:108870001B00FBE770B50E4615461946044618B9AD
:10888000BDE87040F4F714BF33B1C2F34A2310308F
:10889000120D184401F034FBC4E900562046BDE82F
:1088A0007040F5F7B3B82DE9F3415F1C4FEA870834
:1088B000064608F1170020F0070080080C46154610
:1088C000F4F778FF0023ADF805308DF807308DF808
:1088D000047068B10346019A43F8102FA8F104010F
:1088E0002A46294452F8045B43F8045F8A42F9D1CE
:1088F000A20102F4E07242EA482222F07F4222F40E
:108900007002002322F03F02314602B0BDE8F04180
:10891000FFF7B0BF07B50123019201AAFFF7C3FF1C
:1089200003B05DF804FB07B5CDE9002302236A46D6
:10893000FFF7B9FF03B05DF804FB1FB5CDE90123D4
:10894000069B039301AA0323FFF7ADFF05B05DF873
:1089500004FBF8B506460D4614461F4604B9F8BD9B
:10896000214628463A46B047241A0544F6E710B592
:10897000426881680446D2E900230068FFF7E9FFF6
:10898000636800221A6010BD38B54B681A68CB685E
:108990009A4205460C4602D10846FFF7E8FF636895
:1089A000BFF35B8F53E8002F511C43E800100028F1
:1089B000F8D1BFF35B8FA3689D54002038BD0A280F
:1089C00038B504460D4602D10D20FFF7DDFF2946DC
:1089D0002046FFF7D9FF002038BD2DE9F0430546BA
:1089E00089B008460E8891F80090D1F808800C46AE
:1089F0001746F5F7FDF8011EC6F38216C9F3C20942
:108A00001FDB4846F5F714F803462146608851F805
:108A1000102B0296C2F34A22002A01EB0204C0F393
:108A20000B1008BF00210022CDE90507CDE9031492
:108A3000CDE9002241462846F5F706F909B0BDE820
:108A4000F0830023E1E743681B685B68002019613D
:108A5000704743681B681A685268536070472DE975
:108A6000F04143681B685A68012111751D68D5E9FA
:108A70000136D3E900482F681CB96B681C60BDE85B
:108A8000F081214630464246B847241A0644F3E7AF
:108A900043681B681868F5F70DBA70B543681D6820
:108AA0006B6818690C46F4F7DFFD214603460F2278
:108AB0002868BDE87040184701F049BA01F020BAB3
:108AC00001460068F5F778BA08B5F5F7D1FABDE8C0
:108AD0000840F5F773BE0A460121FFF71BBF0021CE
:108AE0000120F5F769BA6FF08500704761B662B68C
:108AF00080F31188BFF36F8F704772B6002383F342
:108B00001188BFF36F8FBFF34F8F30BF62B6BFF3D3
:108B10006F8F704772B6002383F31188BFF36F8F96
:108B2000BFF34F8F20BF80F31188BFF36F8F62B602
:108B30007047202809D9B0F1004F08D80138B0FAA1
:108B400080F0C0F11F0040007047082070473E20B1
:108B5000704708B5D1E904319847002008BD08B531
:108B6000F6F742F8002008BD7047BFF35B8F50E86E
:108B7000003F013340E80032002AF8D1BFF35B8F99
:108B80007047002303824369C3607047C1698968E5
:108B9000F6F796B8EFF31182202383F31288BFF320
:108BA0006F8F00230B60436833B9C0E9001182F373
:108BB0001188BFF36F8F704719604160F7E710B5F8
:108BC0000346EFF31181202282F31288BFF36F8FE7
:108BD000006828B15C6802681A60A04208BF5A6049
:108BE00081F31188BFF36F8F10BD08B501460830BF
:108BF000FFF7BBFF084608BD10B508B14B684360DE
:108C00004C68002308464B60F6F7D8F8204610BDA4
:108C100083680B440360704783880268194481802D
:108C2000D018704730B484880568A3188380281949
:108C300030BC01F065B910B5838802685C1C848083
:108C4000D154D01810BD034600689A88401A1144C8
:108C50001860998070470268531E0360838801334F
:108C6000838002F8011C70478288521A0346828072
:108C70000068084418607047034600689A88521AD2
:108C800001449A801960704710B503681C7801216F
:108C9000FFF7EAFF204610BD012310B50621044668
:108CA00000F8013BFAF728FC18B9A37963F03F03F9
:108CB000A37110BD38B50446807AF5F7D7FF616916
:108CC000054649B1637ADB0704D4C3691B682046B3
:108CD0009B6898470023636121462846BDE83840D9
:108CE00000F068BEFFF716BEFFF71DBE10B50346C5
:108CF000BFF35B8F53E8000F40EA010243E8002412
:108D0000002CF7D1BFF35B8F10BD0023F4F79EBE9C
:108D100038B504460D46F6F7D1F95F3005D129463E
:108D20002046BDE83840F6F7A5B938BDBFF35B8FE4
:108D300050E8003F0B4040E80032002AF8D1BFF372
:108D40005B8F7047033138B5C9B205460E20F7F77F
:108D50001BF9032104460C30FFF75EFF012303706B
:108D6000A0F80150204638BD70B505460E460F20CC
:108D70000421F7F709F9042104460C30FFF74CFFF2
:108D80000122067042704580204670BD08B507225A
:108D900001F0E5F8B0FA80F0400908BDFFF7BABD70
:108DA00018B111B10846F7F72FB96FF015007047E9
:108DB00013B5044680B106216846FAF79DFB48B911
:108DC0009DF80530694603F03F0320468DF80530D5
:108DD000FFF7E6FF02B010BD6FF01500FAE70038AC
:108DE00018BF0120704770B5064686B00D464FF09B
:108DF000FF304FF0FF31F6F793FB0446B0B10C3073
:108E000095B10121FFF717FF06F1100203A92046D3
:108E100000950823F6F772FB0022214642F20A0071
:108E2000F6F7D4FC06B070BD2946EBE76FF068009A
:108E3000F8E7183000F084BE0369C9B20C2202FBC7
:108E40000133186C00F00700704770B50346C9B2D3
:108E50000069EFF31186202484F31288BFF36F8F2B
:108E60000C2505FB0104246C14F0C00401D0A242BF
:108E700011D105FB010001220264002086F3118854
:108E8000BFF36F8F30B95B680C2202FB01335B6864
:108E90009847002070BD4FF0FF30EFE78022FFF7CA
:108EA000D4BFF8B5069F04690546C9B2EFF3118C2B
:108EB000202080F31288BFF36F8F0C2606FB01463B
:108EC000306C00F0070EBEF1010F10D137640026A0
:108ED0008CF31188BFF36F8F3EB90C2041430C44D3
:108EE000C4E90E236B685B5898473046F8BD00F024
:108EF000C00087420CBF6FF077064FF0FF36E7E700
:108F000013B580240094FFF7CCFF02B010BD10B45D
:108F10000069CBB21C2404FB0300002110BC1047E5
:108F20001046FDF7B3BC00F079B9FDF7D3B843683C
:108F30005B68D3F810350B600020704743685B68AE
:108F400002EA010021EA0201C3F80805C3F80C1582
:108F50000020704743685B680020C3F8081570471D
:108F600043685B680020C3F80C15704743685B6872
:108F7000D3F8042521EA02001140C3F80805C3F81C
:108F80000C150020704730B50369586800B3002401
:108F9000884219D108688CB99C685860A14200D1F8
:108FA0009860002008602AB15A680A609A6859607F
:108FB00002B9996000200FE02846E9E72060986830
:108FC000814208BF9C60ECE705680446002DF3D1A0
:108FD000002AE9D16FF0150030BDFDF78BB930B52F
:108FE00043681360057A446804EBC504A34202D3C6
:108FF0006FF0010030BD5C798C4203F10803F0D1C1
:109000000020F7E743681B68D3F88004C3F88004A6
:10901000704742681368D3F8100150B1D26900203C
:1090200012780A70C3F81001D3F8102101221A60D7
:1090300070474FF0FF30704702680346D2F858017E
:1090400040B95B68DB0706D4D2F82001003818BFAE
:10905000012070470120704743681B68D3F8042340
:10906000D20517D5D3F82021A2B1EFF31182202128
:1090700081F31288BFF36F8FD3F8201131B1002133
:10908000C3F82011D3F820110121D96082F311888F
:10909000BFF36F8FD3F85831704713B501AA044658
:1090A000FFF79DFF002805DB019B226819791868EE
:1090B000FCF788FA02B010BD00F150039B009BB290
:1090C00003F1804303F5883300221A601B68704760
:1090D00008B5FCF79FFC08BD4FF08053D3F8302152
:1090E000082A03BFD3F83401B0FA80F04009002009
:1090F000704703460020184700F051BB10B50246E8
:109100001168B1B1BFF35B8FB1FA81F3C3F11F00F6
:109110000123834021EA030352E8004F8C4204D12B
:1091200042E8003CBCF1000FF6D1BFF35B8FE7D102
:1091300010BD6FF00B00FBE710B50368CB40DB07F9
:1091400014D401238B400268BFF35B8F43EA020112
:1091500050E8004F944204D140E8001CBCF1000FDD
:10916000F6D1BFF35B8FEED1002010BD6FF015007C
:10917000FBE770B50C460021054608461646FCF78D
:10918000CFFE48B93378DB0003F1804303F5F833B1
:10919000C3F81055C3F8144570BD10B1012802D0B2
:1091A0007047FCF797BFFCF747BF18B1012803D100
:1091B00000F019B800F032B8704708B5FCF758FF56
:1091C000BDE80840FCF7C6BF4FF08053D3F830210C
:1091D000082A06D1D3F8340102288CBF00200120D0
:1091E000704700207047FCF7EDBE38B54FF0804463
:1091F0000223C4F808330123E3600023C4F80431D8
:10920000D4F8043142F21075D4F81834DB0304D5D5
:109210000120FFF771FF013DF6D138BDFFF7E5BF33
:10922000F7B5019001A8DDE9084716461D46FCF791
:10923000C9FF019BB6F1000C18BF4FF0010C00EB09
:1092400083000B1E18BF0123002D43EA4C030CBF03
:109250004FF0000C4FF00C0C002C43EA0C030CBF39
:109260004FF0000C4FF4E06C002F43EA0C03D0F8F1
:1092700000270CBF4FF0000C4FF4403C43EA0C03B6
:1092800022EA030301B109780EB13678760019435A
:109290000DB12D78AD0031430CB12478240229435F
:1092A0000FB13F783F040C433C43C0F8004703B084
:1092B000F0BD1FB50DF10F03019300238DF80F10C2
:1092C00000931A461946FFF7ABFF05B05DF804FBA3
:1092D00010B504460846FCF785FF04EB4004207DEA
:1092E000C0F3401010BD10B504460846FCF77AFFE5
:1092F00004EB4004207DC0F3400010BD10B50446CF
:109300000846FCF76FFF04EB4004A08A400B10BD39
:1093100070B5044608461646FCF764FF08300D4653
:1093200034F81030DA0509D5C3F3432304EBC30244
:10933000314654F83330526828469847A3682BB119
:10934000E26831462846BDE87040184770BD10B548
:1093500004460846FCF746FF04EB4000838ADA0522
:109360001DD5C3F3432123F4F853838204F1120281
:1093700004F1720032F8023F13F4807F03D0C3F38C
:10938000432399420BD08242F4D104EBC103002263
:109390005A6004F17800BDE81040FFF7CDBE10BD63
:1093A000F0B5034600F58074002005460127844689
:1093B00095420AD1D3F87C2132B10022C3F87C2136
:1093C000D3F87C3140F00040F0BD25F0404607FA6C
:1093D00006F6314209D0D4F800E0BEF1000F04D007
:1093E000C4F800C0D4F800E0304301350434DFE7AE
:1093F00038B504460D46FFF76BFFA8B12046FFF7CE
:1094000072FF88B92046FFF779FF22680123834065
:10941000C2F80833236803EB8000D0F8103523F03E
:109420000303C0F8103538BD28460021BDE8384098
:10943000FFF73FBF2DE9F043174685B004460846C5
:10944000FCF7D0FED7F800800E460546B8F1000FB5
:109450001ED02046FFF747FF18B12046FFF738FF20
:1094600020BB0023CDE900338DF80E308DF80F308E
:109470000DF10F0243460DF10E013046FFF7D0FE0D
:1094800004EB4502938A23F0020343F00103938225
:109490007B689BB33146204693F80080D3F8049054
:1094A000FFF721FF28B1B9F1000F1FD06FF01500B1
:1094B00027E004EB4500838A23F4604323F0200374
:1094C0008382B9F1000F11D0B8F1030FEED87B6899
:1094D00021685B6893F800C04FEA8C031944B8F127
:1094E000000F11D1C1F81085C1F8108504EB4502B9
:1094F000938A23F01C0343EA88039382BB6843BB2F
:10950000002005B0BDE8F083D1F8102522F0030259
:10951000C1F8102522681344D3F8102522F44F32E5
:1095200022F44072C3F810253202D3F8101502F469
:109530007C5242EA08420A43C3F8102504EB4C036C
:10954000A3F87C60838A43EA4C3343F02003838290
:10955000CCE7D3E9007831462046FFF7F8FE002F2C
:10956000CED063689F4206D004F17800FFF7C6FDB5
:10957000002804DAC5E7A3689845F5D1002004EB7C
:10958000C003C3E9017804EB4505C0B2AB8A43EAE6
:10959000402343F48073AB82B2E72DE9F0430546E4
:1095A00085B0084616461F46FCF71CFE0C46804652
:1095B00026B32846FFF797FE18B92846FFF788FE1E
:1095C00018BB05EB4809B9F8143003F01C0313B1BC
:1095D0007378012B19D001238DF80F300023CDE9CA
:1095E0000063721CB31C0DF10F012046FFF718FE3B
:1095F000B9F8143043F00303A9F81430002F3FD01A
:1096000021462846FFF76FFE20B96FF0150005B020
:10961000BDE8F0833E782B6803EB86030022C3F895
:109620001025C3F8102505EB48024FEA860C938AF3
:1096300023F4604323F020039382787800B32968F1
:10964000BF7861440004D1F8103523F4991323F452
:10965000F853C1F81035230200F4403003F47C5372
:1096600003433805D1F8105500F4801003432B4311
:10967000C1F81035938A43EA463343F020039382BE
:109680000020C4E7C0E90312704770B504461546D0
:10969000FFF71EFE48B10846FCF7A4FD04EB4004AA
:1096A0000020A38A5B0B2B7070BD6FF01500FBE7E9
:1096B00038B590F88C4005469CB96022214614309C
:1096C00000F045FC2868C0F87C41D0F87C3140F3BC
:1096D0000730F4F7B3FF012385F88C30AB672046E1
:1096E00038BD6FF07700FBE790F88C00003818BFAA
:1096F00001207047FCF7B0BD2DE9F3410446174641
:10970000FFF7E6FD0D462668F0B12046FFF7EBFDBA
:109710008046C8B92046FFF7F1FD820002F580734C
:1097200046F80380F35823681344D3F8102542F019
:109730000102C3F8102527B1226801238340C2F833
:10974000043302B0BDE8F081D6F80433002BA4BF87
:109750004FF00043C6F804332846FCF743FD04EB02
:109760004004A38AC3F38203042B12D0052B12D02A
:1097700001A80195FCF726FD019BD0F81015D940F2
:1097800001F001010231284602B0BDE8F041FFF7C7
:1097900090BD0321F7E70221F5E7FFF729BE08B1E5
:1097A000F5F750BB704710B5436904463BB900203C
:1097B000E268537843F001035370404210BD98476C
:1097C0000028F4D00028B8BF4042E368FF28A8BFB3
:1097D000FF201870ECE740B1C368587810F0010022
:1097E0001EBF1878B0FA80F040097047EFF311837C
:1097F000202383F31288BFF36F8FFEE710B400F1CC
:109800000C04C0E9034410BCFEF7A2BB38B5044603
:10981000EFF31185202383F31288BFF36F8FF3F7E3
:1098200045F904F10C0000F056FA30B1294604F174
:109830001400BDE8384000F033BA85F31188BFF357
:109840006F8F38BD08B52024EFF3118384F312889D
:10985000BFF36F8FFFF751F9F6E7D0E900321360DD
:109860005A60027C002322F00202C0E90033027435
:10987000836070472DE9F843904604469DF8202008
:109880000D46EFF31187202181F31288BFF36F8F0C
:1098900002B14568A66804F10809B14515D0A6B122
:1098A0003046FFF7DAFF002406F1180000F094FAC2
:1098B0003046B467C6F8148000F098F94846394637
:1098C00000F0EEF92046BDE8F883A3B10820FDF7CB
:1098D000BBFF002832D00122C0F80480026001687A
:1098E00001F003015DB922680A43026062682060EA
:1098F0006AB960600BE0C8F800304046EFE72A68BC
:10990000032A10D80160616839B9C4E90000002059
:1099100087F31188BFF36F8FD5E70A6802F003025F
:1099200002430A60E5E722F003020A4302602A6864
:1099300002F0030240EA02032B60E8E76FF00B003D
:10994000E6E70023C0E9003300F10803C0E9023371
:10995000704770B5EFF31185202383F31288BFF3AE
:109960006F8F846800F10806A64213D094B1204698
:10997000FFF773FF04F1180000F02EFA00232046D1
:10998000A367636100F032F929463046BDE87040B4
:1099900000F086B985F31188BFF36F8F70BD07B5EE
:1099A0000123009300230A461946FFF763FF03B023
:1099B0005DF804FB07B500230A4600931946FFF73C
:1099C00059FF03B05DF804FB3AB18A4205D3C0E900
:1099D0000212C0E90000002070476FF015007047C8
:1099E000026801238B4022EA0303036022FA01F09C
:1099F00000F00100704710B5032104460C30FFF75A
:109A0000EFFF30B104F1100000F0E6F9B0FA80F099
:109A1000400910BD20B1002211468C3000F0A3B9DE
:109A2000704770B5C368C3F340069B07044616D45D
:109A3000856802210C30FFF7D3FF80B1D5F8842070
:109A40006AB194421DD122689EB9D5F88830C5F814
:109A500084209C4201D1C5F8882000232360E3685C
:109A600013F01F001EBF43F00203E36040F002004A
:109A700070BD3260D5F88820944208BFC5F8886070
:109A8000EBE716461268DBE773B50446EFF3118582
:109A9000202383F31288BFF36F8F00230193D0E953
:109AA0000423B3F1004F08BF012A05D085F31188C4
:109AB000BFF36F8F02B070BDA0F110060321043810
:109AC000FFF78EFF0028F1D0A369019301A930466A
:109AD000FDF71CF8EAE713B501900846EFF311848F
:109AE000202383F31288BFF36F8F01A9FDF70EF8CF
:109AF00084F31188BFF36F8F02B010BD10B5FFF76C
:109B0000EAFF041E08DDEFF31180202383F312889F
:109B1000BFF36F8FFDF746FA204610BD08B5A022AF
:109B2000002100F014FA08BD38B5302204460D4675
:109B3000002100F00CFA4FF480736560E36038BDDB
:109B400038B50446EFF31185202383F31288BFF361
:109B50006F8FFFF750FF2046FFF763FF85F31188F3
:109B6000BFF36F8F38BDEFF30580003818BF0120B9
:109B700070476FF05700704700207047D0E90032FF
:109B800013605A600023C0E90033704708B5FFF73F
:109B9000F5FF037C23F0020303740023836008BDF8
:109BA00038B504460D46FDF759F9237C43F002030E
:109BB0002374D5B1A5602B689D4209D16B68C4E9B7
:109BC00000531C606C6010E06A689A42F6D01B6813
:109BD000002BF3D093F90E1094F90E209142F3DD8F
:109BE0005A68C4E9003214605C6038BD10B5EFF308
:109BF0001184202383F31288BFF36F8FFDF7EEF8F3
:109C000084F31188BFF36F8F10BD08B5EFF3118196
:109C1000202282F31288BFF36F8F83680BB1FFF7A6
:109C2000B5FF81F31188BFF36F8F08BD08B5037CC2
:109C300013F0280F01460CD183680BB1FFF7A6FF84
:109C40000B7C23F004030B740846BDE80840FDF7C5
:109C5000C5B808BD10B5EFF31184202383F3128833
:109C6000BFF36F8F1838FFF7E1FF84F31188BFF35C
:109C70006F8F10BD08B50346EFF31181202282F3E8
:109C80001288BFF36F8F0068834207D008B1FFF7D7
:109C90007DFF81F31188BFF36F8F08BD0020F8E7C7
:109CA0000846FDF713B938B504680546AC424FF0D5
:109CB000000000D138BD002CFCD02046FFF766FF25
:109CC00004F1180000F088F82046FDF787F82C68AA
:109CD0000120A542EDE710B5EFF31184202383F3B3
:109CE0001288BFF36F8FFFF7DEFF84F31188BFF395
:109CF0006F8F10BD38B50C460546FDF7EFF9B4F18E
:109D0000FF3F08BFB5F1FF3F1FBF47F6FF730022BB
:109D10004FF47A71E0FB01321ABFD80B40EA42409F
:109D20004FF0FF3038BD38B50446EFF311852023DE
:109D300083F31288BFF36F8F037C5B070ED5183057
:109D400000F04AF8237C23F0040320462374FDF737
:109D500045F82846BDE83840FDF7B8B885F31188C6
:109D6000BFF36F8F38BD38B5EFF31185202383F330
:109D70001288BFF36F8F0468A04212D09CB1A16714
:109D800062612046FFF702FF04F1180000F024F89A
:109D90002046FDF723F8012085F31188BFF36F8F6C
:109DA00038BD0020F8E72046F6E708B50246FDF783
:109DB00007FB70B1D0E904319B1A61EBE272B3F199
:109DC000004F72F1000104DA002AACBF18460020EF
:109DD00008BD6FF00040FBE738B50246EFF3118590
:109DE000202383F31288BFF36F8F0368D3B1FDF78D
:109DF000E7FA04461046FDF7F5FA00224FF000435B
:109E00008442C0E9042305D0002085F31188BFF304
:109E10006F8F38BDFDF7DCFAFFF7C7FF0021FBF7B6
:109E200063FFF1E7D0E90413B3F1004F08BF012944
:109E300004D100204FF00041C2E904016FF0150089
:109E4000E3E708B5FDF7D6FB08BDFDF7D3BBB3F1DB
:109E5000FF3F08BFB2F1FF3F70B506461D461446EE
:109E600014D01A4316D0002B08DBFDF7C3FB0419EE
:109E700041EB0501C6E90041304670BD6FF00103BA
:109E80001C1B4FF0FF3363EB0501F3E74FF0FF348A
:109E90002146EFE70024FBE7B3F1FF3F08BFB2F133
:109EA000FF3FF8B5074616461C4610D054EA020399
:109EB00011D0FDF79FFBB0420A46A14103460AD2EA
:109EC000F31A64EB0204C7E900343846F8BD4FF0DA
:109ED000FF331C46F7E70023FBE70023C0E9081225
:109EE00000F11802C0E90622C0E9003303634363AE
:109EF000704720B1011F50F8040CFFF787BC704772
:109F00000A44914200F1FF3300D1704710B511F8B7
:109F1000014B03F8014F9142F9D110BD884210B5B1
:109F200001EB020402D98442234607D8431EA14212
:109F300007D011F8012B03F8012FF8E70244824201
:109F400000D110BD13F8011D02F8011DF7E702440E
:109F50000346934200D1704703F8011BF9E710B59F
:109F600001390244904201D1002005E0037811F844
:109F7000014FA34201D0181B10BD0130F2E710B50C
:109F8000024601448A42134603D01C780132002C59
:109F9000F8D1181A10BDF0B5C3F137070446FFB267
:109FA00003F01F031046082BE6B233D0102B3ED02F
:109FB0006508A40844EA817445EAC1752D194FEA81
:109FC000910242EB5102290941EA02716D1842EBFC
:109FD0001212290A41EA02616D1842EB1222290C81
:109FE00041EA02416D1842EB1242AD1842F1000203
:109FF000EC0844EA4274D10804EB8402A6EB420563
:10A00000EDB2092D0CD90134A5F10A0541F1000189
:10A01000EDB212E0E40844EA417406F00705C9080D
:10A02000303554EA010200F8015BBCD1F0BD2409CF
:10A0300044EA017406F00F050909092D84BFED19E2
:10A04000EDB2EDE7D1E9043293421EBF5A1C0A611A
:10A05000187070470023FF7F0100000069EE0000C8
:10A06000000000000DEE00000000000000000000F5
:10A07000D4A00100FD670100000000000000000006
:10A080000CA1010000000000F0A001000000000091
:10A0900028A101000000000044A10100A94F010017
:10A0A00000000000895B0100000000006DD5000089
:10A0B0000000000011EC00000000000065780100C5
:10A0C000000000000000000060A1010009F0000095
:10A0D0000000000002B80100C8A7010034A301007D
:10A0E000E602002064170020A14C010000000000DF
:10A0F0003BB80100E0A7010004A30100EA02002030
:10A10000FC1700206D5401000000000049B8010058
:10A11000F4A7010004A30100EC02002008180020AD
:10A120006D540100000000002BB801000000000089
:10A13000FCA20100E8020020B8170020BD51010078
:10A140000000000076B8010008A8010050A301003B
:10A15000EE02002014180020255801000000000025
:10A1600080A601000000000028A30100E4020020F6
:10A17000C81500200000000000000000BB91010095
:10A18000F390010000000000DF8A010044A10100FB
:10A190005990010000000000DF8A0100000000006B
:10A1A000DF8A010000000000DF8A01004801002072
:10A1B000DB8F010000000000DF8A010000000000CA
:10A1C000DF8A010000000000DF8A010000000000BB
:10A1D000DF8A0100000000001935010000000000C6
:10A1E000DF8A0100B817002029520100000000009A
:10A1F0009D4B010000000000DF8A0100000000000C
:10A20000DF8A010000000000195C0100000000006E
:10A21000DF8A010000000000DF8A0100000000006A
:10A22000DF8A010000000000DF8A0100000000005A
:10A23000DF8A010000000000DF8A0100000000004A
:10A240004935010000000000DF8A01000000000025
:10A25000DF8A010000000000DF8A0100000000002A
:10A26000DF8A010000000000DF8A0100000000001A
:10A27000DF8A010000000000DF8A0100000000000A
:10A28000DF8A010000000000DF8A010000000000FA
:10A29000DF8A010000000000DF8A010000000000EA
:10A2A000DF8A010000000000DF8A010000000000DA
:10A2B000DF8A010000000000DF8A010000000000CA
:10A2C000DF8A010000000000DF8A010000000000BA
:10A2D000DF8A010000000000DF8A010000000000AA
:10A2E000DF8A010000000000DF8A0100000000009A
:10A2F000DF8A010000000000DF8A010069510100CF
:10A30000B95001009D5201002F8F01003D8F0100C7
:10A31000558F0100618F01006D8F0100A95401006C
:10A32000878F01000000000009290100D9270100E2
:10A3300041270100F94C01009D8E0100018F0100B1
:10A3400000000000398E0100000000000000000045
:10A35000139001006D57010005900100FBB701004B
:10A360000300000027B001000300000000A7010067
:10A3700003000000F4A601000300000094A6010001
:10A38000030000002EB00100030000001CB6010015
:10A3900003000000A2B701000300000090AA010022
:10A3A000030000001DB8010003000000B4AA010072
:10A3B00003000000B8AA010003000000B8AB0100D0
:10A3C00003000000ADAF0100030000000CB001006D
:10A3D0000300000014B001000300000061B9010097
:10A3E00003000000E5A901000300000023B0010004
:10A3F00003000000A1AA01000300000084B80100CE
:10A40000030000000CA5010030010020A7AB0100F3
:10A4100001000000FFFFFFFFFFFFFFFFFFFFFFFF47
:10A420000000000004000000A0000000F000000098
:10A430000000000007B501000CB5010010B50100D7
:10A4400014B5010018B501001CB5010020B50100CC
:10A4500024B5010028B501002CB5010030B501007C
:10A4600034B5010038B501003CB5010040B501002C
:10A4700044B5010048B501000001060201000000DA
:10A480000338FDD870470000090B000067A90100E0
:10A4900001010000E102002003020000DF020020B1
:10A4A00016130000CC020020500400200001000020
:10A4B0002B880100CD87010002000000DB8901002C
:10A4C000000000000000000000000000000000008C
:10A4D00087AB01008FAB010000000000000000000E
:10A4E0000000000097AB01009BAB01009FAB010097
:10A4F000A3AB0100FCA401006C0D002039DF0000BB
:10A50000840D002080180020010000009B8A0100BB
:10A51000918A01005F8A0100538A01000000000057
:10A52000478A010000000000000000200000000039
:10A5300000000B06020000003CA501000000000026
:10A54000FDAF0100260002060000002005B001005A
:10A5500022000B119DEC000000000000698B01003F
:10A5600054A5010070A50100470000000000000094
:10A57000C03D002054A5010084A501002E0000006C
:10A5800000000000A041002054A5010098A5010092
:10A590000201000000000000744200204CB50100E0
:10A5A0006AB5010085B5010095B50100A2B50100AD
:10A5B000ABB50100B2B50100B9B50100C0B50100ED
:10A5C000C8B50100A2B50100D0B50100E2B5010097
:10A5D000F7B501000AB601000E03000029FE0000D5
:10A5E0000F040000F5FD00003E0100000DF1000029
:10A5F000FF0100004DF100003E0100002DF10000C0
:10A6000010010000E5EF000054A5010018A60100AC
:10A61000470000000000000090430020456D70746A
:10A620007920484349207061636B65740000000025
:10A63000556E6B6E6F776E20484349207479706554
:10A64000202575004C4C20696E697469616C697ACB
:10A650006174696F6E206661696C65643A20256477
:10A660000000000042542043544C522052582070A5
:10A670007269000042542043544C5220525800004A
:10A6800062745F6863695F636F6E74726F6C6C6530
:10A690007200000062745F63746C725F6863695F6C
:10A6A00064726976657200005A6570687972204F2D
:10A6B000532076342E342E32000000004E6F204896
:10A6C000434920436F6D6D616E6420686561646508
:10A6D00072000000496E76616C696420484349202D
:10A6E000434D44207061636B6574206C656E6774C4
:10A6F0006800000062745F63746C725F6863690075
:10A7000062745F63746C725F63727970746F00005F
:10A71000574553545F544F504449522F7A657068DF
:10A7200079722F7375627379732F626C7565746FAC
:10A730006F74682F636F6E74726F6C6C65722F6CC0
:10A740006C5F73772F6E6F726469632F6C6C6C2F04
:10A750006C6C6C5F6164762E63000000300000005A
:10A76000415353455254494F4E204641494C205B7A
:10A7700025735D20402025733A25640A00000000FF
:10A780000925733A2041637475616C204556454E26
:10A79000545F4F564552484541445F5354415254CB
:10A7A0005F5553203D2025750A00000070726570CA
:10A7B0006172655F63620000010304055D4C010086
:10A7C0002D4C010000000000A94D0100294D0100A1
:10A7D00011B801002B8F0100278F010017B801006D
:10A7E000FFFF0000000300504801002000000000AF
:10A7F00001000000BCF801FF0000005048010020EB
:10A8000000000000000000000020004001000000E7
:10A810000000000028A801000000D6010000000090
:10A820002D1900202C1900200020004034A8010020
:10A83000010000003CA80100040000000600000028
:10A8400005000002080600010706000308000000DA
:10A850000300000012B9010020B9010034B9010061
:10A8600043B901004FB901005CA0010064A00100E0
:10A87000A4A00100ACA00100D4A00100D4A001005C
:10A880008CB901000001000000000000426C7565F9
:10A89000746F6F746820696E6974206661696C6595
:10A8A000642028657272202564290A00426C75654F
:10A8B000746F6F746820696E697469616C697A6518
:10A8C000640A004164766572746973696E67206614
:10A8D00061696C656420746F2073746172742028E0
:10A8E000657272202564290A007075626C696300C4
:10A8F00072616E646F6D007075626C69632D69645E
:10A900000072616E646F6D2D696400253032583AB3
:10A91000253032583A253032583A253032583A25C7
:10A920003032583A253032582028257329004265A4
:10A9300061636F6E20737461727465642C2061644E
:10A94000766572746973696E672061732025730A76
:10A95000005374617274696E6720426561636F6E43
:10A960002044656D6F0A00546573742062656163ED
:10A970006F6E006865617020636F727275707469C4
:10A980006F6E20286E6F7420696E207573653F2985
:10A99000206174202570006865617020636F727299
:10A9A000757074696F6E2028627566666572206FB7
:10A9B000766572666C6F773F292061742025700080
:10A9C0006865617020636F7272757074696F6E2054
:10A9D00028646F75626C6520667265653F29206129
:10A9E00074202570006F735F686561700028756E54
:10A9F0007369676E6564292063686172202A207517
:10AA000073656420666F72202525702061726775FA
:10AA10006D656E742E2049742773207265636F6DA7
:10AA20006D656E64656420746F2063617374206962
:10AA30007420746F20766F6964202A2062656361D8
:10AA4000757365206974206D617920636175736524
:10AA5000206D69736265686176696F7220696E2026
:10AA60006365727461696E20636F6E666967757283
:10AA70006174696F6E732E20537472696E673A2227
:10AA800025732220617267756D656E743A256400C6
:10AA900063627072696E74665F7061636B61676533
:10AAA000007379735F6765746F7074006C6F6767AC
:10AAB000696E67006C6F67006C6F675F6D676D74C0
:10AAC000004D657373616765202822257322292054
:10AAD00064726F7070656420626563617573652070
:10AAE000697420657863656564732073697A65208D
:10AAF0006C696D69746174696F6E20282575290011
:10AB00004D6573736167652064726F707065642052
:10AB10006265636175736520697420657863656536
:10AB200064732073697A65206C696D6974617469F6
:10AB30006F6E2028257529000D0A001B5B306D0003
:10AB4000257320005B2530386C755D20005B253057
:10AB500032753A253032753A253032752E2530332C
:10AB6000752C253033755D20003C25733E20002573
:10AB7000732F0025733A20002530327820002020E2
:10AB800020007C002563001B5B313B33316D001BD3
:10AB90005B313B33336D006572720077726E006912
:10ABA0006E6600646267006C6F675F6261636B650D
:10ABB0006E645F75617274006C6F675F756172744B
:10ABC0000072302F61313A202030782530387820DB
:10ABD0002072312F61323A202030782530387820A9
:10ABE0002072322F61333A202030782530387800B7
:10ABF00072332F61343A2020307825303878207233
:10AC000031322F69703A2020307825303878207220
:10AC100031342F6C723A202030782530387800207B
:10AC2000787073723A202030782530387800466189
:10AC3000756C74696E6720696E737472756374697C
:10AC40006F6E206164647265737320287231352FD2
:10AC50007063293A2030782530387800556E686165
:10AC60006E646C6564204952516E3A202564002A56
:10AC70002A2A2A2A205553414745204641554C54FB
:10AC8000202A2A2A2A2A0020204469766973696FBB
:10AC90006E206279207A65726F002020556E616C9B
:10ACA00069676E6564206D656D6F7279206163639D
:10ACB0006573730020204E6F20636F70726F636541
:10ACC00073736F7220696E737472756374696F6EDB
:10ACD00073002020496C6C6567616C206C6F616447
:10ACE000206F66204558435F52455455524E2069A7
:10ACF0006E746F205043002020496C6C6567616C56
:10AD000020757365206F6620746865204550535226
:10AD1000002020417474656D707420746F20657814
:10AD2000656375746520756E646566696E6564201B
:10AD3000696E737472756374696F6E002A2A2A2AA9
:10AD40002A20425553204641554C54202A2A2A2A6B
:10AD50002A002020537461636B696E6720657272EC
:10AD60006F72002020556E737461636B696E67208B
:10AD70006572726F7200202050726563697365207E
:10AD80006461746120627573206572726F72002055
:10AD9000204246415220416464726573733A203008
:10ADA000782578002020496D70726563697365208D
:10ADB0006461746120627573206572726F72002025
:10ADC00020496E737472756374696F6E2062757357
:10ADD000206572726F72002020466C6F6174696E1C
:10ADE000672D706F696E74206C617A79207374615D
:10ADF000746520707265736572766174696F6E2018
:10AE00006572726F72002A2A2A2A2A204D50552014
:10AE10004641554C54202A2A2A2A2A0020205374BD
:10AE200061636B696E67206572726F722028636F51
:10AE30006E746578742061726561206D69676874ED
:10AE4000206265206E6F742076616C696429002031
:10AE50002044617461204163636573732056696F98
:10AE60006C6174696F6E0020204D4D464152204147
:10AE70006464726573733A20307825780020204925
:10AE80006E737472756374696F6E2041636365736A
:10AE9000732056696F6C6174696F6E0052657365DB
:10AEA0007276656420457863657074696F6E2028DA
:10AEB0000053707572696F757320696E7465727274
:10AEC00075707420284952512000535053454C202E
:10AED000696E20746872656164206D6F64652064BA
:10AEE0006F6573206E6F7420696E64696361746549
:10AEF00020505350002A2A2A2A2A2048415244200E
:10AF00004641554C54202A2A2A2A2A0020204275DC
:10AF100073206661756C74206F6E20766563746F44
:10AF200072207461626C6520726561640020204447
:10AF300065627567206576656E74002020466175D0
:10AF40006C7420657363616C6174696F6E20287323
:10AF500065652062656C6F772900415243485F4503
:10AF60005843455054207769746820726561736F47
:10AF70006E2025780A002A2A2A2A2A20446562752A
:10AF800067206D6F6E69746F722065786365707489
:10AF9000696F6E202A2A2A2A2A002A2A2A2A2A2087
:10AFA000257320256429202A2A2A2A2A006D7075F3
:10AFB000004661696C656420746F20616C6C6F631E
:10AFC000617465206E6577204D5055207265676904
:10AFD0006F6E2025750A00506172746974696F6E16
:10AFE0002025753A20636F686572656E636520631E
:10AFF0006865636B206661696C65642E00464C4130
:10B0000053485F30005352414D5F30006E65745FAE
:10B01000627566006E65745F6275665F73696D70F8
:10B020006C6500736F630062745F627566006274C2
:10B030005F64617461004861726477617265206564
:10B0400072726F722C20686172647761726520631E
:10B050006F64653A20256400436F756C64206E6FE1
:10B0600074207375626D69742072785F776F726B8C
:10B070003A20256400556E68616E646C65642065D5
:10B0800076656E7420307825303278206C656E20BD
:10B0900025753A20257300546F6F20736D616C6CB9
:10B0A0002028257520627974657329206576656E80
:10B0B000742030782530327800556E68616E646C8B
:10B0C00065642076656E646F722D73706563696662
:10B0D0006963206576656E7420307825303278207B
:10B0E0006C656E2025753A202573004E6F20636FC6
:10B0F0006D6D616E642073656E7420666F7220637F
:10B100006D6420636F6D706C6574652030782530D8
:10B110003478004F70436F64652030782530347880
:10B1200020636F6D706C6574656420696E737465FF
:10B130006164206F66206578706563746564203093
:10B14000782530347800496E76616C696420484314
:10B1500049206576656E742073697A6520282575A7
:10B160002900496E76616C6964204C45206D6574D8
:10B1700061206576656E742073697A65202825756F
:10B180002900574553545F544F504449522F7A6514
:10B19000706879722F7375627379732F626C75653D
:10B1A000746F6F74682F686F73742F6863695F635F
:10B1B0006F72652E63006576745F666C61677320DD
:10B1C00026202831554C203C3C202830292900419C
:10B1D0005353455254494F4E204641494C205B251C
:10B1E000735D20402025733A25640A00496E76611C
:10B1F0006C6964206275662074797065202575001D
:10B2000062745F6863695F6576745F6765745F66C3
:10B210006C616773286864722D3E657674292026F8
:10B22000202831554C203C3C202831292900556EDE
:10B230006B6E6F776E20627566207479706520255D
:10B240007500756E6B6E6F776E005B305D00484306
:10B2500049207472616E73706F72743A20257300A6
:10B26000436F6E74726F6C6C6572004964656E74C6
:10B2700069747925733A202573004964656E746991
:10B2800074795B25645D3A202573004843493A2070
:10B2900076657273696F6E202573202830782530AB
:10B2A000327829207265766973696F6E203078254F
:10B2B0003034782C206D616E7566616374757265CB
:10B2C0007220307825303478004C4D503A20766525
:10B2D0007273696F6E20257320283078253032789C
:10B2E00029207375627665722030782530347800B5
:10B2F000556E61626C6520746F2073656E64207496
:10B300006F206472697665722028657272202564E8
:10B310002900657272203D3D20300009436F6E7434
:10B32000726F6C6C657220756E726573706F6E7380
:10B330006976652C20636F6D6D616E64206F70633C
:10B340006F6465203078253034782074696D656FBE
:10B3500075742077697468206572722025640A000C
:10B360006F70636F64652030782530347820737493
:10B370006174757320307825303278202573004E43
:10B380006F6E2D4C452063617061626C6520636F48
:10B390006E74726F6C6C657220646574656374653D
:10B3A00064210056656E646F7220484349206578B9
:10B3B00074656E73696F6E73206E6F742061766151
:10B3C000696C61626C6500485720506C6174666FEF
:10B3D000726D3A2025732028307825303478290082
:10B3E00048572056617269616E743A20257320288F
:10B3F00030782530347829004669726D776172653E
:10B400003A20257320283078253032782920566557
:10B410007273696F6E2025752E2575204275696CD3
:10B4200064202575004661696C656420746F207224
:10B4300065616420737570706F72746564207665E1
:10B440006E646F7220636F6D6D616E647300466130
:10B45000696C656420746F20726561642073757017
:10B46000706F727465642076656E646F72206665B5
:10B47000617475726573004843492064726976652A
:10B4800072206973206E6F74207265616479004266
:10B49000542052582057510048434920647269761D
:10B4A0006572206F70656E206661696C6564202826
:10B4B00025642900556E657870656374656420485D
:10B4C0004F53545F4E554D5F434F4D504C4554457F
:10B4D000445F5041434B4554532C20737461747541
:10B4E000732030782530327820257300556E636CD8
:10B4F00065617265642070656E64696E672073654E
:10B500006E745F636D6400312E306200312E310045
:10B51000312E3200322E3000322E3100332E3000E8
:10B52000342E3000342E3100342E3200352E3000CF
:10B53000352E3100352E3200352E3300352E3400B5
:10B54000362E3000362E3100362E32005374616EA6
:10B550006461726420426C7565746F6F74682063F7
:10B560006F6E74726F6C6C65720056656E646F728C
:10B5700020737065636966696320636F6E74726FB0
:10B580006C6C6572004669726D77617265206C6FD4
:10B59000616465720052657363756520696D6167EA
:10B5A00065007265736572766564006E524635316A
:10B5B00078006E5246353278006E52463533780048
:10B5C0006E524635344878006E524635344C780019
:10B5D000496E74656C20436F72706F726174696F2D
:10B5E0006E004E6F726469632053656D69636F6EA0
:10B5F000647563746F72004E58502053656D6963B3
:10B600006F6E647563746F727300457370726573E7
:10B610007369662053797374656D730062745F6833
:10B6200063695F636F726500574553545F544F50B1
:10B630004449522F7A65706879722F7375627379F5
:10B64000732F626C7565746F6F74682F686F737495
:10B650002F6863695F636F6D6D6F6E2E6300636D3E
:10B660006420646973616C6C6F776564004F6E6C05
:10B67000792072616E646F6D2073746174696320E8
:10B680006964656E7469747920616464726573734A
:10B6900020737570706F7274656400496E76616CAA
:10B6A000696420696E70757420706172616D657473
:10B6B000657273004661696C656420746F20726501
:10B6C0006164207075626C69632061646472657383
:10B6D000730052656164205374617469632041642E
:10B6E0006472657373657320636F6D6D616E642042
:10B6F0006E6F7420617661696C61626C6500466191
:10B70000696C656420746F20726561642073746174
:10B7100074696320616464726573736573004E6F4E
:10B720002073746174696320616464726573736506
:10B73000732073746F72656420696E20636F6E741A
:10B74000726F6C6C65720043616E27742073657450
:10B7500020626F7468204944454E5449545920264C
:10B76000204E52504100556E61626C6520746F200E
:10B77000736574206964656E7469747920616464AA
:10B780007265737300556E61626C6520746F20730F
:10B7900065742072616E646F6D206164647265739C
:10B7A000730062745F696400546F6F206269672080
:10B7B0006164766572746973696E6720646174612F
:10B7C000004661696C656420746F207374617274E3
:10B7D0002061647665727469736572004661696C94
:10B7E000656420746F2073746F7020616476657275
:10B7F000746973696E673A2025640062745F6164DE
:10B800007600636C6F636B403430303030303030F2
:10B81000006866636C6B006C66636C6B00636C6FD6
:10B82000636B5F636F6E74726F6C0072616E646FD6
:10B830006D403430303064303030006770696F40B4
:10B840003530303030333030006770696F4035301C
:10B85000303030303030004661696C656420746F80
:10B8600020616C6C6F63617465205050492043689F
:10B87000616E6E656C0075617274403430303032C8
:10B8800030303000756172745F6E7266785F75611A
:10B890007274650048616C74696E672073797374A3
:10B8A000656D00556E6B6E6F776E206572726F728C
:10B8B000003E3E3E205A4550485952204641544190
:10B8C0004C204552524F522025643A202573206F58
:10B8D0006E20435055202564004661756C742064C9
:10B8E0007572696E6720696E746572727570742006
:10B8F00068616E646C696E670A0043757272656E8A
:10B9000074207468726561643A202570202825735C
:10B91000290043505520657863657074696F6E0027
:10B92000556E68616E646C656420696E74657272D0
:10B9300075707400537461636B206F766572666C0A
:10B940006F77004B65726E656C206F6F7073004B84
:10B9500065726E656C2070616E6963006D61696E01
:10B96000006F73002A2A2A20426F6F74696E672065
:10B970005A6570687972204F53206275696C642033
:10B9800076342E342E32202A2A2A0A0073797377CD
:10B990006F726B7100286E756C6C29002A666C6F73
:10B9A00061742A00206D657373616765732064722A
:10B9B0006F70706564202D2D2D0D0A1B5B306D009E
:10B9C0001B5B313B33316D2D2D2D2000000000001D
:10B9D000000000FFFFFFFFFFFF000000000000303D
:10B9E0003132333435363738396162636465660025
:10B9F0000104000200000002000000000000000539
:10BA00000000000000000000000000000000000531
:10BA100000010203040506070020303030303030CA
:10BA20003030303030303030000100000000000095
:10BA30000000000000000000000000000000000006
:10BA400000000000000000000000000000000000F6
:10BA500000000000000000000000000000000000E6
:10BA600000000000000000000000000000000000D6
:10BA700000000000000000000000000000000000C6
:10BA800000000000000000000000000000000000B6
:10BA900000000000000000000000000000000000A6
:10BAA0000000000000000000000000000000000096
:10BAB0000000000000000000000000000000000086
:10BAC0000000000000000000000000000000000076
:10BAD0000000000000000000000000000000000066
:10BAE0000000000000000000000000000000000056
:10BAF00000000000D1FD0000000000000000000078
:10BB00000000000000000000000000000000000035
:10BB10000000000000000000000000000000000025
:10BB20000000000000000000000000000000000015
:10BB30000000000000000000000000000000000005
:10BB400000000000000000000000000000000000F5
:10BB500060A101006F800100ED870100F4A40100E5
:10BB600000000000000000005F8B010000000000EA
:10BB70000000000000600040000000000000000025
:10BB800000000000000000000000000000000000B5
:10BB900000000000000000000000000000000000A5
:10BBA0000000000000000000000000000000000095
:10BBB0000000000000000000000000000000000085
:10BBC0000000000000000000000000000000000075
:10BBD0000000000000000000000000000000000065
:10BBE0000000000000000000000000000000000055
:10BBF0000000000000000000000000000000000045
:10BC00000000000000000000A5FE00000000000091
:10BC100000000000000000006DF4000000000000C3
:10BC200000000000000000004C0F00200000000099
:10BC30001927010000000000540F00200000000040
:10BC40000D200100000000005C0F0020000000003B
:10BC5000C539010000000000640F00200000000052
:10BC6000CD1F010000000000EC15002000000000C6
:10BC70001D420100000000003416002000000000FA
:10BC80000D370100000000004817002000000000F0
:10BC9000D113010000000000401700200000000048
:10BCA000D113010000000000381700200000000040
:10BCB000FD0F010000000000301700200000000010
:10BCC000D113010000000000281700200000000030
:10BCD000FD0F010000000000201700200000000000
:10BCE000D11301000090D003FF000000900200007B
:10BCF000C4020020C4020020AAFE1000007A657071
:10BD000068797270726F6A65637408AAFE04000035
:10BD10000000000000000000000000000000000023
:10BD20000000000000000000000000000000000013
:10BD30000000000000000000000000000000000003
:10BD400000000000000000000000000000000000F3
:10BD500000000000000000002C0300202C03002045
:10BD600000000000010000000000000000000000D2
:10BD700044030020440300200300030000000000EF
:10BD80000000000074A501002C420020000000000B
:10BD9000000000006803002068030020010001008B
:10BDA000000000000000000008A60100D8430020A9
:10BDB00000000000000000008C0300208C03002025
:10BDC0000A000A000400000049EF000060A501001D
:10BDD000884000200000000000000000B0030020A8
:10BDE000B00300200100010000000000000000007E
:10BDF00088A501007843002015E015E0076950018F
:10BE00001000200011A5411E6A1132A7858FFB4446
:10BE100048DA6DE61A9A45227C61B75C2A5FA44035
:10BE20000B3DBC1301002000FC5701DC6135E13201
:10BE30003847BDC40F04D2E5BEE5833B23C29F93C0
:10BE4000593D00018CFA999420000001B1A34D14D2
:10BE50004E0A9C2275FA5C31ADEA9450F53DB392DE
:10BE6000AABB639BE4A6B345D542F1CAEA99242F45
:10BE700059FF757F712470B63D914023BAEC06409E
:10BE8000706866D0727D98AB495B9EAE837A8BC03A
:10BE9000FA4EC908CD5E7B033E1EAA6E11394EE6EE
:10BEA000556050171A604D3282E5D1CFF498E08981
:10BEB0005B3658092129D67AE5FFDC3772A7A62D13
:10BEC0001678B628EA8ED6886D14D1E18CB686B283
:10BED000281ADAC99948C4C9596974FFB8A4304E00
:10BEE000051BD27BDDA80FEAA3471AFE73587D3AE3
:10BEF0008C13E5C9CAF6E8CD416726698F4EA8EED6
:10BF000008643E9C347A8596CC70120F55BDA6FE0F
:10BF1000E581788704446EE277E75119E0D5DAC706
:10BF20009814BA9466CB05EF4D47A4163BD1518BBC
:10BF3000ED049DBFCBE47BB5A6D8F7ECADEC2BA30D
:0CBF40000C325A441055C4C3E5192CAE55
:00000001FF
