:020000040000FA
:10C000003DB8F396000000000002000044770100F4
:10C010000000000000000000000000000000000020
:10C020000000000000000000000000000000000010
:10C030000000000000000000000000000000000000
:10C0400000000000000000000000000000000000F0
:10C0500000000000000000000000000000000000E0
:10C0600000000000000000000000000000000000D0
:10C0700000000000000000000000000000000000C0
:10C0800000000000000000000000000000000000B0
:10C0900000000000000000000000000000000000A0
:10C0A0000000000000000000000000000000000090
:10C0B0000000000000000000000000000000000080
:10C0C0000000000000000000000000000000000070
:10C0D0000000000000000000000000000000000060
:10C0E0000000000000000000000000000000000050
:10C0F0000000000000000000000000000000000040
:10C10000000000000000000000000000000000002F
:10C11000000000000000000000000000000000001F
:10C12000000000000000000000000000000000000F
:10C1300000000000000000000000000000000000FF
:10C1400000000000000000000000000000000000EF
:10C1500000000000000000000000000000000000DF
:10C1600000000000000000000000000000000000CF
:10C1700000000000000000000000000000000000BF
:10C1800000000000000000000000000000000000AF
:10C19000000000000000000000000000000000009F
:10C1A000000000000000000000000000000000008F
:10C1B000000000000000000000000000000000007F
:10C1C000000000000000000000000000000000006F
:10C1D000000000000000000000000000000000005F
:10C1E000000000000000000000000000000000004F
:10C1F000000000000000000000000000000000003F
:10C2000000740020DDEA0000AD9A0100C9EA0000D8
:10C21000C9EA0000C9EA0000C9EA00000000000005
:10C2200000000000000000000000000055EC0000CD
:10C23000C9EA000000000000E5EB0000C9EA0000C8
:10C240004DEF00004DEF00004DEF00004DEF0000FE
:10C250004DEF00004DEF00004DEF00004DEF0000EE
:10C260004DEF00004DEF00004DEF00004DEF0000DE
:10C270004DEF00004DEF00004DEF00004DEF0000CE
:10C280004DEF00004DEF00004DEF00004DEF0000BE
:10C290004DEF00004DEF00004DEF00004DEF0000AE
:10C2A0004DEF00004DEF00004DEF00004DEF00009E
:10C2B0004DEF00004DEF00004DEF00004DEF00008E
:10C2C0004DEF00004DEF00004DEF00004DEF00007E
:10C2D0004DEF00004DEF00004DEF00004DEF00006E
:10C2E0004DEF00004DEF00004DEF00004DEF00005E
:10C2F0004DEF00004DEF00004DEF00004DEF00004E
:10C300000B49C0F307230246C0B231F8133031F8AD
:10C3100010100B44102B08DC0C2006494343C818AE
:10C32000CB589A4218BF002070470020704700BFCA
:10C3300030F4010054410020F8B5074C06460F4682
:10C340001125236813B139462046B047013D04F159
:10C350000C04F6D1F8BD00BF5441002000000000DD
:10C3600000000000000000000000000000000000CD
:10C3700000000000000000000000000000000000BD
:10C3800000000000000000000000000000000000AD
:10C39000000000000000000000000000000000009D
:10C3A000000000000000000000000000000000008D
:10C3B000000000000000000000000000000000007D
:10C3C000000000000000000000000000000000006D
:10C3D000000000000000000000000000000000005D
:10C3E000000000000000000000000000000000004D
:10C3F000000000000000000000000000000000003D
:10C4000053B94AB9002908BF00281CBF4FF0FF31BB
:10C410004FF0FF3000F00CB8ADF1080C6DE904CE20
:10C4200000F008F8DDF804E0DDE9022304B070470D
:10C43000704700BF2DE9F04786468C460846089EA7
:10C44000154674461946002B40F0C2808542B2FA68
:10C4500082F245D94AB1C2F1200300FA02FC2EFA59
:10C4600003F3954043EA0C0C94404FEA154EA8B2F2
:10C47000BCFBFEF8230C0EFB18CC08FB00F943EACA
:10C480000C43994528D9EB1808F1FF3704D2994598
:10C4900002D9A8F102072B44A3EB0903A4B2B3FB12
:10C4A000FEFC0EFB1C330CFB00F044EA0344A042EC
:10C4B00014D92C190CF1FF3304D2A04202D9ACF1EB
:10C4C00002032C44241A43EA07401EB1D44000233F
:10C4D00034607360BDE8F0874746DDE76346F1E707
:10C4E00092BB431B01214FEA154EAFB2B3FBFEFCDA
:10C4F000200C0EFB1C330CFB07F840EA0343984565
:10C5000062D9EB180CF1FF3004D2984502D9ACF196
:10C5100002002B44A3EB0803A4B2B3FBFEFC0EFB0A
:10C520001C330CFB07F744EA0344A7424ED92C19ED
:10C530000CF1FF3304D2A74202D9ACF102032C4420
:10C54000E41B43EA0040C0E7C2F1200320FA03F1F4
:10C55000954090402EFA03F303434FEA154EAFB2D5
:10C56000B1FBFEFC0EFB1C10190C0CFB07F841EA9A
:10C570000041884504FA02F422D969180CF1FF3011
:10C5800004D2884502D9ACF102002944A1EB08018C
:10C590009BB2B1FBFEFC0EFB1C110CFB07F743EA40
:10C5A00001439F420ED9EB180CF1FF3104D29F4298
:10C5B00002D9ACF102012B44DB1B41EA004192E7B6
:10C5C0006046E3E76146F7E76046A3E76346B7E7FF
:10C5D000834206D916B9002108467BE7C6E900E088
:10C5E000F9E7B3FA83F78FB9834201D3724508D8CC
:10C5F000BEEB020460EB030301209C461EB9002140
:10C6000068E73846FAE7C6E9004CF8E7C7F1200CBE
:10C61000BB4022FA0CF41C432EFA0CF120FA0CF366
:10C62000B84001434FEA14490EFA07F5B3FBF9F895
:10C630001FFA84FE09FB18300B0C08FB0EFA43EAC4
:10C6400000439A4502FA07F240D9E31808F1FF3097
:10C6500004D29A4502D9A8F102002344A3EB0A03AD
:10C6600089B2B3FBF9F809FB183308FB0EFE41EA67
:10C6700003418E452CD9611808F1FF3304D28E4551
:10C6800002D9A8F10203214443EA0040A0FB02982A
:10C69000A1EB0E014145CE46434602D306D14D459E
:10C6A00004D2B9EB020E68EB04030138002EA6D0C9
:10C6B000B5EB0E0261EB030101FA0CFC22FA07F361
:10C6C0004CEA0303F940C6E9003198E74046C5E764
:10C6D0004346D9E7000000002DE9F04301288BB064
:10C6E000074614461E4601F0040802D0042840F014
:10C6F000C4806368002BC0F2C080204600F0B8FB05
:10C70000002800F0BA8002ADB8F1000F59D02946D8
:10C71000384600F015FD284600F080FC21462846EA
:10C7200000F022FCD4E90032574999424FF004034B
:10C73000934136DADDE90203022873F1000245DB9A
:10C7400001384FF0FA7243F1FF33A0FB020102FB04
:10C75000031140F2E733C0184FF47A724FF0000330
:10C7600041F10001FFF74CFE0CF0CEFF474F80FB7C
:10C77000074743A3D3E9002320463946FFF740FE8D
:10C78000424ACDE90601002320463946FFF738FE2C
:10C790000023089206A901222846CDE9022300F0D1
:10C7A000E3FB049F3A4A974213D93A493A483B4A35
:10C7B0004FF429730DF098F838484FF429710DF0B3
:10C7C0007CF894E80F0085E80F00ABE700200146F5
:10C7D000CAE7DDE90245002D43DB54EA05031AD11F
:10C7E0001FBB22462B4668460DF0FCFEDDE90089A2
:10C7F000294620460CF088FF4B46424668460DF01D
:10C8000016FFDDE9004554EA0503F1D176BB0020AF
:10C810000BB0BDE8F0834FF0FF336FF000418D4265
:10C8200008BF9C4201D197421ED0F917C90314A337
:10C83000D3E90023F80341EA5741FFF7E1FDED0397
:10C8400045EA5445E40304194FF0FF3245EB010576
:10C850006FF00043A24273EB0501C2D214461D469D
:10C86000BFE700242546BCE71C46FBE70023002267
:10C87000C6E900230023B360C9E76FF01500C7E7DE
:10C8800000CA9A3B0000000008FA824B40420F00A9
:10C89000FFC99A3BBDB70100E5B4010024B7010010
:10C8A00009490A4808B50BF049F8014650B1084853
:10C8B0000CF078FF002383F31188BFF36F8F0323FD
:10C8C000184602DF002008BD304100204C480020FF
:10C8D000FCB20100F0B51646194A87B005460F466E
:10C8E0001068516812896B4603C31A8003AB03C3F7
:10C8F00029461A806846134B134A02F0F7FE041EBD
:10C9000018DBAC4228BF4FF0FF340A226946384694
:10C910000DF04EF988B9B4420FD103ABC5F10A024C
:10C9200059190DEB05000DF057F9003818BF01201B
:10C9300007B0F0BD4FF0FF34E7E70120F8E700BF94
:10C9400033B301002CB3010030B301007FB50E46B4
:10C950001D460446A0B90AAB0B4803930DF00DFA2F
:10C960000A4B009601462A4609480CF01BFF039922
:10C97000099800F097FD07480CF014FF03F0A4F8A5
:10C98000204604B070BD00BF3DB301008CB401006F
:10C9900073B30100C7D9010030B587B0042200216C
:10C9A00005A80DF034F9059B33B1414802F0B8FEFB
:10C9B000404B01201B6898473F494FF0FF32002051
:10C9C000FFF788FF002841D03C4802F0A9FE394B10
:10C9D00001201B6898473A4802F0A2FE4FF47A51B2
:10C9E000384806F047FB012006F052FD044606F0E9
:10C9F00075FB012006F078FB00284ED0003C18BFE4
:10CA0000012431480221013402F08AFE2F482146D8
:10CA100002F086FE02232E4D02932E4B01932E4AE6
:10CA20002E49009540F291130120FFF78FFF2C4B08
:10CA3000294A2C490294B4FA84F0CDE90053400904
:10CA400040F29313FFF782FF07B030BD26494FF045
:10CA5000FF320120FFF73EFF0028B5D123494FF0F8
:10CA6000FF320220FFF736FF0028ADD120494FF0FA
:10CA7000FF320320FFF72EFF0028A5D11D49032216
:10CA80000420FFF727FF00289ED11A490322052022
:10CA9000FFF720FF002897D19DE70B48022102F005
:10CAA0003FFE0CB10124B1E7134802F039FEB1E7B3
:10CAB0009BB301004440002033B30100C0B3010028
:10CAC000C7D901000D000020ECB3010008B401003B
:10CAD0008CB4010050B401003DB3010035B4010035
:10CAE0007CB401005DB40100C8D90100E7B30100C6
:10CAF000E9B301002CB301001EB4010070B50C466F
:10CB0000002934D002680B1F9B1AD90823F00703B1
:10CB100013445D88E8070DD4154A16491648AF231B
:10CB20000CF0E2FE214615480CF0DEFEAF21104865
:10CB30000CF0C3FE10460CF0C2FC084432F8306022
:10CB4000801B81420BD00A4A0D490B48B7230CF0D9
:10CB5000CBFE21460B480CF0C7FEB721E7E725F0D6
:10CB600001055D80BDE8704010460CF065BD70BDEC
:10CB7000B1B40100D4B40100E5B4010002B5010074
:10CB80003AB5010060B501002DE9F8434B1E0B409A
:10CB900006680F46144611D0C1F1000909EA0109DF
:10CBA0004A46042A03F1FF3128BF042219420CD15E
:10CBB0001F46E4B900252846BDE8F883042913D8A8
:10CBC000BDE8F84311460CF068BD3049304A3148A1
:10CBD0004FF4A6730CF088FE2F480CF085FE2C480D
:10CBE0004FF4A6710CF069FE99460422E1E7BA1AE7
:10CBF00004F0070302F007010B330B44E10801EBDB
:10CC0000D20101EBD301B368994228BF19463046DF
:10CC10000CF0ABFC80460028CCD009F1040505EBF4
:10CC2000C0057B1E35441D44B5FBF7F57D43A5EBE0
:10CC300009052C442B1F07349B1B24F00704A41B5D
:10CC4000B0EBD30F4FEAD3074FEAE40408D2014612
:10CC50003A4630460CF0D6FC414630460CF034FCE7
:10CC6000394630460CF02BFC3844844207D230461B
:10CC700022460CF0C7FC214630460CF025FC06EBA2
:10CC8000C706738843F00103738094E79CB50100E5
:10CC9000B1B40100E5B40100B7B50100B2F5802FD1
:10CCA000F8B504460ED33B493B4A3C4840F21323B7
:10CCB0000CF01AFE3A480CF017FE40F213213648E9
:10CCC0000CF0FBFD042A0CD83649334A334840F2B5
:10CCD0001A230CF009FE34480CF006FE40F21A212B
:10CCE000EDE7043AC81D0A4420F0070022F00702CD
:10CCF000121A172A4FEAD2030CD82C49264A274881
:10CD000040F223230CF0F0FD27480CF0EDFD40F23B
:10CD10002321D4E7B3FA83F1C1F12006C1F1240144
:10CD200089000731C9084D1C20609D424FF0000466
:10CD30008360C4600CD91E49174A18484FF40E731B
:10CD40000CF0D2FD18480CF0CFFD4FF40E71B6E791
:10CD500000F10C0505EB860645F8044FB542FBD102
:10CD60004D0045F00105458000EBC1065D1A6F00DE
:10CD700004807780861820F8311000EBC30374809C
:10CD800085525A8842F001025A80BDE8F8400CF002
:10CD90009BBB00BFD4B50100B1B40100E5B40100F4
:10CDA000EAB5010001B6010022B601003BB6010060
:10CDB00064B6010010B5EFF31184202383F31288C9
:10CDC000BFF36F8F184809F0E5FE68B9174A184994
:10CDD000184888230CF088FD134917480CF084FD8F
:10CDE000882112480CF069FD0F4809F0F7FE13483E
:10CDF000102200210CF00BFF0B4809F0D9FE68B996
:10CE00000A4A0F490B4840F231130CF06DFD0649F8
:10CE10000C480CF069FD40F23111E2E784F311880F
:10CE2000BFF36F8F10BD00BF40460020A0B60100C9
:10CE3000CDB60100E5B40100E2B60100F0420020E9
:10CE4000F8B601000FB70100064C0749074808B5BE
:10CE5000224640F253130CF047FD40F25311204696
:10CE60000CF02BFD24B7010055B70100E5B401001B
:10CE700008B508B9FFF7E8FF8068034B98428CBFFC
:10CE80000020012008BD00BFFFC99A3B70B558B90A
:10CE90002E492F4A2F484FF4BF730CF025FD4FF455
:10CEA000BF712B480CF009FD82682B4B9A4221DDA3
:10CEB000D0E90016012976F1000503F1010392FB88
:10CEC000F3F34FEAE3742DDAC91844EB0604C0E922
:10CED0000014224901FB03238360FFF7C9FF00BB55
:10CEE0001F491B4A1B484FF4DE730CF0FDFC4FF446
:10CEF000DE71D6E7002AF0DAB2F1004F1EBF194901
:10CF00009B1AB3FBF1F3D0E9004108BF03230029CA
:10CF10004FEAE3760FDA01F100459C42B5410ADAA7
:10CF2000002070BDCD439D426FF00045A5EB060586
:10CF3000A541C9DAF4E7E41A61EB0601C0E9004152
:10CF4000084901FB03228260C7E700BF55B7010013
:10CF500024B70100E5B40100FFC99A3B003665C45F
:10CF6000D4B7010000CA9A3BF8B50D46044610B18B
:10CF7000FFF77EFF58B92549254A26484FF4EA7342
:10CF80000CF0B2FC4FF4EA7121480CF096FC1DB194
:10CF90002846FFF76DFF48B91F491D4A1D4840F25A
:10CFA000D5130CF0A1FC40F2D511EDE7D4E9003225
:10CFB000002AD5E9000118DA002908DA5F424FF0AB
:10CFC000004666EB0206B84271EB06061CDB1B1836
:10CFD00042EB0102C4E90032A368AA681344A360CB
:10CFE0002046BDE8F840FFF751BF53EA0206EED0F5
:10CFF000012871F10006EADBDE4386426FF000464D
:10D00000A6EB02068E41E1E70020F8BD67B70100FC
:10D0100024B70100E5B4010092B7010010B5044641
:10D02000FFF726FF58B910491048114A40F2FF1384
:10D030000CF05AFC0E4840F2FF110CF03EFCD4E913
:10D040000032B2F1004F08BF002B0CD05B4262EB04
:10D050004202C4E90032A3685B42A3602046BDE8F7
:10D060001040FFF713BF10BDBDB70100E5B40100CC
:10D0700024B7010038B5044640B92649264A274856
:10D080005A230CF031FC5A21234816E0EFF31185A6
:10D09000202383F31288BFF36F8F214809F07AFDB4
:10D0A00068B9204A20491D4888230CF01DFC1C4902
:10D0B0001E480CF019FC88211A480CF0FEFB184899
:10D0C00009F08CFD1A4B0FCB84E80F00144809F0CF
:10D0D0006FFD68B9134A1749104840F231130CF03C
:10D0E00003FC0F4914480CF0FFFB40F23111E3E759
:10D0F00085F31188BFF36F8F2046FFF7B9FE38B96B
:10D100000E49054A054860230CF0EEFB6021BBE7A1
:10D1100038BD00BF0CB80100EAB70100E5B401005A
:10D1200040460020A0B60100CDB60100E2B60100E5
:10D13000F0420020F8B601000FB701001EB8010050
:10D1400001282DE95F410C4606D0042836D06FF047
:10D15000150004B0BDE850810CF0E9FA214AC30B78
:10D16000C0F30E00A0FB0202C00B43EA414340EAB9
:10D170004240C90BC4E90031A0600CF0BEFAC8B14E
:10D180006846782603DF69462046FFF7EDFE18B9AA
:10D19000154B0FCB84E80F002046FFF769FEF8B966
:10D1A00012491348134A53230CF09EFB1148532194
:10D1B0000CF083FB6846FFF75DFFE4E70CF0B7FA7D
:10D1C000084AC30BC0F30E00A0FB0202C00B43EAE7
:10D1D000414340EA4240C90BC4E90031A060DBE7AB
:10D1E0000020B6E700CA9A3B70AC0100D4B701003A
:10D1F000E5B40100EAB7010010F1110F13B50446C0
:10D200000FD90E4B019310230D4800930D4A23466E
:10D2100045210CF01FFC0C4B9B68D3F8A0000CF0D0
:10D2200037FC012210210CF079FC0028E9D12046BE
:10D2300002B0BDE81040FFF71DBF00BF7FB801007E
:10D2400034B80100B9B801001048002010B5064CF0
:10D25000049AA368C3F8A020FFF7CEFFA3680020BC
:10D26000C3F8A00010BD00BF1048002001287FB502
:10D270000D4657D10846FFF7FBFD002852D00CF0B1
:10D2800056FA2A4AC30BC0F30E00A0FB0202C00BE1
:10D2900040EA42406C4643EA41430290C90B2046B3
:10D2A000CDE90031FFF7BAFE29462046FFF75CFEC4
:10D2B000EFF31186202383F31288BFF36F8F1C488E
:10D2C00009F068FC68B91B4A1B491C4888230CF00C
:10D2D0000BFB17491A480CF007FB882115480CF086
:10D2E000ECFA1348174D09F079FC94E80F0085E833
:10D2F0000F000F4809F05CFC68B90E4A12490F484C
:10D3000040F231130CF0F0FA094910480CF0ECFA35
:10D3100040F23111E2E786F31188BFF36F8F0020EE
:10D3200004B070BD6FF01500FAE700BF00CA9A3B69
:10D3300040460020A0B60100CDB60100E5B40100D2
:10D34000E2B60100F0420020F8B601000FB701007C
:10D3500011F1110F37B505460C460FD90E4B01934D
:10D3600010230E4800930E4A234645210CF072FB11
:10D370000C4B9B68D3F8A0000CF08AFB0022102114
:10D3800020460CF0CBFB0028E8D12146284603B00C
:10D39000BDE83040FFF76ABF02EC010034B801007D
:10D3A000A0B801001048002010B5064C049AA368EC
:10D3B000C3F8A020FFF7CCFFA3680022C3F8A02089
:10D3C00010BD00BF1048002012F1110FF7B506463E
:10D3D0000F4615461C460FD9184B01931023009396
:10D3E0002B461748174A45210CF034FB164B9B6817
:10D3F000D3F8A0000CF04CFB0022102128460CF0C2
:10D400008DFB0028E8D17CB114F1110F05D90F4B29
:10D410000193102300932346E3E7012210212046C5
:10D420000CF07CFB0028F2D123462A4639463046D0
:10D4300003B0BDE8F040FFF74FB900BF02EC0100B8
:10D4400034B8010085B80100104800207FB8010001
:10D4500070B5064C069EA568C5F8A060FFF7B4FF3E
:10D46000A3680022C3F8A02070BD00BF10480020B0
:10D47000014B1B68184700BF80400020014B18601B
:10D48000704700BF8040002070B5054E0446451827
:10D49000AC4200D170BD336814F8010B9847F7E730
:10D4A0008040002070B504468CB00D46EFF3058631
:10D4B000AEB90CF006FB90B12422314603A80CF063
:10D4C000A6FB2B460A480096224603A900F04CF81A
:10D4D000039B13B103A80CF03EF90CB070BD002102
:10D4E00000912B462246034800F03EF8F5E700BFC6
:10D4F0008997010071D40000F7B5174F0A9ABB68ED
:10D50000C84204460D46C3F8A0200DD3134B14485F
:10D51000144ACDE90053452123460CF09BFABB6821
:10D52000D3F8A0000CF0B4FA19B1C3434A1E9342D9
:10D53000ECD90022294620460CF0F0FA06460028D5
:10D54000E4D120462946FFF79FFFBB683046C3F869
:10D55000A06003B0F0BD00BF1048002002EC010045
:10D5600034B80100D6B801002DE9F04F95B08246DD
:10D57000039117461C460025387808B9284660E311
:10D58000252809D00399D0470028C0F25A837B1C74
:10D5900001350493049FEFE7182200210EA80CF038
:10D5A00036FB7B78252B7DD00023781C98469E4641
:10D5B0009C461E46014610F8012B2B2A00F0A18044
:10D5C00000F29880202A00F09F80232A00F09F809C
:10D5D0002BB19DF8403043F040038DF84030B8F156
:10D5E000000F05D09DF8403043F020038DF8403007
:10D5F000BEF1000F05D09DF8403043F010038DF8C8
:10D600004030BCF1000F05D09DF8403043F00803D6
:10D610008DF840302EB19DF8403043F004038DF872
:10D6200040309DF8403003F04400442803D16FF3AC
:10D6300086138DF840309DF840302A2A43F080034D
:10D640008DF840307FD19DF8412042F001024B1C03
:10D650008DF841201A782E2A9DF841200CBF012117
:10D66000002161F341028DF8412078D15A782A2AAD
:10D670006ED0013300224FF00A0C194611F8010B4D
:10D68000A0F13006092E40F295809DF840101292CC
:10D69000C1F3400040EAD2700A4660F341028DF8BF
:10D6A00040205CE08DF84330BB1C04939DF8413072
:10D6B000DA0740F12E8154F8048BB8F1000F07DA35
:10D6C0009DF8402042F004028DF84020C8F1000887
:10D6D0005E0740F1278154F804BBBBF1000F80F2D4
:10D6E00026819DF841306FF341038DF841304FF0B2
:10D6F000FF3B1CE12D2A0DD0302A7FF469AF0123B6
:10D7000058E74FF0010C55E74FF0010E52E74FF08C
:10D7100001084FE701264DE70EFB0262303A03464F
:10D72000184610F8016BA6F1300CBCF1090FF3D9C3
:10D7300099428FD09DF840101192D20F62F34101AF
:10D740008DF8401086E70B4600224FF00A0EE7E7FF
:10D750009DF8412042F004028DF8412002331A78EE
:10D760006C2A47D02BD8682A31D06A2A4BD04C2A51
:10D7700051D01A4612F8013B0492782B9DF84120B3
:10D780008DF8433000F2BE806D2B51D8692B00F22A
:10D79000B980572B67D8412B03D0453B022B00F2B1
:10D7A000B1809DF84230042262F302038DF84230CA
:10D7B000012373E00CFB0202303A0B465DE7742A4A
:10D7C00025D07A2AD5D19DF8412006210CE05A783F
:10D7D000682A9DF8412006D1012161F3C6028DF827
:10D7E00041200233C5E7022161F3C6028DF84120D2
:10D7F0000133BEE75A786C2A9DF8412001D10421FB
:10D80000EBE70321F0E79DF841200521ECE79DF8C7
:10D8100041200721E8E7BDF8402022F4F04222F041
:10D82000020242F4804242F00202ADF84020DFE7FB
:10D830006E3BD9B201238B4040F282410B4237D17B
:10D8400013F0240F51D1D8075CD59DF84230032145
:10D8500061F302038DF8423002F07803A3F1400136
:10D860004B424B411AE0A3F15801C9B2012000FA22
:10D8700001F111F4624F94D140F6010631421DD1FD
:10D8800011F4043F3ED09DF8423060F3020302F0F1
:10D890007802402A8DF8423034D000239DF8402091
:10D8A000C2F340010B4363F341028DF84020FDE6D3
:10D8B0009DF84230022161F30203E8E79DF842102F
:10D8C000022002F0780260F30201402A8DF8421033
:10D8D00002BF9DF8401041F001018DF84010632B0C
:10D8E000DBD1131E18BF0123D8E79DF84230032176
:10D8F00061F3020312F0780F8DF8423014BF012358
:10D900000023CBE79DF8403043F001038DF8403011
:10D91000C3E79DF94020002AB4BFDDF844804FF0F2
:10D92000FF38D5E698077FF5E2AEDDF848B09DF800
:10D9300041100023CDE911339DF8423003F0070375
:10D94000012BC1F3C30132D1CB1E042B04D8DFE875
:10D9500003F0204545202000236801294FEAE372A7
:10D96000CDE90E321BD19DF93830DA17CDE90E32F0
:10D9700004349DF8403013F003064FD0049B039904
:10D980003A4650460BF082FF0028C0F25A81054407
:10D9900000E654F8043BDA17CDE90E32E9E7022934
:10D9A000E6D11AB243F3C033CDE90E23E0E7022BF0
:10D9B00024D1CB1E042B04D8DFE803F01810101874
:10D9C0001800012954F8043B4FF0000214D002293A
:10D9D000CDE90E32CDD19BB20E93CAE7073424F0C5
:10D9E0000704F4E80223CDE90E23C2E754F8043B10
:10D9F0000E9300230F93BCE7DBB2CDE7042B08D1D5
:10DA0000073424F00704D4E900230834CDE90E23B9
:10DA1000AFE7032BADD154F8043BDDE79DF843009D
:10DA200078283FF6B7AD62281DD825284ED0582853
:10DA30007FF4B0AD0DF136030093DDE90E0108ABC4
:10DA400010AA0BF0DBFEBBF1000F074680F2C2808C
:10DA5000002F3FF49FAD0DF13609A9EB0700002E12
:10DA600049D0013047E0633815283FF693AD01A255
:10DA700052F820F097DB0000A9DB000095D50000EC
:10DA800095D5000095D5000095D50000A9DB0000D4
:10DA900095D5000095D5000095D5000095D50000DE
:10DAA000F5DB0000CFDB000057DB000095D5000060
:10DAB00095D50000DBDA000095D50000CFDB000033
:10DAC00095D5000095D50000CFDB00000399D04725
:10DAD0000028C0F2B68001355CE5BBF1000F0E9F57
:10DAE00035DB594638460CF0EAF807EB0009002F01
:10DAF0003FF450AD00269DF8423013F0100205921D
:10DB000000F0928002305B06DDF844B048BF129B03
:10DB1000584448BFC018B8F1000F40F39F809DF8EB
:10DB20004020A8EB0008C2F380035007069300F1E1
:10DB30009580510640F188803EB103993046D04728
:10DB400000287EDB069B01351E4630227DE03846EC
:10DB50000CF01BF8C9E70E9800285FD00DF13609CC
:10DB600008ABCDF8009010AA00210BF047FEBDF8DD
:10DB7000423003F0EF0343F4F04343F01003BBF1F2
:10DB8000000F0746ADF8423023DA00283FF402AD1B
:10DB9000A9EB0000AEE70E9B8DF82030002608AF01
:10DBA0000DF121090120A6E719075CBFC3F300139B
:10DBB0005E01DDE90E2348BF2B26002BBFF63AAFEE
:10DBC000524263EB4303CDE90E232D2632E70026B4
:10DBD00030E700269DF840200DF13603DB1B6FF384
:10DBE00086129B458DF840207FF632AFABEB0303E6
:10DBF00011932DE70E9B07293FF6CCACDFE801F02F
:10DC00000C04060C08080C0C1D70C3E41D80C1E454
:10DC1000EA17C3E90052BDE41D60BBE42E4F06467F
:10DC200007F10509052066E71A0748BF01306AE7D2
:10DC30000793104606920399D0470028DDE9062392
:10DC400004DA15B0BDE8F08F2022434619460029BA
:10DC500003F1FF33ECDC45446D1A98462EB103996D
:10DC60003046D0470028ECDB01359DF84230DA061B
:10DC700001D41B0705D503993020D0470028E0DBED
:10DC80000135059B33B103999DF84300D047002827
:10DC9000D7DB0135AB4405E003993020D04700289D
:10DCA000CFDB0135ABEB0503002BF5DC03994B46CD
:10DCB0003A4650460BF0EAFD0028C2DB0544A84472
:10DCC000A8EB0503002B7FF765AC03992020D04714
:10DCD0000028B6DB0135F3E7E7B80100431D13B5B3
:10DCE00004460CD9094B0193042309480093094ABF
:10DCF000234645210BF0AEFE012002B010BD0122EB
:10DD000004210BF00BFF0028ECD1F6E77FB80100EF
:10DD100034B80100EDB80100F8B50C4FBB681546EA
:10DD2000089AC3F8A02004460E46FFF7D7FF48B96B
:10DD300032462B4620460BF0E4FDBB680022C3F8B8
:10DD4000A020F8BD6FF00C00F7E700BF10480020DE
:10DD500038B50A4D069AAB68C3F8A0200446FFF711
:10DD6000BDFF38B920460BF0EFFDAB680022C3F8C9
:10DD7000A02038BD6FF00C00F7E700BF104800206E
:10DD80002DE9F84F04460846A38B1907154612D40F
:10DD9000022803F0070165D120460BF0F4FD88B19D
:10DDA0000138042800F23781DFE810F05C0035010B
:10DDB0008200D400040101280CBF43F0100143F09D
:10DDC0002001A1831434204608F0F2FE002840F020
:10DDD0009D819A499A4A9B4840F231130BF084FD89
:10DDE0002146B1E003F00702501F01281ED8002091
:10DDF000062A2768C4E9000014D13A4603E0E08B04
:10DE00000130E0831268002AF9D123F0070343F0C0
:10DE10000202A28320460BF0B6FD90B342F020022E
:10DE2000A2832EE023F007039AB2F2E7042A33D14B
:10DE300023F007039AB2A28320460BF0A4FD10B191
:10DE400042F02002A283A38B03F00709894540F02A
:10DE5000EC80A18BCA0640F1508121F01003A3830E
:10DE600001F00701D4F81880A38BB8F1000FB9DADC
:10DE70000022276823F00703C4E9002243F00103CE
:10DE8000A383A38B03F00709894540F0CF80002FBF
:10DE9000DFD00026B24644E06B496C4A694840F244
:10DEA0001B130BF021FD40F21B1168480BF005FD20
:10DEB00049B16749654A63484FF4AB730BF014FDF1
:10DEC0004FF4AB71F1E723684BB962495F4A5D4893
:10DED00040F257130BF008FD40F25711E5E72369B4
:10DEE0001E684EB95C49594A56484FF4AD730BF061
:10DEF000FBFC4FF4AD71D8E7A38B23F0070343F08D
:10DF000006039BB2A3830F4688464FF00609A2681A
:10DF1000002A40F08D80002F40F08D80002E98D098
:10DF2000BA4643F0080304F1140BA383584608F0E3
:10DF30003FFE002840F09A804049414A414840F263
:10DF400031130BF0D1FC594644480BF0CDFC40F2A4
:10DF50003111ADE0022909D041493C4A394840F22B
:10DF60005D130BF0C1FC40F25D119EE7E78B4FB1F2
:10DF70003C49364A33484FF4AF730BF0B5FC4FF4CD
:10DF8000AF7192E723695E684EB933492F4A2D4835
:10DF900040F261130BF0A8FC40F2611185E7A38BFE
:10DFA00023F0070343F004039BB2A383B8464FF06A
:10DFB0000409ACE7012909D02B49244A21484FF430
:10DFC000B2730BF091FC4FF4B2716EE723684BB95A
:10DFD00020491E4A1B4840F265130BF085FC40F2B5
:10DFE000651162E723699E684EB91B49174A1548B7
:10DFF0004FF4B4730BF078FC4FF4B47155E7A38B76
:10E0000023F0070343F005039BB20027A383B84620
:10E010004FF005097BE70C490C4A0A4840F26B13A4
:10E020000BF062FC40F26B113FE7002700266EE721
:10E030004FF0010A75E7924673E700BFF8B601009A
:10E04000A0B60100E5B40100CDCD010002B9010088
:10E0500027B9010033B9010056B901000FB701001B
:10E060006DB9010083B9010092B9010085F31188EF
:10E07000BFF36F8FBAF1000F1CD177BB16B12649E1
:10E080002046B047EFF31185202383F31288BFF3B6
:10E090006F8F584608F07EFD38BB204A2049214842
:10E0A00088230BF021FC59461F480BF01DFC8821EA
:10E0B0001A48FBE6A1680029DFD00D680029DCD0F2
:10E0C000D1F804A043464A462046D0471DB12B68EC
:10E0D00029461D46F2E72B46FAE7394643464A46AB
:10E0E00020463F680BF07BFCC7E7584608F076FDFA
:10E0F000A38B23F00803A383ABE68B067FF562AE08
:10E1000021F02003A38301F0070145E685F3118880
:10E11000BFF36F8FBDE8F88F2DE10000A0B60100BE
:10E12000CDB60100E5B40100E2B60100F8B5044641
:10E130000D4600F11406EFF31187202383F31288B4
:10E14000BFF36F8F304608F025FD68B90C4A0D49C2
:10E150000D4888230BF0C8FB0C4831460BF0C4FB7C
:10E16000074888210BF0A9FB304608F037FDA56170
:10E170003A4620460121BDE8F840FFF701BE00BF46
:10E18000A0B60100CDB60100E5B40100E2B6010081
:10E190002DE9F04704460F460BF011FC051E68DB25
:10E1A00004F11409EFF3118A202383F31288BFF3DB
:10E1B0006F8F484608F0EEFC804660B9384A39490E
:10E1C000394888230BF090FB494638480BF08CFB0C
:10E1D0008821334842E0484608F000FDE38BA68BD7
:10E1E0004FF6FF72934206F0070645D0022E15D176
:10E1F0000133E3833546484608F0DAFC002841D174
:10E20000274A2B49284840F231130BF06DFB494651
:10E2100028480BF069FB40F23111DAE7062E13D8DB
:10E22000DFE806F0092D1212090409006FF08505D8
:10E230004FF00008DFE700233B60636883B9C4E95F
:10E24000007786B13546F3E71B4917481B4A4FF460
:10E25000E4730BF049FB19484FF4E4710BF02DFB0C
:10E260001F606760EDE7524602212046FFF788FDF8
:10E2700035462846BDE8F0876FF00A05D8E76FF00D
:10E280000405D5E78AF31188BFF36F8FB8F1000F4B
:10E29000EFD000233246394620460BF0A0FBE8E7DA
:10E2A000A0B60100CDB60100E5B40100E2B6010060
:10E2B000F8B601000FB7010092B9010002B90100E0
:10E2C00008B54268816002F00302032A034602D0C7
:10E2D0002AB1002000E0006800225A6008BD05490C
:10E2E0000548064A45230BF0FFFA044845210BF088
:10E2F000E4FA00BFCDCD0100E5B40100A8B90100EA
:10E300002DE9F84FDFF8989080460F4616461446E0
:10E31000BD192D1B0CB9BDE8F88F08F1FF33032B95
:10E3200098BF19F803101F48DFF87CA088BF3F2171
:10E330000BF038FA4FF0000B5C4528D915F80B109C
:10E3400050460BF02FFA0BF1010BBBF1080FF3D184
:10E350001648DFF85CB00BF025FA4FF0000A544580
:10E3600019D915F80A10A1F120025F2A28BF2E2121
:10E3700058460BF017FA0AF1010ABAF1080FEED16C
:10E380000C480BF00FFA072CC5D9083CC0E70A4827
:10E390000BF008FAD7E709480BF004FAEBE700BFE7
:10E3A000E2B90100CEB90100D3B90100DDB9010025
:10E3B000DFB90100C7D90100D9B90100DBB90100FB
:10E3C000014B03600020704788AC010037B505465B
:10E3D0000C46C9B18B680093D1E90023124845214E
:10E3E0000BF038FB63690093D4E903230F48452100
:10E3F0000BF030FBE2690E4845210BF02BFBA269C4
:10E400000C4845210BF026FB012D06D1EFF30582C8
:10E410000948103A45210BF01DFB2146284603B060
:10E42000BDE8304005F0B6B9E6B901001ABA0100FE
:10E430004EBA010062BA010095BA010030BFFFF781
:10E44000FDBF00BF86461E488068D0F8B4004FF478
:10E45000806C6044EC4680F309880EB52DE901100C
:10E460001748806800F090FDBDE80110DCF800005E
:10E47000DCF804C02DE90110624649400BF0C7FBEF
:10E48000BDE801106044BDE80E4080F30988704685
:10E4900003B40B488068D0F8B01051F00101EFF3DD
:10E4A000148C5CF0010CC0F8B010BFF34F8F8CF3EC
:10E4B0001488BFF36F8F03BCDFF808C0604700000B
:10E4C00010480020BF970100DFF88CC0DCF808C0BE
:10E4D000DCF8B4C00CF5806CBCF1080CCCF800D0B2
:10E4E000CCF804E08CF309884FF0A90C664503D101
:10E4F000EC462DE9305002E0EC462DE93010DFF813
:10E500005CC04FEA8606B444DCF800C0E047DDF8A2
:10E5100010E0DDF80CC08CF3098803B40E48806865
:10E52000D0F8B01051F00101C0F8B010BFF34F8F18
:10E53000EFF3148C5CF0010C8CF31488BFF36F8F35
:10E5400003BC4FF000014FF000024FF00003C4463F
:10E550005CF0010C604700001048002054B001003E
:10E5600037B54FF0FF3301930023C55C1DB18B42DB
:10E5700001D00133F9E7184600210191019911609A
:10E5800003B030BD054B5A699B689A421FBF044ACD
:10E59000536843F080535360704700BF1048002019
:10E5A00000ED00E010B5204C204845210BF052FA58
:10E5B000A36A990136D51E4845210BF04BFA1E205F
:10E5C000A36ADA0104D51B4845210BF043FA1F204A
:10E5D000154CA36A1B0304D5174845210BF03AFAE2
:10E5E0002120A36A590304D5144845210BF032FABF
:10E5F00022200D4CA36A9A0304D5114845210BF043
:10E6000029FA2320A36ADB0304D50E4845210BF029
:10E6100021FA2420044A936A6FEA03436FEA134302
:10E62000936210BD1D20CBE700ED00E0ADBA010004
:10E63000CABA0100E2BA010001BB010024BB01001B
:10E640004EBB01006DBB01002DE9F843474E054666
:10E6500089464748452117460BF0FCF9B36AD906AD
:10E6600027D5444845210BF0F5F91124B36A1A0760
:10E6700004D5414845210BF0EDF912243B4EB36A15
:10E680009B0718D53D4845210BF0E4F9D6F83480B6
:10E69000B36A1C0652D53A48424645210BF0DAF9D6
:10E6A000B9F1000F03D0B36A23F08003B3621324DF
:10E6B00003E01024DAE76FF015082C4EB36AD80790
:10E6C00004D5304845210BF0C5F91424B36A9906E6
:10E6D00004D52D4845210BF0BDF91524234EB36A0E
:10E6E000DA0602D4B36A9B070AD57368180507D502
:10E6F0002946404600F0CCFB18B380F30988022479
:10E700001A4B9A6A920642BF5A6A22F400525A621F
:10E710009A6A42F0FF029A621C4BAA6923F0010335
:10E72000934220D81A4B23F0010393421BD9194B73
:10E73000AB6101233B702046BDE8F8836FF01508FC
:10E74000B5E7B36AD906DBD51349144A14484FF428
:10E7500092730BF0C9F813480BF0C6F80F484FF44A
:10E7600092710BF0AAF80023E4E700BF00ED00E08F
:10E770009DBB0100B8BB0100F0BB010008BC01005B
:10E7800025BC010040BC010064BC01006BE5000039
:10E790006DE500007DE50000CABC010098BC0100E9
:10E7A000E5B4010014BD0100F8B5304C05460F4634
:10E7B0002F48452116460BF04DF9A36AD90448D5D8
:10E7C0002C4845210BF046F91720A36A1A0504D5F9
:10E7D000294845210BF03EF91820244CA36A9B05DB
:10E7E00011D5264845210BF035F9A26BA36A180410
:10E7F00008D5234845210BF02DF91FB1A36A23F456
:10E800000043A3621920194CA36A590504D51D4879
:10E8100045210BF01FF91A20A36ADA051BD51A4807
:10E8200045210BF017F91B20104A936A43F47F43EC
:10E830009362164BAA6923F00103934214D8144B38
:10E8400023F0010393420FD9124BAB6101233370C4
:10E85000F8BD1620B9E7A36A9B04E5D50E4845210B
:10E860000BF0F8F81C20DFE70023F0E700ED00E0F4
:10E8700037BD010052BD0100F0BB010068BD0100C1
:10E8800086BD0100A0BD0100C0BD01006BE5000018
:10E890006DE500007DE5000064BC010070B5724BC1
:10E8A000054658688AB0C0F30803002686F311882D
:10E8B000BFF36F8F02F07F44B4F17F4F07D102F0B6
:10E8C0000C04082C12D1694845210BF0C3F86849A3
:10E8D000684A694840F211430BF006F867480BF0AC
:10E8E00003F840F2114163480AF0E7FF14074CBFF8
:10E8F0000D460126002DEAD00024DA1E8DF80740CF
:10E90000092A00F29F80DFE802F0059296759D9D2E
:10E910009D9D9D9A5A4845210BF09CF88DF8074023
:10E92000514CE36A9A0705D5564845210BF092F8F9
:10E93000002429E0E36A002B02DA53484521F5E779
:10E94000E36A5B0066D5514845210BF083F86369A3
:10E95000AA6943F480736361BFF34F8FBFF36F8F76
:10E96000636932F8022C23F480736361BFF34F8F25
:10E97000BFF36F8F4DF602739A4221D12A68444843
:10E9800045210BF067F82C689DF80730B3B92022B9
:10E99000294602A80BF030F9099B002E5ED0C3F384
:10E9A000080222B96FEA53236FEA43230993102C1C
:10E9B00002A934BF20460020FFF708FD0AB070BD51
:10E9C000A36ADBB23BB10DF1070201212846FFF734
:10E9D0003BFE0446D8E7A36A13F47F4F06D00DF13F
:10E9E000070201212846FFF7DFFEF2E7A36AB3F52D
:10E9F000803F02D3FFF7D6FDEBE726491D4A1E48AC
:10EA000040F2EA230AF070FF23480AF06DFF40F25B
:10EA1000EA2168E71F49174A174840F2ED230AF038
:10EA200063FF1E480AF060FF40F2ED215BE70DF145
:10EA300007020021CAE70DF107020021D2E71848BA
:10EA4000452173E71749184A10F4F87F08BF0A46B2
:10EA50001648103B45210AF0FDFF69E723F4FF73D8
:10EA600023F00103A2E700BF00ED00E00BBE0100B0
:10EA70003BBE010098BC0100E5B401004EBE0100A0
:10EA80008CBE0100A8BE0100CEBE0100E1BE0100A7
:10EA900005BF0100CDCD010026BF01004ABF010026
:10EAA0007ABF0100DDBD0100F2BD0100A3BF01007E
:10EAB000044B5A6942F010025A615A6922F0080266
:10EAC0005A61704700ED00E0EFF30880EFF3098131
:10EAD00001B57246FFF7E2FE01BD00BF002080F3E2
:10EAE0001488BFF36F8F0F4880F3088803F012FA81
:10EAF00000200D490860BFF34F8F00F02BF8202055
:10EB000080F3118809484FF40461401880F30988A4
:10EB1000EFF314800221084380F31488BFF36F8F52
:10EB200000F042F90074002094ED00E00050002055
:10EB30000749D1F890200023C2F3072218469342D8
:10EB400000DB7047C1F89830C1F8A0000133F6E748
:10EB500000ED00E008B572B6002383F31388FFF7D9
:10EB6000E7FF144B4FF0FF32C3F88020C3F8842036
:10EB7000C3F88820C3F88C20C3F89020C3F89420F1
:10EB8000C3F89820C3F89C20C3F88021C3F88421DF
:10EB9000C3F88821C3F88C21C3F89021C3F89421CD
:10EBA000C3F89821C3F89C2162B6BFF34F8FBFF31F
:10EBB0006F8F08BD00E100E0084B9B6883420BD1DA
:10EBC000EFF3058343B1064B5A6842F080525A6016
:10EBD0005A6A22F400425A6207F0EEBC1048002044
:10EBE00000ED00E019498A684FF030001044EFF35F
:10EBF000098C80E8F01F202080F31288BFF36F8F0C
:10EC0000134F4FF000664A698A603E60D2F8A80050
:10EC10000023C2F8A83080F3118804B5104600F034
:10EC2000B3F9BDE80440D2F8B000EFF3148323F049
:10EC3000010343EA000383F31488BFF36F8F02F1EB
:10EC4000300090E8F01F8CF30988704710480020CE
:10EC500004ED00E01EF0040F0CBFEFF30880EFF3AB
:10EC60000980816911F8021CEFF31482032909D08D
:10EC700012F0010F01D10229FFD001B572460AF04E
:10EC8000F6FE01BDD0F818800C4981614FF0AA0C46
:10EC9000664502D306604FF0A90609488068D0F89F
:10ECA000B01021F00101C0F8B010BFF34F8F22F077
:10ECB000010282F31488BFF36F8F7047C9E400002C
:10ECC0001048002040B2002807DB044A4109012314
:10ECD00000F01F00834042F82130704700E100E05F
:10ECE00040B200280CDB4309064900F01F00203326
:10ECF0000122824041F82320BFF34F8FBFF36F8F73
:10ED0000704700BF00E100E0054B420900F01F0022
:10ED100053F82220012303FA00F01040704700BF8F
:10ED200000E100E038B54B1C072B04460D460FD917
:10ED3000114A124912486B230AF0D6FD11482946A0
:10ED4000072322460AF0D0FD0B486B210AF0B5FDDF
:10ED500040B20028ACBF00F160400B4A4FEA4313B9
:10ED6000B8BF00F00F00DBB2AABF00F5614013543A
:10ED700080F8003338BD00BFBBBF0100F2BF010007
:10ED8000E5B401000DC0010014ED00E0044B054A9C
:10ED900023F07F039360BFF34F8FBFF36F8F7047F4
:10EDA00000C2000000ED00E008B5FFF7EFFF074AE2
:10EDB000D2F8883023F47003C2F8883004F002FEE1
:10EDC00007F014FF00F0B6F804F070FE00ED00E06C
:10EDD00083B5114C9A46A3680746D3F89C00884631
:10EDE000914609F00BF9A568D5F88840D5F88460FC
:10EDF000D5F88C304034403EC5F888404030E41AA5
:10EE0000C5F8B400C5F884605346CDE900644A46AD
:10EE100041463846FFF716FB1048002070B50446FF
:10EE2000084615461E460BF043FB48B1D4F8843023
:10EE30004033C4F88430D4F88830403BC4F888307C
:10EE4000227B114945F8206C12F0040F0F4A18BFBD
:10EE50000A4622F0010245F8082C049A45F81C2CB9
:10EE6000059A45F8182C069A45F8142CA5F12003AC
:10EE70004FF0807245F8042C23650023C4E92C333D
:10EE8000C4F8A83070BD00BFD1ED0000BF970100ED
:10EE900010B5174A9468034634B3D4F8B400A0B14F
:10EEA000EFF3148212F001020CD113F1160F05D00A
:10EEB000A0F140049C4219D8984217D9884298BFC3
:10EEC000002010BDD4F89C00F8E713F1160FD4F819
:10EED000842005D0A2F140049C42F2D89342F0D2A3
:10EEE000914238BF1046ECE72046EAE71046E8E7D3
:10EEF0001048002008B50B4B0E461546986000F0F0
:10EF000043F82C4686F309880020044B9847204696
:10EF1000002100220023024C20470000CD9A01006E
:10EF2000BF97010010480020014B10221A61704762
:10EF300000ED00E0044800232021C2180133302BEB
:10EF400082F80013F9D1704700E100E008B5EFF353
:10EF50000583064A103B02EBC30152F833004968AF
:10EF60008847BDE80840FFF70DBB00BF10AA0100AD
:10EF7000024B034A0348012100F07AB90000042043
:10EF80000000002088AC0100F8B5D0F898300446A5
:10EF9000002B44D093F8C8204C4803F1C00C00214A
:10EFA0004FF00C0E5D68EDB111290ED94849494A60
:10EFB00049484FF481730AF097FC48480AF094FCE2
:10EFC0004FF4817143480AF078FC0EFB01F61F688C
:10EFD000875185195E686E609E68AE600131013AA6
:10EFE000C9B202D00C336345DCD1D4F8B430374A0F
:10EFF00003B3D4E92103D4F89C6003441129A3EBA3
:10F0000006030ED93249334A33484FF48C730AF061
:10F010006BFC32480AF068FC4FF48C71D2E7194659
:10F02000E3E70C204843151801316B6016502C4B58
:10F03000AB60C9B2D4F8B45095B12A4C403DA5425A
:10F0400025D2244A2849244840F239130AF04CFCBE
:10F050002946264822460AF047FC40F23911B1E71A
:10F06000D4F88460D4F89C50403EAE420FD0194A88
:10F070001F4919484FF4A2730AF036FC3146D4F800
:10F080009C201C480AF030FC4FF4A2719AE7112929
:10F090000CD90F490F4A10484FF4A5730AF024FC0D
:10F0A0000E480AF021FC4FF4A5718BE70C234B436B
:10F0B000D018D550104B4022C0E901230131BDE8E2
:10F0C000F8400248C9B200F019B900BF4446002018
:10F0D00081C001004DC00100E5B40100A3C00100E2
:10F0E00000000B1300740020D1C0010004C1010016
:10F0F00041C101006DC1010000000B1508B5104AA7
:10F10000D2F89030C3F30723013B984207D9024657
:10F1100045210C480AF09EFC6FF0150008BDC2F8AE
:10F1200098000B6823F01F03034343F01003C2F859
:10F130009C308B6843F00103C2F8A030EEE700BFBB
:10F1400000ED00E0ABC10100044B0522C3F89420A0
:10F15000BFF34F8FBFF36F8F704700BF00ED00E02C
:10F16000BFF35F8F024B0022C3F89420704700BFAB
:10F1700000ED00E0044B054AD3F890301078C3F35B
:10F180000723181A704700BF00ED00E02449002053
:10F190002DE9F0410346EFF3118C202686F3128807
:10F1A000BFF36F8F314CD4F89000C0F307200138C3
:10F1B000451C05D18CF31188BFF36F8FBDE8F0813A
:10F1C000EFF3118786F31288BFF36F8FC4F89800AE
:10F1D000D4F8A05087F31188BFF36F8FEF07E6D5FF
:10F1E000EFF3118786F31288BFF36F8FC4F898008E
:10F1F000D4F89C50D4F8A08087F31188BFF36F8FA8
:10F2000071B34F1EDF19D2D225F01F05AB42CED30A
:10F21000C8F3440808F101084FF0010E0EFA08FE89
:10F22000013D7544BD42C2D3EFF31181202383F326
:10F230001288BFF36F8F0D4BC3F89800D3F8A0303E
:10F2400081F31188BFF36F8F180EC3F302634AB1C5
:10F25000DE1E70427041B0FA80F040094042A9E7DA
:10F260000F46CFE700F00200F5E700BF00ED00E039
:10F27000F8B51C4F3B780D4604460026AE4211DA25
:10F2800062685AB3511E0A4210D11F2A0ED9226851
:10F2900011420BD1D8B221460AF052FC10F1160FE0
:10F2A00003461AD13B70163307D0F8BD0E483246DC
:10F2B00045210AF0CFFBEA233B700C4A0C490D486C
:10F2C0004FF4BB730AF010FB0B4829460AF00CFB05
:10F2D00006484FF4BB710AF0F0FA013301360C34E2
:10F2E000CCE700BF2449002055C20100D6C101006F
:10F2F000CDCD0100E5B401007DC2010070B51B4B0E
:10F300001B780D4604460026AE420BDB13F1160FA8
:10F310001BD017490020D1F89020C2F30722934256
:10F320000DDB70BD62683AB12146D8B20AF008FC24
:10F3300010F1160F09D0431C01360C34E4E7C1F874
:10F340009830C1F8A0000133E5E70A4A0A490B48A2
:10F3500040F295130AF0C8FA094829460AF0C4FA9F
:10F36000044840F295110AF0A8FA00BF2449002091
:10F3700000ED00E0D6C10100CDCD0100E5B40100F3
:10F38000A9C201002DE9F04F7B4C7C49D4F89030A4
:10F390000D68C3F307239D4285B013D9784A794994
:10F3A000794840F2AD130AF09FFAD4F890207748DC
:10F3B0002946C2F307220AF097FA40F2AD117048CD
:10F3C0000AF07BFAFFF7CCFE49680022954201F172
:10F3D0000C012DD16E4C6F4F25706846FEF7F0FF83
:10F3E000DFF8B481DFF8B49106460025AE4232D191
:10F3F000237861490020D1F89020C2F3072293427C
:10F40000C0F2AF80FFF7A0FED1F89030C3F307231E
:10F41000082B00F0AC806249594A5B4840F21F2338
:10F420000AF062FA5F480AF05FFA40F21F21C6E76D
:10F43000C4F8982051F80C3C23F01F03134343F009
:10F440001003C4F89C3051F8043C43F00103C4F8A5
:10F45000A0300132BAE7009A02EB05132901D3F874
:10F460000CA00AEA0700B0F5000F60D00AD8B0F58A
:10F47000001F38D0B0F5800F4ED0B0F5801F12D0ED
:10F480000135B3E7B0F1807F5CD0B0F1007FF7D1F8
:10F490009868D3F804A052580AF042FBCDE901A2C3
:10F4A00040F480200BE09868D3F804A052580AF08A
:10F4B00037FBCDE901A240F0885040F430200390A2
:10F4C000207801A9FFF71AFE002846DA2D492C4AB8
:10F4D0002D4840F2D7130AF007FA33480AF004FA2D
:10F4E00040F2D7116BE79868D3F804B052580AF08D
:10F4F00017FB1AF0010F40EA0800CDE901B20390B2
:10F50000DED02A491E4A20487B230AF0EDF928481C
:10F510000AF0EAF97B2152E79868D3F804A0525820
:10F520000AF0FEFACDE901A240EA0900C7E79868AF
:10F53000D3F804A052580AF0F3FACDE901A240F042
:10F540008270BCE79868D3F804A052580AF0E8FA31
:10F55000CDE901A240F08870B1E723780133237030
:10F560008EE7C1F89830C1F8A000013343E70020CE
:10F5700005B0BDE8F08F00BF00ED00E094AC0100E5
:10F58000D6C10100CDCD0100E5B40100D6C2010015
:10F59000244900200000F0FF0000081100000206CE
:10F5A00089C30100D9C301005FC301000AC3010080
:10F5B00030C3010008B502480AF0F4F8FEE700BFC6
:10F5C00009C40100014B1860704700BF844000204F
:10F5D0000239012902D8034B1B6818474FF0FF304E
:10F5E000704700BF8440002010B5064C049AA36801
:10F5F000C3F8A020FFF7ECFFA3680022C3F8A02007
:10F6000010BD00BF104800202DE9F843023B012B3C
:10F6100006460C46154615D8B2B181B1DFF82C80EC
:10F62000174606EB0409D8F8003016F8010B984786
:10F63000013003D0B145F6D1013FF2D1EC1B204699
:10F64000BDE8F8830024FAE71446F8E78440002078
:10F650002DE9F347DFF880909A46D9F8083016462E
:10F660000C9AC3F8A020A1FB067304460D465BB9B3
:10F67000F84216D3194B1A4A1A48CDE900734521AE
:10F6800023460AF0E7F906E00091154A164833468A
:10F6900045210AF0DFF9D9F80830D3F8A0000AF0C4
:10F6A000F7F91FB1C3437A1E9342E3D900223946CA
:10F6B00020460AF033FA80460028DBD15346324612
:10F6C00029462046FFF7A0FFD9F80830C3F8A080EC
:10F6D00002B0BDE8F08700BF1048002002EC010036
:10F6E00048C4010034B801000FC401000CB410B5C7
:10F6F00086B009B90DF10B000024CDE9040109AB76
:10F70000089A009404A905480393FDF72DFF049B74
:10F710001C7006B0BDE8104002B07047579C010055
:10F720000FB41FB506AB002153F8042B0548009118
:10F7300002210393FDF718FF05B05DF804EB04B058
:10F74000704700BF539C010008B5452104480AF0EA
:10F7500081F90AF08DFA0C230360002008BD00BF78
:10F760005DC401000E4A0123C2F840354FF08042CB
:10F770004FF08051C2F87835D1F83001082808D10F
:10F78000D1F83411052904D80648415C09B1C2F802
:10F7900038364FF080430122C3F88025002070479F
:10F7A00000E001408CC4010020B1034B800143F014
:10F7B00001031847704700BF80AC0100F7B5174F31
:10F7C0000A9ABB68C84204460D46C3F8A0200DD370
:10F7D000134B1448144ACDE90053452123460AF03F
:10F7E00039F9BB68D3F8A0000AF052F919B1C34344
:10F7F0004A1E9342ECD90122294620460AF08EF98E
:10F8000006460028E4D1204629460AF061FABB6882
:10F810003046C3F8A06003B0F0BD00BF1048002020
:10F820007FB8010034B80100ACC40100F7B5164F31
:10F830000A9ABB68C84204460D46C3F8A0200DD3FF
:10F84000124B1348134ACDE90053452123460AF0D1
:10F8500001F9BB68D3F8A0000AF01AF919B1C34343
:10F860004A1E9342ECD90122294620460AF056F955
:10F8700006460028E4D1294620460AF02CFABB6847
:10F88000C3F8A06003B0F0BD104800207FB80100AD
:10F8900034B8010096C401002DE9FF4107460D462A
:10F8A0001446EFF30583ABB90AF00BF990B12B487E
:10F8B000042603DF90B92A4A2A492B4814230AF068
:10F8C00013F8264B294819680AF00EF82448142129
:10F8D00009F0F3FF21480AF003FDEBE71FFA85F872
:10F8E000EFF305869EB90AF0ECF880B1002266F3CA
:10F8F0001F42ADF8006068F30F021848394605262C
:10F9000003DF002817DB002004B0BDE8F0811348B6
:10F9100083681B685BB91649164A13485B2309F0D4
:10F92000E3FF154809F0E0FF12485B21D0E74246AB
:10F9300039469847E5E7002CE6D1AC42E3D22E1BCE
:10F94000042E28BF04260AF009FB3246039003A9BF
:10F9500038190AF051F93444EFE700BFD0A901008B
:10F96000C0C40100F9C40100E5B4010016C50100DE
:10F9700068C5010034C5010088C5010070B5084C98
:10F98000084E0546B44202D30024204670BD2168CB
:10F9900028460AF001F90028F7D01C34F2E700BF2E
:10F9A000FCAB010018AC01002DE9504104460AF0FF
:10F9B0009BF928B1054920462D2603DFBDE850817B
:10F9C00002492046BDE850410AF0BDBE0043002078
:10F9D0002DE9484108480AF08EF90AF061FD48B95E
:10F9E0000AF082F918B14B2603DF0AF084F906F019
:10F9F000D5FDFAE7BDE84881004300202DE95041DC
:10FA000004460AF071F920B12046A82603DFBDE8BC
:10FA10005081014B1C70FAE78D3E00202DE95041CA
:10FA200004460AF061F920B12046A72603DFBDE8AD
:10FA30005081014B1C70FAE70C0000202DE9F843BF
:10FA40000646D1F80C800D4614460AF04DF9D0B99F
:10FA5000FFF7D4FF114FDFF848904F450CD3B36840
:10FA60000BB12046984718F0040F0CD00D482346E0
:10FA70002A46314605F006FB3B6813B1214628466D
:10FA800098470837E9E70220FFF7C8FF2046AB6830
:10FA90009847BDE8F8430120FFF7B0BF2CAC010048
:10FAA00034AC01003DFA0000024B9B680020C3F813
:10FAB000A000704710480020024B9B680020C3F84C
:10FAC000A00070471048002008B50F4B1B787BB191
:10FAD0005A1E012A11D9052B96BF0C4A0C4952F81F
:10FAE00023100C4809F05EFE0B4B02221A7008BD71
:10FAF000BDE808400520FFF781BF0220FFF77EFF29
:10FB0000BDE80840FFF764BF0C000020B4AC010062
:10FB1000AEC50100B8C501008E3E002070B5054697
:10FB200039B101F11404084EB44204D30024204634
:10FB300070BD064CF7E7216828460AF02DF800282A
:10FB4000F5D01434F0E700BF2CAC010018AC010074
:10FB50002DE9F04F91B015460991044640B9A14BEB
:10FB600002221A704FF0FF3A504611B0BDE8F08FF4
:10FB70009D480AF0F3FD21689C4809F013FE9C485B
:10FB800009F010FE00279B4B38461F70FFF736FF29
:10FB90003846FFF743FF984B1B78052B03D0676867
:10FBA0000FB1B84707464FF0000B002D18BF2F4686
:10FBB000DA46D946099B9B45C0F244812168BAF1D7
:10FBC000000F40F058818D4809F0ECFD0420FFF74C
:10FBD00025FF2369002BC7D038469847C4E7884BD8
:10FBE000D9F804109B6820689847002800F0268107
:10FBF000D9F810208348136801331360D9F8041032
:10FC000009F0D0FD0120FFF709FF0AF0A7F97E4BAC
:10FC100018600AF069F8002844D04FF0FF3308223A
:10FC2000CDE90C32CDE90E33CDE90A976E4877491C
:10FC3000774B4FF480520AAD572603DF2046FFF77B
:10FC4000B3FE4846FFF7B0FEA069FFF7ADFED9F856
:10FC500004503DB10AF048F8002839D062482946DE
:10FC60005D2603DF644D2B78043B012B0FD90AF08E
:10FC70003BF8002831D05C48712603DF0AF034F8E5
:10FC800078B34FF0FF3158480A465B2603DF032064
:10FC9000FFF7C4FEE3680BB1384698475D4EDFF8C6
:10FCA00078812CE04FF0FF324FF0FF33CDE906238F
:10FCB0004FF0FF330822CDE90332CDE90197544BD1
:10FCC000524900944FF48052474805F0B3F8B5E725
:10FCD0004548294604F042FFC4E7434806F0E0FBEC
:10FCE000CCE74FF0FF324FF0FF333F4806F096FD70
:10FCF000CDE7736813B139464846984708364645FC
:10FD0000F7D30AF02BF9404B444E1B684FF47A713D
:10FD1000C01A002247F6FF73E0FB0132DB0B43EA17
:10FD20004243D9F8102033601169994238BF1361FA
:10FD30000520FFF773FE2D78394B022D03D0052DDA
:10FD400001D01A786AB300221A7001252648DFF81C
:10FD5000D48009F0D0FF344BD9F80410984527D34C
:10FD6000326832484FF47A71B2FBF1F301FB13228F
:10FD70002F490092D9F8042051F8251009F012FDFE
:10FD80001B4809F00FFD022DD9F8103052D1194A45
:10FD9000127812B1134A012111705A6801325A6067
:10FDA0004CE0033D012D8CBF002501256D00CDE702
:10FDB000D8F8040009F0F0FE68B9D9F80010D8F8B6
:10FDC000000009F0E9FE30B998F8083033B1012B92
:10FDD000C6D1023D03E008F10C08BCE7013D18BFA5
:10FDE0000125BDE78E3E002000430020EBC5010049
:10FDF00001C60100254900208D3E00206FC601008C
:10FE00000000002046C601002047002000600020BE
:10FE10003DFA00002CAC010034AC01001C4700206E
:10FE200026490020FCAB0100FCAB010052C60100DA
:10FE3000CCAC0100CDB9DA680132DA600F4B1B7827
:10FE4000022B0FD049462068FFF768FE8146002844
:10FE50007FF4C5AE094B1A7822B9BAF1000F01D070
:10FE600001221A700BF1010BA4E69A6801329A6024
:10FE70000AF1010AE2E70248A6E600BF8E3E002032
:10FE800087C601002DE9F74FDFF87890019399F8C4
:10FE900000300090022B904631D01B4CDFF86CB044
:10FEA00000261B4B9C4203D3304603B0BDE8F08FC5
:10FEB0000027A569BA46B84506DC99F80030022B40
:10FEC0005644F1D01C34ECE7DBF8042000982146BE
:10FED000904780B1002201992046FFF739FE2A6839
:10FEE00001322A60AA68002818BF01320AF1010A0B
:10FEF000AA600137DFE76A6801326A60F9E7002625
:10FF0000D2E700BF8E3E0020FCAB010000000020C5
:10FF100018AC0100034B044A9B6810700020C3F822
:10FF2000A0007047104800208D3E0020034B044A7B
:10FF30009B6810700020C3F8A00070471048002094
:10FF40000C0000202DE9F041214C224EDFF8888082
:10FF50000127B44212D3214C214EDFF88880B442ED
:10FF600016D317B9204B01221A701C4C1F4D1E4F7F
:10FF70004FF00108B44218D3BDE8F081A3691D68B1
:10FF800025B92168404609F00DFC2F461C34E0E7F6
:10FF90002068FFF7F3FC054628B9D4E90021404664
:10FFA00009F000FC2F461434D9E72269D2E9023166
:10FFB0000B44516812680B44934206D0D4E90012F6
:10FFC000284609F0EFFB87F800801434D2E700BF21
:10FFD000FCAB010018AC01009DC6010018AC01008B
:10FFE0002CAC0100C2C601008E3E002004C70100F7
:10FFF00010B4024C2468A44610BC604700000020E6
:020000040001F9
:100000002DE9F04F63496448644EDFF894A1DFF8AE
:1000100094918BB007F092FC09F07DFE624809F0E4
:10002000C1FBA6F11C03534573D3604809F0BAFB2A
:100030005F4B60481B78002B00F0A78009F0B2FBF3
:100040005D495E4809F0AEFB00200BB0BDE8F08FC3
:10005000226911690D44D2E90001814208F10108C9
:1000600050D10137214656F81C0C0993FFF756FD75
:10007000099B04460028EBD1B84551D0DFF840C1B8
:100080005049A8EB070201FB0BF16FF0090E91FB41
:10009000F2F14FF47A7291FBF2F20CFB0211002B99
:1000A0004FF00A0C91FBFCFC0EFB0C11D4BF00209E
:1000B0000120042901DD0CF1010C4FF47A7EB5FB1F
:1000C000FEF10EFB1155CDE90515CDE90378CDE91B
:1000D00001B356F81C3C59F8201000933A483B4DA8
:1000E0003B4FDFF8F080634609F05CFB214656F891
:1000F0001C0CFFF713FD0446B0B9374809F052FB5A
:100100001C368EE7D26890420CBF0BF1010B013315
:10011000A8E700252C46A8462F462B46AB46A1E76C
:100120000220A4462246C8E7D4F810C0DCF810002C
:10013000DCF800104FF47A7BB0FBFBFE0BFB1E00DB
:10014000DCF804B08B45D4E9002311D0DCF80CC0F6
:10015000614516D0BCF1000F15D00191A1EB0C0147
:10016000CDE902E000914046394609F01BFBBDE7AE
:100170000221CDE900E059F82110284609F012FBD0
:10018000B4E70021F5E70121F3E709F00BFB134980
:1001900057E700BF884000204C48002018AC010001
:1001A00018AC0100CCAC010019C7010023C8010044
:1001B0008E3E002001C6010049C8010050C8010060
:1001C00018FCFFFFA086010042C70100F7C701002D
:1001D000A6C70100ACC70100C7D9010066C801006D
:1001E00037B50C460A490B4A411A4023009349117E
:1001F00005462346084809F0C1FD011E05DA2846D8
:10020000234603B0BDE83040184703B030BD00BFFF
:1002100038470020E59D010070A90100C9B20129FD
:1002200008B509D908490948094A7F2309F05CFB48
:1002300007487F2109F041FB03690C2201FB0233CF
:10024000986C00F0070008BDE3C80100E5B40100A8
:10025000A6C8010070B5C9B2012903690BD91849B4
:100260001848194A40F2D11309F03EFB164840F2F3
:10027000D11109F022FBEFF31185202484F31288B9
:10028000BFF36F8F0C2606FB0134A46C14F0C0047E
:1002900008D0A24206D085F31188BFF36F8F4FF0CC
:1002A000FF3070BD71430B4401229A6485F31188BD
:1002B000BFF36F8F43680B445B6898470020F0E7FB
:1002C000E3C80100E5B40100A6C8010070B50D4601
:1002D0000649411A0446491105484022FFF7BAFF72
:1002E0002B4601462046BDE870401847384700209D
:1002F00070A90100002270B5012104461046FEF7E6
:1003000011FD0F4801F0AAFF0E4B984215D101F0E4
:10031000B5FF26690C49304609F077FB00280BDB56
:100320000125B5642469084904F1200009F06DFB3A
:10033000002801DB6565002070BD6FF00400FBE75D
:10034000010401000000AD0BDCAC01001FB5002270
:100350000123CDE90223094ACDF800D06B46CDF840
:1003600004D009F038FD002805DB4FF4804200235B
:10037000684604F03BFA05B05DF804FBFD9D010002
:1003800010B5EFF31184202383F31288BFF36F8F2E
:10039000074A136823F00201DB07116002D4012031
:1003A00002F004F884F31188BFF36F8F10BD00BF13
:1003B0009047002030B4104B0C2202FB0033014662
:1003C0000020D3E910521864EFF31180202484F345
:1003D0001288BFF36F8F9C6C04F0C00444F00204D9
:1003E0009C6480F31188BFF36F8F1DB12B460348C7
:1003F00030BC184730BC70473847002070A9010056
:10040000012808B506D0032808D098B90F4B9B6C7B
:100410005B0719D1BDE80840FFF7CCBF0C490D4A76
:100420000D484FF43E7309F05FFA4FF43E710948EE
:1004300009F043FA0649074A074840F2023309F037
:1004400053FA40F20231F2E708BD00BF38470020FE
:10045000CDCD0100A6C80100E5B4010010B4EFF352
:100460001182202383F31288BFF36F8F174801682E
:1004700041F002040460C80707D482F31188BFF377
:100480006F8F012010BC01F01FBF4FF08041D1F8E9
:100490000C04D1F80C14C907EFD5EFF3118083F3E6
:1004A0001288BFF36F8F0A498B6C03F0C00343F0CF
:1004B00002038B6480F31188BFF36F8F82F311887E
:1004C000BFF36F8F002010BCFFF774BF9047002070
:1004D000384700202DE9F0414449BFF35B8F0646C1
:1004E000012251E8003F41E800200028F9D1BFF384
:1004F0005B8FA3B93E493F484B60CB608A60FDF7F4
:1005000047FE00280BDA3C493C4A3D484FF429732A
:1005100009F0EAF94FF42971384809F0CEF976B3B9
:10052000731E012B58D8012E07D14FF08043D3F80A
:100530001C3403F00303012B21D009F0B1FF054661
:10054000F8B9304B1B78E3B14FF080430222C3F877
:1005500008230746DFF8B0804FF08044D4F8182411
:10056000D4F81834D20315D503F00303012B01D0BE
:10057000012E0FD155B387F31188BFF36F8FBDE8FC
:10058000F081EFF31187202383F31288BFF36F8F7D
:100590000125DFE7ADB1384609F0ACFAD4F81835DB
:1005A000002BDBD1D4F80421002AD7D0C4F80431C1
:1005B000D4F804310123C4F81835C8F88031A36099
:1005C000CCE70021212005F0E9FEE7E74FF080436A
:1005D0000222C3F80423D2E70C49084A084840F233
:1005E000B62309F081F940F2B62195E7344700209F
:1005F000244700205847002007C90100A6C8010071
:10060000E5B401002949002000E100E0CDCD010062
:1006100008B5074809F064FE38B10648FEF7D2FF76
:100620000448FCF72BFF002008BD6FF01200FBE729
:10063000F0A90100390601000A2838B5074D044623
:1006400004D1AB680D215B6828469847AB68034826
:100650005B68E1B29847204638BD00BFF0A90100B1
:100660002DE9F743324FBB6815460C9AC3F8A0201A
:100670000C4606460AF021F8002215211FFA85F8DB
:10068000814607F069FE50B9B3681A68B2B90093A1
:10069000284A294B2948452109F0DCF909E04A4656
:1006A0003146152307F0EAFD224A2548452109F085
:1006B000D1F9BB68D3F8A00009F0EAF91FFA85F96F
:1006C00014FA85F5AC4209D91E4B1A4A1E48CDE9E9
:1006D00000934521234609F0BDF9EAE7B8F1000F80
:1006E00004D0E34309F1FF329342EDD90122494698
:1006F000204609F013FA05460028E5D1B3681B68C7
:1007000063B91249124A13485B2309F0EDF8124805
:1007100009F0EAF80E485B2109F0CFF8424621467D
:1007200030469847BB68C3F8A05003B0BDE8F083DB
:1007300010480020BFC9010065C9010071C901004E
:1007400039C901007FB8010034B8010068C5010053
:1007500034C50100E5B4010088C50100EFF3118242
:10076000202383F31288BFF36F8F0A4BD3F8001155
:1007700061B10021D3F80805C3F80011D3F80031A6
:10078000C0B282F31188BFF36F8F70476FF00A0019
:10079000F7E700BF00D00040F0B5034610469C7854
:1007A00093F803C0EFF31182202585F31288BFF37D
:1007B0006F8F1F7893F801E0E41B04EA0C04A04259
:1007C00088BFA0B23E180CEA06063D461E7082F3B2
:1007D0001188BFF36F8F0A188A4216D177450CD162
:1007E000EFF31182202181F31288BFF36F8F197804
:1007F000597082F31188BFF36F8F1B79241AA342BB
:1008000022BF064B01221A60F0BD5E1901357679D0
:1008100001F8016B05EA0C05DEE700BF00D00040DF
:100820002DE9F0472D4D0069A8420E4614460BD025
:100830002B492C482C4A40F2031309F055F82A485A
:1008400040F2031109F039F8DB4313F0010504D03D
:100850002030FFF7A1FFBDE8F0879AB3EFF31188CE
:10086000202383F31288BFF36F8F0D20FEF74CFA1D
:1008700007460D20FEF734FA88F31188BFF36F8F17
:10088000DFF868A0DFF86880CAF80051DAF80031B4
:100890004FF400590123CAF800302546C8F880916A
:1008A000DAF8003183B1FFF759FF031EC8F88091D1
:1008B000F6DB013DADB27355002DF1D117B10D201E
:1008C000FEF700FA2046C6E7EFF31180202383F3FA
:1008D0001288BFF36F8F09F00DF9E1E7944700200C
:1008E0000CCA0100E5B40100DAC9010000D00040E3
:1008F00000E100E02DE9F041194B07699F420D46E8
:10090000144605D107F1350864B92046BDE8F081E9
:1009100014491548154AE52308F0E6FF1348E52178
:1009200008F0CBFF4FF0FF334FF0FF32384603F0B3
:100930005DFF224629464046FFF72EFF0646384611
:1009400003F0AEFE3EB94FF0FF324FF0FF330848E0
:1009500003F04CFFE6E7A41BA4B23544D4E700BF84
:10096000944700200CCA0100E5B40100DAC9010077
:10097000A447002038B5204B04699C420BD01F4986
:100980001F48204A40F2471308F0AEFF1D4840F2CE
:10099000471108F092FF01221146204609F060FD40
:1009A0000122002104F1100009F05AFD40F2074332
:1009B00023874FF0706323620C2384F824300025D2
:1009C000114B84F83550E586D3F8042522F0010256
:1009D000C3F804250121C3F80051D3F80021C3F85E
:1009E00004132A4619600D20FEF79CF90D20FEF72E
:1009F00069F9284638BD00BF944700200CCA0100A1
:100A0000E5B40100DAC9010000D0004010B5FFF7DD
:100A1000A5FE002820DB174B93F8222093F82140F5
:100A200093F82310141B31EA0404C0B20DD193F8DB
:100A3000372093F8364093F83810141B31EA040439
:100A40000BD10D4B01225A600EE09C18013211406F
:100A500084F8250083F8221010BD9C180132114043
:100A600084F83A0083F837100448BDE8104003F0DA
:100A700017BE00BF9447002000D00040A4470020CC
:100A800010B5036961B92049204A21483F2308F085
:100A90002BFF204808F028FF3F211C4808F00DFFDD
:100AA000486850B91C49194A1948402308F01CFFEE
:100AB0001A4808F019FF4021EFE75868F8B188425A
:100AC00019D19C6808685860A14200D19860002044
:100AD00008602AB15A680A609A68596002B9996038
:100AE000002010E0814206D10868206098688142A9
:100AF000EDD19C60EBE7044600680028F2D1002AA3
:100B0000E8D16FF0150010BD78CA01003CCA0100A1
:100B1000E5B4010081CA010090CA0100A2CA010027
:100B200008B503685909024614D0012906D103F01B
:100B30001F034FF6FF71D940C80713D40B490C4867
:100B40000C4A40F2C73308F0CFFE0A4840F2C731E2
:100B500008F0B3FE4FF0FF31D940C907EED54FF092
:100B6000A04000E00448136008BD00BFECCA0100CB
:100B7000E5B40100B9CA010000030050F0B54068B7
:100B8000057B01F01F0444EA4514056987B0002D78
:100B900078D0B2F5001F00F1100506D12146284695
:100BA00009F09FFA002007B0F0BD01AE0027B2F5B2
:100BB000800F0197776034D1B3F1007F14BF052314
:100BC00004238DF804300023CDE904630393836884
:100BD000CB40D9073AD4B2F1A07F37D16846009410
:100BE000FFF79EFF009B03F5E07350F82330DB070F
:100BF0002CD46A462146284601F0F4FE244B984244
:100C00001AD0CDF808D003AA2146284601F0B4FD39
:100C1000204B984239D101222146284601F05EFF3F
:100C2000C0E7B3F1C06F05D0B3F1007F14BF01235B
:100C30000223C6E70323C4E76946284601F048FFBC
:100C4000144B9842DDD06FF00B00ACE76A462146AA
:100C5000284601F0C7FE0F4B98420646D3D19DF8B7
:100C60000010284601F02EFFB042CCD00A490B48B4
:100C70000B4A40F2BD1308F037FE094840F2BD119F
:100C800008F01BFE6FF085008DE76FF015008AE716
:100C90000400AD0B0000AD0B3BCB0100E5B401003F
:100CA0000FCB01002DE9F043466840F20635337B57
:100CB000D00687B001F01F0702EA050547EA43178F
:100CC00054BFC2F340130323B5F5837F14468DF858
:100CD000033045D00DD8062D16D005D8A5B1022D6C
:100CE00040D06FF0150038E0B5F5807FF9D10125CF
:100CF0000AE040F20222954236D0B5F5407F35D069
:100D0000B5F5007FEDD102250123220303FA01F19D
:100D10002ED57368C3F8081533697BBB03A8039706
:100D2000FFF7FEFE039B00EB830084F48033C3F3E4
:100D30000043C4F34044D0F8002744EA43049DF83C
:100D4000033022F4E16244EA830422F0070244EA19
:100D500005231343C0F80037002007B0BDE8F08337
:100D60000725D1E70425CFE70525CDE70325CBE708
:100D7000630344BF7368C3F80C15CDE710360DF15B
:100D800002023946304601F02DFE14F4403F804601
:100D900017D13946304609F0A2F9244B9845DBD1EA
:100DA0009DF80210304601F08DFE4045D4D0204918
:100DB0002048214AD72308F097FD1F48D72108F083
:100DC0007CFD01AB4FF0000903AA39463046CDE95E
:100DD0000439CDE90199CDF80C9001F0CDFC134B0D
:100DE0009842B9D114F4003315D09DF803308DF832
:100DF0000E3084F48034C4F300444B4603AA3946D1
:100E000030468DF80C508DF80D4001F069FD074B10
:100E10009842A1D1C1E7CDE9043303AA0DF1030340
:100E200039463046039301F0A7FCF0E70000AD0B14
:100E30003BCB0100E5B401000FCB0100420970B5C6
:100E4000034602D0012A1ED070BD144E326951688B
:100E50000029F9D003F01F0301250C689D400029EB
:100E6000F2D08A682A4012D04B6873B90C490D4AF7
:100E70000D48642308F038FD0C4808F035FD09489A
:100E8000642108F01AFD0A4EE0E7304698471CB18D
:100E9000236821461C46E2E72346FAE7B0A9010091
:100EA0004FCB01003CCA0100E5B40100A2CA010019
:100EB00090A9010038B545682B69B3B110352846B3
:100EC00001F0F6FD044680B90146284601F0B6FD62
:100ED000084B98420BD108492246284601F07CFD78
:100EE000224605210620FDF71DFF002038BD6FF0CA
:100EF0000400FBE70000AD0B3D0E0100F7B55C4FB1
:100F0000BB6814460A9AC3F8A0200546CEB209F081
:100F1000D4FB294608F0A4FF50B9A9680B688BB927
:100F20000091544B544A5548452108F093FD04E084
:100F3000514A5348452108F08DFDBB68D3F8A00005
:100F400008F0A6FD14F0FC6FD5F804E0D5F810C049
:100F50000ED04C494C4A4D484FF4787308F0C4FC0D
:100F60004B4808F0C1FC4FF47871474808F0A5FCE5
:100F700004F03003302B0CD14649434A434840F239
:100F8000E33308F0B1FC444808F0AEFC40F2E33132
:100F9000EBE7424B424A234093420CD141493A4A43
:100FA0003A4840F2E73308F09FFC3F4808F09CFCC9
:100FB00040F2E731D9E704F00603042B09D13B499D
:100FC000314A324840F2EA3308F08EFC40F2EA310E
:100FD000CBE714F4402316D0A2030CD434492A4A98
:100FE0002A4840F2ED3308F07FFC324808F07CFCE0
:100FF00040F2ED31B9E7B3F5402F19D02E4BA343A2
:1010000001D184F44024DEF800300120B0401842C1
:1010100024F4801219D129491B4A1C4840F2FD339F
:1010200008F062FC264808F05FFC40F2FD319CE7C6
:101030002449154A154840F2F13308F055FC22487E
:1010400008F052FC40F2F1318FE7DCF80030E407A1
:101050004CBF03438343CCF800300B68284631462D
:101060009847BB680022C3F8A02003B0F0BD00BFC2
:1010700010480020D3CE01009CD2010071C90100AC
:1010800039C90100A8CB010077CB0100E5B401000C
:1010900017CC01003BCC010074CC0100020003001E
:1010A00002000100B1CC0100FECC01004DCD0100D9
:1010B00080CD0100CFCD01000100100083CE0100E2
:1010C000C1CE01000ACE010057CE0100F7B5204E77
:1010D0000A9AB3680546C3F8A0200C4609F0EDFA59
:1010E000294608F0BDFE50B9AB685A688AB900932A
:1010F000184A194B1948452108F0ACFC04E0154A80
:101100001748452108F0A6FCB368D3F8A00008F002
:10111000BFFC631D0AD9134B0193042300930D4AAE
:1011200011482346452108F095FCEDE701220421F2
:10113000204608F0F3FC07460028ECD1AB682146B6
:101140005B6828469847B368C3F8A07003B0F0BD49
:101150001048002083D20100E1CE010071C90100D6
:1011600039C901007FB8010034B801002DE9F74307
:10117000184EB36890460C9AC3F8A02004460F4658
:1011800009F09BFA214608F06BFE054668B9A36892
:10119000D3F80890B9F1000F11D100930E4A0F4B0C
:1011A0000F48452108F056FC04E00B4A0D48452144
:1011B00008F050FCB368D3F8A00008F069FC424680
:1011C00039462046C847B368C3F8A05003B0BDE80D
:1011D000F08300BF1048002063D20100EECE010072
:1011E00071C9010039C90100F7B5154E0A9AB368F3
:1011F0000446C3F8A0200F4609F05FFA214608F024
:101200002FFE054650B9A368DA688AB900930D4AE3
:101210000D4B0E48452108F01DFC04E0094A0C481E
:10122000452108F017FCB368D3F8A00008F030FCA3
:10123000394620469047B368C3F8A05003B0F0BDCC
:101240001048002045D2010002CF010071C9010001
:1012500039C90100F7B5154E0A9AB3680446C3F8B8
:10126000A0200F4609F029FA214608F0F9FD0546AD
:1012700050B9A3681A698AB900930D4A0D4B0E48FC
:10128000452108F0E7FB04E0094A0C48452108F035
:10129000E1FBB368D3F8A00008F0FAFB394620461A
:1012A0009047B368C3F8A05003B0F0BD10480020C9
:1012B00025D2010014CF010071C9010039C9010014
:1012C000F7B5154E0A9AB3680446C3F8A0200F4636
:1012D00009F0F3F9214608F0C3FD054650B9A368AB
:1012E0005A698AB900930D4A0D4B0E48452108F002
:1012F000B1FB04E0094A0C48452108F0ABFBB36898
:10130000D3F8A00008F0C4FB394620469047B368E4
:10131000C3F8A05003B0F0BD1048002008D201006F
:1013200028CF010071C9010039C901002DE9F3413D
:101330004A4FBB6814460A9AC3F8A0200546CEB2AD
:1013400009F0BBF9294608F08BFD68B9AB68D3F802
:101350001880B8F1000F11D10093414A414B424827
:10136000452108F077FB04E03D4A4048452108F05C
:1013700071FBBB68D3F8A00008F08AFB04F4C0033B
:10138000B3F5C00F69682A690ED13949394A3A481C
:1013900040F27B3308F0A8FA384808F0A5FA40F28A
:1013A0007B31344808F089FA63B93549314A32480B
:1013B00040F27F3308F098FA324808F095FA40F28C
:1013C0007F31EEE704F0E863B3F1C86F0CD12E492A
:1013D000284A294840F2823308F086FA2B4808F060
:1013E00083FA40F28231DCE704F0C863B3F5800F82
:1013F0000CD127491F4A204840F28F3308F074FA75
:10140000244808F071FA40F28F31CAE709680123D5
:10141000B3400B420CD12049164A17484FF465736C
:1014200008F062FA1D4808F05FFA4FF46571B8E7FA
:10143000210204D51268134201D084F0C064184B15
:1014400004F0B072234031462846C047BB680022F2
:10145000C3F8A02002B0BDE8F08100BF1048002012
:10146000E4D10100A0D1010071C9010039C9010016
:1014700039CF010077CB0100E5B4010086CF010030
:10148000B2CF0100E2CF01000DD00100A0D00100D9
:10149000F4D001005BD1010083CE0100C1CE010078
:1014A0004000000673B5144E089AB3680446C3F8AA
:1014B000A02009F002F9214608F0D2FC054650B9F7
:1014C000A3681A6A8AB900930C4A0D4B0D4845214E
:1014D00008F0C0FA04E0094A0B48452108F0BAFABE
:1014E000B368D3F8A00008F0D3FA20469047B36859
:1014F000C3F8A05002B070BD10480020C8D1010050
:10150000B8D1010071C9010039C9010008B50368EB
:101510005909024614D0012906D103F01F034FF6E2
:10152000FF71D940C80713D40B490C480C4A40F24C
:10153000C73308F0D9F90A4840F2C73108F0BDF9BD
:101540004FF0FF31D940C907EED54FF0A04000E081
:101550000448136008BD00BFECCA0100E5B40100F7
:10156000B9CA0100000300502DE9F04FDFF890B137
:1015700085B01546824600EB810840F2FF19D04540
:1015800003D1002005B0BDE8F08FDAF80030580430
:10159000C3F3C321C3F3080400F1AC80594A1B0E06
:1015A000575C4C4508BF4FF0FF34222B00F2A5805A
:1015B000DFE803F012191F22252B22A3A3A3A33BCC
:1015C00068A3A3A3A3A3A3A3A3A36B818487A3A3BB
:1015D000A38A9194979A9D00C5F80C45621C5ED130
:1015E0000AF1040ACBE7C5F81445631CF8D00026BD
:1015F0005FE0C5F80845F1E7C5F81045F5E7661C5A
:10160000C5F80845ECD0002604E0601CC5F80C4580
:10161000E6D0012603A80394FFF778FF039B01217E
:1016200001FA03F3C0F80C3508E0C5F80845002FAF
:10163000DBD1631CD4D0002631460627DAF800300F
:10164000019303F40040002818BF002103A8009173
:1016500018BF01260394FFF759FF039C019B0099D3
:1016600000EB8400C3F3412CD0F800473B0243EA6F
:101670008C030B4304EA0B04234343EA4603C0F8FC
:101680000037ADE7C5F80C45D1E7C5F86045611CEA
:10169000DAF80030A4D0C3F30043002BB9D003A87C
:1016A0000394FFF733FF039B012606FA03F3C0F808
:1016B00008353146C2E7C5F86445E8E7C5F868452E
:1016C000E5E7C5F86C45E2E7C5F82445621C87D01C
:1016D00000210126B2E7C5F828457FE7C5F8304567
:1016E000F4E7C5F83445F1E7C5F83845EEE7C5F845
:1016F0003C4573E76FF0150044E76FF0850041E764
:10170000F0F8FCFFB6D2010073B5144E089AB36826
:101710000446C3F8A02008F0D0FF214608F0C3FB20
:10172000054650B9A3689A688AB900930C4A0D4BD4
:101730000D48452108F08EF904E0094A0B4845217F
:1017400008F088F9B368D3F8A00008F0A1F92046A2
:101750009047B368C3F8A05002B070BD1048002095
:1017600033D30100BED2010071C9010039C90100A3
:1017700073B5224E089AB3680546C3F8A0200C46FC
:1017800008F09BFF294608F08EFB50B9AB681A6839
:101790008AB900931A4A1B4B1B48452108F05AF995
:1017A00004E0174A1948452108F054F9B368D3F802
:1017B000A00008F06DF9631C0AD1154B01930123B9
:1017C00000930F4A13482346452108F043F9EDE7FB
:1017D00001221146204608F0A1F90028EDD1AB689E
:1017E0001B6843B1214628469847B3680022C3F8D6
:1017F000A02002B070BD6FF05700F6E7104800203F
:101800001FD30100C8D2010071C9010039C901000C
:101810007FB8010034B8010073B51E4D089AAB685B
:101820000646C3F8A0200C4608F047FF314608F0F2
:101830003AFB50B9B3681A688AB90093164A174B35
:101840001748452108F006F904E0134A15484521D8
:1018500008F000F9AB68D3F8A00008F019F9E31C10
:101860000AD9114B0193022300930B4A0F482346D8
:10187000452108F0EFF8EDE701220221204608F0AB
:101880004DF90028EDD1AB68C3F8A0006FF08500DA
:1018900002B070BD1048002007D30100C8D201007B
:1018A00071C9010039C901007FB8010034B80100D5
:1018B000F7B5164E0A9AB3680546C3F8A020CFB212
:1018C00008F0FBFE294608F0EEFA044650B9AB6872
:1018D0005A688AB900930E4A0E4B0F48452108F00A
:1018E000B9F804E00A4A0D48452108F0B3F8B36896
:1018F000D3F8A00008F0CCF8284639469047B368E2
:101900002046C3F8A04003B0F0BD00BF104800203F
:10191000F2D20100D0D2010071C9010039C9010021
:1019200037B5134D089AAB680446C3F8A02008F0F9
:10193000C4FE214608F0B7FA50B9A268516889B9C7
:1019400000920C4B0C4A0D48452108F083F804E046
:10195000094A0B48452108F07DF8AB68D3F8A00090
:1019600008F096F8AA68C2F8A00003B030BD00BF26
:1019700010480020D0D20100D9D2010071C9010065
:1019800039C901002DE9F041044647680D4608F0C9
:1019900087FD4FF0200888B9264B1B7873B1642669
:1019A000606808F0AAFAF0B9012008F0DCFA013EFC
:1019B000F6D10021212004F0F1FCF0E7EFF31186CD
:1019C000314688F31288BFF36F8F606808F095FA8C
:1019D000A8B986F31188BFF36F8FEFE786F31188FC
:1019E000BFF36F8FE5E7EFF31186314688F3128876
:1019F000BFF36F8F606808F080FA0028EED0BB69F3
:101A00001D706368BA691B680020C3F84425012271
:101A1000C3F84825C3F82001D3F82041C3F8580182
:101A2000D3F858019A6081F31188BFF36F8FBDE836
:101A3000F08100BF29490020F7B5054600220121A9
:101A40000220FDF76FF90220FDF73CF96A68116882
:101A50001369C1F82435137D507D927D03431343F0
:101A6000C1F86C356E68D6E9004313F001034FD01E
:101A70002F6907F1080008F093FA324B984207D01B
:101A80003148452107F0E6FF6FF0040003B0F0BDD8
:101A9000387A04F10C0204F5907108F077FA387A7C
:101AA000012707FA00F000F057FB0823C4F80035BF
:101AB000B369C4F844350023C4F84835A760D4F8A6
:101AC0005831002BFBD00021C4F800156B68DC688E
:101AD00001AA204608F0D4F9002805DB019B226802
:101AE00019791868FFF740FD6A6813680821C3F880
:101AF0000015117A51B9D269C3F834250122C3F80F
:101B00003825C3F81011D3F810111A600020BDE772
:101B10000822C4F80025B269C4F84425C4F8483541
:101B20000123A360D4F82031002BFBD00023C4F89C
:101B30002031D4F820310123E3604FF48073C4F8DE
:101B40000433BCE70000AD0B49D3010070B40E496B
:101B5000D1E90034D01AC31844F1000422F07F46C2
:101B6000C1E90034A6F50013B3F5400F09D2074BC5
:101B70001B681A0A1B069C19054B42F10005C3E9B4
:101B8000004570BC05F082BAC8430020044800201C
:101B9000D04300200D4B1868010A0006BFF35F8F89
:101BA0000B4BD3F80435181841F10001B3F5801F31
:101BB0000AD2084BD3E90023904271EB030303D20E
:101BC00010F1807041F10001704700BF044800200F
:101BD00000100140D04300202DE9F7432F4CD4F8EA
:101BE000043399070BD5D4F8043143B12C4A0023B0
:101BF000C4F80431D4F80431136801331360D4F805
:101C00000433DA0329D5BFF35B8F264B53E8002F4B
:101C100022F0010143E800100028F7D1BFF35B8FE9
:101C2000D30702D4D4F84031BBB10025C4F84051E9
:101C3000D4F84031FFF7AEFFEFF31182202383F396
:101C40001288BFF36F8F184BD3E90267B042B941D6
:101C500006D282F31188BFF36F8F03B0BDE8F08323
:101C60004FF0FF384FF0FF39C3E90289D3E9001084
:101C70001D604FF48033C4F84833C4F84051D4F8A1
:101C8000403182F31188BFF36F8F0029E5D00090B7
:101C900032463B4628468847DFE700BF0010014038
:101CA00004480020FC470020B84300202DE9F84FED
:101CB0004B4DBFF35B8F06460F4655E8008F28F06B
:101CC000010345E80032002AF7D1BFF35B8F454C92
:101CD0004FF48039C4F80893BFF35F8FBFF36F8F61
:101CE000FFF758FFB04271EB070308F0010840D23C
:101CF0003D4B301A67EB0101984271F100014CD263
:101D00003A4BD3E902239F4208BF96423ED04FF0A0
:101D1000000CC4F84893C4F840C126F07F40D4F8C2
:101D20004031DFF8CCA0834603216FF0020E2BF088
:101D30007F43C4F84035C4F84493D4F80425AEEB8F
:101D400002035B4423F07F4353451FD9D4F840314D
:101D50005BB1D4F80425131A23F07F43B3F5000FC9
:101D600014D9C4F840C1D4F8403101EB020B013161
:101D7000DDE7204BBFF35B8F53E8001F41F001010B
:101D800043E80012002AF7D1BFF35B8F174B1A4AC2
:101D90001A60C3E9026700225A60B8F1000F1CD034
:101DA000BFF35B8F55E8003F43F0010345E8003285
:101DB000002AF7D1BFF35B8F4FF48033C4F80433AC
:101DC0000C4BBFF35B8F1B68BFF35B8FDB0742BF1E
:101DD0000A4B4FF40032C3F80021BDE8F88F00BF72
:101DE000004800200010014001008000B84300209E
:101DF000FDFF7F00FC4700204D1B010000E100E0DB
:101E000070B5194C194BC4F80833C4F84833184B53
:101E100000254FF0FF304FF0FF31C4F80855C3E9FB
:101E200002014FF48033C4F80433124B02264FF4FE
:101E30000032C4F804630121C3F8802111202A462E
:101E4000FCF770FF1120FCF73DFF01230A4AA36055
:101E50000021236009481360FFF728FF3046FEF792
:101E600039FB284670BD00BF0010014003000F0081
:101E7000B843002000E100E000480020FFFF7F00A1
:101E8000431C10B50F4C05D08442A8BF0446012C5A
:101E9000B8BF0124FFF77EFE0B4AD2E90031C01A19
:101EA000B0F5000F074A0AD22044904228BF1046DE
:101EB000C018BDE8104041F10001FFF7F7BE104621
:101EC000F6E700BFFFFF7F00C843002008B5FFF71B
:101ED00061FE024B1B68C01A08BD00BFC84300204A
:101EE0004FF08053D3F83021082A06D1D3F834318B
:101EF000052B02D8024AD05C70470020704700BF13
:101F000091D30100024AD2F80034002BFBD0704775
:101F100000E0014010B54FF08053D3F83021082A7B
:101F20004ED14FF080420021C2F80C11C2F81011BE
:101F3000C2F8381502F54042D3F80414C2F820154F
:101F4000D3F80814C2F82415D3F80C14C2F82815D5
:101F5000D3F81014C2F82C15D3F81414C2F83015A5
:101F6000D3F81814C2F83415D3F81C14C2F840156D
:101F7000D3F82014C2F84415D3F82414C2F8481535
:101F8000D3F82814C2F84C15D3F82C14C2F8501505
:101F9000D3F83014C2F85415D3F83414C2F86015CD
:101FA000D3F83814C2F86415D3F83C14C2F8681595
:101FB000D3F84014C2F86C15D3F84434C2F8703525
:101FC000FFF78EFF18B13A4B3A4AC3F88C26FFF759
:101FD00087FF18B1384BFB22C3F81825FFF780FFA5
:101FE00070B14FF080414FF08053D1F8E42ED3F818
:101FF000583222F00F0203F00F031343C1F8E43EFE
:10200000FFF76EFF20B12D4B4FF40072C3F840264E
:102010004FF08053D3F83031082B1AD14FF0804362
:10202000D3F80024D20744BF6FF00102C3F80024A4
:102030004FF08053D3F83431052B02D8204AD35CBB
:102040003BB14FF01023D3F808224FF08043C3F880
:1020500058254FF01023D3F80022002A03DBD3F8D1
:102060000432002B22DA174901234FF01020C1F867
:1020700004351224FFF746FFC0F80042FFF742FF85
:10208000C0F80442FFF73EFF0023C1F80435FFF714
:1020900039FFBFF34F8F0C490C4BCA6802F4E06262
:1020A0001343CB60BFF34F8F00BFFDE710BD00BFF0
:1020B000005000404881030000F0004000900240C2
:1020C0008BD3010000E0014000ED00E00400FA05C0
:1020D00030B50468CCB1BFF35B8FB4FA84F3C3F1BD
:1020E0001F03DBB201229A4024EA020250E8005F9B
:1020F000A54204D140E8002CBCF1000FF6D1BFF39B
:102100005B8FE6D102480B7030BD0248FCE700BF90
:102110000000AD0B0200AD0B10B50368CB40DB0730
:1021200014D401238B400268BFF35B8F43EA0201A2
:1021300050E8004F944204D140E8001CBCF1000F6D
:10214000F6D1BFF35B8FEED1014810BD0148FCE72B
:102150000000AD0B0400AD0B014BC3F80405704744
:1021600000F00140F7B5044668B1012832D0364985
:102170003648374A4FF4827307F0B6FB34484FF4C1
:10218000827107F09AFB0C224FF4827302214FF008
:10219000804003440244C0F8081300260121116066
:1021A0001E608C421B688DF8071008BF0DF10706F2
:1021B00042F210754FF080476CB3012C15D02249C4
:1021C0002248244A40F2DC4307F08EFB214840F2CB
:1021D000DC41D6E704224FF480730146D7E783B190
:1021E000012007F0C0FE013D0BD0D7F80C3403F4FA
:1021F0008033002EF3D0D7F80C2402F001023270A5
:10220000BBB9154B00225A7111E083B1012007F0D0
:10221000AAFE013D0BD0D7F8183403F48033002E0A
:10222000F3D0D7F8182402F0030232600BB903B0E0
:10223000F0BD9DF80700012803D107F094FE013D91
:10224000BAD1012CF3D1DCE7CDCD0100E5B401001A
:1022500097D30100D4D3010008480020044B1A7919
:1022600022B9012218609A800248704702487047DC
:10227000084800200000AD0B0C00AD0B08B50E4B5C
:102280001A795AB90D490E480E4A4FF4B17307F046
:102290002BFB0C484FF4B17107F00FFB1B682BB1FF
:1022A0000020FCF731FD08B9FCF70CFD4FF080432E
:1022B0000022C3F8182508BD0848002008D40100F2
:1022C000E5B4010097D3010038B5334C23795BB9ED
:1022D0003249334A33484FF4DA7307F005FB4FF4C1
:1022E000DA712F4807F0E9FA58B101284AD02E498F
:1022F0002B4A2C484FF4047307F0F6FA4FF404719C
:10230000EFE74FF08043D3F81814D3F81824C8032C
:1023100020D502F00303012B04D013B10020FFF7F6
:1023200021FF00234FF080420220C2F81835082216
:102330004FF4827303F180430021196002F180425F
:102340001D6801251560226802B34FF08043C3F871
:1023500004030CE0D3F81424D107E2D5D3F81C24ED
:102360009207DBD422681AB10222C3F8042338BDD5
:10237000D3F80421002AFBD00022C3F80421D3F8AB
:102380000431F4E700224FF48073D3E71A68002A7F
:10239000FCD019601B68EAE70848002008D4010057
:1023A00097D30100E5B40100CDCD010008B5094B7C
:1023B0001B795BB908490948094A40F22A2307F00A
:1023C00093FA074840F22A2107F077FABDE808405F
:1023D000FFF7C8BE0848002008D40100E5B401009A
:1023E00097D30100F8B54FF08043214ED3F8044352
:1023F0000125002704B9F8BDB4FA84F0C0F11F002C
:10240000830003F580739BB203F1804305FA00F269
:10241000196892B224EA02040029EBD01F601B68FD
:102420004FF08043012AC3F808230DD0022A13D0AD
:1024300010491148114A40F28D3307F055FA0F4800
:1024400040F28D3107F039FA7379002BD2D17271D5
:102450003368C0B29847CDE7D3F81814D3F81814EE
:102460008907F5D1C3F81855C3F804239D60C1E767
:1024700008480020CDCD0100E5B4010097D301004C
:10248000034A430900F01F00D35C1844C0B27047F0
:1024900018D5010008B502680146104607F082FD14
:1024A00058B91149114A124840F2C73307F01CFAD3
:1024B00040F2C7310D4807F000FA02F01F0352093D
:1024C0000B600BD0012A0CD00A49084A08484FF487
:1024D000747307F009FA4FF47471EBE74FF0A04002
:1024E00008BD0548FCE700BFECCA0100B9CA0100FD
:1024F000E5B40100CDCD010000030050072808B568
:102500000BD908490848094A40F2CF3307F0ECF9E3
:10251000064840F2CF3107F0D0F9800000F5807016
:1025200008BD00BF5BD40100E5B4010026D4010062
:1025300070B50546FFF7A4FF0C4C08300E4634F882
:102540001030DA0508D5C3F3432304EBC302284651
:1025500054F8333052689847A3682BB1E26831468B
:102560002846BDE87040184770BD00BF9440002069
:1025700008B5FFF785FF034B083033F81000400B18
:1025800008BD00BF9440002008B5FFF779FF034B5A
:10259000083033F81000C0F3400008BD944000201C
:1025A00008B5FFF76DFF044B083033F8100010F04A
:1025B0001C0018BF012008BD9440002008B5FFF79B
:1025C0005FFF034B083033F81000C0F3401008BD24
:1025D00094400020034611F0010010B5CCB20DD19B
:1025E000A207C4F3400012D5094AD2F8200558606A
:1025F000C2F82005003818BF012008E04FF0A041C4
:10260000D1F820251A60C1F82025002AE8D010BD95
:102610000003005010B5FFF733FF184A083032F8B6
:102620001030D9051DD5C3F3432123F4F85322F804
:10263000103002F10E04002034F8023F13F4807FC2
:1026400003D0C3F3432399420BD001303028F3D198
:1026500000230B4842F83130FFF75EFD094B9842EA
:1026600000D110BD08490948094A4FF4DC7307F04E
:102670003BF907484FF4DC7107F01FF99440002044
:102680000C4100200000AD0B3BCB0100E5B4010084
:1026900065D401002DE9F843002407460E4625467F
:1026A0004FF00108A146B5420DD1124BD3F87C2161
:1026B00032B10022C3F87C21D3F87C3144F00044CD
:1026C0002046BDE8F883E8B2FFF718FFA0F5807256
:1026D000920808FA02F2174209D000F1804303F58C
:1026E000C043196819B1C3F800901B681443013541
:1026F000D9E700BF00600040F7B506460846FFF77F
:10270000BFFE194F00F108050C4637F81530DB07FE
:1027100027D5304607F0BFFC2046FFF74FFF40B1FA
:102720002046FFF725FF316800F5A270002341F82D
:1027300020302046FFF76EFF002301A827F8153050
:102740000194FFF7A7FE019B00EB8300074BD0F835
:102750000027134043F00203C0F80037044803B0D9
:10276000F0BD0448FBE700BF94400020F0F8FCFFF8
:102770000000AD0B0400AD0B2DE9FF41164680466D
:102780000846FFF77DFE37680D460446E7B1084668
:1027900007F076FC08BBCDE900008DF80E008DF83F
:1027A0000F003B460DF10F020DF10E01284607F018
:1027B0000BFC474A04F1080132F8113023F0020300
:1027C00043F0010322F81130736863B328461F7881
:1027D0005968FFF7D9FE10B1D1B13E4826E03C4A16
:1027E00004F1080032F8103023F02003DB04DB0C86
:1027F00022F8103061B1032FEFD87168496891F861
:1028000000C0D8F80010A7B90CF5A27C41F82C70D4
:102810002F4A04F1080132F8113023F01C0343EA77
:10282000870322F81130B3684BBB2B4804B0BDE8D6
:10283000F08101EB8C0143EA4C33D1F810E52EF026
:10284000030EC1F810E5D8F8001001EB8C0E43F030
:102850002003DEF8101522F8103021F44F3121F456
:102860004071CEF810152902DEF8108501F47C5174
:1028700041EA074141EA0801CEF81015C8E7D3E95B
:1028800000672846FFF7C6FE002ECED0104DD5E9D2
:102890000023964203D19F4201D1002209E00F4854
:1028A0000DF10F01FFF714FC0B4B9842BED19DF8C0
:1028B0000F2045F8326005EBC20308345F6035F83D
:1028C000143043EA422343F4807325F81430ACE714
:1028D000944000200400AD0B0000AD0B0C41002023
:1028E0002DE9FF410C468046204611461E46FFF763
:1028F000C7FD054621B32046FFF746FE18B920461E
:10290000FFF75CFE10BB2046FFF74AFE10B14B7884
:10291000012B1BD001238DF80F300023CDE90013CC
:102920004A1C8B1C20460DF10F0107F04DFB274A76
:1029300005F1080132F8113043F0030322F8113099
:10294000002E41D02046FFF71FFE18B9204804B0E2
:10295000BDE8F08196F800C0D8F800301B4F0CF5A8
:10296000A272002143F8221005F1080237F8121074
:1029700021F02001C904C90C27F8121075781DB385
:10298000D8F80000B67800EB8C002D04D0F8103594
:1029900023F4991323F4F853C0F81035230203F4F9
:1029A0007C5305F440353605D0F810E52B4306F48A
:1029B000801641EA4C31334341F0200143EA0E03D3
:1029C00027F81210C0F810350248C0E794400020E4
:1029D0000400AD0B0000AD0B014BC3E902127047C0
:1029E0009440002010B514465AB90E490E480F4ABB
:1029F00040F20D3306F078FF0C4840F20D3106F03E
:102A00005CFF0846FFF7DAFD50B10846FFF738FDD6
:102A1000074B083033F8103006485B0B237010BDAD
:102A20000548FCE703D50100E5B4010065D40100C9
:102A3000944000200000AD0B0400AD0B2DE9F041E7
:102A4000184D95F8804006464CBB6022214605F1A2
:102A5000100007F0DCF836682F6FA046A7420FD1B0
:102A60000023C6F87C3146F30730D6F87C31FCF7FA
:102A700029F901230C4885F88030AB67BDE8F08167
:102A8000E0B2FFF73BFDA0F580739B081F2B08BF4A
:102A900046F8008004F1010408BF3358DEE703481C
:102AA000ECE700BF944000200000AD0B0C00AD0B24
:102AB000034B93F88000003818BF0120704700BF17
:102AC000944000200148FFF727BB00BF08410020C9
:102AD0000148FFF7FDBA00BF084100202DE9F3418E
:102AE000054608460C461646FFF75AFD58B93549C3
:102AF000354A364840F2FA3306F0F6FE40F2FA3133
:102B0000314806F0DAFE2B68D3F80423002AA4BF6C
:102B10004FF00042C3F804230846FFF74FFD18B3F7
:102B20000846FFF731FD0746F0B90846FFF720FDDC
:102B30000446FFF7E3FCD5F8008048F8007058F829
:102B400000302B6822B203EB8203D3F8102542F049
:102B50000102C3F8102526B12A680123A340C2F858
:102B6000043302B0BDE8F0814EB91949164A17483E
:102B700040F20E4306F0B8FE40F20E41C0E7204698
:102B8000FFF77EFC134B083033F81030C3F3820399
:102B9000042B12D0052B12D001A80194FFF77AFC68
:102BA000019BD0F81015D94001F0010102312046F7
:102BB00002B0BDE8F04107F054BA0321F7E7022163
:102BC000F5E700BFE2D4010065D40100E5B40100DF
:102BD0000DD50100944000202DE9F04F694BDFF83E
:102BE000A891D3F80403D9F87010C0B289B040F0AE
:102BF0000040FFF74FFD051E2EDACA4600235AF8A3
:102C00007C1F06A8CDE90633FFF7E4FC5F4B019378
:102C10000DF118084FF0000B019A12F8013B0192D8
:102C2000DA0803F007031AF8022022FA03F3DA079E
:102C30001BD408F10408BBF1000F13D000214FF0A2
:102C40000040FFF727FDD9F87C1006A8FFF7C2FC6B
:102C50000028DBD125F000450124002D79D109B0F1
:102C6000BDE8F08F4FF0010BD6E7494B5B44029370
:102C7000D8F800100029DCD0029B91FAA1F11C7851
:102C8000B1FA81F141EA44142046FFF7F9FB08301C
:102C9000059439F81070C808BB0818F80020039391
:102CA00001F00701012303FA01F122EA010208F809
:102CB000002005A8FFF7EEFB059A039B02F5E072E2
:102CC000C7F3820650F822205B073746C2F3014261
:102CD00024D539462046D6B2FFF72AFC05A805942C
:102CE000FFF7D8FB059B03F5E07350F82330C3F3DF
:102CF00001439E4207D10021204607F0B2F9314638
:102D0000204607F0AEF905A80594FFF7C3FB059B25
:102D1000012202FA03F3C0F82035A9E7022A0CD1F8
:102D20000321204607F09DF906F00503012BEAD1A7
:102D300039462046FFF7FCFBE5E7022120460392D7
:102D400007F08FF9032EF3D0039A032ADBD1022E6A
:102D5000EDE795FAA5F3B3FA83F304FA03F29B00C7
:102D600003F1804303F5C04325EA0205D3F81005BB
:102D7000D3F81015C0F30520C1F30141FFF7D8FBCC
:102D80006BE700BF006000409440002028D50100A0
:102D900028D5010001460148FFF79AB918410020E3
:102DA000064BD3E902218A4205D11868801A18BF60
:102DB0004FF0FF3070474FF0FF3070475040002019
:102DC00001680E4A9142034615D1C169A2F1102251
:102DD000A2F1EF1291420ED18268012A0BD8C2688B
:102DE00012B101698A4206D0586928B19B691B1A41
:102DF0005842584170470120704700BF55AA00FF54
:102E000070B50D4B9E68A6B13046FFF7D9FF04465A
:102E100078B9F3686BB935690DB9204670BD28469D
:102E2000FFF7CEFF28B9EB68B34202D12E462D69D9
:102E3000F2E70124F1E700BF504000202DE9F843FC
:102E40003F4F3C68D4B1BC68C4B100284AD00029C7
:102E500048D001FB00F5B5FBF0F0884242D1281DB7
:102E600040D8A9070DD025F003060436FC6803E01E
:102E70006368B34238D2A469002CF9D12046BDE87A
:102E8000F8832E46F2E7FB6041E006F1200163186B
:102E9000203A5A600022C3E902242A4822691A61B2
:102EA00060502949D96102B1D36062695A61A16950
:102EB0009961AAB193619A6902B153614FF0010916
:102EC000C4E9016923610023C4E905333B69DB07D9
:102ED0002ED5FFF795FF58B31C4B48461B6826E0DC
:102EE000FB60E8E70024C9E7A3681BB1174B01208A
:102EF0001B6898476268921B232A04F12008C4D8F3
:102F00000123A360D4E90523002ABCD09361A369FF
:102F10000BB162695A610023C4E905333B69DA07E2
:102F200006D5FFF76DFF18B1084B1B6801209847C5
:102F30002A4600214046444606F069FE9EE700BF4F
:102F40005040002055AA00FF669911EE4440002031
:102F500070B50546002800F08880444E3368002B89
:102F600000F08380B268002A7FD0834203D8726861
:102F70001344984203D33E4B01201B689847A5F1A8
:102F800020042046FFF71CFF18B1394B01201B68B5
:102F9000984755F8183C012B03D0354B01201B688E
:102FA0009847002345F8183C55F8143C3BB39A6801
:102FB0002ABB55F81C2C02F120015A680A445A60B9
:102FC00055E905321A6155F8145C2B6903B1DD60CF
:102FD00020220021204606F01AFE286910B18368DD
:102FE000002B2ED033699B073FD5FFF709FF002840
:102FF0003BD01F4BBDE870401B680120184755F8B7
:10300000100C00282AD0836843BB426863681344CD
:103010002033636003692361D4E905239AB9CBB9EE
:10302000436963618269A261B3B19C61A36903B121
:103030005C61236903B1DC602022002106F0E7FD1A
:10304000D0E72C46E1E79361A369002BE8D06269E1
:103050005A61E5E7F360F7E7F460E7E7F36845F8FE
:10306000083C03B15C61F460BCE770BD50400020D7
:103070004440002038B514220C4605460021134870
:1030800006F0C5FD1249134800F032F9232C1CD973
:1030900015F003031FBF043CE418C3F10403ED184B
:1030A00022460021284606F0B2FD084B0A499D60E1
:1030B000C3E90054203C6C609A6811609A68DA6039
:1030C000A1F11021A1F1EF11D16138BD50400020D4
:1030D000512F01003D2E010055AA00FF0148142187
:1030E00000F0EEB85040002070B50446ADF5806D9C
:1030F00010B16D48FCF714FB4FF480616846FFF790
:10310000B9FF0121084600F0E7F8802105460120BB
:1031100000F0E2F810210646012000F0DDF8034639
:10312000284606F0E0FF38B9304606F0DCFF18B953
:10313000184606F0D8FF58B134B90125FFF7CEFF85
:1031400028460DF5806D70BD5848FCF7E9FAF4E7A4
:10315000184600F0C7F8304600F0C4F8284600F0E2
:10316000C1F8FFF71DFE0028E6D1514DD5E90063F7
:103170001E44FFF7B3FF2CB14E48FCF7D1FA4E487E
:10318000FCF7CEFA40F2FF310DF10100FFF772FFBC
:10319000D5E9003213449E42CED10121084600F009
:1031A0009BF880210546012000F096F81021064684
:1031B000012000F091F80346284606F094FF00280D
:1031C000BAD1304606F08FFF0028B5D1184606F078
:1031D0008AFF0028B0D1184600F084F8304600F08D
:1031E00081F8284600F07EF8FFF7DAFD0028A3D129
:1031F000FFF774FF2CB12F48FCF792FA2F48FCF729
:103200008FFA4FF480616846FFF734FF4FF478710E
:10321000012000F061F8054606F065FF00288BD11B
:103220000121084600F058F8002885D1284600F012
:1032300059F84FF46C71012000F04EF8102105464A
:10324000012000F049F80646284606F04CFF002809
:103250007FF472AF304606F046FF00287FF46CAF73
:103260000121084600F038F800287FF465AF3046A9
:1032700000F038F81121012000F02EF800287FF42A
:103280005BAF284600F02EF8FFF78AFD05460028C0
:103290007FF452AFFFF722FF002C3FF44FAF0548F9
:1032A000FCF73EFA4AE700BF2AD50100A6D5010087
:1032B0005040002053D501005BD501007DD50100B1
:1032C00010B50A46044619B1024B00211B68984705
:1032D00010BD00BF40400020014B1B68184700BFD5
:1032E0004C400020014B1B68184700BF484000209D
:1032F000024B1860024B0020196070474C400020C0
:103300004840002003460846C1B9C3E910110D4AE0
:103310000D49DFF838C0C3E912120D4A0D49C3E95F
:1033200014C20D4AC3E916120C4A1A6602F174520D
:10333000A2F52302A2F692425A6670476FF073001C
:10334000704700BF85AE67BB67E6096A72F36E3CE3
:103350003AF54FA57F520E518C68059BABD9831F60
:103360002DE9F04FCFB000F1640300F144070DF5F3
:103370008A79009301914A463B4653F8041F42F86C
:10338000041F00999942F8D104ADDFF800A14FF075
:1033900000082C46B8F10F0F61D8019B042203EB03
:1033A000880103A806F028FC039806F0A9FEA8608F
:1033B000D4E94763D4F818C15AF8041B73404FEAA4
:1033C000FC22D4F8206182EABC1203EA0C0382EAF0
:1033D0007C6273401344D4F82421D4F81061134460
:1033E0000B44D4E9421E034441EA0E024FEA713015
:1033F00080EAB100324001EA0E0B80EAB15042EAA5
:103400000B020244D4F81401626018441344D4F847
:103410002021C4F8242108F10108D4F81C212360DC
:10342000B8F1400FC4E947C2C4E944E6C4E94231F7
:10343000C4F8180105F10405ACD157F8043F59F858
:10344000042F13443B60009BBB42F6D104A84FF409
:103450009471FFF735FF00204FB0BDE8F08F2B6867
:1034600055F8382C55F8341C4FEAF34080EA734085
:1034700080EA932055F8143C134418444FEAB143B2
:1034800083EAF11383EAD103184490E780AD010089
:103490002DE9F04F0121A3B006464FF48060FFF7FD
:1034A0001BFF074640B916B13448FCF739F901242F
:1034B000204623B0BDE8F08F08A806F023FE86B3AF
:1034C00000252F486A1C4FF48071FCF729F9DFF8BA
:1034D000B480DFF8B490DFF8B4A0002108A8FFF7AB
:1034E00011FF0446D0B9022D1DD14FF47A7261212B
:1034F000384606F08CFB4FF47A7B4FF47A723946EB
:1035000008A806F008FE044640B9BBF1010BF4D14F
:10351000694608A806F03EFE044680B1DEB11C48AC
:1035200027E03546D3E7392158F8252001FB0591DE
:1035300008A806F0F0FD04460028E9D0EEE72022B6
:103540000AEB4511684606F047FB0446A0B9013571
:103550004EB9032DC1D108A86821FFF7B1FE384646
:10356000FFF7C0FEA4E70B48FCF7DAF8032DA8D15B
:103570000948FCF7D5F8EEE70124CFE794D5010020
:10358000AED5010074AD010022D60100C2D5010004
:10359000A6D5010053D50100C7D9010010B5064CCE
:1035A000049AA368C3F8A02006F096FEA368002042
:1035B000C3F8A00010BD00BF1048002038B50C4C67
:1035C0000C4DAC4211D90C490C4A0D48192306F098
:1035D0008BF90C4806F088F90848192106F06DF9B6
:1035E000204607F0C4F82034EBE7F9D338BD00BF1C
:1035F00070A9010010AA0100F0D60100CDD601008B
:10360000E5B4010008D7010070B5054610B90024E3
:10361000204670BD0378002BF9D0104C104EB442F8
:1036200012D91049104A1148282306F05DF91048B4
:1036300006F05AF90C48282106F03FF9284606F012
:10364000ABFA28B12034EAE7E1D22168A942F5D1EA
:10365000204606F045FE0028DAD1D8E770A901001F
:1036600010AA0100F0D60100CDD60100E5B401009A
:1036700008D7010010B50B4C8CB0A368109AC3F8A2
:10368000A02001463022684604F0F6FE40B96846A4
:10369000FFF7BAFFA3680022C3F8A0200CB010BD4A
:1036A0000020F7E71048002070B5124D069AAB686D
:1036B000C3F8A020044607F000F8002101220646C6
:1036C00004F04AFE014670B100233246214604F060
:1036D000D5FD0948094A452106F0BCF9AB68D3F885
:1036E000A00006F0D5F9204606F0FAFDAB68C3F855
:1036F000A01070BD1048002039C901003CD701005E
:10370000F8B5124E089AB368C3F8A020044606F034
:10371000D4FF01220021074604F01EFE054670B1C9
:1037200000233A46214604F0A9FD0948094A4521EB
:1037300006F090F9B368D3F8A00006F0A9F9204686
:1037400006F0D9FDB368C3F8A050F8BD10480020BA
:1037500039C9010027D70100024B9B68D3F88000CC
:10376000704700BF10480020034B9B680022D3F82D
:103770008000C3F8A02070471048002010B54521F4
:103780000446034806F066F9204606F0CCFD00BF6B
:1037900053D70100F7B504460D46EFF311872023F8
:1037A00083F31288BFF36F8F204A042898BF204B01
:1037B0009668127C94BF53F820301E4B009245212E
:1037C00002461D4806F046F93DB1EB69C3F3080314
:1037D0001BB11A48452106F03DF936B1304606F0D6
:1037E00065FE034608B1027802B9154B154845211C
:1037F000324606F02FF929462046FFF7BFFF4DB1AC
:10380000EB69C3F308032BB187F31188BFF36F8F04
:1038100003B0F0BD012CF7D087F31188BFF36F8F91
:10382000304603B0BDE8F040FBF7C6B910480020B1
:1038300080AE010067D701007DD70100AAD7010043
:1038400075D70100D0D7010038B50A4B53F8204096
:10385000013053F82050A54200D838BD606830B11F
:10386000037FDB0701D406F066FD0834F3E7236825
:103870009847FAE794AE0100F0B5464B464C474DE9
:10388000012287B003201A70FFF7DEFF04F020FE4C
:103890000420FFF7D9FFAC42264628D94049414AC7
:1038A0004148422306F020F8404806F01DF8422126
:1038B0003C4806F002F854F80C3C059354F8103CD0
:1038C000049354F8143C039354F8183C029354F8AE
:1038D0001C3C019354F8203C009354E90A2354E91A
:1038E0000C0101F0CBF954F8303C5E65D3E7AE42F1
:1038F00004F13004DFD32E4C2E4FBC4216D92E4992
:10390000284A2948532305F0EFFF284805F0ECFF2B
:103910005321CDE7216806F016FF636898590436F5
:103920000028F7D10834E8E70026F6E7FCD302F0D8
:103930001BFA194C214EAC421FD91949194A1A4891
:10394000662305F0D1FF194805F0CEFF6621AFE7E9
:10395000D4E90A23B3F1FF3F08BFB2F1FF3F05D01E
:1039600052EA0301206803D102F09AFD3034E2E705
:103970003146183003F0A8F9F8E7E9D302F066FA07
:10398000FCF73EFB0E4A137B23F00103137307B0D1
:10399000F0BD00BF29490020A8AB0100A8AB010081
:1039A00058D8010037D80100E5B4010008D701005C
:1039B00090AB010090AB010085D8010067A5010024
:1039C0009044002008B50348034A0021121A06F06B
:1039D000C9FC08BDF04200202C490020F8B5124E69
:1039E000089AB368C3F8A020044606F066FE0122D8
:1039F0000021074604F0B0FC054670B100233A46AA
:103A0000214604F03BFC0948094A452106F022F80A
:103A1000B368D3F8A00006F03BF8204606F0A6FCF9
:103A2000B368C3F8A050F8BD1048002039C90100A0
:103A3000B4D8010070B5174E174D184986B0B82399
:103A400003FB0066164B059301220F23CDE90332D9
:103A50000023CDE90133142303FB005504464FF442
:103A6000E07000FB04110F4B00954FF4C07230461C
:103A700001F004F9737B0C4AEE6023F004037373C6
:103A80004FF4046304FB033313442C746B6006B0DF
:103A900070BD00BFD84300201048002040580020CF
:103AA000AAD801007D3B010000500020BFB50020D6
:103AB000FFF7CAFE294B83F30888294C294F636915
:103AC00043F4007363610025E02384F82230E57736
:103AD00025766576A57684F82050636A43F4E02362
:103AE000636284F82350FAF7E3FFFBF71DFA4FF007
:103AF000FF33A362E362FBF745FCFBF739FA1A4890
:103B00001A4C01F08BFBFFF759FD0120FFF79CFEDB
:103B10000220FFF799FE02F029FA154B15495C6166
:103B2000154B05930123CDE903534FF480623B46C7
:103B3000CDE901550095204601F0A0F8627B0646CC
:103B400022F004022046627301F0E6FC2846FFF7EB
:103B500071FF3A4631462046FBF7CCF94058002029
:103B600000ED00E079380100484500209044002035
:103B70001048002000700020AFD8010008B50D4BA0
:103B80009B6893F90E30002B09DB2024EFF311839F
:103B900084F31288BFF36F8F05F09FFFF6E70649A5
:103BA0000648074A1C2305F09FFE05481C2105F026
:103BB00084FE00BF10480020EBD80100E5B40100EE
:103BC000CAD8010070B50F4E069AB3680546C3F80F
:103BD000A02006F072FD0122294606F0D0FB044623
:103BE00048B10948094A452105F034FFB368D3F8C4
:103BF000A00005F04DFF284606F0D8FBB368C3F8D7
:103C0000A04070BD1048002039C901000ADA010047
:103C10002DE9F341044617461E46EFF3058565B1CD
:103C20005849594A59486F2305F05EFE584805F037
:103C30005BFE55486F2105F040FEEFF3118820230D
:103C400083F31288BFF36F8F524802F0A3FF60B96D
:103C5000514A52494D48882305F046FE4D49504887
:103C600005F042FE88214C48E5E74A4802F0B6FFDD
:103C7000E3684C4A9BB1A0689168884229D057EA12
:103C800006032ED1434802F093FFA0B188F31188B8
:103C9000BFF36F8F6FF00F0002B0BDE8F081916845
:103CA00091F90E103B4821610133E3609368A360F2
:103CB00002F07EFF78B9384A3B49344840F231136C
:103CC00005F012FE3349394805F00EFE40F231117D
:103CD000C9E72169E6E788F31188BFF36F8F0020F9
:103CE000DAE791F90E1090F90E309942A8BF194603
:103CF0006FF07E029142B8BF11468B4202DD06F0A2
:103D00004DFB0546CDE9007622482246414601F0AA
:103D1000FDFD0028E3D0EFF31186202383F3128802
:103D2000BFF36F8F1B4802F035FF002890D0194871
:103D300002F054FFA068C0B1236821699C420AD0F8
:103D40004BB193F90E309942A8BF19466FF07E032C
:103D50009942B8BF194606F021FB30B10D483146F3
:103D600001F030FF6FF00A0096E7002DF6D1094808
:103D700002F01EFF00289ED086F31188BFF36F8FDC
:103D8000F0E700BF35D9010013D90100E5B4010007
:103D900047D9010030480020A0B60100CDB601008F
:103DA000E2B6010010480020F8B601000FB701008C
:103DB0002DE9F041114EB3681746089AC3F8A020C8
:103DC0000546884606F079FC0022294606F0D7FA17
:103DD000044648B10A480B4A452105F03BFEB3684A
:103DE000D3F8A00005F054FE3B4642462846FFF7B4
:103DF0000FFFB368C3F8A040BDE8F0811048002071
:103E000039C90100F6D90100F8B50546EFF305837D
:103E100063B15549554A5648D72305F065FD5548C5
:103E200005F062FDD721514805F047FD8368002B5E
:103E300000F09380504A9268934240F09180C368AA
:103E40003BB94E49494A4A48EF2305F04DFDEF2161
:103E5000E9E7012B03D0013BC3600020F8BDEFF37D
:103E60001187202484F31288BFF36F8F444802F037
:103E700091FE60B9434A44493D48882305F034FD2A
:103E80003F49424805F030FD88213E48CCE73C4898
:103E900002F0A4FE2969A86806F080FAEFF3118306
:103EA00084F31288BFF36F8F83F31188BFF36F8F92
:103EB0005BB93749374A2E48A62305F015FD364829
:103EC00005F012FDA6213348AEE72C68AC4215D1AF
:103ED0000023C5E902332A4802F06AFE002837D1E0
:103EE000284A2E49224840F2311305F0FDFC2449AE
:103EF0002B4805F0F9FC40F23111C6E7002CE7D061
:103F0000A3683BB92749234A19488F2305F0ECFCE5
:103F10008F21D8E7D4E9003213605A60637B002612
:103F200023F002036373C4E90066A66004F118007D
:103F300002F0A6FFAC6094F90E302B612046C4F865
:103F4000AC6001F0E9FA0E48394601F03BFE84E727
:103F500087F31188BFF36F8F7FE76FF015007DE760
:103F60004FF0FF307AE700BF35D9010013D90100C7
:103F7000E5B4010047D90100104800206CD90100C8
:103F800030480020A0B60100CDB60100E2B6010025
:103F9000AED9010083D90100C6D90100F8B60100ED
:103FA0000FB70100C9D9010070B50F4E069AB3686A
:103FB0000546C3F8A02006F080FB0022294606F043
:103FC000DEF9044648B10948094A452105F042FD99
:103FD000B368D3F8A00005F05BFD2846FFF714FF97
:103FE000B368C3F8A04070BD1048002039C9010073
:103FF000E0D9010008B583684BB90B490B480C4A5E
:104000008F2305F071FC0A488F2105F056FCD0E99A
:10401000003213605A60427B0023C0E9003322F073
:1040200002024273836008BDC9D90100E5B40100F2
:1040300083D901002DE9F04704469DF820600D4624
:1040400091469A4600F10807EFF31188202383F385
:104050001288BFF36F8F384602F09CFD60B94B4A5F
:104060004B494C48882305F03FFC39464A4805F047
:104070003BFC882145481BE0384602F0AFFD06B105
:104080006568EFF31183202282F31288BFF36F8FEC
:1040900083F31188BFF36F8F63B94049404A3D48AD
:1040A000A62305F021FC3F4805F01EFC3C48A62154
:1040B00005F003FC234653F80C6F9E4216D0AEB1B8
:1040C0003046FFF797FF002406F1180002F0D8FEF3
:1040D0003046C6F8AC40C6F8109001F01DFA4146D3
:1040E000384601F06FFD2046BDE8F087BAF1000FB9
:1040F00014D0082003F082F900283FD00122C0F834
:1041000004900260016801F003015DB922680A436E
:104110000260626820606AB960600BE0C9F800A0C4
:104120004846EFE72A68032A1DD801606168A1B9F3
:10413000C4E900000024384602F03AFD08BB134AE7
:104140001949144840F2311305F0CEFB394617489F
:1041500005F0CAFB40F231118CE70A6802F0030255
:1041600002430A60D8E722F003020A4302602A6889
:1041700002F0030240EA02032B60DBE76FF00B045E
:10418000D9E788F31188BFF36F8FACE7A0B60100C1
:10419000CDB60100E5B40100E2B60100AED90100E0
:1041A00083D90100C6D90100F8B601000FB701009C
:1041B00070B5104E069AB3680546C3F8A02006F005
:1041C0007CFA4FF0FF32294606F0FAF8044648B16F
:1041D00009480A4A452105F03DFCB368D3F8A00020
:1041E00005F056FC284606F006F9B368C3F8A0406F
:1041F000204670BD1048002039C90100CFDA010007
:10420000F8B5044600F10805EFF31186202787F37F
:104210001288BFF36F8F284602F0BCFC60B92C4AAD
:104220002C492D48882305F05FFB29462B4805F0D3
:104230005BFB8821264818E0284602F0CFFCEFF30C
:10424000118387F31288BFF36F8F83F31188BFF355
:104250006F8F63B92249234A1F48A62305F044FB08
:10426000214805F041FB1F48A62105F026FB20460A
:1042700050F80C4F844214D09CB12046FFF7BAFE90
:1042800004F1180002F0FCFD00232046C4F8AC3015
:10429000236101F041F931462846BDE8F84001F0BC
:1042A00091BC284602F084FC68B9094A0F490A48C3
:1042B00040F2311305F018FB29460D4805F014FBB8
:1042C00040F23111B6E786F31188BFF36F8FF8BD66
:1042D000A0B60100CDB60100E5B40100E2B60100D0
:1042E000AED9010083D90100C6D90100F8B601009A
:1042F0000FB7010070B5104E069AB3680546C3F8B3
:10430000A02006F0DAF90022294606F059F8044602
:1043100048B10A480A4A452105F09CFBB368D3F826
:10432000A00005F0B5FB2846FFF76AFFB368C3F8A5
:10433000A040204670BD00BF1048002039C90100D0
:10434000B4DA0100F8B5104E089AB3680546C3F810
:10435000A0200F4606F0B1F90022294606F030F8F9
:10436000044648B109480A4A452105F073FBB36881
:10437000D3F8A00005F08CFB3946284606F045F836
:10438000B368C3F8A040F8BD1048002039C9010047
:1043900098DA0100F8B5104E089AB3680546C3F8DC
:1043A000A0200F4606F089F90022294606F008F8F9
:1043B000044648B109480A4A452105F04BFBB36859
:1043C000D3F8A00005F064FB3946284606F027F82C
:1043D000B368C3F8A040F8BD1048002039C90100F7
:1043E0007BDA01002DE9F743064690461F4600F1AF
:1043F0000805EFF31189202383F31288BFF36F8F31
:10440000284602F0C7FB68B9244A25492548882375
:1044100005F06AFA2946244805F066FA88211F4803
:1044200005F04BFA284602F0D9FB3468F4B1236852
:10443000726823F0030394422046336008BF736020
:10444000012105F0CCFF0446284602F0B1FBE8B993
:10445000124A1649134840F2311305F045FA29462D
:10446000134805F041FA40F23111D8E758EA070342
:10447000EAD0CDE9008706F10C024946284601F052
:1044800045FA38B90B4B9B681C6903E089F3118826
:10449000BFF36F8F204603B0BDE8F083A0B60100E4
:1044A000CDB60100E5B40100E2B60100F8B60100A6
:1044B0000FB70100104800202DE9F041114EB368FC
:1044C0001746089AC3F8A0200546884606F0F5F876
:1044D0000022294605F074FF044648B10A480B4AF9
:1044E000452105F0B7FAB368D3F8A00005F0D0FA7B
:1044F0003B4642462846FFF775FFB368C3F8A04025
:10450000BDE8F0811048002039C9010068DA0100D7
:1045100038B5104D069AAB680446C3F8A02006F0E3
:10452000CCF80022214605F04BFF024648B10A486C
:104530000A4A452105F08EFAAB68D3F8A00005F0D1
:10454000A7FA2068AB68B0FA80F0C3F8A020400951
:1045500038BD00BF1048002039C9010050DA010001
:1045600070B50F4E069AB3680546C3F8A02006F052
:10457000A4F80022294605F023FF044648B1094863
:10458000094A452105F066FAB368D3F8A00005F0A2
:104590007FFA284605F04DFFB368C3F8A04070BD10
:1045A0001048002039C9010037DA010070B50F4EFC
:1045B000069AB3680546C3F8A02006F07EF80022EC
:1045C000294605F0FDFE044648B10948094A45213F
:1045D00005F040FAB368D3F8A00005F059FA284670
:1045E00005F02BFFB368C3F8A04070BD1048002051
:1045F00039C901001EDA010008B583684BB90B49BF
:104600000B480C4A8F2305F06FF90A488F2105F0FB
:1046100054F9D0E9003213605A60427B0023C0E9AC
:10462000003322F002024273836008BDC9D9010041
:10463000E5B4010083D9010070B504460D46164665
:1046400006F03BF80122214605F0FBFE30B9324668
:1046500029462046BDE8704005F002BF0548064ADD
:10466000452105F0F7F9054B9B68D3F8A00005F04C
:104670000FFA00BF39C901009EDB0100104800207D
:1046800038B5064C069DA368C3F8A050FFF7D4FFC9
:10469000A3680022C3F8A02038BD00BF1048002046
:1046A00070B50446EFF31186202585F31288BFF319
:1046B0006F8F304802F06EFA60B92F4A2F493048A8
:1046C000882305F011F92B492E4805F00DF98821B2
:1046D000294818E0274802F081FAEFF3118385F3A7
:1046E0001288BFF36F8F83F31188BFF36F8F63B9A5
:1046F0002549264A2248A62305F0F6F8244805F065
:10470000F3F82248A62105F0D8F82568AC4213D06A
:1047100095B12846FFF770FF05F1180002F0B0FBD5
:1047200000232846C5F8AC3000F0F6FE31461148AB
:10473000BDE8704001F046BAD4E902329A4218BF8F
:1047400001330C48A36002F033FA68B90A4A1149F0
:104750000B4840F2311305F0C7F806490E4805F042
:10476000C3F840F23111B3E786F31188BFF36F8FBE
:1047700070BD00BF34480020A0B60100CDB60100D6
:10478000E5B40100E2B60100AED9010083D9010011
:10479000C6D90100F8B601000FB7010070B5104E80
:1047A000069AB3680546C3F8A02005F086FF0022EC
:1047B000294605F046FE044648B10A480A4A452102
:1047C00005F048F9B368D3F8A00005F061F9284670
:1047D000FFF766FFB368C3F8A040204670BD00BF76
:1047E0001048002039C901008CDB0100F7B50446F0
:1047F00016461D46EFF305837BB152EA05030CD044
:104800002D492E4A2E48882305F06EF82D4805F0D4
:104810006BF82A48882105F050F8EFF31187202320
:1048200083F31288BFF36F8F274802F0B3F960B9A2
:10483000264A27492248882305F056F82249254868
:1048400005F052F888212148E5E71F4802F0C6F933
:10485000A368D3B1013B1C48A36002F0A9F968B971
:104860001A4A1D49164840F2311305F03DF8164921
:104870001A4805F039F840F23111E4E787F311885E
:10488000BFF36F8F002003B0F0BD56EA05030BD1D4
:104890000D4802F08DF90028E2D087F31188BFF3AC
:1048A0006F8F6FF00F00EEE7CDE9006522463946C5
:1048B000054801F02BF8E6E703DB0100E3DA01002D
:1048C000E5B40100C6D9010034480020A0B60100BB
:1048D000CDB60100E2B60100F8B601000FB7010045
:1048E0002DE9F8430546EFF31188202787F3128856
:1048F000BFF36F8F314802F04DF9064660B9304A78
:1049000030493148882304F0EFFF2C492F4804F048
:10491000EBFF88212A481BE0284802F05FF96FF07E
:104920000A090023EFF3118287F31288BFF36F8F18
:1049300082F31188BFF36F8F62B92549254A224857
:10494000A62304F0D1FF244804F0CEFF2148A6217D
:1049500004F0B3FF2C68A5420ED06CB12046FFF7DF
:104960004BFE04F1180002F08BFAC4F8AC9020461C
:1049700000F0D2FD3346D5E70022AA602BB14146B4
:104980000E48BDE8F84301F01DB90C4802F010F9DB
:1049900068B90B4A11490C4840F2311304F0A4FFE6
:1049A00006490F4804F0A0FF40F23111B2E788F346
:1049B0001188BFF36F8FBDE8F88300BF3448002033
:1049C000A0B60100CDB60100E5B40100E2B60100D9
:1049D000AED9010083D90100C6D90100F8B60100A3
:1049E0000FB701002DE9F041114EB3681746089A40
:1049F000C3F8A0200546884605F05FFE0022294640
:104A000005F01FFD044648B10A480B4A452105F050
:104A100021F8B368D3F8A00005F03AF83B464246C7
:104A20002846FFF7E3FEB368C3F8A040BDE8F08175
:104A30001048002039C901007ADB010070B5104E22
:104A4000069AB3680546C3F8A02005F036FE00229A
:104A5000294605F0F6FC044648B10A480A4A4521B1
:104A600004F0F8FFB368D3F8A00005F011F8284669
:104A7000FFF736FFB368C3F8A040204670BD00BF03
:104A80001048002039C9010067DB010038B50E4D20
:104A9000069AAB680446C3F8A02005F00EFE00227B
:104AA000214605F0CEFC034648B10848084A452196
:104AB00004F0D0FFAB68D3F8A00004F0E9FFAA68C7
:104AC000A068C2F8A03038BD1048002039C90100E4
:104AD00050DB0100EFF305833BB9054B9B68D88998
:104AE0007F288CBF0020012070470020704700BF46
:104AF0001048002008B5054B9A68049BC2F8A03006
:104B0000FFF7E8FF0023C2F8A03008BD10480020DE
:104B100038B50F4D069AAB680446C3F8A02005F0DF
:104B2000CCFD00230922214605F0A9FC034648B12B
:104B30000848094A452104F08DFFAB68D3F8A0006E
:104B400004F0A6FFAA6894F90E00C2F8A03038BDA0
:104B50001048002039C90100EADF010010B5044601
:104B600008B9054B9C681F2204F1600004F0F9FFAE
:104B7000002084F87F0010BD1048002070B5164E4C
:104B800088B0B3680E9AC3F8A0200D460446A0B1C1
:104B900005F093FD00230922214605F070FC60B169
:104BA0000E480F4A452104F055FF6FF01500B36819
:104BB0000022C3F8A02008B070BD20222946684614
:104BC00003F05AFC20B969462046FFF7C7FFEEE71D
:104BD0006FF00D00EBE700BF1048002039C901005D
:104BE000D1DF0100F7B5214FBB6815460A9AC3F81B
:104BF000A02006460C4605F060FD86B38379092B9C
:104C00002DD1C379DB072AD5EC4210D3184B1948B4
:104C1000194ACDE900534521234604F01BFF6FF0EC
:104C20000D00BB680022C3F8A02003B0F0BD1DB189
:104C3000E3436A1E9342E9D901222946204604F043
:104C40006DFF0028E2D16036304604F09EFF421C22
:104C5000954207D33146204603F0E2FBE1E76FF0CF
:104C60001500DEE76FF01B00DBE700BF10480020F7
:104C70007FB8010034B80100B7DF01002DE9F04F23
:104C800085B0DDE911B8BBF10F0FDDF84C9005469A
:104C90000E4614461F4618D15E4B9F4219D118F09C
:104CA000040F29D0304605F003FC28BB5A4A5B4963
:104CB0005B4840F2152304F017FE29465948324656
:104CC00004F012FE40F2152113E00BF110031E2B2D
:104CD000E5D9514A5449524840F2052304F004FEF4
:104CE000594652486FF00F030E2204F0FDFD40F2CA
:104CF0000521494804F0E1FD284605F038FD30461D
:104D000005F035FD0023C5F89C60C5F8A0302846A5
:104D1000294605F018FD4FF0040A002305F158025A
:104D2000C5E91622C5E90633AB6085F80C8085F825
:104D30000DA085F80EB0EB73304605F0B9FB0028E6
:104D400051D0022C4DD9631EB3FA83F30124C3F171
:104D5000200304FA03F35A1EB2FA82F2C2F12002CF
:104D600094402344013BB3FBF4F35C4332462346B7
:104D7000C5F8883034440823C5F88C30211F109BB7
:104D8000C5E9201202930F9B0193083C0E9B0093F0
:104D900031463B46224628460026FAF73FF86E6524
:104DA000B9F1000F32D01F22494605F1600004F02E
:104DB000D8FE85F87F601E4EB36863B1284602F0C6
:104DC00089FE18F0080F03D0B068294603F0C4F933
:104DD000B368D3F8A430C5F8A430204605B0BDE8C8
:104DE000F08F6300BEE7073424F007047F3424F01B
:104DF0003F043F2C05D880F31188BFF36F8F5046D6
:104E000002DF06F14002A4F14003B1E785F86090AB
:104E1000D1E700BF7D3B0100B0DB010084DC010075
:104E2000E5B40100C7DC0100D3DB010053DC010065
:104E300010480020F0B587B0DDE912760446EFF3A4
:104E4000058575B119491A4A1A4840F2922304F0AF
:104E50004BFD194804F048FD154840F2922104F03A
:104E60002CFD0595109D04950F9D03950E9D0295B3
:104E70000D9D01950C9D0095FFF700FFB6F1FF3FDA
:104E800008BFB7F1FF3F05D056EA070305D120461A
:104E900001F006FB204607B0F0BD3A46334604F168
:104EA0001800064901F010FFF4E700BF35D90100F2
:104EB000B0DB0100E5B40100F2DC010067A50100F0
:104EC0002DE9F04F054687B00E4617469A46DDE9B4
:104ED000169805F0F2FB4FF0FF330922294605F042
:104EE000CEFA394C70B9304605F0E7FB4FF0FF338E
:104EF0000B223146834605F0C2FA68B1334A344882
:104F0000452102E0314A3348452104F0A3FDA3685E
:104F1000D3F8A00004F0BCFDDBF808301B68BB42EE
:104F200006D3149B5B070BD4284A2B484521ECE79A
:104F30000093264A29483B46452104F08BFDE6E7CD
:104F4000149B13F0010303D0204A25484521DCE7D8
:104F5000139A10321E2A2AD8A268139992F90E20A9
:104F60008A4203DD194A1F484521CEE70593149B69
:104F70000493139B0393129B0293119B0193109B29
:104F800000933A46534631462846FFF777FEB8F17C
:104F9000FF3F08BFB9F1FF3F05D058EA09030AD126
:104FA000284601F07DFA284607B0BDE8F08F074A91
:104FB0000D484521A9E74A46434605F118000B492B
:104FC00001F082FEEFE700BF10480020A0DF0100E3
:104FD00017DD010039C901008ADD010046DD01004D
:104FE000B9DD010029DE0100F0DD010067A5010047
:104FF0002DE9F04788B01F4E119C9A46B368914640
:1050000014F1190F129AC3F8A020074688460ED94A
:10501000194B0193182319480093194A2346452137
:1050200004F018FDB368D3F8A00004F031FD0022AD
:105030001821204604F072FD05460028E8D1D4E985
:105040000032D4E90201D4E904E4CDE90132109B35
:105050000093CDE903015346CDE906E44A464146B3
:105060003846FFF72DFFB368C3F8A05008B0BDE87D
:10507000F08700BF1048002002EC010034B80100A6
:1050800089DF010080B5DFF860909846D9F80830D4
:105090001C7B24F0010444F0040405461C73D3F87F
:1050A0009C000E46174605F003FA70B90F49104AE6
:1050B000104840F20F3304F017FC0F4804F014FCC2
:1050C0000B4840F20F3104F0F8FBD9F80830042205
:1050D000D3F88000002104F09AFD43463A46314659
:1050E0002846F9F775FE00BF104800207BDE01005E
:1050F000B0DB0100E5B40100B7DE0100F7B51D4DDE
:105100000A9AAB680646C3F8A0200C4605F0D5FA0B
:1051100000230922314605F0B2F9B8B906F11800AA
:1051200001F00CFF14F1090F07460E4614D9124B7B
:10513000019308230093114A11482346452104F0A6
:1051400089FCAB68D3F8A00004F0A2FC0D4A0E481D
:10515000452104F07FFCF4E701220821204604F0F9
:10516000DDFC0028E3D1C4E90076AA68C2F8A000FB
:1051700003B0F0BD104800207FB8010061DF0100DE
:1051800034B8010039DF010039C90100F7B51D4D00
:105190000A9AAB680646C3F8A0200C4605F08DFAC3
:1051A00000230922314605F06AF9B8B906F1180062
:1051B00001F018FF14F1090F07460E4614D9124BDF
:1051C000019308230093114A11482346452104F016
:1051D00041FCAB68D3F8A00004F05AFC0D4A0E481D
:1051E000452104F037FCF4E701220821204604F0B1
:1051F00095FC0028E3D1C4E90076AA68C2F8A000B3
:1052000003B0F0BD104800207FB8010013DF01009B
:1052100034B80100EDDE010039C9010040F201138C
:1052200083810023C0E92133C0F8A430024B034A34
:10523000C0F8982098607047104800204C48002023
:105240000A4A93686FF00A01C3F8AC100849C3F822
:10525000A8004B6843F080534B60002383F3118810
:10526000BFF36F8F9368D3F8AC00704710480020ED
:1052700000ED00E038B590F90D20437B002A01468F
:1052800011DA03F07F0343731B4B984209D11B498A
:105290001B481C4A562304F027FB1A48562104F0E9
:1052A0000CFB05F00CF9184D2A46AB6852F8184F64
:1052B000944200D004B9EC688B4214D05BB9134916
:1052C000134A0F48D52304F00FFB124804F00CFBDF
:1052D0000F48D521E3E75A7BD20604D1DA897F2A29
:1052E00001D9A2692AB1A34202D0204601F0C6FB2F
:1052F00023466B6138BD00BFD843002029E0010080
:10530000E5B4010007E001001048002076E001004C
:105310004AE00100C6D9010008B583684BB90949C4
:1053200009480A4A8F2304F0DFFA08488F2104F065
:10533000C4FA05F0C4F8437B23F00203437300234F
:10534000836008BDC9D90100E5B4010083D901001B
:1053500070B590F90D20437B002A50DBD9064ED161
:1053600063F07F034373274B984209D126492748AE
:10537000274A4F2304F0B8FA25484F2104F09DFA3C
:10538000244C2246E16952F8183F934207D1C0E904
:1053900000210860E06111E09942F8D01B68002B01
:1053A000F5D090F90E5093F90E60B542F4D0AE42AC
:1053B000F2DD5968C0E9003108605860A56995427E
:1053C00000D005B9E568A3685BB91349134A0F48D3
:1053D000D52304F089FA124804F086FA0F48D52143
:1053E000CCE75A7BD20604D1DA897F2A01D9AA698F
:1053F00032B1AB4202D0284601F040FB656170BD7E
:105400006361FCE7D843002029E00100E5B4010016
:1054100007E001001048002076E001004AE00100AA
:10542000C6D9010070B590F90D20437B324C002A9B
:10543000014610DA03F07F03A042437309D12F49DC
:105440002F4A3048562304F04FFA56212C4804F0D6
:1054500034FA05F034F84B7BA14263F07F034B73C1
:1054600007D12649264A27484F2304F03DFA4F2109
:10547000ECE7254C2246E06952F8183F934207D1E9
:10548000C1E900200160E16111E09842F8D01B6899
:10549000002BF5D091F90E5093F90E60B542F4D07F
:1054A000AE42F2DD5868C1E9003001605960A5697B
:1054B000A368954200D005B9E5688B4214D05BB96A
:1054C0001249134A0F48D52304F00EFA114804F08C
:1054D0000BFA0F48D521BAE75A7BD20604D1DA89F4
:1054E0007F2A01D9AA692AB1AB4202D0284601F02D
:1054F000C5FA2B46636170BDD843002029E0010046
:1055000007E00100E5B401001048002076E001004A
:105510004AE00100C6D9010038B50446EFF3118511
:10552000202383F31288BFF36F8F174801F032FBFB
:1055300068B9164A16491748882304F0D5F9124964
:10554000154804F0D1F98821104804F0B6F90E4846
:1055500001F044FB2046FFF7FBFE0B4801F028FB5F
:1055600068B90A4A0D490B4840F2311304F0BCF9FE
:1055700005490B4804F0B8F940F23111E4E785F32E
:105580001188BFF36F8F38BD38480020A0B60100E6
:10559000CDB60100E5B40100E2B60100F8B60100A5
:1055A0000FB70100F8B56C4DAE688642044659D17C
:1055B000EFF30583002B55D1EFF31187202383F3FD
:1055C0001288BFF36F8F654801F0E4FA60B9644A4E
:1055D00064496548882304F087F96049634804F00A
:1055E00083F988215E4813E05C4801F0F7FA737B89
:1055F00003F07F0343F0100373735D4B9E4209D1A8
:105600005C4959485C4A562304F06EF95A485621C1
:1056100004F053F9304604F052FF2B4653F8184F6C
:105620009C4200D004B9EC68AB689C4202D0204692
:1056300001F024FA49486C6101F0BAFA68B9484AA5
:105640004E49494840F26B1304F04EF943494C4827
:1056500004F04AF940F26B11C4E73846BDE8F8405F
:10566000FFF7EEBDEFF31186202383F31288BFF31B
:105670006F8F3A4801F08EFA0028A8D0374801F021
:10568000ADFA637BDA0612D5344801F091FA0028AE
:105690005DD1334A3949344840F2311304F024F9DA
:1056A0002E49374804F020F940F231119AE7D90920
:1056B00043F010023ED16273AF69324B9F4200D07B
:1056C00007B9EF68AB68BB4202D0384601F0D6F9A3
:1056D000AB686F619C42D7D1EFF30585002DD3D124
:1056E000237BDB071FD51D4801F062FA0028D0D0CC
:1056F00086F31188BFF36F8F85F31188BFF36F8F27
:105700000423184602DFEFF31186202383F3128867
:10571000BFF36F8F114801F03DFA00283FF457AFF7
:105720000E4801F05BFA0D4801F042FA002886D0DD
:10573000304693E703F07F0343F0100363730C4B91
:105740009C423FF45DAF204604F0B9FEB4E786F317
:105750001188BFF36F8FF8BD104800203848002033
:10576000A0B60100CDB60100E5B40100E2B601002B
:10577000D843002029E0010007E00100F8B601004D
:105780000FB701002848002070B50F4E069AB36885
:105790000546C3F8A02004F090FF294604F0ABFEB4
:1057A000044648B109480A4A452104F053F9B36850
:1057B000D3F8A00004F06CF92846FFF7F3FEB368B5
:1057C000C3F8A040204670BD1048002039C9010030
:1057D00046E3010038B50446EFF31185202383F337
:1057E0001288BFF36F8F184801F0D4F968B9174ACF
:1057F00017491848882304F077F81349164804F02D
:1058000073F88821114804F058F80F4801F0E6F9C0
:10581000A36813B12046FFF77FFD0B4801F0C8F9DC
:1058200068B90A4A0D490B4840F2311304F05CF89C
:1058300005490B4804F058F840F23111E2E785F3CE
:105840001188BFF36F8F38BD38480020A0B6010023
:10585000CDB60100E5B40100E2B60100F8B60100E2
:105860000FB7010038B50446EFF31185202383F309
:105870001288BFF36F8F1E4801F08CF968B91D4A7A
:105880001D491E48882304F02FF819491C4804F0CC
:105890002BF88821174804F010F8154801F09EF9FC
:1058A000637B13F0280F0BD1A36813B12046FFF7D9
:1058B00033FD637B23F0040363732046FFF748FD49
:1058C0000B4801F075F968B90A4A0E490B4840F2D5
:1058D000311304F009F806490B4804F005F840F2CA
:1058E0003111D7E785F31188BFF36F8F38BD00BF43
:1058F00038480020A0B60100CDB60100E5B4010093
:10590000E2B60100F8B601000FB701002DE9F0473B
:10591000DFF8D4A0354D364B1746A842DAF80820F8
:105920001A60DDE9089804460E460BD13149324829
:10593000324A40F2722303F0D7FF304840F272211E
:1059400003F0BBFFEFF31183202383F31288BFF32F
:105950006F8F284601F01EF960B9294A2949264867
:10596000882303F0C1FF2946274803F0BDFF8821A3
:105970002348E5E7284601F031F9DAF808503946BE
:10598000284604F0C8FDB8F1FF3F08BFB9F1FF3F5A
:1059900006D01E494A46434605F1180001F094F925
:1059A000204601F005F968B91949154A124840F234
:1059B0006B1303F099FF2146164803F095FF40F260
:1059C0006B11D5E7094801F0F3F840B910490C4ACA
:1059D000094840F26B1303F087FF0449ECE73046B7
:1059E000BDE8F047FFF72CBC1048002038480020E5
:1059F0003C4800209DE00100E5B4010007E0010003
:105A0000A0B60100CDB60100E2B6010067A5010015
:105A1000F8B601000FB701002DE9F04104460D462C
:105A2000EFF31187202383F31288BFF36F8F584859
:105A300001F0B0F860B9574A57495848882303F035
:105A400053FF5349564803F04FFF8821514818E04F
:105A50004F4801F0C3F8637B03F01F02002A0CBF1C
:105A6000012600265DD103F07F0363734D4B9C42FA
:105A700009D14D4949484D4A562303F035FF4B485B
:105A8000562103F01AFF204604F019FDDFF82081AB
:105A9000637B424663F07F036DB2A573637352F874
:105AA000183F93423AD1D8F81C10C4E900210C6089
:105AB000C8F81C400FE09942F7D01B68002BF4D0C7
:105AC00093F90E008542F6D0A842F4DD5968C4E986
:105AD00000310C605C60D8F81840944200D00CB9DA
:105AE000D8F80C40D8F808309C4202D0204600F08C
:105AF000C5FFC8F81440264801F05AF800283FD1E5
:105B0000244A2C49254840F2311303F0EDFE204988
:105B1000294803F0E9FE40F2311197E7D8F81C104C
:105B2000CCE79B072AD5A16841B924491B48244AE0
:105B30008F2303F0D9FE22488F21A2E720466DB2C1
:105B400004F0BDFCA5730B68994209D14B68C4E908
:105B500000131C604C60CEE74A689342F6D01B6885
:105B6000002BF3D093F90E209542F5D0AA42F3DD35
:105B70005A68C4E9003214605C60BCE7A573BAE7F8
:105B800087F31188BFF36F8F3046BDE8F08100BF07
:105B900038480020A0B60100CDB60100E5B40100F0
:105BA000E2B60100D843002029E0010007E001002F
:105BB00010480020F8B601000FB70100C9D9010054
:105BC00083D9010070B504460D46F9B9EFF3058697
:105BD000E6B91A4B5A699B689A4217D000F0E8FF61
:105BE00078B9174A1749184840F26B1303F07CFE46
:105BF0002146164803F078FE40F26B11104803F07E
:105C00005CFE3046BDE87040FFF71ABB204600F04E
:105C1000CFFF68B90A4A0B490B4840F2311303F031
:105C200063FE2146094803F05FFE40F23111E5E7CB
:105C300085F31188BFF36F8F70BD00BF104800203F
:105C4000A0B60100F8B60100E5B401000FB70100ED
:105C500038B50446EFF31185202383F31288BFF390
:105C60006F8F1D4800F096FF68B91C4A1C491D48FB
:105C7000882303F039FE18491B4803F035FE8821BC
:105C8000164803F01AFE144800F0A8FF637BDA06FA
:105C900016D4114800F08CFF68B9104A1349114816
:105CA00040F2311303F020FE0B49114803F01CFEB3
:105CB00040F23111E4E785F31188BFF36F8F38BDEF
:105CC00023F0100320466373FFF742FB2946024886
:105CD000BDE83840FFF776BF38480020A0B6010085
:105CE000CDB60100E5B40100E2B60100F8B601004E
:105CF0000FB7010070B50F4E069AB3680546C3F89A
:105D0000A02004F0DAFC294604F0F5FB044648B173
:105D100009480A4A452103F09DFEB368D3F8A00064
:105D200003F0B6FE2846FFF793FFB368C3F8A04020
:105D3000204670BD1048002039C901002FE3010042
:105D4000034648B9EFF3058232B9064A51699268B1
:105D5000914201D0FFF774BA83F31188BFF36F8FBC
:105D6000704700BF1048002010B5EFF311842023C6
:105D700083F31288BFF36F8F284800F00BFF60B9E0
:105D8000274A28492848882303F0AEFD234927489D
:105D900003F0AAFD8821224812E0204800F01EFFEF
:105DA000EFF3058373B12249224A1F4840F20633BC
:105DB00003F09AFD204803F097FD40F206311D489C
:105DC00003F07BFD1D4B9A68D37B012B0CD11C4942
:105DD000184A154840F2073303F086FD164803F0D1
:105DE00083FD40F20731EAE7013BD3730B4800F033
:105DF000DFFE68B90A4A13490B4840F2311303F039
:105E000073FD0649104803F06FFD40F23111C2E7FF
:105E100084F31188BFF36F8F10BD00BF3848002096
:105E2000A0B60100CDB60100E5B40100E2B6010064
:105E300035D9010007E00100C6D901001048002053
:105E4000D6E00100F8B601000FB7010070B5EFF31E
:105E50001186202383F31288BFF36F8F374800F039
:105E600099FE60B9364A37493748882303F03CFD2C
:105E70003249364803F038FD8821314813E0344D6B
:105E80002E4800F0ABFEAB68DA7B72B93149324A7A
:105E90002D4840F2123303F027FD304803F024FD73
:105EA00040F212312C4803F008FDEFF3058161B197
:105EB0002B49294A244840F2133303F015FD2748A3
:105EC00003F012FD40F21331ECE70132DA732A4697
:105ED00052F8184F944200D004B9EC685A7BD206AD
:105EE00004D1DA897F2A01D9A2692AB1A34202D05A
:105EF000204600F0C3FD234610486B6100F058FEB9
:105F000068B90F4A1749104840F2311303F0ECFC0E
:105F10000A49154803F0E8FC40F23111ADE786F379
:105F20001188BFF36F8FEFF31180202383F3128862
:105F3000BFF36F8FBDE87040FFF702BF3848002005
:105F4000A0B60100CDB60100E5B40100E2B6010043
:105F50001048002007E1010007E00100C6D9010058
:105F600035D90100F8B601000FB70100024B03F16B
:105F70001802C3E9062270471048002001F11003FF
:105F80001E2B10B50C4612D9124A1349134840F281
:105F9000CF3303F0A9FC124821466FF00F030E2205
:105FA00003F0A2FC0B4840F2CF3103F086FCFFF770
:105FB00033FD70B10B4B9B68DB7B53B9EFF3118062
:105FC000202383F31288BFF36F8FBDE81040FFF7E3
:105FD000B7BE10BD07E0010038E10100E5B40100E3
:105FE00053DC010010480020F7B51D4E0A9AB36833
:105FF0000746C3F8A0200C4604F05FFB394604F0C6
:106000007AFA054688B90E2C19DC14F1100F16DB4C
:1060100097F90E3062B29A4218DA0093114A124888
:106020002346452103F016FD04E00E4A0F484521A2
:1060300003F010FDB368D3F8A00003F029FD094A6E
:106040000B482346452103F005FDF3E7384621467A
:10605000FFF794FFB3682846C3F8A05003B0F0BD23
:106060001048002012E30100F7E1010039C90100E6
:10607000BEE1010070B5EFF31186202383F312888F
:10608000BFF36F8F1F4800F085FD68B91E4A1F4996
:106090001F48882303F028FC1A491E4803F024FCFB
:1060A0001948882103F009FC1B4D164800F096FDA5
:1060B0002B4653F8184F9C4200D004B9EC68AB68EB
:1060C0005BB91649164A1248D52303F00DFC154852
:1060D00003F00AFC1248D521E4E75A7BD20604D12A
:1060E000DA897F2A01D9A2692AB1A34202D02046C7
:1060F00000F0C4FC23466B6131460248BDE87040A5
:10610000FFF760BD38480020A0B60100CDB6010001
:10611000E5B40100E2B601001048002076E001007D
:106120004AE00100C6D9010010B5064C049AA368E4
:10613000C3F8A020FFF79EFFA3680020C3F8A000CB
:1061400010BD00BF1048002070B5EFF3058373B198
:1061500039493A4A3A4840F22E4303F0C5FB3948E0
:1061600003F0C2FB354840F22E4103F0A6FBEFF3EB
:106170001186202383F31288BFF36F8F324800F01B
:1061800009FD60B9314A32492D48882303F0ACFB40
:106190002D49304803F0A8FB88212C48E5E72E4C18
:1061A000294800F01BFDA168E0690B68814214BF1B
:1061B0001A46002249680B605960A368E1692AB950
:1061C000264AC3E900210B60E3610CE093F90E005D
:1061D00092F90E50A84225D0854223DD5168C3E9CB
:1061E00000210B605360A5691C4B9D4200D005B98E
:1061F000E568A3689D4202D0284600F03FFC1248A3
:10620000656100F0D5FC88B9104A15490C4840F288
:106210006B1303F069FB0C49124803F065FB40F275
:106220006B11BAE78A42CBD01268C8E73046BDE8A6
:106230007040FFF705B800BF35D9010007E0010045
:10624000E5B40100C6D9010038480020A0B601001D
:10625000CDB60100E2B60100104800202848002019
:10626000F8B601000FB701002DE9F04106460C46D3
:10627000EFF3058777B13449344A354840F2464355
:1062800003F032FB334803F02FFB304840F2464125
:1062900003F013FB50EA010304D1FFF755FF002080
:1062A000BDE8F081EFF31188202383F31288BFF358
:1062B0006F8F294800F06EFC60B9284A28492448AD
:1062C000882303F011FB2449264803F00DFB8821A5
:1062D0002248DDE7244D204800F080FC234BA868CD
:1062E0001860FEF7C7FFA8682149234632461830D8
:1062F00000F0EAFCAA68537B43F00403044653739E
:10630000154800F055FC68B9144A1A49104840F283
:106310006B1303F0E9FA1049174803F0E5FA40F26D
:106320006B11D5E74046FEF78BFFAB68D3E90A2334
:10633000B3F1004F08BFBA42B1D104F04DF9201AB1
:1063400020EAE070ACE700BF35D9010007E00100AA
:10635000E5B40100C6D9010038480020A0B601000C
:10636000CDB60100E2B60100104800203C480020F4
:1063700067A50100F8B601000FB7010010B5064C83
:10638000049AA368C3F8A020FFF7DEFEA3680020EC
:10639000C3F8A00010BD00BF1048002070B504462F
:1063A0000E46EFF3058575B11A491B4A1B484FF499
:1063B0008E6303F099FA1A4803F096FA16484FF4E0
:1063C0008E6103F07AFAFFF74FFFB6F1FF3F08BF87
:1063D000B4F1FF3F0246204616D047F6FF704FF457
:1063E0007A7403462946C2FB0431B3F5004F71F1BC
:1063F00000020AD36FF400429A4243F6FF728A41C8
:1064000005D3D80B40EA414070BD2846FCE76FF049
:106410000040F9E735D9010007E00100E5B40100CB
:10642000C6D9010010B5064C049AA368C3F8A02091
:10643000FFF7B4FFA3680022C3F8A02010BD00BF7F
:10644000104800200C490D4A38B500244FF400458F
:106450008C462146C0FB05C100236046F5F7D0FFFE
:10646000C117FFF701FF054A47F6FF73C0FB02346F
:10647000DB0B43EA444038BD3F420F0040420F006F
:1064800010B5064C049AA368C3F8A020FFF7DAFF02
:10649000A3680022C3F8A02010BD00BF1048002050
:1064A00038B50446EFF31185202383F31288BFF338
:1064B0006F8F204800F06EFB68B91F4A1F492048C3
:1064C000882303F011FA1B491E4803F00DFA8821B6
:1064D000194803F0F2F9174800F080FB637B5B0773
:1064E00010D504F1180000F0CBFC637B23F004030B
:1064F00020466373FEF72CFF29460E48BDE838405E
:10650000FFF760BB0B4800F053FB68B90A4A0E491D
:106510000B4840F2311303F0E7F906490B4803F04A
:10652000E3F940F23111D3E785F31188BFF36F8FA0
:1065300038BD00BF38480020A0B60100CDB601002C
:10654000E5B40100E2B60100F8B601000FB70100A2
:1065500070B50F4E069AB3680546C3F8A02004F044
:10656000ACF8294603F0C7FF044648B109480A4A77
:10657000452103F06FFAB368D3F8A00003F088FA5E
:106580002846FFF78DFFB368C3F8A040204670BDD2
:106590001048002039C9010002E30100014B98684E
:1065A000704700BF10480020024B98680023C0F8D5
:1065B000A0307047104800202DE9F8430446077BBF
:1065C000EFF31185202383F31288BFF36F8F824886
:1065D00000F0E0FA68B9814A81498248882303F0D3
:1065E00083F97D49804803F07FF988217B4803F0D7
:1065F00064F9794800F0F2FA637B190717D57648F9
:1066000000F0D6FA68B9754A7849764840F23113F5
:1066100003F06AF97049764803F066F940F23111E7
:10662000E4E785F31188BFF36F8FBDE8F883D909DC
:1066300043F0080240F08D806273A36813B12046D6
:10664000FEF76AFE04F1180000F01AFCA66D04F1D2
:106650005808B04511D04FF0000976B13046FEF72A
:106660005BFE06F1180000F00BFCC6F8AC9030465B
:10667000FEF76EFEA66DB045EFD1DFF87881D8F851
:1066800008309C427AD1EFF30589B9F1000918BFAF
:106690004FF00109D8F81860574A964200D00EB959
:1066A000D8F80C60B34202D0304600F0E7F920463B
:1066B000C8F8146001F06AFA204601F0D1FDD4F860
:1066C0009C0004F05DF8204604F05AF8B9F1000F80
:1066D00002D04A48FEF7A2FDD8F808309C4260D1AB
:1066E000EFF30586002E5CD1237BDA071FD53A48ED
:1066F00000F05EFA002886D085F31188BFF36F8F13
:1067000086F31188BFF36F8F0423184602DFEFF37F
:106710001185202383F31288BFF36F8F2E4800F07A
:1067200039FA00283FF457AF2B4800F057FA2A48AF
:1067300000F03EFA28BB294A2C492A4840F26B1344
:1067400003F0D2F824492A4803F0CEF840F26B1146
:106750004CE703F07F0343F008036373284B9C422C
:1067600008D12849284A1F48562303F0BDF856216E
:1067700025483CE7204603F0A2FE5EE74FF0000903
:1067800088E72846FEF75CFD20491F4A15484FF46C
:10679000DD7303F0A9F81E4803F0A6F84FF4DD718D
:1067A000E6E70D4800F004FA00283FF42CAF85F32B
:1067B0001188BFF36F8FFB077FF537AF124A15497A
:1067C000084840F2475303F08FF82146124803F07F
:1067D0008BF840F24751CBE738480020A0B60100C3
:1067E000CDB60100E5B40100E2B60100F8B6010043
:1067F0000FB701001048002028480020484500201D
:10680000D843002029E0010007E0010046E2010032
:1068100051E2010073E201007EE201002DE9F04146
:10682000044616461D46EFF31187202383F3128892
:10683000BFF36F8F3F4800F0ADF960B93E4A3F4962
:106840003F48882303F050F83A493E4803F04CF89B
:106850008821394823E0374800F0C0F9637B1B07E3
:1068600048D455EA060358D0DFF8DC80D8F8080091
:10687000A04255D0A26800F158039A4250D0EFF3DD
:10688000058373B13149324A2D4840F2695303F010
:106890002BF8304803F028F82D4840F2695103F0F6
:1068A0000CF804F1580103F036FEB5F1FF3F08BFC4
:1068B000B6F1FF3F07D0D8F80800274932462B46EB
:1068C000183000F001FA1B4800F072F968B91A4A52
:1068D00022491B4840F26B1303F006F81549204883
:1068E00003F002F840F26B11B3E73846BDE8F0411F
:1068F000FEF7A6BC00240F4800F05AF998B90E4ADA
:1069000016490F4840F2311302F0EEFF09491448CE
:1069100002F0EAFF40F231119BE76FF00F04EAE763
:106920006FF02C04E7E787F31188BFF36F8F2046E1
:10693000BDE8F08138480020A0B60100CDB60100C6
:10694000E5B40100E2B601001048002035D901008D
:1069500007E001009CE2010067A50100F8B6010014
:106960000FB70100F8B50B4FBB681546089AC3F87E
:10697000A02004460E4603F0AAFD48B932462B4635
:106980002046FFF74BFFBB680022C3F8A020F8BDEC
:106990000020F8E71048002038B50F4D069AAB6884
:1069A000C3F8A020044603F092FD28B9237BDB073F
:1069B00007D42046F8F700F9AB680020C3F8A00020
:1069C00038BD0648064A2346452103F043F8AB6824
:1069D000D3F8A00003F05CF810480020B1E20100F9
:1069E000ECE2010008B568B10F4B98420AD303F1FD
:1069F0001802904206D2C01A1822B0FBF2F302FB32
:106A000013034BB109490A480A4A382302F06CFFC4
:106A10000848382102F051FF074BC0105843074B7C
:106A200001221A5408BD00BF0046002086E3010081
:106A3000E5B401005EE30100ABAAAAAA2A4900203E
:106A4000C3897F2B12D80A4B1B6863B1094B90F99D
:106A50000E201B689A4209DB437BDB0606D1064BFE
:106A6000C31A18BF012303F0010070470023FAE79F
:106A70001C41002040480020D843002070B50E4B38
:106A80000E4C1E7C06EB460304EBC3040546204671
:106A900000F0F6F90A4B002228469A55FFF7D0FF7E
:106AA00048B1084B08491A68013A2046D317BDE897
:106AB000704000F009B970BD104800200046002069
:106AC0002A4900201C410020E569010038B5EFF398
:106AD0001185202383F31288BFF36F8F234800F0C2
:106AE00059F868B9224A23492348882302F0FCFE5A
:106AF0001E49224802F0F8FE88211D4802F0DDFE02
:106B00001A4800F06BF81E4B1E4A9C681068A042A1
:106B100013D1FFF7B3FF154800F04AF808BB144A39
:106B20001949154840F2311302F0DEFE0F491748AB
:106B300002F0DAFE40F23111DFE700211B7C116028
:106B4000134AD35C002BE6D02046FFF779FF0028DC
:106B5000E1D0637BDB0602D12046FEF763FC2046D2
:106B6000D7E785F31188BFF36F8F38BD3848002011
:106B7000A0B60100CDB60100E5B40100E2B6010007
:106B8000104800203C480020F8B601000FB7010073
:106B90002A490020006838B1044B1B7C00F0030038
:106BA000C01A18BF0120704701207047104800200C
:106BB000002302680360EFF30581074B19B1996860
:106BC000497BC90706D4197C98680843831A584240
:106BD000584170470120704710480020024B1A7C32
:106BE0009B68134303607047104800200A480B4A13
:106BF0000B4908B5121A03F0B7FB0A480A4A0B49B9
:106C0000121A03F0B1FB0A480A4A0B49BDE80840D2
:106C1000121A03F0A9BB00BF80400020F042002000
:106C2000D0360200000000200000002050F60100D5
:106C3000000000208040002050F60100024B186840
:106C4000984208BF0020704720410020034B1B687A
:106C50000BB9FBF73BB90020704700BF4448002048
:106C600030B570B10B4B5B6898420AD0036843B1F2
:106C7000D3E90421D0E90445121941EB0501C3E928
:106C80000421D0E9003213605A600023C0E90033C8
:106C900030BD00BF2041002070B50246FFF7CEFF97
:106CA0000849034600204D68014603B970BDD3E989
:106CB0000446001941EB06019342F7D09D42F5D0FE
:106CC0001B68F2E720410020B3F1FF3F08BFB2F19B
:106CD000FF3F2DE9F84F04469B4615461F4600F03E
:106CE000B280D0F80090B9F1000F0CD05749584A43
:106CF0005848722302F0F8FD574802F0F5FD544859
:106D0000722102F0DAFD8160EFF31188202383F312
:106D10001288BFF36F8F5148FFF73CFF824660B97E
:106D20004F4A50494B48882302F0DEFD4B494E48FC
:106D300002F0DAFD88214A48E3E74848FFF74EFFB2
:106D4000BBF1000F494A1FDBFFF780FF474A0135BF
:106D5000D2E900174BF1000B2D184BEBE073C4E99F
:106D600004536D18064643EB0707FFF767FFDFF88C
:106D700000E1DEF804900346EBB9C4E900E9C9F884
:106D80000040CEF8044028E0D2E900126FF0010381
:106D90005B1A4FF0FF3161EB02025B1B62EB0B02EF
:106DA000012B72F10001BCBF01234A46C4E9043241
:106DB0004FF0000AD9E7D3E9041CD4E904208A4241
:106DC00070EB0C0B2EDA891A5A686CEB0000C3E9E1
:106DD0000410C4E9003214605C60FFF72FFF8442A6
:106DE0000ED1244B1B685BB9BAF1000F02D1FFF73B
:106DF0002DFF0646304603F0D8FB0021FBF740F894
:106E00001648FFF7D5FEB0B9154A1B49114840F2A4
:106E1000311302F069FD1149184802F065FD40F296
:106E2000311188E7521A60EB0C009945C4E904203F
:106E3000A3D01B68A0E788F31188BFF36F8F2846A3
:106E40003946BDE8F88F00252F46F8E75BE50100DD
:106E500037E50100E5B40100C6D90100484800202B
:106E6000A0B60100CDB60100E2B601001846002030
:106E70002041002044480020F8B601000FB701006F
:106E800070B50446EFF31186202383F31288BFF315
:106E90006F8F2348FFF77EFE68B9224A22492348B4
:106EA000882302F021FD1E49214802F01DFD8821A2
:106EB0001C4802F002FD1A48FFF790FE236833B326
:106EC000FFF7BCFE05462046FFF7CAFE00224FF042
:106ED0000043A542C4E9042306D1FFF7B7FE03F03F
:106EE00064FB0021FAF7CCFF00240D48FFF760FE99
:106EF00080B90C4A0F490D4840F2311302F0F4FCFE
:106F000007490D4802F0F0FC40F23111D0E76FF074
:106F10001504EAE786F31188BFF36F8F204670BD32
:106F200048480020A0B60100CDB60100E5B401003C
:106F3000E2B60100F8B601000FB7010070B50546D2
:106F4000EFF31186202383F31288BFF36F8F1E485F
:106F5000FFF720FE68B91D4A1D491E48882302F02C
:106F6000C3FC19491C4802F0BFFC8821174802F0F5
:106F7000A4FC1548FFF732FE2C68DCB12846FFF769
:106F80008BFE04460D46FFF761FE241A65EBE075A3
:106F90000D48FFF70DFE78B90C4A10490D4840F234
:106FA000311302F0A1FC08490D4802F09DFC40F2AB
:106FB0003111DBE72546EBE786F31188BFF36F8FCE
:106FC0002046294670BD00BF48480020A0B60100F9
:106FD000CDB60100E5B40100E2B60100F8B601004B
:106FE0000FB70100F8B50546EFF31187202383F3AF
:106FF0001288BFF36F8F1D48FFF7CCFD68B91C4A9C
:107000001C491D48882302F06FFC18491B4802F0F8
:107010006BFC8821164802F050FC1448FFF7DEFD97
:10702000174BD3E900462B6833B12846FFF734FEEF
:107030002018044646EB01060C48FFF7B9FD68B975
:107040000B4A10490C4840F2311302F04DFC07493D
:107050000D4802F049FC40F23111DBE787F311885B
:10706000BFF36F8F20463146F8BD00BF484800206F
:10707000A0B60100CDB60100E5B40100E2B6010002
:1070800018460020F8B601000FB701002DE9F047BF
:107090000446EFF31188202383F31288BFF36F8F28
:1070A0004448FFF777FD68B9434A44494448882378
:1070B00002F01AFC3F49434802F016FC88213E4882
:1070C00002F0FBFBDFF800913A48DFF800A1FFF780
:1070D00085FDC9F80040FFF7B1FD002604460027F2
:1070E000D9F80030DAE900C0D91754B1D4E9045214
:1070F000AB4271EB020E20DAED1A62EB0102C4E939
:10710000045213EB0C034FF0000440EB0101204646
:10711000CAE90031C9F8004003F047FA2146FAF7FE
:10712000AFFE2448FFF744FDB0B188F31188BFF3E8
:107130006F8FBDE8F047FFF7C9BC15EB0C0340EBC0
:10714000E570CAE90030C4E904672046FFF788FD0E
:107150001848FFF72DFD68B9174A1D49184840F235
:10716000311302F0C1FB13491A4802F0BDFB40F293
:107170003111A4E788F31188BFF36F8FA36820460D
:107180009847EFF31188202383F31288BFF36F8FA2
:107190000848FFF7FFFC002886D00648FFF71EFDD1
:1071A000D9F800305B1BC9F80030FFF747FD0446F3
:1071B00096E700BF48480020A0B60100CDB6010008
:1071C000E5B40100E2B60100444800201846002062
:1071D000F8B601000FB7010070B5EFF31186202358
:1071E00083F31288BFF36F8F1A48FFF7D3FC68B997
:1071F000194A1A491A48882302F076FB154919489A
:1072000002F072FB8821144802F057FB1148FFF787
:10721000E5FCFFF71BFD144AD2E90045041945EBD4
:10722000E0750C48FFF7C4FC68B90B4A0F490C48DD
:1072300040F2311302F058FB06490D4802F054FBAE
:1072400040F23111DFE786F31188BFF36F8F2046DC
:10725000294670BD48480020A0B60100CDB6010007
:10726000E5B40100E2B6010018460020F8B60100BE
:107270000FB70100F7B5154D0A9AAB68C3F8A02007
:107280000446FFF7A9FF14F1090F07460E460ED971
:107290000F4B019308230F4800930F4A23464521C3
:1072A00002F0D8FBAB68D3F8A00002F0F1FB01229A
:1072B0000821204602F032FC0028E9D1C4E900761A
:1072C000AA68C2F8A00003B0F0BD00BF10480020BB
:1072D0007FB8010034B801007BE501002DE9F84FCB
:1072E00005460C46924603F0DBF8002864D1344B87
:1072F0009B68D3F8A460002E5ED06F1E3D420BD079
:107300003049314A3148172302F0EEFA304802F092
:10731000EBFA17212C481CE004344DD245F0040B45
:1073200006F11408EFF31189202383F31288BFF3C9
:107330006F8F4046FFF72EFC68B9264A264923483E
:10734000882302F0D1FA4146244802F0CDFA882180
:10735000204802F0B2FA4046FFF740FC2246594668
:107360003046D04704464046FFF722FC68B9194A28
:107370001B49164840F2311302F0B6FA414619484B
:1073800002F0B2FA40F23111E2E789F31188BFF35B
:107390006F8F8CB144F8046B7DB13C420DD00A4A2A
:1073A00011490A48342302F09FFA21460F482A4621
:1073B00002F09AFA3421ADE700242046BDE8F88FA8
:1073C000104800209CB5010091E50100E5B40100E2
:1073D000B7B50100A0B60100CDB60100E2B60100CC
:1073E000F8B601000FB70100B5E50100E7E50100BF
:1073F000014AFFF773BF00BF89CB00000146024A74
:107400000020FFF76BBF00BFF59601002DE9F84F94
:10741000894603F052F9002800F0878083790F2B0A
:1074200040F08380D0F80880B8F1000F7DD008F1DB
:107430000806EFF3118B4FF0200A8AF31288BFF38E
:107440006F8F3046FFF7A6FB60B9394A39493A4891
:10745000882302F049FA3146384802F045FA88217B
:1074600033481AE03046FFF7B9FB00252F46EFF30B
:1074700011838AF31288BFF36F8F83F31188BFF3F0
:107480006F8F63B92E492F4A2B48A62302F02CFA9E
:107490002D4802F029FAA6212A4802F00EFAD8F85F
:1074A0000040A04522D00CB3A3683BB92749254A28
:1074B00021488F2302F018FA8F21EDE7D4E900323A
:1074C00013605A60637BA76023F00203C4E900776E
:1074D000637304F11800FFF7D3FCC4F8AC702046C6
:1074E0000135FEF719F8B9F1000FC0D1C5B9304622
:1074F000FFF75EFB68B90E4A15490F4840F2311399
:1075000002F0F2F93146134802F0EEF940F231117F
:10751000A6E78BF31188BFF36F8F2846BDE8F88F7D
:1075200059463046FEF74EFBF7E76FF01500F5E7DA
:10753000A0B60100CDB60100E5B40100E2B601003D
:10754000AED9010083D90100C6D90100C9D9010013
:10755000F8B601000FB7010073B5134E089AB3686F
:10756000C3F8A020431D0446CDB211D90F4B01939F
:1075700004230F4800930F4A2346452102F06AFA7C
:107580006FF00C00B3680022C3F8A02002B070BDF9
:107590000122042102F0C2FA0028E7D12946204640
:1075A000FFF734FFEEE700BF104800207FB801006E
:1075B00034B8010023E601002DE9F34180460C4672
:1075C00017461E4603F079F8002839D083790F2B2F
:1075D00036D18568A5B3BFF35B8FD8F80030BFF311
:1075E0005B8F9C422FD105F10804EFF31188202313
:1075F00083F31288BFF36F8F2046FFF7CBFA68B989
:10760000124A13491348882302F06EF912482146A2
:1076100002F06AF90D48882102F04FF92046FFF781
:10762000DDFACDE900762A4641462046FEF76EF99E
:1076300010F10B0F08BF6FF0730002B0BDE8F081CE
:107640006FF01500F9E76FF00A00F6E7A0B6010049
:10765000CDB60100E5B40100E2B601002DE9F34129
:10766000DFF858801E46D8F8083017460A9AC3F843
:10767000A020431D04460D4613D9114B019304234A
:1076800010480093104A2346452102F0E3F96FF0B9
:107690000C00D8F808300022C3F8A02002B0BDE8E2
:1076A000F0810122042102F039FA0028E5D13A469E
:1076B000334629462046FFF77FFFEAE710480020BF
:1076C0007FB8010034B801000FE60100F0B50A46AA
:1076D00085B031B92248452102F0BCF9002005B03F
:1076E000F0BD89681368CC000FD401F0E064B4F1F8
:1076F000007F04D001F0A061B1F1807F05D119486D
:107700001A46452102F0A6F9E8E7516821B9164862
:10771000452102F09FF9E1E7CF189F4206D990F882
:10772000C8C00024644507DB0120D8E700910F485A
:10773000452102F08FF9D1E7466876B10568BD4270
:107740000BD206EB050E9E4507D90091CDE90156F7
:107750000748452102F07EF9C0E701340C30E1E72B
:1077600037E601005AE6010090E60100C0E601009C
:1077700004E7010010B558B91249134A13484FF4F1
:10778000847302F0B1F84FF484710F4802F095F859
:1077900049B90F490C4A0D4840F2091302F0A4F808
:1077A00040F20911F1E7D0F8C42000F1C004C1E9AA
:1077B000244201F190031360C0F8C430C1F898006E
:1077C000002010BD77E7010050E70100E5B401009B
:1077D0008DE7010008B5034658B90A490A480B4A23
:1077E00040F21B1302F080F8084840F21B1102F02F
:1077F00064F8D0E9242100200A605160C3E9240024
:1078000008BD00BF8DE70100E5B4010050E70100AD
:107810002DE9F0470F461646044628B199B142B902
:107820003B48452102F016F96FF015042046BDE8EB
:10783000F087384B1B788B4205D20A4636484521E3
:1078400002F008F9F0E7EFF31188202383F31288A0
:10785000BFF36F8F3148FFF79DF968B9304A31495E
:107860003148882302F040F82C49304802F03CF8B7
:1078700088212B4802F021F828480025FFF7AEF9AF
:1078800084F8C850C0222946204602F0C0F904F10D
:10789000C003C4E930339FB34FF00C09B246204611
:1078A000DAF800100436FFF711FFD0B9DAF800302B
:1078B0001F482A46452102F0CDF86FF015041748FD
:1078C000FFF776F9F0B9164A1A49174840F2311312
:1078D00002F00AF81149184802F006F840F2311196
:1078E000C7E756F8042C07CA09FB054383E80700DD
:1078F00094F8C83001350133BD4284F8C830CDD387
:107900000024DCE788F31188BFF36F8F8EE700BF98
:10791000A3E701002B490020D5E70100184900200A
:10792000A0B60100CDB60100E5B40100E2B6010049
:1079300014E80100F8B601000FB70100F8B50D46D4
:10794000044638B1FFF7C2FE40B92F482A46452108
:1079500002F080F86FF015042046F8BDEFF31186B1
:10796000202383F31288BFF36F8F2848FFF712F9A3
:1079700068B9274A27492848882301F0B5FF2349D9
:10798000264801F0B1FF8821214801F096FF1F48E9
:10799000FFF724F9224B18780022271D4FF00C0C1A
:1079A000904217DC1F48452102F054F86FF01B0489
:1079B0001648FFF7FDF808BB154A1B49164840F268
:1079C000311301F091FF1149184801F08DFF40F289
:1079D0003111D9E70CFB02F17B580BB10132DFE723
:1079E00028686050621869685160A968916094F8CD
:1079F000C820013284F8C8201C46D9E786F31188D4
:107A0000BFF36F8FA8E700BF39E8010018490020D5
:107A1000A0B60100CDB60100E5B40100E2B6010058
:107A20002B49002053E80100F8B601000FB7010010
:107A300008B502F06EF81D4BC0B2102818700ED9B0
:107A40001B491C4A1C4840F2611301F04DFF1B48C2
:107A500001F04AFF40F26111164801F02EFF0022AA
:107A600017481146FFF7D4FE60B11649114A124873
:107A70004FF4B27301F038FF134801F035FF4FF4B3
:107A8000B271E9E711490E48FFF758FF60B10D499F
:107A9000084A094840F2691301F026FF0C4801F03A
:107AA00023FF40F26911D7E708BD00BF2B49002032
:107AB0007AE8010050E70100E5B40100C6D90100F1
:107AC0004C4800208FE8010098E801003C4100206C
:107AD000BCE8010038B50446EFF31185202383F399
:107AE0001288BFF36F8F1F48FFF754F860B91E4A22
:107AF0001E491F48882301F0F7FE1A491D4801F06E
:107B0000F3FE8821184814E01648FFF767F81A4B6F
:107B10009B682146D3F89800FFF72CFE58B117490F
:107B20001348174A40F22F1301F0DEFE144840F2CA
:107B30002F1101F0C2FE0B48FFF73AF868B90A4A64
:107B400010490B4840F2311301F0CEFE05490E48B2
:107B500001F0CAFE40F23111D4E785F31188BFF37A
:107B60006F8F38BD18490020A0B60100CDB60100C6
:107B7000E5B40100E2B60100104800208FE80100E2
:107B800050E70100F8B601000FB7010038B5044610
:107B9000EFF31185202383F31288BFF36F8F1D4805
:107BA000FEF7F8FF60B91C4A1C491D48882301F004
:107BB0009BFE18491B4801F097FE8821164810E0EB
:107BC0001448FFF70BF82046FFF704FE58B116499A
:107BD0001348164A40F23D1301F086FE134840F266
:107BE0003D1101F06AFE0B48FEF7E2FF68B90A4A50
:107BF0000F490B4840F2311301F076FE05490D485C
:107C000001F072FE40F23111D8E785F31188BFF31D
:107C10006F8F38BD18490020A0B60100CDB6010015
:107C2000E5B40100E2B601008FE8010050E7010071
:107C3000F8B601000FB7010038B5064C064DAC424E
:107C400001D3002038BD626854F8080B002101F010
:107C5000DEFFF4E790AB0100A8AB01002DE9F8438B
:107C60000E460546182130461746FFF7C1FB04466D
:107C700020B10B2D77D127B902F0FAFC0020BDE826
:107C8000F883022F12D87B0007F58169013B3E463D
:107C90004FF00108B3FBF6F306FB039949460820B1
:107CA000FFF7A6FB6061B0B92046E5E77B1EB3FA9B
:107CB00083F30126C3F1200306FA03F35A1EB2FA36
:107CC00082F2C2F120029640334406F58169013BFD
:107CD0004FF00008DEE7A9F108028318586040F869
:107CE0000290A36060697B1EB8F1000F30D0022FB4
:107CF00007D9B3FA83F3C3F12003012202FA03F395
:107D0000013B00F580601844B0FBF6F070430021A1
:107D10002060A571E1710222201D01F078FFEFF3D0
:107D20001185202383F31288BFF36F8F2748FEF756
:107D300031FF38BB264A27492748882301F0D4FD64
:107D40002249264801F0D0FD8821214801F0B5FDE7
:107D5000022FCED9B3FA83F3C3F12003012202FA32
:107D600003F3013BC5E7AB1EDBB20E2B9ABF1C4AE7
:107D7000D15C202139443046FFF73AFB606100288E
:107D8000C5D191E71148FEF729FF164A0F485168FF
:107D900004F10C03C4E903210B605360FEF708FFF4
:107DA00068B90B4A10490C4840F2311301F09CFDB0
:107DB00006490E4801F098FD40F23111C5E785F300
:107DC0001188BFF36F8F204659E700BF204900207C
:107DD000A0B60100CDB60100E5B40100E2B6010095
:107DE000FDF0010028410020F8B601000FB70100A6
:107DF00070B504460D46EFF31186202383F31288F5
:107E0000BFF36F8F3448FEF7C5FE60B9334A34497B
:107E10003448882301F068FD2F49334801F064FDA0
:107E200088212E4848E02C48FEF7D8FE6809211D1D
:107E300005F01F0551F820300122AA4023EA020371
:107E400041F82030E3795A0717D5A30727D12379C2
:107E50009BB963798BB9A379022B2FD0082B31D032
:107E6000D4E9033213605A6000236069C4E9033324
:107E700002F0FEFB204602F0FBFB1748FEF798FEDF
:107E800020BB164A1949174840F2311301F02CFD66
:107E90001149174801F028FD40F23111C1E7154999
:107EA000154A10484FF4117301F01EFD134801F0FC
:107EB0001BFD11484FF4117101F0FFFC206802F026
:107EC000AFFCCDE7206802F0F3FCC9E786F3118828
:107ED000BFF36F8F70BD00BF1C490020A0B601002A
:107EE000CDB60100E5B40100E2B60100F8B601002C
:107EF0000FB701000DE90100E7E8010043E90100C7
:107F000008B50348452101F0A5FD049801F0C0FD26
:107F100058E9010008B502464521034801F09AFDE1
:107F2000049801F0B5FD00BF77E9010070B5054682
:107F3000EFF31186202383F31288BFF36F8F21485C
:107F4000FEF728FE68B9204A20492148882301F01D
:107F5000CBFC1C491F4801F0C7FC88211A4801F0DE
:107F6000ACFC1848FEF73AFE1B4B1C689C420ED036
:107F700004B10C3C5B686CB12268AA420AD004F1DF
:107F80000C02934205D0E46824B10C3CF4E70024D1
:107F9000F0E700240B48FEF70BFE68B90A4A0F49C8
:107FA0000B4840F2311301F09FFC06490C4801F0E8
:107FB0009BFC40F23111D1E786F31188BFF36F8F3C
:107FC000204670BD20490020A0B60100CDB60100BA
:107FD000E5B40100E2B6010028410020F8B6010036
:107FE0000FB7010069289ABF024B53F820000248DE
:107FF000704700BFACAE01009BE9010008B502F07C
:108000005CFB60B90E490F4A0F487D2301F06CFC00
:108010000E4801F069FC7D210A4801F04EFC83798D
:108020000B2B0AD00A49074A07487E2301F05CFC63
:10803000084801F059FC7E21EEE78368586808BDC6
:108040009DE90100E7E80100E5B40100B0E90100A5
:10805000C9E90100F1E901002DE9F84305460E46A2
:10806000F4F76AF9EFF31189202383F31288BFF341
:108070006F8F2748FEF78EFD68B9264A26492748A4
:10808000882301F031FC2249254801F02DFC88218C
:10809000204801F012FC234F1D48FEF79FFD386871
:1080A000B8421BD0D0B17B6883422FD0046804B1A2
:1080B0000C3C31460C38A84744B90FE0E36853B193
:1080C00020463146A3F10C08A84744467A6804F1DB
:1080D0000C039A42F2D131462046A8470C48FEF7DD
:1080E00067FD68B90B4A10490C4840F2311301F0A2
:1080F000FBFB07490D4801F0F7FB40F23111C7E7E0
:1081000089F31188BFF36F8FBDE8F8830024D0E7AF
:1081100020490020A0B60100CDB60100E5B4010061
:10812000E2B6010028410020F8B601000FB70100B7
:10813000014610B504460648FFF78EFFE2080549E0
:1081400004F00704885C0123A34003438B5410BD53
:10815000B7A601002042002030B585B00D46044688
:1081600002F0B6FA0190284602F0B2FA019B013300
:10817000CDE9020405D0013003D0034801A9FFF77F
:108180006BFF05B030BD00BF7FA60100F8B5431EF0
:10819000682B04460E4605D902462B48452101F0BE
:1081A00059FC42E00C2808D003D809280CD000253F
:1081B00020E0A0F10E03012BF9D82046FFF712FFB3
:1081C000452102462148EAE7214A1078F8B190FAA1
:1081D000A0F3B3FA83F3002501332F46013B0121BD
:1081E0001D4401FA03F320EA0300D055294619483B
:1081F000FFF732FF324604212046FFF72FFD0646E7
:10820000A8B9092C11D12846FFF792FF0DE050784C
:1082100038B190FAA0F3B3FA83F3013308250127AC
:10822000DCE70D48452101F015FC0020F8BD0B4BA3
:10823000092C08BF8560996802F053FAF379306819
:1082400043F00403F371F1E704EA010046EA010098
:1082500020420020B7A6010026EA010010480020B5
:1082600008B502F035FA431C014604D0BDE80840C9
:108270000148FFF7F1BE08BDB7A6010037B50546B6
:1082800015F1090F144618462AD015F1080F06DA21
:1082900015F1700F43D016353DD003B030BD013518
:1082A000FBD1244DA86802F013FA0146A079AA6810
:1082B000FFF798FE54F8043BCDE900030B461E4837
:1082C000452101F0C7FB1D4A1D48452101F0C2FBB5
:1082D00002222146012003B0BDE83040F6F710B875
:1082E000FFF780FE0A4603464521164801F0B2FB1F
:1082F00034B91548452103B0BDE8304001F0AABBB0
:10830000A079FFF76FFE02461048452103B0BDE893
:10831000304001F09FBB0A460D484521F6E7FFF7C4
:1083200061FE03460B480A46452103B0BDE83040D4
:1083300001F090BB10480020D2EA010008EB0100D8
:108340001AEB010070EA01008AEA0100B4EA0100B8
:1083500022EB010045EB010038B51546044660B339
:1083600011B183798B4228D1E3799A070AD5E5B117
:10837000013525D1E37913F0010F0CBF00206FF018
:108380006F0019E00F4B986802F0A2F9431C13D05C
:108390004209231D00F01F0053F8222001238340CF
:1083A0001342E4D14FF0FF3006E0E37913F0010F00
:1083B00014BF00206FF0150038BD6FF00800FBE718
:1083C0000020F9E710480020D142F7B507460C46D7
:1083D00015460CD30F4B104A1048CDE900534521E8
:1083E000234601F037FB0E26304603B0F0BD1AB12C
:1083F000CB43013A9342EDD900222946204601F0B1
:108400008DFB06460028E5D12A462146384601F074
:10841000F3FBE9E702EC01000CF1010034B80100C4
:10842000D042F7B504460F4615460CD30F4B104A01
:108430001048CDE900534521234601F00BFB0E26E1
:10844000304603B0F0BD1AB1C343013A9342EDD9AF
:1084500001222946204601F061FB06460028E5D1AD
:108460002A463946204601F0C7FBE9E77FB80100FC
:108470000CF1010034B80100F7B50E46144605466C
:1084800001AA21463046F6F76BF8019F0346CFB9A3
:10849000A04206D10C483246452101F0DBFA1620F5
:1084A00009E0441C09D22846254422463146FFF7FC
:1084B0008BFF05F8017C03B0F0BD0448452101F0B5
:1084C000C9FAECE70E20F6E785EB0100A3EB01000B
:1084D000014801F067B900BF16F1010038B50D4C35
:1084E0000D4DAC4213D90D490D4A0E48252301F01C
:1084F000FBF90D4801F0F8F90948252101F0DDF9F3
:10850000D4E90112204602F044F91834E9E7F7D320
:10851000002038BD5441002054410020A5F1010045
:108520003EF10100E5B4010008D70100F8B50546A9
:108530000E4600F11404EFF31187202383F3128811
:10854000BFF36F8F2046FEF725FB68B91B4A1C4915
:108550001C48882301F0C8F921461B4801F0C4F9E2
:108560008821164801F0A9F92046FEF737FB284676
:108570003146F4F7C3FA05F10C0002F002F828B115
:1085800039462046BDE8F840FDF71CBB2046FEF703
:108590000FFB68B9094A0D490A4840F2311301F04E
:1085A000A3F921460A4801F09FF940F23111D8E7BA
:1085B00087F31188BFF36F8FF8BD00BFA0B601002D
:1085C000CDB60100E5B40100E2B60100F8B6010045
:1085D0000FB7010008B583684BB90B490B480C4A2B
:1085E0008F2301F081F90A488F2101F066F9D0E963
:1085F000003213605A60427B0023C0E9003322F04E
:1086000002024273836008BDC9D90100E5B40100CC
:1086100083D9010070B504460D46164602F04DF8A8
:108620004FF0FF32214602F0BEF830B932462946FB
:108630002046BDE8704002F0D8B80548054A4521FB
:1086400001F008FA044B9B68D3F8A00001F020FA6F
:1086500039C90100DBF201001048002038B5064C92
:10866000069DA368C3F8A050FFF7D4FFA3680022BB
:10867000C3F8A02038BD00BF104800202DE9F34703
:108680000446894617461E46EFF3058373B152EA46
:1086900006030BD05649574A5748822301F024F964
:1086A000564801F021F98221524819E004F10805E9
:1086B000EFF311884FF0200A8AF31288BFF36F8F0F
:1086C0002846FEF767FA68B94D4A4E494A4888235A
:1086D00001F00AF929464C4801F006F9882148487A
:1086E00001F0EBF82846FEF779FA626A23699A42AC
:1086F00066D2EFF311838AF31288BFF36F8F83F38F
:108700001188BFF36F8F5BB94049414A3A48A623AD
:1087100001F0EAF8394801F0E7F83D48A621DFE723
:108720002668B4421AD0CEB13046FFF753FF06F1A7
:108730001800FEF7A5FBE26830694946002401F005
:108740005BFA3046C6F8AC40FCF7E6FE41462846E8
:10875000FDF738FA204602B0BDE8F087206A636969
:10876000984202D3A369984207D32A49214A224852
:108770009A2301F0B9F89A2196E7E268494601F098
:108780003BFA236AE2681344A2692362934204BF5E
:1087900063692362636A0133636200242846FEF73B
:1087A00007FA00BB164A1C49134840F2311301F086
:1087B0009BF82946194801F097F840F231118EE7ED
:1087C00057EA06030CD0164B9B682246C3F810905C
:1087D0004146CDE900762846FDF798F80446B9E70A
:1087E0006FF02204DAE788F31188BFF36F8FB1E7E7
:1087F00060F10100BEF10100E5B40100C6D901003D
:10880000A0B60100CDB60100E2B60100AED901006C
:1088100083D90100E0F10100F8B601000FB70100B3
:10882000104800202DE9F7431F4E9846B368914643
:108830000C9AC3F8A02005460C4601F03EFF00222A
:10884000294601F0B0FF68B9E968CC4214D3174B50
:108850000193EB680093164A16482346452101F020
:10886000F9F804E0124A1448452101F0F3F8B3681E
:10887000D3F8A00001F00CF919B1E3434A1E93426A
:10888000E5D90022204601F049F907460028DED14B
:1088900043464A4621462846FFF7F0FEB368C3F830
:1088A000A07003B0BDE8F0831048002002EC010086
:1088B000C9F2010034B8010039C9010073B51C4E7A
:1088C000089AB3680546C3F8A0200C4601F0F5FEEF
:1088D0000022294601F067FF68B914F10D0F14D981
:1088E000144B01930C230093134A1448234645214B
:1088F00001F0B0F804E0104A1148452101F0AAF84F
:10890000B368D3F8A00001F0C3F801220C2120467F
:1089100001F004F90028E3D1EA6822602A69626064
:108920006A6AA260B268C2F8A00002B070BD00BF5F
:10893000104800207FB80100B1F2010034B80100F6
:1089400039C901002DE9F7430446884617461D46FC
:10895000EFF3058373B152EA05030BD05D495E4A1C
:108960005E48DE2300F0C0FF5D4800F0BDFFDE2161
:10897000594818E004F10806EFF31189202383F326
:108980001288BFF36F8F3046FEF704F968B9554A75
:1089900055495248882300F0A7FF3146534800F05C
:1089A000A3FF88214F4800F088FF3046FEF716F9F4
:1089B000636A002B62D0E268E169404601F01CF96D
:1089C000E369E2681344A269E361934204BF636907
:1089D000E361636A013B6362EFF31183202282F358
:1089E0001288BFF36F8F83F31188BFF36F8F5BB96A
:1089F0003F49404A3948A62300F076FF384800F046
:108A000073FF3C48A621CEE72568AC4246D0002D36
:108A100045D02846FFF7DEFD05F11800FEF730FAD5
:108A2000206A6369984202D3A369984207D3324906
:108A3000294A2A48F82300F057FFF82198E72969C6
:108A4000E26801F0D9F8236AE2681344A26923625C
:108A5000934204BF63692362636A01336362002443
:108A60002846C5F8AC40FCF757FD49463046FDF7AF
:108A7000A9F82546284603B0BDE8F08357EA050368
:108A80001FD01E4B9B682246C3F810804946CDE993
:108A900000753046FCF73AFF0546EBE70025304607
:108AA000FEF786F880B90F4A15490C4840F2311399
:108AB00000F01AFF3146134800F016FF40F2311162
:108AC00070E76FF02205EAE789F31188BFF36F8F33
:108AD000D0E700BF60F10100BEF10100E5B4010084
:108AE000C6D90100A0B60100CDB60100E2B6010072
:108AF000AED9010083D90100E0F101001048002047
:108B0000F8B601000FB701002DE9F7431F4E984654
:108B1000B36891460C9AC3F8A02005460C4601F0B4
:108B2000CCFD0022294601F03EFE68B9E968CC423E
:108B300014D3174B0193EB680093164A164823464B
:108B4000452100F087FF04E0124A1448452100F057
:108B500081FFB368D3F8A00000F09AFF19B1E34396
:108B60004A1E9342E5D90122204600F0D7FF07466E
:108B70000028DED143464A4621462846FFF7E2FE5A
:108B8000B368C3F8A07003B0BDE8F08310480020BC
:108B90007FB801009FF2010034B8010039C901001B
:108BA000F8B504460E4600F10805EFF311872023BF
:108BB00083F31288BFF36F8F2846FDF7EBFF68B988
:108BC000194A1A491A48882300F08EFE2946194886
:108BD00000F08AFE8821144800F06FFE2846FDF759
:108BE000FDFF636ABBB1E268E169304601F004F859
:108BF00000242846FDF7DCFF80B90B4A0E490C48DB
:108C000040F2311300F070FE29460C4800F06CFE73
:108C100040F23111DFE76FF02204EAE787F31188B1
:108C2000BFF36F8F2046F8BDA0B60100CDB601009E
:108C3000E5B40100E2B60100F8B601000FB701008B
:108C4000F7B51D4E0A9AB3680546C3F8A0200C4636
:108C500001F033FD0022294601F0A5FD68B9E9685D
:108C6000CC4214D3154B0193EB680093144A15487A
:108C70002346452100F0EEFE04E0114A124845214A
:108C800000F0E8FEB368D3F8A00000F001FF19B1CE
:108C9000E3434A1E9342E5D90122204600F03EFFFD
:108CA00007460028DED121462846FFF779FFB36842
:108CB000C3F8A07003B0F0BD104800207FB80100D9
:108CC0008CF2010034B8010039C901002DE9F843E4
:108CD00004468846154600F10806EFF31189202363
:108CE00083F31288BFF36F8F3046FDF753FF68B9E7
:108CF0001E4A1F491F48882300F0F6FD31461E48D2
:108D000000F0F2FD8821194800F0D7FD3046FDF74C
:108D100065FF636AAB421FD9D4E90671E2687F1A26
:108D20005543AF429CBF6169ED1B2944404600F0AA
:108D300063FF00243046FDF73BFF80B90B4A0F4923
:108D40000C4840F2311300F0CFFD31460C4800F0E2
:108D5000CBFD40F23111D6E76FF02204EAE789F348
:108D60001188BFF36F8F2046BDE8F883A0B60100DD
:108D7000CDB60100E5B40100E2B60100F8B601008D
:108D80000FB701002DE9F3411E4EB36890460A9AD1
:108D9000C3F8A02005460C4601F08FFC00222946AE
:108DA00001F001FD68B9E968CC4214D3164B019378
:108DB000EB680093154A16482346452100F04AFE09
:108DC00004E0124A1348452100F044FEB368D3F88A
:108DD000A00000F05DFE19B1E3434A1E9342E5D9BD
:108DE0000122204600F09AFE07460028DED14246C6
:108DF00021462846FFF76AFFB368C3F8A07002B0A7
:108E0000BDE8F081104800207FB8010076F2010033
:108E100034B8010039C901002DE9F047044600F1DA
:108E20000806EFF311894FF0200888F31288BFF38A
:108E30006F8F3046FDF7AEFE074660B93F4A4049A6
:108E40004048882300F050FD31463F4800F04CFD7B
:108E500088213A4818E03046FDF7C0FEEFF3118351
:108E600088F31288BFF36F8F83F31188BFF36F8F7E
:108E700063B93649364A3348A62300F035FD3548F4
:108E800000F032FD3248A62100F017FD2568AC4203
:108E90004FD07DB32846FFF79DFB05F11800FDF785
:108EA000EFFF6FF0220AC5F8ACA02846FCF734FBB0
:108EB000EFF3118388F31288BFF36F8F83F3118868
:108EC000BFF36F8F002BD4D02568AC4209D10023AB
:108ED0006362236AE36149463046BDE8F047FCF728
:108EE00071BE45B12846FFF775FB05F11800FDF787
:108EF000C7FFD8E72F4600236362236AE361002F90
:108F0000E9D13046FDF754FE68B90C4A12490D48C4
:108F100040F2311300F0E8FC3146104800F0E4FC68
:108F200040F2311195E789F31188BFF36F8FBDE8E7
:108F3000F08700236362236AE361E2E7A0B60100E1
:108F4000CDB60100E5B40100E2B60100AED90100E2
:108F500083D90100C6D90100F8B601000FB701009E
:108F600070B5104E069AB3680546C3F8A02001F00C
:108F7000A4FB0022294601F016FC044648B10A4829
:108F80000A4A452100F066FDB368D3F8A00000F05E
:108F90007FFD2846FFF740FFB368C3F8A040204696
:108FA00070BD00BF1048002039C9010062F2010005
:108FB00038B50F4D069AAB680446C3F8A02001F0FF
:108FC0007CFB0022214601F0EEFB034648B1094834
:108FD000094A452100F03EFDAB68D3F8A00000F03F
:108FE00057FD626A2069801AAA68C2F8A03038BDAD
:108FF0001048002039C9010047F2010038B50E4D74
:10900000069AAB680446C3F8A02001F056FB002284
:10901000214601F0C8FB034648B10848084A4521EB
:1090200000F018FDAB68D3F8A00000F031FDAA688D
:10903000606AC2F8A03038BD1048002039C901006C
:109040002CF20100F8B5164D089AAB680646C3F835
:10905000A0200C4601F031FB4FF0FF32314601F009
:10906000F8FB20B96CB90F4A0F48452102E00D4AC0
:109070000E48452100F0EEFCAB68D3F8A00000F0EC
:1090800007FDA70F03D0074A09484521F2E721460B
:10909000304601F0FAFBAB68C3F8A070F8BD00BF22
:1090A00010480020AAF30100F4F2010039C90100C0
:1090B00022F301002DE9F04105460F4600F10806B4
:1090C000EFF31188202484F31288BFF36F8F3046AA
:1090D000FDF760FD60B93B4A3B493C48882300F0FE
:1090E00003FC31463A4800F0FFFB882135481CE07C
:1090F0003046FDF773FDD5E904239A425AD0EFF3C9
:10910000118384F31288BFF36F8F83F31188BFF349
:109110006F8F63B92F49304A2C48A62300F0E4FB37
:109120002E4800F0E1FBA6212B4800F0C6FB2C687E
:10913000A54227D034B3A3683BB92949264A23481E
:109140008F2300F0D1FB8F21EEE7D4E900321360CA
:109150005A60637B002523F002036373C4E9005562
:10916000A56004F11800FDF78BFE2046C4F8AC5052
:109170002761FCF7D1F941463046FCF723FD28462C
:10918000BDE8F0812B691F602B6904332B6100253A
:109190003046FDF70DFD80B90A4A12490B4840F2EE
:1091A000311300F0A1FB31460F4800F09DFB40F267
:1091B00031119BE76FF00B05EAE788F31188BFF3E5
:1091C0006F8FDCE7A0B60100CDB60100E5B4010069
:1091D000E2B60100AED9010083D90100C6D9010071
:1091E000C9D90100F8B601000FB70100F8B5104E5B
:1091F000089AB3680546C3F8A0200F4601F05DFA4F
:109200000022294601F025FB044648B109480A4AD4
:10921000452100F01FFCB368D3F8A00000F038FC33
:1092200039462846FFF746FFB368C3F8A040F8BDAB
:109230001048002039C9010096F301002DE9F743D9
:1092400005460E4690461F4600F10804EFF31189CB
:10925000202383F31288BFF36F8F2046FDF79AFC1B
:1092600068B9294A29492A48882300F03DFB21464C
:10927000284800F039FB8821234800F01EFB2046D7
:10928000FDF7ACFCD5E9032393421CD91A1F2A61D0
:1092900053F8043C33602046FDF78AFC68B91A4A4B
:1092A0001D491B4840F2311300F01EFB21461B48AC
:1092B00000F01AFB40F23111DEE789F31188BFF3A9
:1092C0006F8F00200DE058EA07030DD12046FDF70F
:1092D0006FFC0028E3D089F31188BFF36F8F6FF024
:1092E0000F0003B0BDE8F083CDE900872A46494668
:1092F0002046FCF70BFB10F10B0FF2D0084B9B68DC
:109300001B693360DDE700BFA0B60100CDB60100E8
:10931000E5B40100E2B60100F8B601000FB70100A4
:10932000104800202DE9F7431D4D9846AB68914643
:109330000C9AC3F8A02007460C4601F0BEF90022A3
:10934000394601F086FA60B9631D14D9154B0193B3
:1093500004230093144A15482346452100F07AFB64
:1093600004E0114A1248452100F074FBAB68D3F8C1
:10937000A00000F08DFB01220421204600F0CEFB6E
:1093800006460028E2D143464A4621463846FFF7C2
:1093900055FFAB68C3F8A06003B0BDE8F08300BF21
:1093A000104800207FB8010083F3010034B80100A9
:1093B00039C901002DE9F0411A4E089AB3680746F1
:1093C000C3F8A02008460D4601F077F901220921D3
:1093D0008046FEF7C1FF044658B90146384601F001
:1093E0007FFAA8B9104A11483B46452100F032FBEC
:1093F00009E0424629460923FEF740FF0A4A0C4885
:10940000452100F027FBB368D3F8A00000F040FB33
:10941000294601F066F9B368C3F8A0402046BDE8CC
:10942000F08100BF1048002012F40100C4F30100D5
:1094300039C9010038B50E4C069AA3680021C3F85B
:10944000A020054601F04CFA50B90A480A4A2B46BA
:10945000452100F0FFFAA368D3F8A00000F018FB44
:10946000A16801F056F9A3680020C3F8A00038BD38
:1094700010480020C4F30100FAF3010010B5064CB7
:10948000049AA368C0B2C3F8A02001F03DF9A36814
:109490000022C3F8A02010BD1048002010B5064CD3
:1094A000049AA368C0B2C3F8A02001F030F9A36801
:1094B0000022C3F8A02010BD10480020704700EB28
:1094C000C100408840087047F8B50346FFF7F7FF32
:1094D000B0FA80F0C0F11F0003EB800CCA00DCF88A
:1094E0001060171D0C4606328DB256B9012101FAE3
:1094F00000F0D9680143D960CCF81040DD539D528B
:10950000F8BDF1000431585AD85303EBC0009E5205
:10951000C5805D52F4E710B500EBC104E3889942C1
:1095200002F104010AD1012303FA02F2C36823EA1B
:109530000203C360002340F8213010BDA28840F828
:10954000213000EBC20100EBC300CB808280F4E746
:1095500008B50346FFF7B3FFB0FA80F2C2F11F026D
:109560001846BDE80840FFF7D6BF2DE9F843B1FA29
:1095700081F5C5F11F0900EB89080346D8F81020D2
:109580000E46C2B10327D8F8104018462146FFF70F
:1095900096FFB04206D34A461846FFF7BCFF204666
:1095A000BDE8F88303EBC404013FE088C8F810006D
:1095B00001D08242E7D1C5F120024FF0FF34944040
:1095C000DA681440EBD094FAA4F2B2FA82F2111DD8
:1095D00053F821402146DFE738B50346FFF76FFF18
:1095E0000D46044611461846FFF769FF03EBC50513
:1095F0000444600068801846FFF761FF014423F8C7
:10960000314038BD38B50346FFF759FF0C46A51A5F
:10961000511A03EBC40405444800608003EBC20008
:109620006C00448023F8321018461146FFF747FFBC
:10963000014423F8315038BD38B50546FFF73FFFE8
:109640000C46014405EBC1035B88DA070AD42846BF
:10965000FFF77EFF21462846FFF731FF22182846F4
:10966000FFF7BAFF35F83410611A05EBC1035B88C8
:10967000DB070CD42846FFF76BFF35F83410224681
:10968000611A2846FFF7A8FF35F83430E41A21465E
:109690002846BDE83840FFF717BF70B5056809B91F
:1096A000002070BD01F007030B33CC0804EBD3049A
:1096B000AB689C4228BF1C4621462846FFF755FF51
:1096C00006460028ECD001462846FFF7F8FEA042E7
:1096D00007D932192846FFF795FF11462846FFF7AC
:1096E000F3FE05EBC6021046538843F00103538096
:1096F0000430D6E71146FFF7D0BFEFF305830BB96F
:1097000000F0DFB9002070472DE9784105460C468E
:10971000FFF7F3FF28B928462146BDE87841FCF75A
:109720003DBE28462146512603DFBDE878812DE95C
:109730004741FFF7E2FF20B903B0BDE8404100F028
:109740004FBF68466F2603DFDDE9000103B0BDE8C7
:109750004081002070472DE978410546044655F8C0
:10976000046BEFF3058353B900F0ABF938B1314620
:109770002846552603DF00232360BDE87881314663
:109780002846F3F781FEF6E70B68CA18013310B5D7
:10979000202B0446147108460B6001D1FFF7DBFF54
:1097A000204610BD0FB407B504A951F8040B019170
:1097B000F3F778FE03B05DF804EB04B0704704469D
:1097C00008B5084611461A46A047EFF3058373B95A
:1097D00000F077F958B14B2603DF0446EFF3058319
:1097E00043B900F06EF928B12046562603DFFCF796
:1097F000D5FEF2E72046F5F7DFF9F8E72DE9F84F57
:109800009A46D3786F2B81460F461546A3F1410B3C
:109810002BD026D8582B0CBF10260A26DDF828801E
:109820003246002348463946F2F7EAFD092A08F194
:10983000FF38D4B21ED83034B145E4B277F1000716
:1098400088F8004001D3D04511D82B789B0605D568
:10985000082E15D1AB7843F00803AB704046BDE845
:10986000F88F03F0F703702BD5E70826D6E781467B
:109870000F46D5E7BBF1190F94BF37345734DBE7F8
:10988000102EEBD1AB7843F01003E6E72DE9F04161
:109890000746884615461E461446B44205D30EB107
:1098A000601B08E02378002BFAD014F8010B414626
:1098B000B8470028F1DABDE8F08110B5EFF3058470
:1098C0004CB900F0FEF830B184F31188BFF36F8F0C
:1098D0000323184602DF002383F31188BFF36F8F41
:1098E0000423184602DF10BD0FB407B504A951F8D0
:1098F000040B0191F3F7D6FD03B05DF804EB04B05F
:1099000070472DE9F04115461C4600F0D6FEC0B167
:1099100083790E2B15D186689EB1EFF305834BB981
:1099200000F0CFF830B13046294622462B2603DF1F
:10993000BDE8F0812A4623463046BDE8F041FAF7FB
:1099400067B96FF01500F3E72DE9504100F0B5FE5F
:10995000B0B183790E2B13D184688CB1E3687BB1ED
:10996000EFF305833BB900F0ACF820B120462C267C
:1099700003DFBDE850812046BDE85041FAF744BA04
:109980006FF01500F5E7838B13F0070305D103682B
:10999000002B0CBF002003207047022B05D1C08B89
:1099A000B0FA80F0400980007047012B05D10368B0
:1099B000002B0CBF0020052070470020704710B519
:1099C0000C4600B111B96FF0150010BD081D00F074
:1099D0002FF80028F9D1A368032BF6D9F3E72DE976
:1099E000F0410D4607461946281D90461E46F4F7DD
:1099F00067FC044638B13346424629463846A446F9
:109A0000BDE8F0416047BDE8F08138B50C46054639
:109A100058B151B10B6843B14B6833B120220021DA
:109A200000F0F5F82C61002038BD6FF01500FBE761
:109A3000034658B1426802F00302012A03D0032A08
:109A400004D1026812B10020986070476FF01500D1
:109A5000704770470FB407B504A951F8040B019182
:109A6000F3F720FD03B05DF804EB04B0704738B5A0
:109A70000446056800F025F820B12368023B022B5C
:109A800028BF032521462846BDE83840F4F79EBC90
:109A900000B5044689B000212022684600F0B7F8DE
:109AA000E368069369460320F4F790FC08B5F4F7E1
:109AB000C5FCBDE80840F4F765BD00210120F4F7BE
:109AC00085BCEFF3148000F00100704761B662B608
:109AD00080F31188BFF36F8F704772B6002383F352
:109AE0001188BFF36F8FBFF34F8F30BF62B6BFF3E4
:109AF0006F8F704772B6002383F31188BFF36F8FA7
:109B0000BFF34F8F20BF80F31188BFF36F8F62B612
:109B1000704708B5F5F72EFB023808BDF5F738BBDE
:109B2000202809D9B0F1004F08D80138B0FA80F0E8
:109B3000C0F11F0040007047082070473E2070476A
:109B40001FB50A6801920346D1E90102FFF7E8FF59
:109B500001A9024318460392F5F7D0FA05B05DF863
:109B600004FB10B50139034622B91A44002193427F
:109B700008D110BD11F8014F002CF6D003F8014BAD
:109B8000013AF1E703F8011BF1E7034600201A5CF4
:109B900002B970470130FAE7431E013913F8012F6B
:109BA00011F8010F824201D1002AF7D1101A704733
:109BB00070B50B4605466AB110F8016B1C78B442CB
:109BC00001F1010100D11CB92A781B78D01A02E0FA
:109BD000013AEEE7104670BD10B55AB1013984184C
:109BE00010F8012B11F8013FA04201D09A42F7D0A2
:109BF000D01A10BD1046FCE710B5431E0A4491422E
:109C000000D110BD11F8014B03F8014FF7E7C9B2BD
:109C100002440346934200D1704703F8011BF9E761
:109C20004FF0FF3070472DE9784104460D46EFF3C1
:109C3000058313B9FFF745FF28B929462046BDE83B
:109C40007841F5F7C5BC20462946972603DFBDE8D5
:109C50007881FFF7E8BF4B68012B07DD0B681870B0
:109C60000B6801330B604B68013B4B600020704771
:109C70002DE94841EFF3058313B9FFF722FF18B927
:109C8000BDE84841F9F768BD9E2603DFBDE848817D
:109C9000704770B5A0FB01543CB92846F5F754FD58
:109CA000064638B90026304670BDFFF7E1FF0C23A9
:109CB0000360F7E72A462146FFF7A9FFF3E70346CB
:109CC00000201A5C0AB1884200D170470130F8E7E1
:109CD0000022F5F7E1BD08B50122F5F7DDFD00280A
:109CE00018BF6FF0040008BDEFF305830BB9FFF751
:109CF000E8BE002070472DE950410446FFF7F4FF0D
:109D000020B12046562603DFBDE850812046BDE83D
:109D10005041F4F751BF08B5002101231A46084607
:109D2000F6F766F9BDE80840F6F70CB94B6903B1E0
:109D3000184701207047012070472DE9F041044683
:109D40000D4616461F46EFF30588B8F1000F0CD1FB
:109D5000FFF7B7FE48B128F0FF01324620462943FD
:109D60003B469B2603DFBDE8F0813B463246294651
:109D70002046BDE8F041F6F785B87047F8B5069F74
:109D80000469C9B2EFF31186202585F31288BFF369
:109D90006F8F0C2569430C44A56C05F0070CBCF1D2
:109DA000010F0BD1A76486F31188BFF36F8FC4E94D
:109DB000102343685B5898470020F8BD05F0C005A4
:109DC000AF4286F31188BFF36F8F0CBF6FF077003F
:109DD0004FF0FF30F1E713B580240094FFF7CEFF7A
:109DE00002B010BD0069CBB200EB43100021104758
:109DF0000020F8F769BA0020F8F7D8BA1046FAF749
:109E00004FBC8022F6F726BA43685B68D3F810355A
:109E10000B600020704743685B6802EA010021EA9A
:109E20000201C3F80805C3F80C1500207047436809
:109E30005B680020C3F80815704743685B68002022
:109E4000C3F80C15704743685A68D2F8043521EA04
:109E500003000B40C2F80805C2F80C35002070471B
:109E600070B500220D4616210646FEF775FA044627
:109E700020B1162332462946FEF700FA204670BD6F
:109E800030B543681360057A446804EBC504A34207
:109E900002D36FF0010030BD5C798C4201D00833F1
:109EA000F0E70020F7E770B500220D466221064674
:109EB000FEF752FA044620B1622332462946FEF7E5
:109EC000DDF9204670BD43681B68D3F88004C3F8F1
:109ED0008004704742681368D3F8100150B1D2690A
:109EE000002012780A70C3F81001D3F81021012263
:109EF0001A6070474FF0FF30704702680346D2F88F
:109F0000580140B95B68DB0706D4D2F8200100385D
:109F100018BF012070470120704743681B68D3F8C1
:109F20000423D20517D5D3F82021A2B1EFF3118273
:109F3000202181F31288BFF36F8FD3F8201131B144
:109F40000021C3F82011D3F820110121D96082F338
:109F50001188BFF36F8FD3F85831704708B5F7F702
:109F600019FE08BD00472DE950410446EFF3058373
:109F70003BB9FFF7A6FD20B12046102603DFBDE860
:109F800050812046BDE8504100F0A6B9C00000F164
:109F9000804000F5F830C0F81015C0F8142570475F
:109FA000F8F7F8BE43090AD0012B0BD14FF6FF7327
:109FB00000F01F0023FA00F000F0010070474FF09E
:109FC000FF33F5E7002070472DE9F341019001A828
:109FD000DDE908580C4617461E46F8F75BFA019B68
:109FE000391E18BF012100EB8300231E18BF012377
:109FF000002E43EA410314BF0C210021002D43EA47
:10A00000010314BF4FF4E0610021B8F1000F43EAEF
:10A010000103D0F8002714BF4FF4403100210B4357
:10A0200022EA030304B124780FB13F787F001C4378
:10A030000EB13678B6003C438DB12978090234431D
:10A04000B8F1000F03D098F800804FEA0848214388
:10A0500041EA0801C0F8001702B0BDE8F0812946C6
:10A06000EDE71FB50DF10F03019300238DF80F10DD
:10A0700000931A461946FFF7A7FF05B05DF804FBE9
:10A0800008B50146F8F780FA10B10846F8F796FAD5
:10A0900000F0010008BD38B5054608460C46F8F743
:10A0A0008DFAB0B10846F8F76FFA90B90846F8F79C
:10A0B0005FFA2A6801238340C2F808332A6803B292
:10A0C00002EB8303D3F8102522F00302C3F8102516
:10A0D00038BD20460021BDE83840FFF7C2BFF8F781
:10A0E0000BBBFFF7D8BF28B110F0030018BF012049
:10A0F000404270474FF0FF30704708B5F5F75AFA05
:10A1000000BA704768220021FFF781BD10B16821B5
:10A11000F9F7D6B870472DE9F04105460E461446CA
:10A120007AB3036C03F03F079B18036422BF436CB0
:10A13000013343645FB3C7F1400842451CD3424634
:10A140003844FFF759FD29462846F9F709F9C8B9F7
:10A150002744A7F140043F2C46440BD90027F119AE
:10A160002846F9F7FDF878B94037E31B3F2BF6D8BE
:10A170003E441C462CB1002722463146E819FFF721
:10A180003BFD0020BDE8F0814FF0FF30FAE73F2AA9
:10A19000E4D8F1E773B5036C03F03F035A1C0D4696
:10A1A000382A4FF08001C1540446104400F28280E6
:10A1B000C2F138020021FFF72AFDD4E91060730FC5
:10A1C00043EAC000FFF79CFF04220DEB020101905F
:10A1D00004F13800FFF710FDF000FFF791FF0422B3
:10A1E0000DEB0201019004F13C00FFF705FD214653
:10A1F0002046F9F7B5F80646002855D1A06CFFF7C0
:10A200007FFF04220DEB020101902846FFF7F4FCCA
:10A21000E06CFFF775FF04220DEB02010190A81816
:10A22000FFF7EAFC206DFFF76BFF04220DEB020144
:10A23000019005F10800FFF7DFFC606DFFF760FF9C
:10A2400004220DEB0201019005F10C00FFF7D4FC94
:10A25000A06DFFF755FF04220DEB0201019005F1FF
:10A260001000FFF7C9FCE06DFFF74AFF04220DEB79
:10A270000201019005F11400FFF7BEFC206EFFF70C
:10A280003FFF04220DEB0201019005F11800FFF7DA
:10A29000B3FC606EFFF734FF042201900DEB020166
:10A2A00005F11C00FFF7A8FC2046FFF72FFF304602
:10A2B00002B070BDC2F140020021FFF7A8FC2146A8
:10A2C0002046F9F74DF806460028EDD10146382220
:10A2D000204670E70020704708B1F5F765BA70476F
:10A2E00040B1C368587810F001001EBF1878B0FA6A
:10A2F00080F04009704710B5C3685B78DB070446FF
:10A300000BD5836963B19847002805DBE3685A7869
:10A310006FF300025A70002010BD4FF0FF30FBE7D2
:10A320006FF08500F8E7EFF31183202383F31288A1
:10A33000BFF36F8FFEE710B54369044633B90020C1
:10A34000E268537843F00103537010BD984700282A
:10A35000F5D00028B8BF4042E368FF28A8BFFF201F
:10A360001870EDE7FFF753BCFFF746BCC3685B7896
:10A37000DB0701D4FFF7DFBF6FF07700704770B5E0
:10A380000D4603210646FDF7E7FF044620B10323EF
:10A3900032462946FDF772FF204670BD90F90E3017
:10A3A0008B4201D0FBF738BB0020704710B500246A
:10A3B000C0E90244C0E9000000F0D9F9204610BD10
:10A3C00070B50D4605210646FDF7C6FF044620B1CF
:10A3D000052332462946FDF751FF204670BD10B5D2
:10A3E000044630B10268930703D0446809B100F015
:10A3F0003FF9204610BD0022C0E90022826000F132
:10A400000C02C0E9032200F0B2B907B501230A46E5
:10A4100000930021F9F70EFE03B05DF804FB07B5C9
:10A420000A46002100910123F9F704FE03B05DF80C
:10A4300004FB00680021FFF7D2BF40680021FFF74E
:10A44000CEBF70B50D4607210646FDF785FF0446D1
:10A4500020B1072332462946FDF710FF204670BD84
:10A4600008B54AB18A4207D3C0E90212C0E9000028
:10A4700000F07DF9002008BD6FF01500FBE7F8B58E
:10A4800015460E461A4629460746FDF765FF04465F
:10A4900020B12B463A463146FDF7F0FE2046F8BD86
:10A4A000EFF30580003818BF012070476030704717
:10A4B00008B500F002F9003818BF012008BDD0E946
:10A4C000003213605A600023C0E90033704738B58A
:10A4D000044600F0F2F8002209210546FDF73CFF92
:10A4E00010F1160F05D028B109232A462146FDF7A1
:10A4F000C5FE012038BD70B500220D460921064673
:10A50000FDF72AFF044620B1092332462946FDF70C
:10A51000B5FE204670BD38B504460D46FAF7AAFED2
:10A52000637B43F002036373E5B1A5602B689D4232
:10A5300009D16B68C4E900531C606C6012E06A6862
:10A540009A42F6D01B68002BF3D094F90E2093F9B1
:10A550000E108A42F3D09142F1DD5A68C4E900320C
:10A5600014605C6038BD01211838FBF77BB910B569
:10A570000446FBF72FF904F11800BDE81040FCF782
:10A580007FBC38B504680546AC424FF0000000D1EE
:10A5900038BD002CFCD02046FFF7E9FF2046FAF733
:10A5A000BBFF2C680120A542F1E708B50246FCF785
:10A5B00045FB70B1D0E904319B1A61EBE272B3F153
:10A5C000004F72F1000104DA002AACBF18460020E7
:10A5D00008BD6FF00040FBE708B5FCF7FDFD08BDC6
:10A5E000FCF7FABDB3F1FF3F08BFB2F1FF3F70B512
:10A5F00006461D46144614D01A4316D0002B08DB1D
:10A60000FCF7EAFD041941EB0501C6E900413046BB
:10A6100070BD6FF001031C1B4FF0FF3363EB0501AE
:10A62000F3E74FF0FF342146EFE70024FBE7B3F1F7
:10A63000FF3F08BFB2F1FF3FF8B5074616461C467C
:10A6400010D054EA020311D0FCF7C6FDB0420A460E
:10A65000A14103460AD2F31A64EB0204C7E90034AD
:10A660003846F8BD4FF0FF331C46F7E70023FBE701
:10A6700020B1011F50F8040CFDF758BF704730B5EA
:10A680000B68041D5A0954F8225003F01F020123DD
:10A6900003FA02F22A420DD000688A68904209D07B
:10A6A0004A68510902F01F0254F821009340034305
:10A6B00044F8213030BDFDF79BBB10B50446F1F7DF
:10A6C0001FFE20B92046BDE81040FDF72FBC10BD8D
:10A6D00008B5FFF7F2FF08B1806808BD4FF0FF3002
:10A6E000FBE710B504460846FFF7F2FF431C0AD00B
:10A6F0004109231D00F01F0053F821400122824030
:10A70000224343F8212010BD0021FDF73FBDFDF796
:10A710003DBD70B504460846FFF7DAFF431C01460D
:10A7200010D04509201D01F01F0650F825300122E8
:10A73000B24023EA020340F825302046BDE87040CD
:10A74000FDF756BB70BD10B50C46FFF7B6FF20B144
:10A750002146BDE81040FFF7C4BF10BD08B5FFF7A4
:10A76000ACFF18B1C37943F00203C37108BD08B54B
:10A77000FFF7A3FF18B1C37943F00103C37108BD0C
:10A7800008B5FFF79AFF18B1C37923F00103C3712D
:10A7900008BD10B400F10C04C0E903440024446176
:10A7A00010BCF2F77BBA70B50D4602210646FDF7E4
:10A7B000D3FD044620B1022332462946FDF75EFD53
:10A7C000204670BDC0E9032310B403FB021200232E
:10A7D000C0E90621C0E9000010BC4161016243628A
:10A7E00080F828308360FFF7C2BFF8B50746A1FBA9
:10A7F00002040D46164634B9FCF700FE014628B99E
:10A800006FF00B0001E06FF01500F8BD33463846DD
:10A810002A46FFF7D7FF012387F828302046F4E7C0
:10A8200010B503689842044600D07BB994F82830EC
:10A83000DB0701D4002010BD6069FFF719FF94F811
:10A84000283023F0010384F82830F3E76FF00F007D
:10A85000F1E770B50D4608210646FDF77DFD04467B
:10A8600020B1082332462946FDF708FD204670BD79
:10A8700010B4C0E90311002401EB82018460C0E937
:10A88000000010BC4161FFF772BF38B50446880074
:10A890000D46FCF7B3FD014638B120462A46FFF7C6
:10A8A000E7FF01232376002038BD6FF00B00FBE7A4
:10A8B00010B503689842044600D073B9237EDB07C5
:10A8C00001D4002010BDE068FFF7D2FE0023E36052
:10A8D000237E23F001032376F3E76FF00A00F1E70C
:10A8E00070B50E460546FFF7E8FE0122002104463A
:10A8F000FDF732FD28B1224633462946FDF7BEFC5E
:10A900000024204670BD00002C1BFF7F01000000CA
:10A9100065F70000000000000000000070A90100C1
:10A92000DD8401000000000000000000B0A901006B
:10A930000000000090A90100317A01000000000031
:10A94000397C01000000000000000000D0A90100D7
:10A9500000000000F0A90100110601000000000045
:10A96000011E010000000000D5A20100000000004F
:10A9700010C90100E8AC0100D4AB0100484100203F
:10A9800038470020F5020100000000000000000030
:10A990005BCB010000AD0100B0AB01004C410020D9
:10A9A000D8470020B50E01000000000000000000A4
:10A9B00069CB010018AD0100B0AB01004E41002091
:10A9C000E4470020B50E0100000000000000000078
:10A9D0002CCA010000000000A8AB01004A41002081
:10A9E00094470020750901000000000000000000ED
:10A9F0006DD3010030AD0100F0AB010050410020EB
:10AA0000F0470020391A010000000000000000009B
:10AA1000E5230100659F010000000000BB9A0100D2
:10AA2000F0A901001B9F010000000000BB9A01007B
:10AA300000000000BB9A010000000000BB9A01006A
:10AA4000D92B0100659F010000000000BB9A0100A6
:10AA500000000000BB9A010000000000BB9A01004A
:10AA600000000000BB9A010000000000BB9A01003A
:10AA700000000000BB9A0100944700200D0A01006D
:10AA800000000000BB9A010000000000BB9A01001A
:10AA900000000000BB9A010000000000D91B01006B
:10AAA00000000000BB9A010000000000BB9A0100FA
:10AAB00000000000BB9A010000000000BB9A0100EA
:10AAC00000000000BB9A010000000000BB9A0100DA
:10AAD00000000000BB9A010000000000BB9A0100CA
:10AAE00000000000BB9A010000000000BB9A0100BA
:10AAF00000000000BB9A010000000000BB9A0100AA
:10AB000000000000BB9A010000000000BB9A010099
:10AB100000000000BB9A010000000000BB9A010089
:10AB200000000000BB9A010000000000BB9A010079
:10AB300000000000BB9A010000000000BB9A010069
:10AB400000000000BB9A010000000000BB9A010059
:10AB500000000000BB9A010000000000BB9A010049
:10AB600000000000BB9A010000000000BB9A010039
:10AB700000000000BB9A010000000000BB9A010029
:10AB800000000000BB9A010000000000BB9A010019
:10AB90005040002014000000284000200000000069
:10ABA0000D000020823E0000F50801002108010090
:10ABB000A50C0100099E0100179E01002F9E0100B7
:10ABC0003B9E0100479E01007D0B0100810A0100B0
:10ABD000000000004D030100039E0100D79D01000D
:10ABE000000000001D020100000000000000000045
:10ABF000D59E010085190100C79E010021B3010007
:10AC0000A1C80000000000000000000000000000DB
:10AC1000000000002046002021B30100A4B4010080
:10AC200099C90000040000002C460020000000002C
:10AC3000B5CD00008FB60100030000002BC9010054
:10AC400003000000A7C1010003000000C7D80100F5
:10AC50000300000092C40100030000007BD3010048
:10AC600003000000FFFFFFFFFFFFFFFFFFFFFFFFED
:10AC7000FFFFFFFFFFFFFF7FFFC99A3B00000000BF
:10AC80000338FDD8704700000000002000000000DD
:10AC900000000B06020000009CAC01000000000058
:10ACA000FAC30100260002060000002002C40100D1
:10ACB00022000B1171C8010077C8010082EC01006D
:10ACC0007EC8010084C801008DC8010097C801003A
:10ACD0009CC80100A1C80100A6C70100E101010054
:10ACE000CD020100000000005D04010081030100AD
:10ACF0001FC90100F19D0100F79D010025C9010058
:10AD0000FFFF0000000300500000000001000000F1
:10AD10000060004000000000BCF801FF000000508F
:10AD20000000000000000000006000400000000083
:10AD300000200040010000000000000050AD0100B4
:10AD40000000D6010000000028490020274900200B
:10AD5000002000405CAD01000100000064AD010076
:10AD600004000000060000000500000208060001C3
:10AD7000070600030300000038000000E80300009D
:10AD8000982F8A4291443771CFFBC0B5A5DBB5E956
:10AD90005BC25639F111F159A4823F92D55E1CABCA
:10ADA00098AA07D8015B8312BE853124C37D0C5558
:10ADB000745DBE72FEB1DE80A706DC9B74F19BC1A0
:10ADC000C1699BE48647BEEFC69DC10FCCA10C2490
:10ADD0006F2CE92DAA84744ADCA9B05CDA88F97674
:10ADE00052513E986DC631A8C82703B0C77F59BFDE
:10ADF000F30BE0C64791A7D55163CA06672929140A
:10AE0000850AB72738211B2EFC6D2C4D130D3853A6
:10AE100054730A65BB0A6A762EC9C281852C729268
:10AE2000A1E8BFA24B661AA8708B4BC2A3516CC796
:10AE300019E892D1240699D685350EF470A06A10CF
:10AE400016C1A419086C371E4C774827B5BCB0341E
:10AE5000B30C1C394AAAD84E4FCA9C5BF36F2E68BC
:10AE6000EE828F746F63A5781478C8840802C78C4B
:10AE7000FAFFBE90EB6C50A4F7A3F9BEF27871C64E
:10AE8000EDD70100FBD701000FD801001ED801004B
:10AE90002AD8010010A9010010A9010060A9010031
:10AEA00068A9010070A9010070A90100B1EB0100BF
:10AEB000B9EB0100C4EB0100CBEB0100D3EB0100C7
:10AEC000DAEB0100E2EB0100F0EB0100F6EB010030
:10AED000FEEB010007EC01000FEC010026EC010085
:10AEE00031EC010038EC010042EC01004AEC0100B9
:10AEF00054EC010065EC010077EC010087EC0100E7
:10AF000097EC01003BF00100A6EC0100B8EC010059
:10AF1000C6EC0100D1EC010081ED0100E3EC010081
:10AF2000F1EC0100FCEC01000CED0100EAEF010086
:10AF30001BED01002DED01003DED010063ED010071
:10AF40004CED0100D4EC010057ED010062ED010071
:10AF50006EED01007CED01008EED0100A5ED01001C
:10AF6000B8ED0100C4ED0100D4ED0100E1ED0100F8
:10AF7000EDED0100FFED01000BEE01001AEE010006
:10AF80002CEE010037EE010049EE010054EE010005
:10AF90005FEE01006AEE010075EE010086EE010031
:10AFA00092EE01009EEE0100AAEE0100BAEE010051
:10AFB000CAEE0100D6EE0100E2EE0100EDEE010066
:10AFC000FEEE010009EF010021EF010032EF010068
:10AFD0003FEF010053EF01005EEF0100AAED010019
:10AFE0006AEF0100B9ED010077EF010086EF010083
:10AFF00094EF01009FEF0100ACEF0100BAEF0100F8
:10B00000C4EF0100CFEF0100E6EF0100FFEF010008
:10B0100011F001001CF0010027F001003AF00100DE
:10B0200047F0010058F0010067F0010073F00100E3
:10B030007FF001008AF0010096F00100A7F0010006
:10B04000B3F00100C3F00100CFF00100E0F0010017
:10B05000EFF001000137010075360100017F0100AA
:10B06000DD390100A936010061060100A5140100C7
:10B07000FD0E0100017F01002D130100551201009A
:10B08000017F0100CD100100E91101006D110100E7
:10B09000C11201009D350100017F0100017F010007
:10B0A000017F0100017F0100017F0100017F01009C
:10B0B000017F0100017F0100017F0100017F01008C
:10B0C000017F0100017F0100017F01005D76010029
:10B0D00059750100F54A01005D860100098B0100E8
:10B0E000BD880100B18F0100FD8F0100418C01007E
:10B0F000858D0100618F010025880100C53B01009D
:10B10000B13D0100A93F0100B59301007D9401000C
:10B110009D94010035940100017F0100017F010031
:10B12000017F0100017F0100017F0100017F01001B
:10B13000017F0100017F0100017F0100017F01000B
:10B14000017F0100017F0100017F0100017F0100FB
:10B15000017F0100017F0100017F010045430100E3
:10B1600095430100F5420100B9440100B1410100DD
:10B170001145010061450100AD4501002961010053
:10B18000A96501008D4A01009D470100814601002B
:10B190003D4A0100E5490100256401004590010098
:10B1A00025930100ED910100F9D400009969010097
:10B1B000F14F0100017F0100017F0100017F0100CB
:10B1C00065690100E54B01007D4B0100114B010059
:10B1D000E95F0100F55C0100017F0100017F0100D2
:10B1E000017F0100895701008D510100FD500100D0
:10B1F000017F0100017F0100017F0100017F01004B
:10B20000017F0100017F0100017F0100017F01003A
:10B210007572010081640100516501007D630100C8
:10B22000017F0100017F0100017F0100017F01001A
:10B23000017F01004DD20000017F010051D40000C8
:10B24000A9D30000017F01002DF80000BDF7000028
:10B25000017F0100017F0100017F0100091701004A
:10B26000017F0100017F0100017F0100017F0100DA
:10B27000017F0100017F0100017F0100017F0100CA
:10B28000017F0100017F0100711701001918010001
:10B29000B118010021190100017F0100017F0100A7
:10B2A000017F0100017F0100017F0100017F01009A
:10B2B000E9F5000051F60000017F0100017F010067
:10B2C000017F0100017F0100017F0100693701005A
:10B2D000017F0100017F0100017F0100017F01006A
:10B2E00019DD000051DD0000A9FA0000B9FA0000E4
:10B2F0002DFF000015FF0000157F01004661696CFD
:10B30000656420746F20616464206D656D6F72796F
:10B3100020706172746974696F6E20282564290A2F
:10B32000006D626564746C735F666E003132330069
:10B33000257300787878787878787878005745534E
:10B34000545F544F504449522F7A65706879722F78
:10B3500074657374732F63727970746F2F6D626587
:10B3600064746C732F7372632F6D626564746C7395
:10B370002E63000A20202020417373657274696F68
:10B380006E206661696C65642061742025733A25BE
:10B39000643A2025733A2025730A00616C6C2D6293
:10B3A0006974732D7A65726F206973206E6F7420D3
:10B3B00061204E554C4C20706F696E7465720A00A6
:10B3C00074686520736E7072696E746620696D7042
:10B3D0006C656D656E746174696F6E20697320624F
:10B3E000726F6B656E0A00310031320020204578A3
:10B3F00065637574656420256420746573742073B7
:10B4000075697465730A0A0020205B202564207426
:10B4100065737473204641494C205D0A0A00202060
:10B420005B20416C6C2074657374732050415353DE
:10B43000205D0A0A00287375697465735F7465730B
:10B4400074656420657175616C20746F203029000B
:10B4500072616E202564207465737473002873759F
:10B46000697465735F6661696C6564206E6F7420D2
:10B47000657175616C20746F20302900256420741B
:10B4800065737473206661696C6564006D626564E0
:10B49000746C735F666E5F746573745F6D62656410
:10B4A000746C7300746573745F6D626564746C733F
:10B4B00000574553545F544F504449522F7A65709A
:10B4C0006879722F6C69622F686561702F68656199
:10B4D000702E63006368756E6B5F757365642868B2
:10B4E0002C20632900415353455254494F4E204666
:10B4F00041494C205B25735D20402025733A25642B
:10B500000A0009756E657870656374656420686506
:10B5100061702073746174652028646F75626C6556
:10B520002D667265653F2920666F72206D656D6FAF
:10B5300072792061742025700A006C6566745F63FF
:10B5400068756E6B28682C2072696768745F636821
:10B55000756E6B28682C20632929203D3D206300EF
:10B5600009636F727275707465642068656170201C
:10B57000626F756E64732028627566666572206FEF
:10B58000766572666C6F773F2920666F72206D65F5
:10B590006D6F72792061742025700A0028616C69D2
:10B5A000676E20262028616C69676E202D20312966
:10B5B00029203D3D20300009616C69676E206D7562
:10B5C0007374206265206120706F776572206F66EA
:10B5D00020320A006279746573202F203855203C90
:10B5E0003D203078376666665500096865617020D1
:10B5F00073697A6520697320746F6F206269670AC6
:10B60000006279746573203E20686561705F666FC3
:10B610006F7465725F62797465732862797465739B
:10B62000290009686561702073697A652069732053
:10B63000746F6F20736D616C6C0A00686561705F78
:10B64000737A203E206368756E6B737A2873697A0B
:10B65000656F6628737472756374207A5F686561BC
:10B66000702929006368756E6B305F73697A652095
:10B670002B206D696E5F6368756E6B5F73697A65A9
:10B68000286829203C3D20686561705F737A0063FB
:10B69000627072696E74665F7061636B616765008A
:10B6A000574553545F544F504449522F7A65706840
:10B6B00079722F696E636C7564652F7A657068792D
:10B6C000722F7370696E6C6F636B2E68007A5F7394
:10B6D00070696E5F6C6F636B5F76616C6964286C18
:10B6E000290009496E76616C6964207370696E6C1B
:10B6F0006F636B2025700A007A5F7370696E5F75E7
:10B700006E6C6F636B5F76616C6964286C290009ED
:10B710004E6F74206D79207370696E6C6F636B204F
:10B7200025700A00574553545F544F504449522FD7
:10B730007A65706879722F696E636C7564652F7AAB
:10B7400065706879722F7379732F74696D6575747C
:10B75000696C2E6800747320213D202828766F695B
:10B7600064202A29302900286120213D20282876BC
:10B770006F6964202A293029292026262074696DC2
:10B7800065737065635F69735F76616C6964286176
:10B790002900286220213D202828766F6964202A0C
:10B7A000293029292026262074696D657370656308
:10B7B0005F69735F76616C6964286229002874731D
:10B7C00020213D202828766F6964202A29302929E4
:10B7D0002026262074696D65737065635F69735FE9
:10B7E00076616C69642874732900574553545F541B
:10B7F0004F504449522F7A65706879722F6C696294
:10B800002F6F732F636C6F636B2E63007470202136
:10B810003D202828766F6964202A29302900746920
:10B820006D65737065635F69735F76616C696428C9
:10B830007470290025633A2073797363616C6C20FE
:10B840002573206661696C656420636865636B3A83
:10B85000204D656D6F727920726567696F6E202566
:10B8600070202873697A6520257A75292025732030
:10B870006163636573732064656E6965640A00774C
:10B8800072697465007A5F767266795F7379735F47
:10B89000636C6F636B5F6E616E6F736C6565700078
:10B8A0007A5F767266795F7379735F636C6F636BCF
:10B8B0005F73657474696D65007A5F767266795F2F
:10B8C0007379735F636C6F636B5F67657472746FBA
:10B8D0006666736574007A5F767266795F6B5F7314
:10B8E00074725F6F757400286E696C2900636865F7
:10B8F000636B5F7379735F6D757465785F616464A2
:10B900007200574553545F544F504449522F7A6543
:10B91000706879722F6C69622F7574696C732F6F00
:10B920006E6F66662E63007374617465203D3D2002
:10B93000305500217379735F736C6973745F697339
:10B940005F656D70747928266D67722D3E636C6932
:10B95000656E747329007472616E73697420213D81
:10B96000202828766F6964202A29302900737461A1
:10B970007465203D3D202831554C203C3C20283129
:10B980002929006D67722D3E72656673203D3D204A
:10B9900030007374617465203D3D202831554C2082
:10B9A0003C3C202830292900574553545F544F50C0
:10B9B0004449522F7A65706879722F6C69622F75CD
:10B9C00074696C732F6E6F746966792E63002563DA
:10B9D0003A2000253032782000202020007C0025ED
:10B9E00063004557494425633A2072302F61313A4C
:10B9F0002020307825303878202072312F61323A7B
:10BA00002020307825303878202072322F61333A68
:10BA100020203078253038780A0025633A207233A8
:10BA20002F61343A20203078253038782072313236
:10BA30002F69703A202030782530387820723134E0
:10BA40002F6C723A20203078253038780A00256330
:10BA50003A2020787073723A202030782530387878
:10BA60000A0025633A204661756C74696E67206927
:10BA70006E737472756374696F6E2061646472654D
:10BA8000737320287231352F7063293A203078255E
:10BA90003038780A0025633A20556E68616E646C10
:10BAA0006564204952516E3A2025640A0025633AA4
:10BAB000202A2A2A2A2A2055534147452046415503
:10BAC0004C54202A2A2A2A2A0A0025633A202020B8
:10BAD0004469766973696F6E206279207A65726F46
:10BAE0000A0025633A202020556E616C69676E65F7
:10BAF00064206D656D6F7279206163636573730A8D
:10BB00000025633A2020204E6F20636F70726F63B0
:10BB10006573736F7220696E737472756374696F85
:10BB20006E730A0025633A202020496C6C656761BA
:10BB30006C206C6F6164206F66204558435F5245EE
:10BB40005455524E20696E746F2050430A0025638D
:10BB50003A202020496C6C6567616C207573652004
:10BB60006F662074686520455053520A0025633A79
:10BB7000202020417474656D707420746F20657886
:10BB8000656375746520756E646566696E656420AD
:10BB9000696E737472756374696F6E0A0025633A17
:10BBA000202A2A2A2A2A204D5055204641554C54F5
:10BBB000202A2A2A2A2A0A0025633A2020205374A0
:10BBC00061636B696E67206572726F722028636FA4
:10BBD0006E746578742061726561206D6967687440
:10BBE000206265206E6F742076616C6964290A009A
:10BBF00025633A202020556E737461636B696E670C
:10BC0000206572726F720A0025633A202020446119
:10BC10007461204163636573732056696F6C61744E
:10BC2000696F6E0A0025633A2020204D4D4641522F
:10BC300020416464726573733A20307825780A0075
:10BC400025633A202020496E737472756374696F9E
:10BC50006E204163636573732056696F6C6174690C
:10BC60006F6E0A0025633A202020466C6F6174696C
:10BC70006E672D706F696E74206C617A79207374B1
:10BC800061746520707265736572766174696F6E38
:10BC9000206572726F720A00574553545F544F50BB
:10BCA0004449522F7A65706879722F617263682FE8
:10BCB00061726D2F636F72652F636F727465785F49
:10BCC0006D2F6661756C742E6300212828285343FC
:10BCD000425F54797065202A292028283078453021
:10BCE000303045303030554C29202B2030783044CE
:10BCF0003030554C2920292D3E43465352202620D2
:10BD00002831554C203C3C20283055202B203455E0
:10BD10002929290009537461636B696E6720657274
:10BD2000726F72206E6F74206120737461636B2078
:10BD30006661696C0A0A0025633A202A2A2A2A2A9F
:10BD400020425553204641554C54202A2A2A2A2A5B
:10BD50000A0025633A202020537461636B696E6783
:10BD6000206572726F720A0025633A20202050729B
:10BD70006563697365206461746120627573206511
:10BD800072726F720A0025633A20202042464152A7
:10BD900020416464726573733A20307825780A0014
:10BDA00025633A202020496D7072656369736520B0
:10BDB0006461746120627573206572726F720A002B
:10BDC00025633A202020496E737472756374696F1D
:10BDD0006E20627573206572726F720A005265730D
:10BDE000657276656420457863657074696F6E204E
:10BDF000280053707572696F757320696E7465726F
:10BE0000727570742028495251200025633A2053DE
:10BE10005053454C20696E20746872656164206DD2
:10BE20006F646520646F6573206E6F7420696E6443
:10BE30006963617465205053500A00657366202160
:10BE40003D202828766F6964202A29302900094579
:10BE5000534620636F756C64206E6F74206265209A
:10BE60007265747269657665642073756363657362
:10BE70007366756C6C792E205368616C6C206E65EE
:10BE8000766572206F636375722E0A0025633A200F
:10BE90002A2A2A2A2A2048415244204641554C54F5
:10BEA000202A2A2A2A2A0A0025633A2020204275BD
:10BEB00073206661756C74206F6E20766563746F95
:10BEC00072207461626C6520726561640A0025638A
:10BED0003A2020204465627567206576656E740A95
:10BEE0000025633A2020204661756C7420657363D9
:10BEF000616C6174696F6E20287365652062656C82
:10BF00006F77290A0025633A20415243485F45581C
:10BF100043455054207769746820726561736F6E71
:10BF20002025780A0A00094661756C7420657363E0
:10BF3000616C6174696F6E20776974686F757420C5
:10BF400046535220696E666F0A0009486172644662
:10BF500061756C7420776974686F757420484653F6
:10BF60005220696E666F205368616C6C206E657636
:10BF70006572206F636375720A0025633A202A2A6E
:10BF80002A2A2A204465627567206D6F6E69746F76
:10BF90007220657863657074696F6E202A2A2A2A78
:10BFA0002A0A0025633A202A2A2A2A2A20257320D1
:10BFB000256429202A2A2A2A2A0A00574553545F31
:10BFC000544F504449522F7A65706879722F6172CC
:10BFD00063682F61726D2F636F72652F636F727468
:10BFE00065785F6D2F6972715F6D616E6167652E37
:10BFF00063007072696F203C3D20282831554C2029
:10C000003C3C2028332929202D2031290009696E44
:10C0100076616C6964207072696F72697479202529
:10C020006420666F72202564206972712120766118
:10C030006C756573206D757374206265206C657313
:10C0400073207468616E20256C750A0A0057455389
:10C05000545F544F504449522F7A65706879722F5B
:10C06000617263682F61726D2F636F72652F6D70DF
:10C07000752F61726D5F636F72655F6D70752E6392
:10C0800000726567696F6E5F6E756D203C2031369A
:10C09000202B2031202B202831203F2031203A2016
:10C0A000302900094F75742D6F662D626F756E64AF
:10C0B00073206572726F7220666F722064796E6190
:10C0C0006D696320726567696F6E206D61702E0AFD
:10C0D000002875696E747074725F7429267A5F70B7
:10C0E0007269765F737461636B735F72616D5F73A6
:10C0F00074617274203C3D2067756172645F737473
:10C10000617274000947756172642073746172749E
:10C110003A20283078256C78292062656C6F77206A
:10C1200070726976696C65676520737461636B739F
:10C1300020626F756E646172793A20282570290A31
:10C14000002875696E747074725F74297468726502
:10C1500061642D3E737461636B5F6F626A203D3D65
:10C160002067756172645F7374617274000947754A
:10C1700061726420737461727420283078256C7841
:10C1800029206E6F7420626567696E6E696E672024
:10C19000617420737461636B206F626A65637420DD
:10C1A000282570290A0A006D70750025633A20461B
:10C1B00061696C656420746F20616C6C6F6361747D
:10C1C00065206E6577204D505520726567696F6EEA
:10C1D0002025750A0A00574553545F544F5044496F
:10C1E000522F7A65706879722F617263682F61725D
:10C1F0006D2F636F72652F6D70752F61726D5F6D3E
:10C2000070752E63007265675F696E6465782021C2
:10C210003D206765745F6E756D5F726567696F6EEF
:10C2200073282900094D656D6F727920646F6D6107
:10C23000696E20706172746974696F6E2025702058
:10C2400073697A6520257A75206E6F7420666F7524
:10C250006E640A0A0025633A205061727469746939
:10C260006F6E2025753A2073616E6974792063685A
:10C2700065636B206661696C65642E0A0009436F13
:10C280006E6669677572696E6720257520737461C3
:10C29000746963204D505520726567696F6E732015
:10C2A0006661696C65640A0A0009436F6E666967B6
:10C2B0007572696E672025752064796E616D69639A
:10C2C000204D505520726567696F6E7320666169F5
:10C2D0006C65640A0A00095265717565737420748F
:10C2E0006F20636F6E6669677572653A20257520E9
:10C2F000726567696F6E732028737570706F7274E2
:10C3000065643A202575290A0A0021287265676943
:10C310006F6E5B6964785D2E64745F617474722003
:10C3200026202831554C203C3C2028302929290042
:10C330000952414D5F4E4F43414348452077697450
:10C34000682044545F4D454D5F4341434845414259
:10C350004C45206174747269627574650A0A00093B
:10C360004661696C656420746F20616C6C6F6361F9
:10C370007465204D505520726567696F6E73206635
:10C38000726F6D2044540A0A002828284D50555FCA
:10C3900054797065202A292028283078453030309B
:10C3A00045303030554C29202B20307830443930FE
:10C3B000554C2920292D3E545950452026202830FF
:10C3C000784646554C203C3C2038552929203E3E95
:10C3D000203855203D3D20380009496E76616C6952
:10C3E00064206E756D626572206F66204D50552019
:10C3F000726567696F6E730A0A00464C4153485F65
:10C4000030005352414D5F3000657869740A002551
:10C41000633A2073797363616C6C202573206661C5
:10C42000696C656420636865636B3A20257A75786A
:10C43000257A7520617272617920697320746F6F3B
:10C44000206C617267650A007A5F767266795F7A3E
:10C4500065706879725F6677726974650025633A02
:10C4600020434F4E4649475F434F4D4D4F4E5F4C23
:10C470004942435F4D414C4C4F435F4152454E4111
:10C480005F53495A4520697320300A0000000100BB
:10C490000000736F63007A5F767266795F737973F9
:10C4A0005F637372616E645F676574007A5F767252
:10C4B00066795F7379735F72616E645F676574003C
:10C4C000574553545F544F504449522F7A65706812
:10C4D00079722F7375627379732F72616E646F6DE9
:10C4E0002F72616E646F6D5F656E74726F70795FCD
:10C4F0006465766963652E63006465766963655F6C
:10C5000069735F726561647928656E74726F7079A2
:10C510005F646576290009456E74726F70792064D6
:10C520006576696365202573206E6F74207265617E
:10C5300064790A00574553545F544F504449522F71
:10C540007A65706879722F696E636C7564652F7A8D
:10C5500065706879722F647269766572732F656E83
:10C5600074726F70792E68006170692D3E67657412
:10C570005F656E74726F707920213D202828766F78
:10C580006964202A293029000943616C6C62616367
:10C590006B20706F696E7465722073686F756C6460
:10C5A000206E6F74206265204E554C4C0A00287531
:10C5B0006E6B6E6F776E2900204552524F523A20B3
:10C5C00063616E6E6F74206661696C20696E2074A1
:10C5D0006573742070686173652027257328292787
:10C5E0002C206261696C696E670A0052756E6E6913
:10C5F0006E67205445535453554954452025730ABA
:10C60000003D3D3D3D3D3D3D3D3D3D3D3D3D3D3D97
:10C610003D3D3D3D3D3D3D3D3D3D3D3D3D3D3D3D4A
:10C620003D3D3D3D3D3D3D3D3D3D3D3D3D3D3D3D3A
:10C630003D3D3D3D3D3D3D3D3D3D3D3D3D3D3D3D2A
:10C640003D3D3D3D0A005354415254202D20257359
:10C650000A00202573202D20257320696E20257562
:10C660002E25303375207365636F6E64730A005432
:10C6700045535453554954452025732073756363BE
:10C6800065656465640A00544553545355495445DF
:10C69000202573206661696C65642E0A004552523C
:10C6A0004F523A205465737420737569746520275E
:10C6B00025732720646964206E6F742072756E2E56
:10C6C0000A004552524F523A205465737420272570
:10C6D00073272061737369676E656420746F2074BB
:10C6E0006573742073756974652027257327207717
:10C6F0006869636820646F65736E27742065786964
:10C7000073740A0042616420737461747320666FED
:10C71000722025732E25730A000A2D2D2D2D2D2D07
:10C72000205445535453554954452053554D4D417C
:10C730005259205354415254202D2D2D2D2D2D0A68
:10C740000A005355495445202573202D2025336474
:10C750002E253032642525205B25735D3A207061DB
:10C760007373203D2025642C206661696C203D2078
:10C7700025642C20736B6970203D2025642C207467
:10C780006F74616C203D202564206475726174694A
:10C790006F6E203D2025752E25303375207365631F
:10C7A0006F6E64730A00464C414B5900202D2025C2
:10C7B00073202D205B25732E25735D202D202846A8
:10C7C00061696C6564202564206F662025642061A2
:10C7D0007474656D70747329202D20647572617492
:10C7E000696F6E203D2025752E25303375207365C9
:10C7F000636F6E64730A00202D202573202D205B4B
:10C8000025732E25735D206475726174696F6E20C7
:10C810003D2025752E25303375207365636F6E645A
:10C82000730A002D2D2D2D2D2D2054455354535575
:10C830004954452053554D4D41525920454E4420B1
:10C840002D2D2D2D2D2D0A0A004641494C45440021
:10C8500050524F4A45435420455845435554494F3B
:10C860004E2025730A005355434345535346554CB8
:10C87000007365747570006265666F72650061664D
:10C880007465720074656172646F776E00667261C0
:10C890006D65776F726B0050415353004641494CB0
:10C8A00000534B495000574553545F544F5044492F
:10C8B000522F7A65706879722F6472697665727327
:10C8C0002F636C6F636B5F636F6E74726F6C2F633B
:10C8D0006C6F636B5F636F6E74726F6C5F6E7266AA
:10C8E0002E630074797065203C20434C4F434B5FAE
:10C8F000434F4E54524F4C5F4E52465F5459504531
:10C900005F434F554E5400657272203E3D2030000B
:10C91000636C6F636B4034303030303030300068DF
:10C9200066636C6B006C66636C6B00636C6F636B4F
:10C930005F636F6E74726F6C0025633A2073797356
:10C9400063616C6C202573206661696C656420638B
:10C950006865636B3A206163636573732064656E19
:10C960006965640A006765745F656E74726F7079DB
:10C970000025633A2073797363616C6C2025732002
:10C980006661696C656420636865636B3A204F700B
:10C9900065726174696F6E202573206E6F742064F8
:10C9A0006566696E656420666F722064726976657B
:10C9B0007220696E7374616E63652025700A007A57
:10C9C0005F767266795F656E74726F70795F6765A6
:10C9D000745F656E74726F707900574553545F547D
:10C9E0004F504449522F7A65706879722F6472698A
:10C9F000766572732F656E74726F70792F656E74C1
:10CA0000726F70795F6E7266352E630026656E7484
:10CA1000726F70795F6E7266355F64617461203D1C
:10CA20003D206465762D3E646174610072616E64C0
:10CA30006F6D4034303030643030300057455354DF
:10CA40005F544F504449522F7A65706879722F694C
:10CA50006E636C7564652F7A65706879722F647285
:10CA600069766572732F6770696F2F6770696F5F82
:10CA70007574696C732E680063616C6C6261636BC2
:10CA800000094E6F2063616C6C6261636B210A0068
:10CA900063616C6C6261636B2D3E68616E646C6592
:10CAA0007200094E6F2063616C6C6261636B206879
:10CAB000616E646C6572210A00574553545F544F90
:10CAC000504449522F6D6F64756C65732F68616CAB
:10CAD0002F6E6F726469632F6E7266782F68616C57
:10CAE0002F6E72665F6770696F2E68006E72665F88
:10CAF0006770696F5F70696E5F70726573656E7481
:10CB00005F636865636B282A705F70696E290057E0
:10CB10004553545F544F504449522F7A6570687999
:10CB2000722F647269766572732F6770696F2F67F1
:10CB300070696F5F6E7266782E6300657272203D59
:10CB40003D204E5246585F5355434345535300636F
:10CB5000622D3E68616E646C6572006770696F403B
:10CB60003530303030333030006770696F403530E9
:10CB700030303030303000574553545F544F5044BC
:10CB800049522F7A65706879722F696E636C75648B
:10CB9000652F7A65706879722F6472697665727331
:10CBA0002F6770696F2E680028666C616773202696
:10CBB00020282831554C203C3C202832312929207E
:10CBC0007C202831554C203C3C2028323229292019
:10CBD0007C202831554C203C3C2028323329292008
:10CBE0007C202831554C203C3C20283234292920F7
:10CBF0007C202831554C203C3C20283235292920E6
:10CC00007C202831554C203C3C20283236292929CB
:10CC100029203D3D20300009496E7465727275709F
:10CC20007420666C61677320617265206E6F74207A
:10CC3000737570706F727465640A0028666C616742
:10CC400073202620282831203C3C203429207C20B9
:10CC50002831203C3C203529292920213D20282825
:10CC600031203C3C203429207C202831203C3C20B1
:10CC7000352929000950756C6C20557020616E644F
:10CC80002050756C6C20446F776E2073686F756CE4
:10CC900064206E6F7420626520656E61626C6564ED
:10CCA0002073696D756C74616E656F75736C790A4C
:10CCB00000212828666C6167732026202831554C96
:10CCC000203C3C20283136292929202626202128CD
:10CCD000666C6167732026202831554C203C3C202F
:10CCE0002831372929292026262028666C61677378
:10CCF0002026202831203C3C2031292929000949BF
:10CD00006E7075742063616E6E6F7420626520654D
:10CD10006E61626C656420666F7220274F70656E6D
:10CD200020447261696E272C20274F70656E205356
:10CD30006F7572636527206D6F6465732077697402
:10CD4000686F7574204F75747075740A0028666C6E
:10CD50006167732026202831203C3C20312929207E
:10CD6000213D2030207C7C2028666C616773202662
:10CD7000202831203C3C20322929203D3D20300014
:10CD800028666C616773202620282831554C203C8A
:10CD90003C202831382929207C202831554C203C42
:10CDA0003C2028313929292929203D3D2030207C6B
:10CDB0007C2028666C6167732026202831554C2022
:10CDC0003C3C2028313729292920213D20300009E9
:10CDD0004F7574707574206E6565647320746F2070
:10CDE000626520656E61626C656420746F206265A7
:10CDF00020696E697469616C697A6564206C6F770B
:10CE0000206F7220686967680A0028666C61677322
:10CE1000202620282831554C203C3C202831382918
:10CE200029207C202831554C203C3C2028313929B0
:10CE300029292920213D20282831554C203C3C20FF
:10CE40002831382929207C202831554C203C3C2091
:10CE500028313929292900094F75747075742063A8
:10CE6000616E6E6F7420626520696E697469616CB1
:10CE7000697A6564206C6F7720616E6420686967E9
:10CE8000680A00286366672D3E706F72745F706970
:10CE90006E5F6D61736B202620286770696F5F700D
:10CEA0006F72745F70696E735F74292831554C20FE
:10CEB0003C3C202870696E29292920213D203055CD
:10CEC0000009556E737570706F72746564207069B7
:10CED0006E0A0070696E5F636F6E66696775726572
:10CEE00000706F72745F6765745F72617700706F56
:10CEF00072745F7365745F6D61736B65645F72619B
:10CF00007700706F72745F7365745F626974735FCA
:10CF100072617700706F72745F636C6561725F62DB
:10CF20006974735F72617700706F72745F746F679A
:10CF3000676C655F626974730028666C6167732053
:10CF40002620282831554C203C3C202832312929E4
:10CF5000207C202831554C203C3C20283232292985
:10CF6000292920213D20282831554C203C3C2028CF
:10CF700032312929207C202831554C203C3C202866
:10CF80003232292929000943616E6E6F7420626F65
:10CF9000746820656E61626C6520616E64206469EE
:10CFA0007361626C6520696E7465727275707473FA
:10CFB0000A0028666C616773202620282831554CAA
:10CFC000203C3C202832312929207C202831554C16
:10CFD000203C3C202832322929292920213D20309B
:10CFE0005500094D75737420656974686572206514
:10CFF0006E61626C65206F722064697361626C653A
:10D0000020696E74657272757074730A00282866E0
:10D010006C6167732026202831554C203C3C202829
:10D020003232292929203D3D203029207C7C2028AE
:10D0300028666C6167732026202831554C203C3CC3
:10D040002028323429292920213D203029207C7CA8
:10D05000202828666C616773202620282831554CCB
:10D06000203C3C202832352929207C202831554C71
:10D07000203C3C202832362929292920213D2028FE
:10D080002831554C203C3C202832352929207C2051
:10D090002831554C203C3C202832362929292900AA
:10D0A000094F6E6C79206F6E65206F66204750497E
:10D0B0004F5F494E545F4C4F575F302C20475049CB
:10D0C0004F5F494E545F484947485F312063616E66
:10D0D00020626520656E61626C656420666F7220F7
:10D0E00061206C6576656C20696E7465727275700E
:10D0F000742E0A002828666C616773202620283168
:10D10000554C203C3C20283232292929203D3D2005
:10D110003029207C7C202828666C616773202620BB
:10D12000282831554C203C3C202832352929207CA8
:10D13000202831554C203C3C2028323629292929E9
:10D1400020213D203029207C7C2028666C6167737B
:10D15000202620302920213D203000094174206CF8
:10D1600065617374206F6E65206F66204750494F6C
:10D170005F494E545F4C4F575F302C204750494F0A
:10D180005F494E545F484947485F312068617320CA
:10D19000746F20626520656E61626C65642E0A00A2
:10D1A00070696E5F696E746572727570745F636FBB
:10D1B0006E666967757265006765745F70656E6439
:10D1C000696E675F696E74007A5F767266795F6711
:10D1D00070696F5F6765745F70656E64696E675FC5
:10D1E000696E74007A5F767266795F6770696F5FE7
:10D1F00070696E5F696E746572727570745F636F6B
:10D200006E666967757265007A5F767266795F67C8
:10D2100070696F5F706F72745F746F67676C655F62
:10D2200062697473007A5F767266795F6770696F9E
:10D230005F706F72745F636C6561725F6269747353
:10D240005F726177007A5F767266795F6770696F87
:10D250005F706F72745F7365745F626974735F721D
:10D260006177007A5F767266795F6770696F5F7069
:10D270006F72745F7365745F6D61736B65645F7209
:10D280006177007A5F767266795F6770696F5F7049
:10D290006F72745F6765745F726177007A5F767230
:10D2A00066795F6770696F5F70696E5F636F6E66E6
:10D2B000696775726500000102030405060765725F
:10D2C000725F636865636B00706F6C6C5F696E00A2
:10D2D000706F6C6C5F6F7574007A5F767266795FE1
:10D2E000756172745F706F6C6C5F6F75745F7531B0
:10D2F00036007A5F767266795F756172745F706FFF
:10D300006C6C5F6F7574007A5F767266795F7561B9
:10D3100072745F706F6C6C5F696E5F753136007A26
:10D320005F767266795F756172745F706F6C6C5F47
:10D33000696E007A5F767266795F756172745F6597
:10D3400072725F636865636B0025633A20466169AA
:10D350006C656420746F20616C6C6F636174652010
:10D36000505049204368616E6E656C0A00756172A9
:10D370007440343030303230303000756172745F58
:10D380006E7266785F75617274650000000000005F
:10D3900001010000000000574553545F544F5044B2
:10D3A00049522F6D6F64756C65732F68616C2F6EB9
:10D3B0006F726469632F6E7266782F647269766526
:10D3C00072732F7372632F6E7266785F636C6F6314
:10D3D0006B2E6300574553545F544F504449522FAE
:10D3E0006D6F64756C65732F68616C2F6E6F7264FE
:10D3F00069632F6E7266782F68616C2F6E72665F3C
:10D40000636C6F636B2E68006D5F636C6F636B5F43
:10D4100063622E6D6F64756C655F696E69746961B6
:10D420006C697A656400574553545F544F504449C2
:10D43000522F6D6F64756C65732F68616C2F6E6F02
:10D44000726469632F6E7266782F68616C2F6E72DA
:10D45000665F6770696F74652E6800696E646578D1
:10D46000203C203800574553545F544F5044495294
:10D470002F6D6F64756C65732F68616C2F6E6F72A2
:10D480006469632F6E7266782F6472697665727351
:10D490002F7372632F6E7266785F6770696F746541
:10D4A0002E63006E7266795F6770696F5F70696E78
:10D4B0005F70726573656E745F636865636B287017
:10D4C000696E290070696E5F69735F696E7075744B
:10D4D00028705F696E7374616E63652C2070696E6D
:10D4E000290070696E5F6861735F74726967676550
:10D4F0007228705F696E7374616E63652C20706949
:10D500006E2900705F6368616E6E656C00696E7491
:10D510005F656E61626C6500002030303030303005
:10D520003030303030303030000120204D4241204A
:10D5300074657374202331202862617369632061EC
:10D540006C6C6F632D66726565206379636C652909
:10D550003A20007061737365640A0020204D4241D7
:10D5600020746573742023322028627566206E6FE4
:10D570007420616C69676E6564293A200020204D33
:10D5800042412074657374202333202866756C6CC7
:10D59000293A200042756666657220616C6C6F6383
:10D5A0006174696F6E206661696C65640A00202091
:10D5B0005348412D25642074657374202325643AF3
:10D5C0002000BA7816BF8F01CFEA414140DE5DAE40
:10D5D0002223B00361A396177A9CB410FF61F20076
:10D5E00015AD248D6A61D20638B8E5C026930C3E8D
:10D5F0006039A33CE45964FF2167F6ECEDD419DBF4
:10D6000006C1CDC76E5C9914FB9281A1C7E284D795
:10D610003E67F1809A48A497200E046D39CCC7115B
:10D620002CD06162630000000000000000000000D8
:10D6300000000000000000000000000000000000EA
:10D6400000000000000000000000000000000000DA
:10D6500000000000000000000000006162636462DE
:10D660006364656364656664656667656667686666
:10D670006768696768696A68696A6B696A6B6C6A16
:10D680006B6C6D6B6C6D6E6C6D6E6F6D6E6F706EC6
:10D690006F7071000000000000000000000000003A
:10D6A000000000000000000000000000000000007A
:10D6B000000000000000000000000000000000006A
:10D6C000000000000000000000000000005745536B
:10D6D000545F544F504449522F7A65706879722FC5
:10D6E0006B65726E656C2F6465766963652E630089
:10D6F000646576203C3D205F6465766963655F6C98
:10D700006973745F656E640009756E657870656332
:10D71000746564206C69737420656E64206C6F633B
:10D720006174696F6E0A007A5F767266795F64650C
:10D73000766963655F6465696E6974007A5F7672A5
:10D7400066795F6465766963655F69735F72656159
:10D7500064790025633A2048616C74696E672073B0
:10D76000797374656D0A00556E6B6E6F776E206508
:10D7700072726F7200756E6B6E6F776E0025633A12
:10D78000203E3E3E205A4550485952204641544181
:10D790004C204552524F522025643A202573206F69
:10D7A0006E204350552025640A0025633A204661C7
:10D7B000756C7420647572696E6720696E74657229
:10D7C000727570742068616E646C696E670A0A0015
:10D7D00025633A2043757272656E742074687265B1
:10D7E00061643A20257020282573290A004350558A
:10D7F00020657863657074696F6E00556E68616E40
:10D80000646C656420696E7465727275707400531F
:10D810007461636B206F766572666C6F77004B6521
:10D82000726E656C206F6F7073004B65726E656C05
:10D830002070616E696300574553545F544F5044E4
:10D8400049522F7A65706879722F6B65726E656CBC
:10D850002F696E69742E63007468726561645F6419
:10D86000617461203C3D205F5F7374617469635F24
:10D870007468726561645F646174615F6C6973741C
:10D880005F656E6400706F73203C3D205F6B5F6F5F
:10D89000626A6563745F61737369676E6D656E74E8
:10D8A0005F6C6973745F656E640069646C65006DBC
:10D8B00061696E007A5F767266795F646576696326
:10D8C000655F696E6974006F7300574553545F5408
:10D8D0004F504449522F7A65706879722F6B657288
:10D8E0006E656C2F69646C652E63005F6B65726E8C
:10D8F000656C2E637075735B305D2E637572726537
:10D900006E742D3E626173652E7072696F203E3DAC
:10D91000203000574553545F544F504449522F7A9A
:10D9200065706879722F6B65726E656C2F6D75749A
:10D9300065782E630021617263685F69735F696E49
:10D940005F697372282900096D75746578657320A5
:10D9500063616E6E6F742062652075736564206903
:10D960006E7369646520495352730A006D7574655E
:10D97000782D3E6C6F636B5F636F756E74203E2015
:10D98000305500574553545F544F504449522F7AF5
:10D9900065706879722F6B65726E656C2F696E6346
:10D9A0006C7564652F6B73636865642E6800216114
:10D9B0007263685F6972715F756E6C6F636B6564CB
:10D9C000286B65792900090A007468726561642D05
:10D9D0003E626173652E70656E6465645F6F6E0094
:10D9E0007A5F767266795F6B5F6D757465785F7567
:10D9F0006E6C6F636B007A5F767266795F6B5F6DDA
:10DA0000757465785F6C6F636B007A5F76726679A8
:10DA10005F6B5F6D757465785F696E6974007A5FBE
:10DA2000767266795F6B5F71756575655F70656548
:10DA30006B5F7461696C007A5F767266795F6B5FA9
:10DA400071756575655F7065656B5F6865616400BC
:10DA50007A5F767266795F6B5F71756575655F6910
:10DA6000735F656D707479007A5F767266795F6B4B
:10DA70005F71756575655F676574007A5F7672665C
:10DA8000795F6B5F71756575655F616C6C6F635F06
:10DA900070726570656E64007A5F767266795F6B2E
:10DAA0005F71756575655F616C6C6F635F617070E8
:10DAB000656E64007A5F767266795F6B5F7175651B
:10DAC00075655F63616E63656C5F77616974007A29
:10DAD0005F767266795F6B5F71756575655F696E9C
:10DAE000697400574553545F544F504449522F7A3C
:10DAF00065706879722F6B65726E656C2F73656DDA
:10DB00002E63002828617263685F69735F696E5FC6
:10DB10006973722829203D3D203029207C7C2028F3
:10DB20002874696D656F7574292E7469636B732031
:10DB30003D3D202828286B5F74696D656F75745FA3
:10DB400074297B307D29292E7469636B7329290020
:10DB50007A5F767266795F6B5F73656D5F636F7511
:10DB60006E745F676574007A5F767266795F6B5F6B
:10DB700073656D5F7265736574007A5F767266793E
:10DB80005F6B5F73656D5F74616B65007A5F767262
:10DB900066795F6B5F73656D5F67697665007A5F55
:10DBA000767266795F6B5F73656D5F696E6974002D
:10DBB000574553545F544F504449522F7A6570680B
:10DBC00079722F6B65726E656C2F74687265616413
:10DBD0002E6300282828287072696F2929203D3D6E
:10DBE000203135202626207A5F69735F69646C6571
:10DBF0005F7468726561645F656E74727928286508
:10DC00006E747279292929207C7C202828283135B6
:10DC1000202D203129203E3D2028282D313629294C
:10DC2000292026262028287072696F2929203E3D48
:10DC30002028282D313629292026262028287072D0
:10DC4000696F2929203C3D20283135202D2031299C
:10DC500029290009696E76616C6964207072696FA8
:10DC60007269747920282564293B20616C6C6F7778
:10DC700065642072616E67653A20256420746F20A8
:10DC800025640A00286F7074696F6E73202620283F
:10DC90002831554C203C3C20283229292929203D77
:10DCA0003D203055207C7C207A5F737461636B5F0C
:10DCB00069735F757365725F63617061626C65281B
:10DCC000737461636B2900097573657220746872DF
:10DCD0006561642025702077697468206B65726EB9
:10DCE000656C2D6F6E6C7920737461636B20257089
:10DCF0000A000954687265616473206D6179206E51
:10DD00006F74206265206372656174656420696E5A
:10DD100020495352730A0025633A20737973636173
:10DD20006C6C202573206661696C6564206368658E
:10DD3000636B3A2062616420737461636B206F626D
:10DD40006A6563740A0025633A2073797363616CB2
:10DD50006C202573206661696C6564206368656367
:10DD60006B3A20737461636B2073697A6520257A3E
:10DD70007520697320746F6F206269672C206D6154
:10DD80007820697320257A750A0025633A20737913
:10DD90007363616C6C202573206661696C65642017
:10DDA000636865636B3A206F7074696F6E732026C9
:10DDB000204B5F555345520A0025633A207379730F
:10DDC00063616C6C202573206661696C65642063F7
:10DDD0006865636B3A2021286F7074696F6E7320D9
:10DDE00026204B5F455353454E5449414C290A0068
:10DDF00025633A2073797363616C6C202573206608
:10DE000061696C656420636865636B3A205F697360
:10DE10005F76616C69645F7072696F287072696F98
:10DE20002C204E554C4C290A0025633A20737973F7
:10DE300063616C6C202573206661696C6564206386
:10DE40006865636B3A207A5F69735F7072696F5FB0
:10DE50006C6F7765725F6F725F657175616C28704A
:10DE600072696F2C205F63757272656E742D3E62ED
:10DE70006173652E7072696F290A007A5F7374612D
:10DE8000636B5F69735F757365725F636170616215
:10DE90006C65285F6B65726E656C2E637075735B65
:10DEA000305D2E63757272656E742D3E737461639E
:10DEB0006B5F6F626A29000964726F7070696E67C8
:10DEC00020746F2075736572206D6F6465207769AB
:10DED0007468206B65726E656C2D6F6E6C79207343
:10DEE0007461636B206F626A6563740A007A5F769F
:10DEF0007266795F6B5F7468726561645F74696D87
:10DF0000656F75745F657870697265735F74696356
:10DF10006B73007A5F6D7273685F6B5F74687265B4
:10DF200061645F74696D656F75745F65787069723F
:10DF300065735F7469636B73007A5F767266795F8D
:10DF40006B5F7468726561645F74696D656F757429
:10DF50005F72656D61696E696E675F7469636B732B
:10DF6000007A5F6D7273685F6B5F7468726561647D
:10DF70005F74696D656F75745F72656D61696E69F7
:10DF80006E675F7469636B73007A5F6D7273685F4D
:10DF90006B5F7468726561645F637265617465006C
:10DFA0007A5F767266795F6B5F7468726561645FD1
:10DFB000637265617465007A5F767266795F6B5F24
:10DFC0007468726561645F6E616D655F636F7079BF
:10DFD000007A5F767266795F6B5F74687265616400
:10DFE0005F6E616D655F736574007A5F76726679E6
:10DFF0005F6B5F7468726561645F7072696F72698C
:10E0000074795F67657400574553545F544F5044AB
:10E0100049522F7A65706879722F6B65726E656CE4
:10E020002F73636865642E6300217A5F69735F698B
:10E03000646C655F7468726561645F6F626A656372
:10E0400074287468726561642900574553545F549D
:10E050004F504449522F7A65706879722F6B657200
:10E060006E656C2F696E636C7564652F6B74687276
:10E070006561642E68005F6B65726E656C2E6370FF
:10E0800075735B305D2E63757272656E7420213D11
:10E09000202828766F6964202A2930290073697A3C
:10E0A000656F66285F73636865645F7370696E6C23
:10E0B0006F636B29203D3D2030207C7C206C6F639A
:10E0C0006B20213D20265F73636865645F73706910
:10E0D0006E6C6F636B005F6B65726E656C2E637048
:10E0E00075735B305D2E63757272656E742D3E6262
:10E0F0006173652E73636865645F6C6F636B6564E1
:10E1000020213D203155005F6B65726E656C2E637A
:10E110007075735B305D2E63757272656E742D3E23
:10E12000626173652E73636865645F6C6F636B65B2
:10E130006420213D20305500282828287072696FFE
:10E140002929203D3D203135202626207A5F69731C
:10E150005F69646C655F7468726561645F656E7445
:10E16000727928282828766F6964202A293029297D
:10E170002929207C7C202828283135202D20312970
:10E18000203E3D2028282D313629292920262620E9
:10E1900028287072696F2929203E3D2028282D31BA
:10E1A0003629292026262028287072696F292920DF
:10E1B0003C3D20283135202D203129292900256397
:10E1C0003A2073797363616C6C20257320666169F2
:10E1D0006C656420636865636B3A20696E76616C78
:10E1E000696420746872656164207072696F726915
:10E1F00074792025640A0025633A2073797363617A
:10E200006C6C202573206661696C656420636865A9
:10E21000636B3A20746872656164207072696F7212
:10E22000697479206D6179206F6E6C792062652048
:10E23000646F776E67726164656420282564203C92
:10E24000202564290A00217465726D696E61746508
:10E25000000961626F72746564205F637572726534
:10E260006E74206261636B2066726F6D20646561FD
:10E27000640A0021657373656E7469616C000961DD
:10E28000626F7274656420657373656E7469616C26
:10E29000207468726561642025700A000963616EEC
:10E2A0006E6F74206A6F696E20696E204953520A3E
:10E2B0000025633A2073797363616C6C20257320A9
:10E2C0006661696C656420636865636B3A206162AE
:10E2D0006F7274696E6720657373656E7469616CC3
:10E2E000207468726561642025700A007A5F767216
:10E2F00066795F6B5F7468726561645F61626F729B
:10E3000074007A5F767266795F6B5F77616B6575B3
:10E3100070007A5F767266795F6B5F7468726561B0
:10E32000645F7072696F726974795F736574007A83
:10E330005F767266795F6B5F7468726561645F7245
:10E340006573756D65007A5F767266795F6B5F7471
:10E3500068726561645F73757370656E64005745BC
:10E3600053545F544F504449522F7A657068797204
:10E370002F6B65726E656C2F74696D65736C696364
:10E38000696E672E6300282874696D656F7574293E
:10E3900020262620282875696E747074725F74298F
:10E3A0002028736C6963655F74696D656F7574733C
:10E3B0002929203C3D20282875696E747074725F8D
:10E3C0007429202874696D656F75742929202626A3
:10E3D00020282875696E747074725F7429202874FF
:10E3E000696D656F75742929203C20282875696E30
:10E3F000747074725F742920282628736C696365B1
:10E400005F74696D656F757473295B282873697A09
:10E41000655F742920282828696E74292073697A19
:10E42000656F6628636861725B31202D2032202A77
:10E43000202128215F5F6275696C74696E5F747951
:10E440007065735F636F6D70617469626C655F7036
:10E45000285F5F747970656F665F5F28736C6963AE
:10E46000655F74696D656F757473292C205F5F74C7
:10E470007970656F665F5F282628736C6963655FD6
:10E4800074696D656F757473295B305D2929295D29
:10E4900029202D203129202B202873697A656F6669
:10E4A00028736C6963655F74696D656F7574732932
:10E4B000202F2073697A656F662828736C696365FD
:10E4C0005F74696D656F757473295B305D292929E7
:10E4D000295D29292026262028282875696E747030
:10E4E00074725F7429202874696D656F75742929A9
:10E4F000202D20282875696E747074725F7429202D
:10E5000028736C6963655F74696D656F75747329D1
:10E51000292920252073697A656F662828736C691C
:10E5200063655F74696D656F757473295B305D2910
:10E53000203D3D20302900574553545F544F5044EF
:10E5400049522F7A65706879722F6B65726E656CAF
:10E550002F74696D656F75742E6300217379735F15
:10E56000646E6F64655F69735F6C696E6B65642868
:10E5700026746F2D3E6E6F646529007A5F6D72732D
:10E58000685F6B5F757074696D655F7469636B73E9
:10E5900000574553545F544F504449522F7A657089
:10E5A0006879722F6B65726E656C2F6D656D706F1B
:10E5B0006F6C2E6300616C69676E203D3D203020DA
:10E5C0007C7C20282875696E747074725F74296D64
:10E5D000656D20262028616C69676E202D20312909
:10E5E00029203D3D203000096D6973616C69676EBB
:10E5F0006564206D656D6F727920617420257020CF
:10E6000028616C69676E203D20257A75290A007A99
:10E610005F767266795F6B5F66757465785F776148
:10E620006974007A5F767266795F6B5F6675746590
:10E63000785F77616B650025633A204E554C4C201E
:10E640006B5F6D656D5F706172746974696F6E2068
:10E6500070726F76696465640A0025633A207061A0
:10E6600072746974696F6E2069732077726974615E
:10E67000626C6520616E64206578656375746162A3
:10E680006C65203C737461727420256C783E0A00BE
:10E6900025633A207A65726F2073697A6564207009
:10E6A0006172746974696F6E2061742025702077BF
:10E6B0006974682062617365203078256C780A007F
:10E6C00025633A20696E76616C69642070617274AA
:10E6D0006974696F6E2025702C2077726170617289
:10E6E0006F756E642064657465637465642E206262
:10E6F000617365203078256C782073697A652025F0
:10E700007A750A0025633A20706172746974696FC2
:10E710006E202570206261736520256C7820287337
:10E72000697A6520257A7529206F7665726C61702B
:10E7300073206578697374696E6720626173652000
:10E74000256C78202873697A6520257A75290A0056
:10E75000574553545F544F504449522F7A6570685F
:10E7600079722F6B65726E656C2F6D656D5F646F6E
:10E770006D61696E2E6300646F6D61696E20213D6D
:10E78000202828766F6964202A293029007468724D
:10E7900065616420213D202828766F6964202A293C
:10E7A00030290025633A207061727473206172729F
:10E7B0006179206973204E554C4C20616E64206E47
:10E7C000756D5F7061727473206973206E6F6E7AFD
:10E7D00065726F0A0025633A206E756D5F70617215
:10E7E0007473206F662025642065786365656473A3
:10E7F000206D6178696D756D20616C6C6F776162F9
:10E800006C6520706172746974696F6E732028255D
:10E8100064290A0025633A20696E76616C69642078
:10E82000706172746974696F6E20696E64657820B6
:10E83000256420282570290A0025633A20696E7610
:10E84000616C696420706172746974696F6E2025EF
:10E85000700A0025633A206E6F206672656520702D
:10E860006172746974696F6E20736C6F7473206168
:10E870007661696C61626C650A006D61785F7061D8
:10E8800072746974696F6E73203C3D20313600727A
:10E890006574203D3D203000096661696C65642027
:10E8A000746F20696E69742064656661756C74208C
:10E8B0006D656D20646F6D61696E0A00096661693E
:10E8C0006C656420746F20616464206465666175A2
:10E8D0006C74206C696263206D656D207061727468
:10E8E0006974696F6E0A00574553545F544F504422
:10E8F00049522F7A65706879722F6B65726E656CFC
:10E900002F7573657273706163652E630028282804
:10E910002875696E747074725F742964796E292029
:10E9200025205F5F616C69676E6F6628737472750E
:10E9300063742064796E5F6F626A2929203D3D20EF
:10E9400030290009756E616C69676E6564207A5FB5
:10E950006F626A6563740A0025633A20556E696DBB
:10E96000706C656D656E7465642073797374656D24
:10E970002063616C6C0A0025633A20426164207355
:10E98000797374656D2063616C6C20696420256CFB
:10E990007520696E766F6B65640A003F006F626A6E
:10E9A00020213D202828766F6964202A29302900FB
:10E9B00009737461636B206F626A656374206E6FA4
:10E9C0007420666F756E640A006F626A2D3E7479FA
:10E9D0007065203D3D204B5F4F424A5F5448524591
:10E9E00041445F535441434B5F454C454D454E5464
:10E9F000000962616420737461636B206F626A65F1
:10EA000063740A0025633A20626164206F626A655C
:10EA10006374207479706520256420726571756552
:10EA2000737465640A0025633A206F7574206F66FD
:10EA300020667265652074687265616420696E6421
:10EA4000657865730A0025633A20666F72626964AF
:10EA500064656E206F626A656374207479706520E6
:10EA600027257327207265717565737465640A00C4
:10EA700025633A202570206973206E6F7420612011
:10EA800076616C69642025730A0025633A2061640D
:10EA90006472657373206973206E6F742061206BDC
:10EAA0006E6F776E206B65726E656C206F626A6543
:10EAB00063740A0025633A2061646472657373208D
:10EAC00069732061637475616C6C792061202573B2
:10EAD0000A0025633A2074687265616420257020FD
:10EAE0002825642920646F6573206E6F7420686127
:10EAF0007665207065726D697373696F6E206F6ED5
:10EB00002025732025700A007065726D6973736922
:10EB10006F6E206269746D61700025633A20257301
:10EB20000A0025633A2025702075736564206265AC
:10EB3000666F726520696E697469616C697A617467
:10EB4000696F6E0A0025633A2025702025732069BD
:10EB50006E207573650A0025633A206F7574206F07
:10EB60006620746872656164207265736F75726384
:10EB70006520706F6F6C206D656D6F727920282530
:10EB80007A75290A0025633A20737472696E6720CA
:10EB9000746F6F206C6F6E672025702028257A7542
:10EBA000290A0025633A206F766572666C6F770AD2
:10EBB0000067656E65726963006B5F6D656D5F739D
:10EBC0006C6162006B5F6D736771006B5F6D757474
:10EBD0006578006B5F70697065006B5F7175657556
:10EBE00065006B5F706F6C6C5F7369676E616C0062
:10EBF0006B5F73656D006B5F737461636B006B5F5C
:10EC0000746872656164006B5F74696D6572007A27
:10EC10005F7468726561645F737461636B5F656C78
:10EC2000656D656E74004E45545F534F434B4554BC
:10EC3000006E65745F6966007379735F6D757465E6
:10EC400078006B5F6675746578006B5F636F6E64E8
:10EC5000766172007A746573745F73756974655F49
:10EC60006E6F6465007A746573745F73756974653B
:10EC70005F7374617473007A746573745F756E6921
:10EC8000745F74657374007A746573745F7465730C
:10EC9000745F72756C6500656E74726F7079206454
:10ECA0007269766572007368617265645F6972711A
:10ECB000206472697665720063727970746F206483
:10ECC0007269766572006164632064726976657248
:10ECD00000617578646973706C617920647269761B
:10ECE00065720062745F6863692064726976657238
:10ECF0000063616E206472697665720063656C6C96
:10ED0000756C617220647269766572006368617205
:10ED10006765722064726976657200636F6D7061F9
:10ED20007261746F722064726976657200636F72CB
:10ED30006564756D702064726976657200636F75C5
:10ED40006E74657220647269766572006461692010
:10ED500064726976657200646D61206472697665BB
:10ED6000720065646163206472697665720065652E
:10ED700070726F6D2064726976657200656D756C76
:10ED80005F626272616D2064726976657200667599
:10ED9000656C5F67617567655F656D756C20647232
:10EDA0006976657200656D756C5F73656E736F7201
:10EDB0002064726976657200657370692064726997
:10EDC00076657200657370695F736166206472694D
:10EDD00076657200666C617368206472697665722C
:10EDE0000066706761206472697665720066756599
:10EDF0006C5F67617567652064726976657200672C
:10EE00006E737320647269766572006861707469EC
:10EE10006373206472697665720068777370696ED7
:10EE20006C6F636B2064726976657200693263206F
:10EE3000647269766572006932635F7461726765D6
:10EE40007420647269766572006932732064726935
:10EE50007665720069336320647269766572006951
:10EE6000706D20647269766572006C6564206472EE
:10EE700069766572006C65645F7374726970206492
:10EE80007269766572006C6F726120647269766572
:10EE900072006D626F7820647269766572006D64CD
:10EEA000696F20647269766572006D6970695F646C
:10EEB000626920647269766572006D6970695F6469
:10EEC000736920647269766572006D73706920647D
:10EED000726976657200706563692064726976652F
:10EEE000720070733220647269766572007074709B
:10EEF0005F636C6F636B2064726976657200707714
:10EF00006D2064726976657200726567756C6174F4
:10EF10006F725F706172656E74206472697665727B
:10EF200000726567756C61746F72206472697665D2
:10EF3000720072657365742064726976657200721E
:10EF4000657461696E65645F6D656D206472697674
:10EF5000657200727463206472697665720073640E
:10EF600068632064726976657200736D62757320E0
:10EF7000647269766572007374657070657220647E
:10EF8000726976657200737973636F6E206472695B
:10EF900076657200746565206472697665720076C4
:10EFA0006964656F2064726976657200766972744F
:10EFB000696F2064726976657200773120647269C6
:10EFC0007665720077647420647269766572006396
:10EFD000616E5F7472616E736365697665722064D9
:10EFE0007269766572006E72665F636C6F636B5FE9
:10EFF000636F6E74726F6C206472697665720069FB
:10F0000033635F74617267657420647269766572D8
:10F010000069747320647269766572007674642086
:10F020006472697665720072656E657361735F659F
:10F030006C632064726976657200746770696F2012
:10F0400064726976657200706369655F6374726C7F
:10F050002064726976657200706369655F6570200F
:10F0600064726976657200707369352064726976BE
:10F0700065720073656E74206472697665720073E0
:10F0800076632064726976657200756172742064BB
:10F09000726976657200626331325F656D756C20EE
:10F0A00064726976657200626331322064726976D7
:10F0B000657200757362635F707063206472697655
:10F0C000657200746370632064726976657200759E
:10F0D0007362635F7662757320647269766572002D
:10F0E000697673686D656D20647269766572006516
:10F0F000746870687920647269766572002C1430C7
:10F100001410101CB8382020202020087573657258
:10F110005F636F7079002A2A2A20426F6F74696ECC
:10F1200067205A6570687972204F53206275696C48
:10F13000642076342E322E30202A2A2A0A0057459F
:10F1400053545F544F504449522F7A657068797216
:10F150002F6B65726E656C2F6B686561702E630036
:10F1600021617263685F69735F696E5F697372289A
:10F1700029207C7C20282874696D656F7574292E80
:10F180007469636B73203D3D202828286B5F746988
:10F190006D656F75745F74297B307D29292E7469C4
:10F1A000636B73290068656170203C3D205F6B5F75
:10F1B000686561705F6C6973745F656E6400574564
:10F1C00053545F544F504449522F7A657068797296
:10F1D0002F6B65726E656C2F6D73675F712E6300A8
:10F1E0006D7367712D3E77726974655F70747220FC
:10F1F0003E3D206D7367712D3E6275666665725F78
:10F200007374617274202626206D7367712D3E77AA
:10F21000726974655F707472203C206D7367712D24
:10F220003E6275666665725F656E64007A5F7672CF
:10F2300066795F6B5F6D7367715F6E756D5F757318
:10F2400065645F676574007A5F767266795F6B5F8D
:10F250006D7367715F6E756D5F667265655F67651B
:10F2600074007A5F767266795F6B5F6D7367715F4A
:10F270007075726765007A5F767266795F6B5F6D35
:10F280007367715F7065656B5F6174007A5F76723A
:10F2900066795F6B5F6D7367715F7065656B007A30
:10F2A0005F767266795F6B5F6D7367715F676574B8
:10F2B000007A5F767266795F6B5F6D7367715F6707
:10F2C00065745F6174747273007A5F767266795FD9
:10F2D0006B5F6D7367715F707574007A5F767266CD
:10F2E000795F6B5F6D7367715F616C6C6F635F6992
:10F2F0006E69740025633A2073797363616C6C20C6
:10F300002573206661696C656420636865636B3A88
:10F31000206E756D5F656E7472696573203E203076
:10F320000A0025633A2073797363616C6C2025733E
:10F33000206661696C656420636865636B3A2021AF
:10F3400073697A655F6D756C5F6F766572666C6FF9
:10F3500077286E756D5F656E74726965732C2073A6
:10F36000697A656F6628737461636B5F6461746149
:10F370005F74292C2026746F74616C5F73697A65E1
:10F38000290A007A5F767266795F6B5F73746163D6
:10F390006B5F706F70007A5F767266795F6B5F7318
:10F3A0007461636B5F70757368007A5F76726679FB
:10F3B0005F6B5F737461636B5F616C6C6F635F69DC
:10F3C0006E69740025633A2073797363616C6C20F5
:10F3D0002573206661696C656420636865636B3AB8
:10F3E000206F626A656374202570206163636573B2
:10F3F000732064656E6965640A007A5F7672667967
:10F400005F6B5F6F626A6563745F72656C65617381
:10F4100065007A5F767266795F6B5F6F626A6563BB
:10F42000745F6163636573735F6772616E7400001C
:10F430000100110011001100110011001100110054
:10F440001100110011001100110011001100110034
:10F450001100110011001100110011001100110024
:10F46000090011001100110011001100110011001C
:10F47000080011001100110011001100110011000D
:10F4800011001100110011000700110011001100FE
:10F4900011001100110011001100110011001100E4
:10F4A00011001100110011001100110011001100D4
:10F4B0001100110011000200030006000700040003
:10F4C00006001100110011001100110011001100BF
:10F4D00011001100110011001100110011001100A4
:10F4E0001100110011001100110011001100110094
:10F4F0000A0011001100110011001100110011008B
:10F500001100110011001100110011001100110073
:10F510000100110011001100110011001100110073
:10F520001100110011001100110011001100110053
:10F530001100110011001100110011001100110043
:10F540001100110011001100110011001100110033
:10F550000A00110011001100050011001100110036
:10F560001100110011001100110011001100110013
:10F570001100110011001100040011001100110010
:10F58000110000001100040007001100110011001B
:10F5900006001100110011001100110011001100EE
:10F5A00011001100110011001100110011001100D3
:10F5B00011001100110011001100110011001100C3
:10F5C00011001100110011001100110011001100B3
:10F5D00005001100110011001100110011001100AF
:10F5E00002001100110011001100110011001100A2
:10F5F0001100110011001100110011001100110083
:10F600001100110011001100110011001100110072
:10F610000000110011001100110011001100110073
:10F620001100110011001100030011001100110060
:10F63000001000000074002000040000407800204A
:10F6400000000000000000000000000000000000BA
:10F650003B9D01002D9D0100379D0100050000002C
:10F66000000000000000000000000000000000009A
:10F67000000000000000000000000000000000008A
:10F68000000000000000000000000000000000007A
:10F69000000000000000000000000000000000006A
:10F6A000000000000000000000000000000000005A
:10F6B000000000000000000000000000000000004A
:10F6C000000000000000000000000000000000003A
:10F6D000000000000000000000000000000000002A
:10F6E000000000000000000000000000000000001A
:10F6F000000000000000000000000000000000000A
:10F7000000000000000000000000000000000000F9
:10F7100000000000000000000000000000000000E9
:10F7200000000000000000000000000000000000D9
:10F7300000000000000000000000000000000000C9
:10F7400000000000000000000000000000000000B9
:10F7500000000000000000000000000000000000A9
:10F760000000000000000000000000000000000099
:10F770000000000000000000000000000000000089
:10F780000000000000000000000000000000000079
:10F790000000000000000000000000000000000069
:10F7A0000000000000000000000000000000000059
:10F7B0000000000000000000000000000000000049
:10F7C0000000000000000000000000000000000039
:10F7D0000000000000000000000000000000000029
:10F7E0000000000000000000000000000000000019
:10F7F0000000000000000000000000000000000009
:10F8000000000000000000000000000000000000F8
:10F8100000000000000000000000000000000000E8
:10F8200000000000000000000000000000000000D8
:10F8300000000000000000000000000000000000C8
:10F8400000000000000000000000000000000000B8
:10F8500000000000000000000000000000000000A8
:10F860000000000000000000000000000000000098
:10F870000000000000000000000000000000000088
:10F880000000000000000000000000000000000078
:10F890000000000000000000000000000000000068
:10F8A0000000000000000000000000000000000058
:10F8B0000000000000000000000000000000000048
:10F8C0000000000000000000000000000000000038
:10F8D0000000000000000000000000000000000028
:10F8E0000000000000000000000000000000000018
:10F8F0000000000000000000000000000000000008
:10F9000000000000000000000000000000000000F7
:10F9100000000000000000000000000000000000E7
:10F9200000000000000000000000000000000000D7
:10F9300000000000000000000000000000000000C7
:10F9400000000000000000000000000000000000B7
:10F9500000000000000000000000000000000000A7
:10F960000000000000000000000000000000000097
:10F970000000000000000000000000000000000087
:10F980000000000000000000000000000000000077
:10F990000000000000000000000000000000000067
:10F9A0000000000000000000000000000000000057
:10F9B0000000000000000000000000000000000047
:10F9C0000000000000000000000000000000000037
:10F9D0000000000000000000000000000000000027
:10F9E0000000000000000000000000000000000017
:10F9F0000000000000000000000000000000000007
:10FA000000000000000000000000000000000000F6
:10FA100000000000000000000000000000000000E6
:10FA200000000000000000000000000000000000D6
:10FA300000000000000000000000000000000000C6
:10FA400000000000000000000000000000000000B6
:10FA500000000000000000000000000000000000A6
:10FA60000000000000000000000000000000000096
:10FA70000000000000000000000000000000000086
:10FA80000000000000000000000000000000000076
:10FA90000000000000000000000000000000000066
:10FAA0000000000000000000000000000000000056
:10FAB0000000000000000000000000000000000046
:10FAC0000000000000000000000000000000000036
:10FAD0000000000000000000000000000000000026
:10FAE0000000000000000000000000000000000016
:10FAF0000000000000000000000000000000000006
:10FB000000000000000000000000000000000000F5
:10FB100000000000000000000000000000000000E5
:10FB200000000000000000000000000000000000D5
:10FB300000000000000000000000000000000000C5
:10FB400000000000000000000000000000000000B5
:10FB500000000000000000000000000000000000A5
:10FB60000000000000000000000000000000000095
:10FB70000000000000000000000000000000000085
:10FB80000000000000000000000000000000000075
:10FB90000000000000000000000000000000000065
:10FBA0000000000000000000000000000000000055
:10FBB0000000000000000000000000000000000045
:10FBC0000000000000000000000000000000000035
:10FBD0000000000000000000000000000000000025
:10FBE0000000000000000000000000000000000015
:10FBF0000000000000000000000000000000000005
:10FC000000000000000000000000000000000000F4
:10FC100000000000000000000000000000000000E4
:10FC200000000000000000000000000000000000D4
:10FC300000000000000000000000000000000000C4
:10FC400000000000000000000000000000000000B4
:10FC500000000000000000000000000000000000A4
:10FC60000000000000000000000000000000000094
:10FC70000000000000000000000000000000000084
:10FC80000000000000000000000000000000000074
:10FC90000000000000000000000000000000000064
:10FCA0000000000000000000000000000000000054
:10FCB0000000000000000000000000000000000044
:10FCC0000000000000000000000000000000000034
:10FCD0000000000000000000000000000000000024
:10FCE0000000000000000000000000000000000014
:10FCF0000000000000000000000000000000000004
:10FD000000000000000000000000000000000000F3
:10FD100000000000000000000000000000000000E3
:10FD200000000000000000000000000000000000D3
:10FD300000000000000000000000000000000000C3
:10FD400000000000000000000000000000000000B3
:10FD500000000000000000000000000000000000A3
:10FD60000000000000000000000000000000000093
:10FD70000000000000000000000000000000000083
:10FD80000000000000000000000000000000000073
:10FD90000000000000000000000000000000000063
:10FDA0000000000000000000000000000000000053
:10FDB0000000000000000000000000000000000043
:10FDC0000000000000000000000000000000000033
:10FDD0000000000000000000000000000000000023
:10FDE0000000000000000000000000000000000013
:10FDF0000000000000000000000000000000000003
:10FE000000000000000000000000000000000000F2
:10FE100000000000000000000000000000000000E2
:10FE200000000000000000000000000000000000D2
:10FE300000000000000000000000000000000000C2
:10FE400000000000000000000000000000000000B2
:10FE500000000000000000000000000000000000A2
:10FE60000000000000000000000000000000000092
:10FE70000000000000000000000000000000000082
:10FE80000000000000000000000000000000000072
:10FE90000000000000000000000000000000000062
:10FEA0000000000000000000000000000000000052
:10FEB0000000000000000000000000000000000042
:10FEC0000000000000000000000000000000000032
:10FED0000000000000000000000000000000000022
:10FEE0000000000000000000000000000000000012
:10FEF0000000000000000000000000000000000002
:10FF000000000000000000000000000000000000F1
:10FF100000000000000000000000000000000000E1
:10FF200000000000000000000000000000000000D1
:10FF300000000000000000000000000000000000C1
:10FF400000000000000000000000000000000000B1
:10FF500000000000000000000000000000000000A1
:10FF60000000000000000000000000000000000091
:10FF70000000000000000000000000000000000081
:10FF80000000000000000000000000000000000071
:10FF90000000000000000000000000000000000061
:10FFA0000000000000000000000000000000000051
:10FFB0000000000000000000000000000000000041
:10FFC0000000000000000000000000000000000031
:10FFD0000000000000000000000000000000000021
:10FFE0000000000000000000000000000000000011
:10FFF0000000000000000000000000000000000001
:020000040002F8
:1000000000000000000000000000000000000000F0
:1000100000000000000000000000000000000000E0
:1000200000000000000000000000000000000000D0
:1000300000000000000000000000000000000000C0
:1000400000000000000000000000000000000000B0
:1000500000000000000000000000000000000000A0
:100060000000000000000000000000000000000090
:100070000000000000000000000000000000000080
:100080000000000000000000000000000000000070
:100090000000000000000000000000000000000060
:1000A0000000000000000000000000000000000050
:1000B0000000000000000000000000000000000040
:1000C0000000000000000000000000000000000030
:1000D0000000000000000000000000000000000020
:1000E0000000000000000000000000000000000010
:1000F0000000000000000000000000000000000000
:1001000000000000000000000000000000000000EF
:1001100000000000000000000000000000000000DF
:1001200000000000000000000000000000000000CF
:1001300000000000000000000000000000000000BF
:1001400000000000000000000000000000000000AF
:10015000000000000000000000000000000000009F
:10016000000000000000000000000000000000008F
:10017000000000000000000000000000000000007F
:10018000000000000000000000000000000000006F
:10019000000000000000000000000000000000005F
:1001A000000000000000000000000000000000004F
:1001B000000000000000000000000000000000003F
:1001C000000000000000000000000000000000002F
:1001D000000000000000000000000000000000001F
:1001E000000000000000000000000000000000000F
:1001F00000000000000000000000000000000000FF
:1002000000000000000000000000000000000000EE
:1002100000000000000000000000000000000000DE
:1002200000000000000000000000000000000000CE
:1002300000000000000000000000000000000000BE
:1002400000000000000000000000000000000000AE
:10025000000000000000000000000000000000009E
:10026000000000000000000000000000000000008E
:10027000000000000000000000000000000000007E
:10028000000000000000000000000000000000006E
:10029000000000000000000000000000000000005E
:1002A000000000000000000000000000000000004E
:1002B000000000000000000000000000000000003E
:1002C000000000000000000000000000000000002E
:1002D000000000000000000000000000000000001E
:1002E000000000000000000000000000000000000E
:1002F00000000000000000000000000000000000FE
:1003000000000000000000000000000000000000ED
:1003100000000000000000000000000000000000DD
:1003200000000000000000000000000000000000CD
:1003300000000000000000000000000000000000BD
:1003400000000000000000000000000000000000AD
:10035000000000000000000000000000000000009D
:10036000000000000000000000000000000000008D
:10037000000000000000000000000000000000007D
:10038000000000000000000000000000000000006D
:10039000000000000000000000000000000000005D
:1003A000000000000000000000000000000000004D
:1003B000000000000000000000000000000000003D
:1003C000000000000000000000000000000000002D
:1003D000000000000000000000000000000000001D
:1003E000000000000000000000000000000000000D
:1003F00000000000000000000000000000000000FD
:1004000000000000000000000000000000000000EC
:1004100000000000000000000000000000000000DC
:1004200000000000000000000000000000000000CC
:1004300000000000000000000000000000000000BC
:1004400000000000000000000000000000000000AC
:10045000000000000000000000000000000000009C
:10046000000000000000000000000000000000008C
:10047000000000000000000000000000000000007C
:10048000000000000000000000000000000000006C
:10049000000000000000000000000000000000005C
:1004A000000000000000000000000000000000004C
:1004B000000000000000000000000000000000003C
:1004C000000000000000000000000000000000002C
:1004D000000000000000000000000000000000001C
:1004E000000000000000000000000000000000000C
:1004F00000000000000000000000000000000000FC
:1005000000000000000000000000000000000000EB
:1005100000000000000000000000000000000000DB
:1005200000000000000000000000000000000000CB
:1005300000000000000000000000000000000000BB
:1005400000000000000000000000000000000000AB
:10055000000000000000000000000000000000009B
:10056000000000000000000000000000000000008B
:10057000000000000000000000000000000000007B
:10058000000000000000000000000000000000006B
:10059000000000000000000000000000000000005B
:1005A000000000000000000000000000000000004B
:1005B000000000000000000000000000000000003B
:1005C000000000000000000000000000000000002B
:1005D000000000000000000000000000000000001B
:1005E000000000000000000000000000000000000B
:1005F00000000000000000000000000000000000FB
:1006000000000000000000000000000000000000EA
:1006100000000000000000000000000000000000DA
:1006200000000000000000000000000000000000CA
:1006300000000000000000000000000000000000BA
:1006400000000000000000000000000000000000AA
:10065000000000000000000000000000000000009A
:10066000000000000000000000000000000000008A
:10067000000000000000000000000000000000007A
:10068000000000000000000000000000000000006A
:10069000000000000000000000000000000000005A
:1006A000000000000000000000000000000000004A
:1006B000000000000000000000000000000000003A
:1006C000000000000000000000000000000000002A
:1006D000000000000000000000000000000000001A
:1006E000000000000000000000000000000000000A
:1006F00000000000000000000000000000000000FA
:1007000000000000000000000000000000000000E9
:1007100000000000000000000000000000000000D9
:1007200000000000000000000000000000000000C9
:1007300000000000000000000000000000000000B9
:1007400000000000000000000000000000000000A9
:100750000000000000000000000000000000000099
:100760000000000000000000000000000000000089
:100770000000000000000000000000000000000079
:100780000000000000000000000000000000000069
:100790000000000000000000000000000000000059
:1007A0000000000000000000000000000000000049
:1007B0000000000000000000000000000000000039
:1007C0000000000000000000000000000000000029
:1007D0000000000000000000000000000000000019
:1007E0000000000000000000000000000000000009
:1007F00000000000000000000000000000000000F9
:1008000000000000000000000000000000000000E8
:1008100000000000000000000000000000000000D8
:1008200000000000000000000000000000000000C8
:1008300000000000000000000000000000000000B8
:1008400000000000000000000000000000000000A8
:100850000000000000000000000000000000000098
:100860000000000000000000000000000000000088
:100870000000000000000000000000000000000078
:100880000000000000000000000000000000000068
:100890000000000000000000000000000000000058
:1008A0000000000000000000000000000000000048
:1008B0000000000000000000000000000000000038
:1008C0000000000000000000000000000000000028
:1008D0000000000000000000000000000000000018
:1008E0000000000000000000000000000000000008
:1008F00000000000000000000000000000000000F8
:1009000000000000000000000000000000000000E7
:1009100000000000000000000000000000000000D7
:1009200000000000000000000000000000000000C7
:1009300000000000000000000000000000000000B7
:1009400000000000000000000000000000000000A7
:100950000000000000000000000000000000000097
:100960000000000000000000000000000000000087
:100970000000000000000000000000000000000077
:100980000000000000000000000000000000000067
:100990000000000000000000000000000000000057
:1009A0000000000000000000000000000000000047
:1009B0000000000000000000000000000000000037
:1009C0000000000000000000000000000000000027
:1009D0000000000000000000000000000000000017
:1009E0000000000000000000000000000000000007
:1009F00000000000000000000000000000000000F7
:100A000000000000000000000000000000000000E6
:100A100000000000000000000000000000000000D6
:100A200000000000000000000000000000000000C6
:100A300000000000000000000000000000000000B6
:100A400000000000000000000000000000000000A6
:100A50000000000000000000000000000000000096
:100A60000000000000000000000000000000000086
:100A70000000000000000000000000000000000076
:100A80000000000000000000000000000000000066
:100A90000000000000000000000000000000000056
:100AA0000000000000000000000000000000000046
:100AB0000000000000000000000000000000000036
:100AC0000000000000000000000000000000000026
:100AD0000000000000000000000000000000000016
:100AE0000000000000000000000000000000000006
:100AF00000000000000000000000000000000000F6
:100B000000000000000000000000000000000000E5
:100B100000000000000000000000000000000000D5
:100B200000000000000000000000000000000000C5
:100B300000000000000000000000000000000000B5
:100B400000000000000000000000000000000000A5
:100B50000000000000000000000000000000000095
:100B60000000000000000000000000000000000085
:100B70000000000000000000000000000000000075
:100B80000000000000000000000000000000000065
:100B90000000000000000000000000000000000055
:100BA0000000000000000000000000000000000045
:100BB0000000000000000000000000000000000035
:100BC0000000000000000000000000000000000025
:100BD0000000000000000000000000000000000015
:100BE0000000000000000000000000000000000005
:100BF00000000000000000000000000000000000F5
:100C000000000000000000000000000000000000E4
:100C100000000000000000000000000000000000D4
:100C200000000000000000000000000000000000C4
:100C300000000000000000000000000000000000B4
:100C400000000000000000000000000000000000A4
:100C50000000000000000000000000000000000094
:100C60000000000000000000000000000000000084
:100C70000000000000000000000000000000000074
:100C80000000000000000000000000000000000064
:100C90000000000000000000000000000000000054
:100CA0000000000000000000000000000000000044
:100CB0000000000000000000000000000000000034
:100CC0000000000000000000000000000000000024
:100CD0000000000000000000000000000000000014
:100CE0000000000000000000000000000000000004
:100CF00000000000000000000000000000000000F4
:100D000000000000000000000000000000000000E3
:100D100000000000000000000000000000000000D3
:100D200000000000000000000000000000000000C3
:100D300000000000000000000000000000000000B3
:100D400000000000000000000000000000000000A3
:100D50000000000000000000000000000000000093
:100D60000000000000000000000000000000000083
:100D70000000000000000000000000000000000073
:100D80000000000000000000000000000000000063
:100D90000000000000000000000000000000000053
:100DA0000000000000000000000000000000000043
:100DB0000000000000000000000000000000000033
:100DC0000000000000000000000000000000000023
:100DD0000000000000000000000000000000000013
:100DE0000000000000000000000000000000000003
:100DF00000000000000000000000000000000000F3
:100E000000000000000000000000000000000000E2
:100E100000000000000000000000000000000000D2
:100E200000000000000000000000000000000000C2
:100E300000000000000000000000000000000000B2
:100E400000000000000000000000000000000000A2
:100E50000000000000000000000000000000000092
:100E60000000000000000000000000000000000082
:100E70000000000000000000000000000000000072
:100E80000000000000000000000000000000000062
:100E90000000000000000000000000000000000052
:100EA0000000000000000000000000000000000042
:100EB0000000000000000000000000000000000032
:100EC0000000000000000000000000000000000022
:100ED0000000000000000000000000000000000012
:100EE0000000000000000000000000000000000002
:100EF00000000000000000000000000000000000F2
:100F000000000000000000000000000000000000E1
:100F100000000000000000000000000000000000D1
:100F200000000000000000000000000000000000C1
:100F300000000000000000000000000000000000B1
:100F400000000000000000000000000000000000A1
:100F50000000000000000000000000000000000091
:100F60000000000000000000000000000000000081
:100F70000000000000000000000000000000000071
:100F80000000000000000000000000000000000061
:100F90000000000000000000000000000000000051
:100FA0000000000000000000000000000000000041
:100FB0000000000000000000000000000000000031
:100FC0000000000000000000000000000000000021
:100FD0000000000000000000000000000000000011
:100FE0000000000000000000000000000000000001
:100FF00000000000000000000000000000000000F1
:1010000000000000000000000000000000000000E0
:1010100000000000000000000000000000000000D0
:1010200000000000000000000000000000000000C0
:1010300000000000000000000000000000000000B0
:1010400000000000000000000000000000000000A0
:101050000000000000000000000000000000000090
:101060000000000000000000000000000000000080
:101070000000000000000000000000000000000070
:101080000000000000000000000000000000000060
:101090000000000000000000000000000000000050
:1010A0000000000000000000000000000000000040
:1010B0000000000000000000000000000000000030
:1010C0000000000000000000000000000000000020
:1010D0000000000000000000000000000000000010
:1010E0000000000000000000000000000000000000
:1010F00000000000000000000000000000000000F0
:1011000000000000000000000000000000000000DF
:1011100000000000000000000000000000000000CF
:1011200000000000000000000000000000000000BF
:1011300000000000000000000000000000000000AF
:10114000000000000000000000000000000000009F
:10115000000000000000000000000000000000008F
:10116000000000000000000000000000000000007F
:10117000000000000000000000000000000000006F
:10118000000000000000000000000000000000005F
:10119000000000000000000000000000000000004F
:1011A000000000000000000000000000000000003F
:1011B000000000000000000000000000000000002F
:1011C000000000000000000000000000000000001F
:1011D000000000000000000000000000000000000F
:1011E00000000000000000000000000000000000FF
:1011F00000000000000000000000000000000000EF
:1012000000000000000000000000000000000000DE
:1012100000000000000000000000000000000000CE
:1012200000000000000000000000000000000000BE
:1012300000000000000000000000000000000000AE
:10124000000000000000000000000000000000009E
:10125000000000000000000000000000000000008E
:10126000000000000000000000000000000000007E
:10127000000000000000000000000000000000006E
:10128000000000000000000000000000000000005E
:10129000000000000000000000000000000000004E
:1012A000000000000000000000000000000000003E
:1012B000000000000000000000000000000000002E
:1012C000000000000000000000000000000000001E
:1012D000000000000000000000000000000000000E
:1012E00000000000000000000000000000000000FE
:1012F00000000000000000000000000000000000EE
:1013000000000000000000000000000000000000DD
:1013100000000000000000000000000000000000CD
:1013200000000000000000000000000000000000BD
:1013300000000000000000000000000000000000AD
:10134000000000000000000000000000000000009D
:10135000000000000000000000000000000000008D
:10136000000000000000000000000000000000007D
:10137000000000000000000000000000000000006D
:10138000000000000000000000000000000000005D
:10139000000000000000000000000000000000004D
:1013A000000000000000000000000000000000003D
:1013B000000000000000000000000000000000002D
:1013C000000000000000000000000000000000001D
:1013D000000000000000000000000000000000000D
:1013E00000000000000000000000000000000000FD
:1013F00000000000000000000000000000000000ED
:1014000000000000000000000000000000000000DC
:1014100000000000000000000000000000000000CC
:1014200000000000000000000000000000000000BC
:1014300000000000000000000000000000000000AC
:10144000000000000000000000000000000000009C
:10145000000000000000000000000000000000008C
:10146000000000000000000000000000000000007C
:10147000000000000000000000000000000000006C
:10148000000000000000000000000000000000005C
:10149000000000000000000000000000000000004C
:1014A000000000000000000000000000000000003C
:1014B000000000000000000000000000000000002C
:1014C000000000000000000000000000000000001C
:1014D000000000000000000000000000000000000C
:1014E00000000000000000000000000000000000FC
:1014F00000000000000000000000000000000000EC
:1015000000000000000000000000000000000000DB
:1015100000000000000000000000000000000000CB
:1015200000000000000000000000000000000000BB
:1015300000000000000000000000000000000000AB
:10154000000000000000000000000000000000009B
:10155000000000000000000000000000000000008B
:10156000000000000000000000000000000000007B
:10157000000000000000000000000000000000006B
:10158000000000000000000000000000000000005B
:10159000000000000000000000000000000000004B
:1015A000000000000000000000000000000000003B
:1015B000000000000000000000000000000000002B
:1015C000000000000000000000000000000000001B
:1015D000000000000000000000000000000000000B
:1015E00000000000000000000000000000000000FB
:1015F00000000000000000000000000000000000EB
:1016000000000000000000000000000000000000DA
:1016100000000000000000000000000000000000CA
:1016200000000000000000000000000000000000BA
:1016300000000000000000000000000000000000AA
:10164000000000000000000000000000000000009A
:10165000000000000000000000000000000000008A
:10166000000000000000000000000000000000007A
:10167000000000000000000000000000000000006A
:10168000000000000000000000000000000000005A
:10169000000000000000000000000000000000004A
:1016A000000000000000000000000000000000003A
:1016B000000000000000000000000000000000002A
:1016C000000000000000000000000000000000001A
:1016D000000000000000000000000000000000000A
:1016E00000000000000000000000000000000000FA
:1016F00000000000000000000000000000000000EA
:1017000000000000000000000000000000000000D9
:1017100000000000000000000000000000000000C9
:1017200000000000000000000000000000000000B9
:1017300000000000000000000000000000000000A9
:101740000000000000000000000000000000000099
:101750000000000000000000000000000000000089
:101760000000000000000000000000000000000079
:101770000000000000000000000000000000000069
:101780000000000000000000000000000000000059
:101790000000000000000000000000000000000049
:1017A0000000000000000000000000000000000039
:1017B0000000000000000000000000000000000029
:1017C0000000000000000000000000000000000019
:1017D0000000000000000000000000000000000009
:1017E00000000000000000000000000000000000F9
:1017F00000000000000000000000000000000000E9
:1018000000000000000000000000000000000000D8
:1018100000000000000000000000000000000000C8
:1018200000000000000000000000000000000000B8
:1018300000000000000000000000000000000000A8
:101840000000000000000000000000000000000098
:101850000000000000000000000000000000000088
:101860000000000000000000000000000000000078
:101870000000000000000000000000000000000068
:101880000000000000000000000000000000000058
:101890000000000000000000000000000000000048
:1018A0000000000000000000000000000000000038
:1018B0000000000000000000000000000000000028
:1018C0000000000000000000000000000000000018
:1018D0000000000000000000000000000000000008
:1018E00000000000000000000000000000000000F8
:1018F00000000000000000000000000000000000E8
:1019000000000000000000000000000000000000D7
:1019100000000000000000000000000000000000C7
:1019200000000000000000000000000000000000B7
:1019300000000000000000000000000000000000A7
:101940000000000000000000000000000000000097
:101950000000000000000000000000000000000087
:101960000000000000000000000000000000000077
:101970000000000000000000000000000000000067
:101980000000000000000000000000000000000057
:101990000000000000000000000000000000000047
:1019A0000000000000000000000000000000000037
:1019B0000000000000000000000000000000000027
:1019C0000000000000000000000000000000000017
:1019D0000000000000000000000000000000000007
:1019E00000000000000000000000000000000000F7
:1019F00000000000000000000000000000000000E7
:101A000000000000000000000000000000000000D6
:101A100000000000000000000000000000000000C6
:101A200000000000000000000000000000000000B6
:101A300000000000000000000000000000000000A6
:101A40000000000000000000000000000000000096
:101A50000000000000000000000000000000000086
:101A60000000000000000000000000000000000076
:101A70000000000000000000000000000000000066
:101A80000000000000000000000000000000000056
:101A90000000000000000000000000000000000046
:101AA0000000000000000000000000000000000036
:101AB0000000000000000000000000000000000026
:101AC0000000000000000000000000000000000016
:101AD0000000000000000000000000000000000006
:101AE00000000000000000000000000000000000F6
:101AF00000000000000000000000000000000000E6
:101B000000000000000000000000000000000000D5
:101B100000000000000000000000000000000000C5
:101B200000000000000000000000000000000000B5
:101B300000000000000000000000000000000000A5
:101B40000000000000000000000000000000000095
:101B50000000000000000000000000000000000085
:101B60000000000000000000000000000000000075
:101B70000000000000000000000000000000000065
:101B80000000000000000000000000000000000055
:101B90000000000000000000000000000000000045
:101BA0000000000000000000000000000000000035
:101BB0000000000000000000000000000000000025
:101BC0000000000000000000000000000000000015
:101BD0000000000000000000000000000000000005
:101BE00000000000000000000000000000000000F5
:101BF00000000000000000000000000000000000E5
:101C000000000000000000000000000000000000D4
:101C100000000000000000000000000000000000C4
:101C200000000000000000000000000000000000B4
:101C300000000000000000000000000000000000A4
:101C40000000000000000000000000000000000094
:101C50000000000000000000000000000000000084
:101C60000000000000000000000000000000000074
:101C70000000000000000000000000000000000064
:101C80000000000000000000000000000000000054
:101C90000000000000000000000000000000000044
:101CA0000000000000000000000000000000000034
:101CB0000000000000000000000000000000000024
:101CC0000000000000000000000000000000000014
:101CD0000000000000000000000000000000000004
:101CE00000000000000000000000000000000000F4
:101CF00000000000000000000000000000000000E4
:101D000000000000000000000000000000000000D3
:101D100000000000000000000000000000000000C3
:101D200000000000000000000000000000000000B3
:101D300000000000000000000000000000000000A3
:101D40000000000000000000000000000000000093
:101D50000000000000000000000000000000000083
:101D60000000000000000000000000000000000073
:101D70000000000000000000000000000000000063
:101D80000000000000000000000000000000000053
:101D90000000000000000000000000000000000043
:101DA0000000000000000000000000000000000033
:101DB0000000000000000000000000000000000023
:101DC0000000000000000000000000000000000013
:101DD0000000000000000000000000000000000003
:101DE00000000000000000000000000000000000F3
:101DF00000000000000000000000000000000000E3
:101E000000000000000000000000000000000000D2
:101E100000000000000000000000000000000000C2
:101E200000000000000000000000000000000000B2
:101E300000000000000000000000000000000000A2
:101E40000000000000000000000000000000000092
:101E50000000000000000000000000000000000082
:101E60000000000000000000000000000000000072
:101E70000000000000000000000000000000000062
:101E80000000000000000000000000000000000052
:101E90000000000000000000000000000000000042
:101EA0000000000000000000000000000000000032
:101EB0000000000000000000000000000000000022
:101EC0000000000000000000000000000000000012
:101ED0000000000000000000000000000000000002
:101EE00000000000000000000000000000000000F2
:101EF00000000000000000000000000000000000E2
:101F000000000000000000000000000000000000D1
:101F100000000000000000000000000000000000C1
:101F200000000000000000000000000000000000B1
:101F300000000000000000000000000000000000A1
:101F40000000000000000000000000000000000091
:101F50000000000000000000000000000000000081
:101F60000000000000000000000000000000000071
:101F70000000000000000000000000000000000061
:101F80000000000000000000000000000000000051
:101F90000000000000000000000000000000000041
:101FA0000000000000000000000000000000000031
:101FB0000000000000000000000000000000000021
:101FC0000000000000000000000000000000000011
:101FD0000000000000000000000000000000000001
:101FE00000000000000000000000000000000000F1
:101FF00000000000000000000000000000000000E1
:1020000000000000000000000000000000000000D0
:1020100000000000000000000000000000000000C0
:1020200000000000000000000000000000000000B0
:1020300000000000000000000000000000000000A0
:102040000000000000000000000000000000000090
:102050000000000000000000000000000000000080
:102060000000000000000000000000000000000070
:102070000000000000000000000000000000000060
:102080000000000000000000000000000000000050
:102090000000000000000000000000000000000040
:1020A0000000000000000000000000000000000030
:1020B0000000000000000000000000000000000020
:1020C0000000000000000000000000000000000010
:1020D0000000000000000000000000000000000000
:1020E00000000000000000000000000000000000F0
:1020F00000000000000000000000000000000000E0
:1021000000000000000000000000000000000000CF
:1021100000000000000000000000000000000000BF
:1021200000000000000000000000000000000000AF
:10213000000000000000000000000000000000009F
:10214000000000000000000000000000000000008F
:10215000000000000000000000000000000000007F
:10216000000000000000000000000000000000006F
:10217000000000000000000000000000000000005F
:10218000000000000000000000000000000000004F
:10219000000000000000000000000000000000003F
:1021A000000000000000000000000000000000002F
:1021B000000000000000000000000000000000001F
:1021C000000000000000000000000000000000000F
:1021D00000000000000000000000000000000000FF
:1021E00000000000000000000000000000000000EF
:1021F00000000000000000000000000000000000DF
:1022000000000000000000000000000000000000CE
:1022100000000000000000000000000000000000BE
:1022200000000000000000000000000000000000AE
:10223000000000000000000000000000000000009E
:10224000000000000000000000000000000000008E
:10225000000000000000000000000000000000007E
:10226000000000000000000000000000000000006E
:10227000000000000000000000000000000000005E
:10228000000000000000000000000000000000004E
:10229000000000000000000000000000000000003E
:1022A000000000000000000000000000000000002E
:1022B000000000000000000000000000000000001E
:1022C000000000000000000000000000000000000E
:1022D00000000000000000000000000000000000FE
:1022E00000000000000000000000000000000000EE
:1022F00000000000000000000000000000000000DE
:1023000000000000000000000000000000000000CD
:1023100000000000000000000000000000000000BD
:1023200000000000000000000000000000000000AD
:10233000000000000000000000000000000000009D
:10234000000000000000000000000000000000008D
:10235000000000000000000000000000000000007D
:10236000000000000000000000000000000000006D
:10237000000000000000000000000000000000005D
:10238000000000000000000000000000000000004D
:10239000000000000000000000000000000000003D
:1023A000000000000000000000000000000000002D
:1023B000000000000000000000000000000000001D
:1023C000000000000000000000000000000000000D
:1023D00000000000000000000000000000000000FD
:1023E00000000000000000000000000000000000ED
:1023F00000000000000000000000000000000000DD
:1024000000000000000000000000000000000000CC
:1024100000000000000000000000000000000000BC
:1024200000000000000000000000000000000000AC
:10243000000000000000000000000000000000009C
:10244000000000000000000000000000000000008C
:10245000000000000000000000000000000000007C
:10246000000000000000000000000000000000006C
:10247000000000000000000000000000000000005C
:10248000000000000000000000000000000000004C
:10249000000000000000000000000000000000003C
:1024A000000000000000000000000000000000002C
:1024B000000000000000000000000000000000001C
:1024C000000000000000000000000000000000000C
:1024D00000000000000000000000000000000000FC
:1024E00000000000000000000000000000000000EC
:1024F00000000000000000000000000000000000DC
:1025000000000000000000000000000000000000CB
:1025100000000000000000000000000000000000BB
:1025200000000000000000000000000000000000AB
:10253000000000000000000000000000000000009B
:10254000000000000000000000000000000000008B
:10255000000000000000000000000000000000007B
:10256000000000000000000000000000000000006B
:10257000000000000000000000000000000000005B
:10258000000000000000000000000000000000004B
:10259000000000000000000000000000000000003B
:1025A000000000000000000000000000000000002B
:1025B000000000000000000000000000000000001B
:1025C000000000000000000000000000000000000B
:1025D00000000000000000000000000000000000FB
:1025E00000000000000000000000000000000000EB
:1025F00000000000000000000000000000000000DB
:1026000000000000000000000000000000000000CA
:1026100000000000000000000000000000000000BA
:1026200000000000000000000000000000000000AA
:10263000000000000000000000000000000000009A
:10264000000000000000000000000000000000008A
:10265000000000000000000000000000000000007A
:10266000000000000000000000000000000000006A
:10267000000000000000000000000000000000005A
:10268000000000000000000000000000000000004A
:10269000000000000000000000000000000000003A
:1026A000000000000000000000000000000000002A
:1026B000000000000000000000000000000000001A
:1026C000000000000000000000000000000000000A
:1026D00000000000000000000000000000000000FA
:1026E00000000000000000000000000000000000EA
:1026F00000000000000000000000000000000000DA
:1027000000000000000000000000000000000000C9
:1027100000000000000000000000000000000000B9
:1027200000000000000000000000000000000000A9
:102730000000000000000000000000000000000099
:102740000000000000000000000000000000000089
:102750000000000000000000000000000000000079
:102760000000000000000000000000000000000069
:102770000000000000000000000000000000000059
:102780000000000000000000000000000000000049
:102790000000000000000000000000000000000039
:1027A0000000000000000000000000000000000029
:1027B0000000000000000000000000000000000019
:1027C0000000000000000000000000000000000009
:1027D00000000000000000000000000000000000F9
:1027E00000000000000000000000000000000000E9
:1027F00000000000000000000000000000000000D9
:1028000000000000000000000000000000000000C8
:1028100000000000000000000000000000000000B8
:1028200000000000000000000000000000000000A8
:102830000000000000000000000000000000000098
:102840000000000000000000000000000000000088
:102850000000000000000000000000000000000078
:102860000000000000000000000000000000000068
:102870000000000000000000000000000000000058
:102880000000000000000000000000000000000048
:102890000000000000000000000000000000000038
:1028A0000000000000000000000000000000000028
:1028B0000000000000000000000000000000000018
:1028C0000000000000000000000000000000000008
:1028D00000000000000000000000000000000000F8
:1028E00000000000000000000000000000000000E8
:1028F00000000000000000000000000000000000D8
:1029000000000000000000000000000000000000C7
:1029100000000000000000000000000000000000B7
:1029200000000000000000000000000000000000A7
:102930000000000000000000000000000000000097
:102940000000000000000000000000000000000087
:102950000000000000000000000000000000000077
:102960000000000000000000000000000000000067
:102970000000000000000000000000000000000057
:102980000000000000000000000000000000000047
:102990000000000000000000000000000000000037
:1029A0000000000000000000000000000000000027
:1029B0000000000000000000000000000000000017
:1029C0000000000000000000000000000000000007
:1029D00000000000000000000000000000000000F7
:1029E00000000000000000000000000000000000E7
:1029F00000000000000000000000000000000000D7
:102A000000000000000000000000000000000000C6
:102A100000000000000000000000000000000000B6
:102A200000000000000000000000000000000000A6
:102A30000000000000000000000000000000000096
:102A40000000000000000000000000000000000086
:102A50000000000000000000000000000000000076
:102A60000000000000000000000000000000000066
:102A70000000000000000000000000000000000056
:102A80000000000000000000000000000000000046
:102A90000000000000000000000000000000000036
:102AA0000000000000000000000000000000000026
:102AB0000000000000000000000000000000000016
:102AC0000000000000000000000000000000000006
:102AD00000000000000000000000000000000000F6
:102AE00000000000000000000000000000000000E6
:102AF00000000000000000000000000000000000D6
:102B000000000000000000000000000000000000C5
:102B100000000000000000000000000000000000B5
:102B200000000000000000000000000000000000A5
:102B30000000000000000000000000000000000095
:102B40000000000000000000000000000000000085
:102B50000000000000000000000000000000000075
:102B60000000000000000000000000000000000065
:102B70000000000000000000000000000000000055
:102B80000000000000000000000000000000000045
:102B90000000000000000000000000000000000035
:102BA0000000000000000000000000000000000025
:102BB0000000000000000000000000000000000015
:102BC0000000000000000000000000000000000005
:102BD00000000000000000000000000000000000F5
:102BE00000000000000000000000000000000000E5
:102BF00000000000000000000000000000000000D5
:102C000000000000000000000000000000000000C4
:102C100000000000000000000000000000000000B4
:102C200000000000000000000000000000000000A4
:102C30000000000000000000000000000000000094
:102C40000000000000000000000000000000000084
:102C50000000000000000000000000000000000074
:102C60000000000000000000000000000000000064
:102C70000000000000000000000000000000000054
:102C80000000000000000000000000000000000044
:102C90000000000000000000000000000000000034
:102CA0000000000000000000000000000000000024
:102CB0000000000000000000000000000000000014
:102CC0000000000000000000000000000000000004
:102CD00000000000000000000000000000000000F4
:102CE00000000000000000000000000000000000E4
:102CF00000000000000000000000000000000000D4
:102D000000000000000000000000000000000000C3
:102D100000000000000000000000000000000000B3
:102D200000000000000000000000000000000000A3
:102D30000000000000000000000000000000000093
:102D40000000000000000000000000000000000083
:102D50000000000000000000000000000000000073
:102D60000000000000000000000000000000000063
:102D70000000000000000000000000000000000053
:102D80000000000000000000000000000000000043
:102D90000000000000000000000000000000000033
:102DA0000000000000000000000000000000000023
:102DB0000000000000000000000000000000000013
:102DC0000000000000000000000000000000000003
:102DD00000000000000000000000000000000000F3
:102DE00000000000000000000000000000000000E3
:102DF00000000000000000000000000000000000D3
:102E000000000000000000000000000000000000C2
:102E100000000000000000000000000000000000B2
:102E200000000000000000000000000000000000A2
:102E30000000000000000000000000000000000092
:102E40000000000000000000000000000000000082
:102E50000000000000000000000000000000000072
:102E60000000000000000000000000000000000062
:102E70000000000000000000000000000000000052
:102E80000000000000000000000000000000000042
:102E90000000000000000000000000000000000032
:102EA0000000000000000000000000000000000022
:102EB0000000000000000000000000000000000012
:102EC0000000000000000000000000000000000002
:102ED00000000000000000000000000000000000F2
:102EE00000000000000000000000000000000000E2
:102EF00000000000000000000000000000000000D2
:102F000000000000000000000000000000000000C1
:102F100000000000000000000000000000000000B1
:102F200000000000000000000000000000000000A1
:102F30000000000000000000000000000000000091
:102F40000000000000000000000000000000000081
:102F50000000000000000000000000000000000071
:102F60000000000000000000000000000000000061
:102F70000000000000000000000000000000000051
:102F80000000000000000000000000000000000041
:102F90000000000000000000000000000000000031
:102FA0000000000000000000000000000000000021
:102FB0000000000000000000000000000000000011
:102FC0000000000000000000000000000000000001
:102FD00000000000000000000000000000000000F1
:102FE00000000000000000000000000000000000E1
:102FF00000000000000000000000000000000000D1
:1030000000000000000000000000000000000000C0
:1030100000000000000000000000000000000000B0
:1030200000000000000000000000000000000000A0
:103030000000000000000000000000000000000090
:103040000000000000000000000000000000000080
:103050000000000000000000000000000000000070
:103060000000000000000000000000000000000060
:103070000000000000000000000000000000000050
:103080000000000000000000000000000000000040
:103090000000000000000000000000000000000030
:1030A0000000000000000000000000000000000020
:1030B0000000000000000000000000000000000010
:1030C0000000000000000000000000000000000000
:1030D00000000000000000000000000000000000F0
:1030E00000000000000000000000000000000000E0
:1030F00000000000000000000000000000000000D0
:1031000000000000000000000000000000000000BF
:1031100000000000000000000000000000000000AF
:10312000000000000000000000000000000000009F
:10313000000000000000000000000000000000008F
:10314000000000000000000000000000000000007F
:10315000000000000000000000000000000000006F
:10316000000000000000000000000000000000005F
:10317000000000000000000000000000000000004F
:10318000000000000000000000000000000000003F
:10319000000000000000000000000000000000002F
:1031A000000000000000000000000000000000001F
:1031B000000000000000000000000000000000000F
:1031C00000000000000000000000000000000000FF
:1031D00000000000000000000000000000000000EF
:1031E00000000000000000000000000000000000DF
:1031F00000000000000000000000000000000000CF
:1032000000000000000000000000000000000000BE
:1032100000000000000000000000000000000000AE
:10322000000000000000000000000000000000009E
:10323000000000000000000000000000000000008E
:10324000000000000000000000000000000000007E
:10325000000000000000000000000000000000006E
:10326000000000000000000000000000000000005E
:10327000000000000000000000000000000000004E
:10328000000000000000000000000000000000003E
:10329000000000000000000000000000000000002E
:1032A000000000000000000000000000000000001E
:1032B000000000000000000000000000000000000E
:1032C00000000000000000000000000000000000FE
:1032D00000000000000000000000000000000000EE
:1032E00000000000000000000000000000000000DE
:1032F00000000000000000000000000000000000CE
:1033000000000000000000000000000000000000BD
:1033100000000000000000000000000000000000AD
:10332000000000000000000000000000000000009D
:10333000000000000000000000000000000000008D
:10334000000000000000000000000000000000007D
:10335000000000000000000000000000000000006D
:10336000000000000000000000000000000000005D
:10337000000000000000000000000000000000004D
:10338000000000000000000000000000000000003D
:10339000000000000000000000000000000000002D
:1033A000000000000000000000000000000000001D
:1033B000000000000000000000000000000000000D
:1033C00000000000000000000000000000000000FD
:1033D00000000000000000000000000000000000ED
:1033E00000000000000000000000000000000000DD
:1033F00000000000000000000000000000000000CD
:1034000000000000000000000000000000000000BC
:1034100000000000000000000000000000000000AC
:10342000000000000000000000000000000000009C
:10343000000000000000000000000000000000008C
:10344000000000000000000000000000000000007C
:10345000000000000000000000000000000000006C
:10346000000000000000000000000000000000005C
:10347000000000000000000000000000000000004C
:10348000000000000000000000000000000000003C
:10349000000000000000000000000000000000002C
:1034A000000000000000000000000000000000001C
:1034B000000000000000000000000000000000000C
:1034C00000000000000000000000000000000000FC
:1034D00000000000000000000000000000000000EC
:1034E00000000000000000000000000000000000DC
:1034F00000000000000000000000000000000000CC
:1035000000000000000000000000000000000000BB
:1035100000000000000000000000000000000000AB
:10352000000000000000000000000000000000009B
:10353000000000000000000000000000000000008B
:10354000000000000000000000000000000000007B
:10355000000000000000000000000000000000006B
:10356000000000000000000000000000000000005B
:10357000000000000000000000000000000000004B
:10358000000000000000000000000000000000003B
:10359000000000000000000000000000000000002B
:1035A000000000000000000000000000000000001B
:1035B000000000000000000000000000000000000B
:1035C00000000000000000000000000000000000FB
:1035D00000000000000000000000000000000000EB
:1035E00000000000000000000000000000000000DB
:1035F00000000000000000000000000000000000CB
:1036000000000000000000000000000000000000BA
:1036100000000000000000000000000000000000AA
:10362000000000000000000000000000000000009A
:10363000000000000000000000000000000000008A
:10364000000000000000000000000000000000007A
:10365000000000000000000000000000000000006A
:10366000000000000000000000000000000000005A
:103670000000000001000000000000000000000049
:10368000000000000000000000000000000000003A
:103690000F9C0100FBA00100919C0100939C010084
:1036A000000000000000000000000000000000001A
:1036B000000000000000000000000000000000000A
:1036C00000000000000000000000000000000000FA
:1036D00053970100219C01000000002000400000E1
:1036E00000000B13000000000000000000000000BC
:1036F00000000000000000000000000000000000CA
:1037000000000000000000000000000000000000B9
:1037100000000000000000000000000000000000A9
:103720000000000000000000000000000000000099
:103730000000000000000000000000000000000089
:103740000000000000000000000000000000000079
:103750000000000008000000FF0000000000000062
:103760000300000000000000FFFF0F0090020000B7
:103770002041002020410020284100202841002035
:10378000404000204000000000000B1300400020DB
:103790004000000000000B130000000000000000CB
:1037A00000000000F0A90100000062080000000015
:1037B00070A9010000002008000000000070002037
:1037C00000000B0038F60100004300200000090053
:1037D00000000000D84300200000090002000000A3
:1037E000D0A901000000150800000000B0A90100E8
:1037F0000000160800000000FCAB010000001100F2
:1038000000000000A44700200000070000000000A6
:1038100094470020000007000000000090A901006C
:1038200000001608000000000060002000000B00EF
:1038300030F60100484500200000090003000000A8
:103840009044002000000900010000002CAC0100A1
:1038500000001400000000002046002000001200BC
:103860000000000018AC0100000013000000000080
:10387000F0FF000000000000000000000000000059
:103880000000000000000000000000000000000038
:103890000000000000000000000000000000000028
:1038A0000000000000000000000000000000000018
:1038B0000000000000000000000000000000000008
:1038C00000000000000000000000000000000000F8
:1038D00000000000000000000000000000000000E8
:1038E00000000000000000000000000000000000D8
:1038F00000000000000000000000000000000000C8
:1039000000000000000000000000000000000000B7
:1039100000000000000000000000000000000000A7
:103920000000000000000000000000000000000097
:103930000000000000000000000000000000000087
:1039400015E015E00769500110002000E726E43873
:1039500073D5999A3445AD5B7F562A0A03175F06E3
:10396000D2FC56819A8D076AD3BFC7990100200007
:10397000FC5701DC6135E1323847BDC40F04D2E5A4
:10398000BEE5833B23C29F93593D00018CFA999475
:10399000200000012F85CD47E4689035DB69FB7975
:1039A0004FD90EFCCA5A8797EE1C303D99E41CD6BD
:1039B00032F3925D3BD4F4586EDD3CA87CEA664954
:1039C000AABD0566E764F7E350B05F80374DB52BBD
:1039D000916F97624B81E6F2D75F106292D6FE92AA
:1039E000262B466D065B71CD18AFC09B0164FD347C
:1039F000427E47D2849904165B5596B25AEA0FA0CC
:103A000047A0F5B2EEDA2B5E06A36688A1C60B4688
:103A100065A98B9D522C24A371421FB82A1F8E15B5
:103A20008EE4478F49CBBE237DEF30D51FB3C28EC6
:103A30007A2CF3F42FEF600D6B8E68DAE691AD1FF0
:103A400027F5C584EA835A43864D92F1B35A0E7323
:103A500096B08C5908BB50F8EA0E55B302DE888345
:103A60007141DC3F7D79368DDBBD80ED15CEA5380B
:103A70009FF3C7F26082FA4B2D0FC4B2B1824B5054
:103A8000A4C9397C9D802872C666FB3AEF76A21BDA
:043A9000A4123860E4
:00000001FF
