:020000040000FA
:10C000003DB8F396000000000002000040D500009B
:10C010000000000000000000000000000000000020
:10C020000000000000000000000000000000000010
:10C030000000000000000000000000000000000000
:10C0400000000000000000000000000000000000F0
:10C0500000000000000000000000000000000000E0
:10C0600000000000000000000000000000000000D0
:10C0700000000000000000000000000000000000C0
:10C0800000000000000000000000000000000000B0
:10C0900000000000000000000000000000000000A0
:10C0A0000000000000000000000000000000000090
:10C0B0000000000000000000000000000000000080
:10C0C0000000000000000000000000000000000070
:10C0D0000000000000000000000000000000000060
:10C0E0000000000000000000000000000000000050
:10C0F0000000000000000000000000000000000040
:10C10000000000000000000000000000000000002F
:10C11000000000000000000000000000000000001F
:10C12000000000000000000000000000000000000F
:10C1300000000000000000000000000000000000FF
:10C1400000000000000000000000000000000000EF
:10C1500000000000000000000000000000000000DF
:10C1600000000000000000000000000000000000CF
:10C1700000000000000000000000000000000000BF
:10C1800000000000000000000000000000000000AF
:10C19000000000000000000000000000000000009F
:10C1A000000000000000000000000000000000008F
:10C1B000000000000000000000000000000000007F
:10C1C000000000000000000000000000000000006F
:10C1D000000000000000000000000000000000005F
:10C1E000000000000000000000000000000000004F
:10C1F000000000000000000000000000000000003F
:10C20000C02C00201DE40000E956010009E40000F4
:10C2100009E4000009E4000009E400000000000057
:10C22000000000000000000000000000F9E4000031
:10C2300009E4000000000000EDE6000009E4000051
:10C2400069E7000069E7000069E7000069E70000AE
:10C2500069E7000069E7000069E7000069E700009E
:10C2600069E7000069E7000069E7000069E700008E
:10C2700069E7000069E7000069E7000069E700007E
:10C2800069E7000069E7000069E7000069E700006E
:10C2900069E7000069E7000069E7000069E700005E
:10C2A00069E7000069E7000069E7000069E700004E
:10C2B00069E7000069E7000069E7000069E700003E
:10C2C00069E7000069E7000069E7000069E700002E
:10C2D00069E7000069E7000069E7000069E700001E
:10C2E00069E7000069E7000069E7000069E700000E
:10C2F00069E7000069E7000069E7000069E70000FE
:10C3000010F8012B11F8013B012A28BF9A42F7D0FF
:10C31000D01A7047034613F8012B002AFBD1181AD4
:10C320000138704713B5104B019301240F4B10488F
:10C3300000942246042109F0B0F8031E04DA0D4AE5
:10C340000D48214608F078FF0C4A0B48084C0321A1
:10C3500008F069FF4FF4004000210BF09CFAA3693C
:10C360000133A361F6E700BF58830100CC930100BD
:10C37000500A002066830100F47F01008B830100D6
:10C380002DE9F84F8A4600AF002974D004680E1FCB
:10C39000361BF50826F0070604EB0608B8F802B0CD
:10C3A0001BF0010B16D1E94688B06A46334BCDE944
:10C3B0000531032342F8103F31485B464FF4C25128
:10C3C00001F0DEF8CD468BF31188BFF36F8F0423A5
:10C3D000184602DF2946204608F0BBF9284434F805
:10C3E0003030C01A854217D0E94688B06A46254BDE
:10C3F000CDE9053A032342F8103F214800234FF4CA
:10C40000C25101F0BDF80023CD4683F31188BFF37C
:10C410006F8F0423184602DFB8F8023023F00103BF
:10C42000A8F802302946204608F093F905EB0008E9
:10C4300004EBC8035B88DA0708D44146204608F0BD
:10C44000D1F942462946204608F011FAA65BAE1BF8
:10C4500004EBC6035B88DB0709D43146204608F0AD
:10C46000C1F92A463146204608F001FA35462946E8
:10C47000204608F073F9BD46BDE8F88F0A84010034
:10C48000E47F0100E18301002DE9F04F91B08407C2
:10C49000009302F004030293C2F3C20303F1010309
:10C4A000DDF868A0039205460E46059340F09D8195
:10C4B000041D00284AD101F00706341DC6F1080604
:10C4C000009B00275A1E4FF004084FF0FF330193E2
:10C4D0000497B946BB4643460DB1009921600598C3
:10C4E000002800F3D78090480099814203D38F48F9
:10C4F0008142C0F0CF80039911F0020CA4EB05003B
:10C5000040F0D680B9F10F0F00F2CF80002D00F07F
:10C51000D68009F140010DEB010EC0F387000199AF
:10C520000EF8200C0EF8101CBCF1000F00F0C380B8
:10C5300060F07F000EF8200C013709F10109C5F108
:10C540000801043406914FF6DA7E8CE00729B7D84B
:10C550006FF01B0011B0BDE8F08F7A285BD84B2834
:10C560000FD8472857D829282ED8252850D052D858
:10C57000202818BF23280CBF4FF0010B4FF0000BF1
:10C5800071E04C382E2846D8DFE800F06D4545456F
:10C590004545454545454545484545454545454548
:10C5A00045564548485656566D486A456D451848A3
:10C5B0001845457F7C48454548457C0000204FF0A4
:10C5C000000B4FF0040835E02A38C0B2012101FA0F
:10C5D00000F010EA0E0F46D110F0625C2CD110EA88
:10C5E000010B40D06046013C4444B4FBF8F408FB26
:10C5F00004F425B1A3EB050CA444B445A8D8002845
:10C6000070D00599013905915AF8041B009163E730
:10C610000199013901914FF0000B24E012F8010C4F
:10C620006C2834D112F8023C00206C2B8346C8D110
:10C630004FF008084346D6E70AF1070A2AF0070A2E
:10C640000734FAE802BC24F0070435B10698204408
:10C65000B0423FF67DAFC4E900BC08344FF0000B98
:10C660004FF00808434612F8010F002853D0BBF1E1
:10C67000000F7FF472AF2528F5D1019B01330193A0
:10C680004FF0010B4FF00408ECE7584697E7002005
:10C690008346A8E7039988077FF551AF601B4FF0E9
:10C6A000010CB0F5007FFFF42DAF6FF0150051E7DE
:10C6B0004FF0000CF5E70498013004903DE7BCF121
:10C6C000000F01D0013638E70298023600287FF4C7
:10C6D00034AF0098CDE90632FFF71CFEDDE90632E3
:10C6E00006442AE7042B08D10AF1040015B1DAF850
:10C6F0000010216004348246B5E70AF1070323F0F5
:10C70000070303F1080A1DB1D3E90001C4E90001E0
:10C7100008340823A7E7631BB3F5806FC5D23DB982
:10C72000A6F10804E01815E7E07B01001095010070
:10C73000029A28609B082B709DF81030AAB1EB700C
:10C74000AF702FB108A80022C5F1010C91450ED1A0
:10C75000C5F101030DF120084FF0000A01930DF11E
:10C76000300BD14512D1601BF4E66B70E8E710F88E
:10C77000013B190608D50CEB040EB64503F07F0308
:10C780003FF6E6AE04F8013B0132DFE71FB198F94E
:10C790000020002A17DB029BD3B11AF80B2004F803
:10C7A000012B0022019B18191044B0423FF6D0AE75
:10C7B00098F8000004F8010B0099039220460BF052
:10C7C00071F9039A14440AF1010A08F10108C8E753
:10C7D00098F8002055F822300093029B45F822304B
:10C7E0000098FFF797FD421CDCE76FF00D00B1E603
:10C7F0002DE9F04F97B000AFC7E90A3205468A46E7
:10C8000049B903784678807800EB83002844564580
:10C8100024D8A0EB050AD7F8803095F80280D7F825
:10C82000804003F00103FB61EB787B62B8F1000FFD
:10C830000CBF002404F001041BB1D7F880309A0724
:10C8400015D4A4B9FB6A1BB1BA6A51462846984769
:10C85000564630465C37BD46BDE8F08F441C204646
:10C86000FFF758FD013020440AF1010ACFE7D7F85D
:10C870008030C3F3C0033B622B78BB619B003B61FC
:10C880006B687B61BB6905EB830BFB6A002B77D17F
:10C890005646D844BCB11C461BF8013B55F8230052
:10C8A000FFF738FDD7F88430013043B1D7F888302E
:10C8B000A34282BFD7F8843023F814000134C34563
:10C8C0000644E9D1D846D7F8803013F0050F0CBFE5
:10C8D0004FF0020B4FF0010B4FF000097B6A9945B6
:10C8E000B7D298F8013055F823A0AE4B9A4508F11D
:10C8F0000208C0F04B81AC4B3A6A9A452CBF00232A
:10C9000001230AB318F8021C7869FB6208F084F866
:10C91000FB6AC8B1EA468AB06A46A44B05937B69B4
:10C92000CDE906314FF40073ADF82030A04B42F84A
:10C93000103FA04800234FF4125100F021FE023EA8
:10C94000D54609F10109C9E723B1FB6933B9A6EB63
:10C950000B06F6E7D7F880309B07F2D55046FFF775
:10C96000D9FCD7F884304BB1D7F888309C423FBF10
:10C97000D7F88420431C22F8143001340644E0E741
:10C98000002C69D1B8F1000F6CD0D7F8803058076F
:10C990006BD5C14607F14800424659460BF082F874
:10C9A0000BEB0803FB6000220233796A8A425ED3F4
:10C9B000D7F8802095F801B0F969920704EB0B03D2
:10C9C000DBB254BF4FEA59020022002940F0A68092
:10C9D000D7F8801011F0040F14BF494600216B7086
:10C9E000A970EA703969BA6AFB6A28469847061E38
:10C9F000FFF62FAFBB692B707B6AEB704946BA6AB2
:10CA0000FB6A85F801B085F8028007F14800984775
:10CA1000B0F10009C0F2B6803B697A6A786A03EB2C
:10CA20004201FB68BA6A414403EB4000AAEB0101F2
:10CA3000FB6A98470028C0F2A780B14409EB0006C2
:10CA40004FF0000B07F1380AA34569D30021BA6AF9
:10CA5000FB6A08469847FCE6444607F138004FF069
:10CA6000000999E74446C1469AE7A14698E713F8BA
:10CA7000016CDFF830C155F8260013F8021C604540
:10CA8000C0F08A80DFF820C16045386A2CBF4FF0C3
:10CA9000000B4FF0010B38B17869C7E9013207F09C
:10CAA000BBFFD7E90132F0B9BBF1000F1ED0F96925
:10CAB00049B1611C04F1280007F13004041904F89D
:10CAC000206CCCB20FE0D7F8801049070BD509F1E4
:10CAD000280007F1300C09F1010100EB0C0909F8FD
:10CAE000106C5FFA81F9013202335EE7D7F88000FB
:10CAF0008007DED409F1280C07F1300EF44409F167
:10CB000001000CF8101C07F1580151FA80F009F1EE
:10CB100002095FFA89F900F8106CE4E700215EE78A
:10CB20001BF80A3087F8373055F82390D7F884304F
:10CB30002BB3D7F888309B4521D2D7F8843033F80F
:10CB40001B80BA6AFB6A012107F137009847002869
:10CB50001ADB0644B8F1000F06D14846FFF7DAFBAE
:10CB600000F101081FFA88F8BA6AFB6A4146484694
:10CB70009847002808DB06440BF1010B64E74FF0EF
:10CB80000008DEE74E4664E6064662E63B6A002B96
:10CB90003FF4E0AE0023B5E6386A0028A6D04FF097
:10CBA000000B79E7E07B010010950100378401005C
:10CBB00004000001547F0100014B1860704700BF62
:10CBC0003000002080B505460E461746984606F010
:10CBD00073FF034601F0DAFDDFF81890044649F8C8
:10CBE0000030424630463946A84754F8090001F063
:10CBF00067FD00BF0800000008B50446EFF311838D
:10CC0000202383F31288BFF36F8F05F097F8204637
:10CC100002F0A4F8024807F01EFF08F07EFDFCE7D2
:10CC2000EB8401002DE9F043079D15B91560002044
:10CC300012E00324B5FBF4F404EB4407BD4218BF33
:10CC40000134B4F1804F09D2A40001348C4200D8E1
:10CC500038B914606FF00B00BDE8F0834FF0FF347B
:10CC6000F7E7DFF8BCE004460021B94203F1030C0A
:10CC700004F104062CD3A942274624D21F7801F1DF
:10CC8000010CAC45264938BF5B784FEAA70E28BF98
:10CC9000002311F80EE084F800E0AC4501EB131E10
:10CCA0003CBF9B0003F03C034FEA071707F0300737
:10CCB00038BFCB5C1EF80770677028BF3D23A37098
:10CCC0003D23E3703746381A002310603B70AEE70F
:10CCD0001CF8034C1CF8023C1CF8018C4FEAA40918
:10CCE00024011EF8099006F8049C04F030040EEBB1
:10CCF00013199B0019F8044006F8034C03F03C0399
:10CD00000EEB981408F03F08E35C06F8023C1EF8AE
:10CD1000083006F8013C033134466346A5E700BFFE
:10CD2000529401002DE9F043DDF81CE0DFF820818A
:10CD300000273C463E46764526D3D4BB14600020EF
:10CD4000BDE8F0830135754531D013F805C0BCF15D
:10CD5000200FF7D0AEEB0509B9F1010F16D0BCF1E9
:10CD60000D0F13D103EB050999F80190B9F10A0FE2
:10CD70001BD0B54205D1BCF13D0F0AD10137022FBE
:10CD80000AD96FF01500DBE73546DCE7BCF10A0F86
:10CD9000EEE71CF0800FF4D118F80C607F2EF0D075
:10CDA0003F2E01D8002FECD101346E1CC3E72E4674
:10CDB000C3E704F007054FF0060CE4080CFB05F58B
:10CDC0000CFB04F40735E41B04EBD50470B18C4272
:10CDD0000CD80027DFF878E0DFF878801E440146A1
:10CDE00003253C46B34205D10C1AA7E714606FF047
:10CDF0000B00A5E713F8019BA9F10A0C5FFA8CFC64
:10CE0000BCF1160F04D828FA0CFC1CF0010FE9D174
:10CE10001EF809C00134BCF1400F08BF013D0CF001
:10CE20003F0C042C4CEA8717DCD17DB13C0C012D62
:10CE30000C7002D101310024D4E7022D4FEA1724EF
:10CE40004C7016BF8F7002310331F4E72C46C9E7EE
:10CE5000D2930100090040002DE9F047058B0446FC
:10CE6000280717460CD501290CBF45F0100545F0E1
:10CE70002005258387F31188BFF36F8FBDE8F08706
:10CE8000022905F0070540F09480204608F05BF881
:10CE9000052864D801A353F820F000BF75CE000028
:10CEA000B3CF00005FCF000021CF00003BCF0000D8
:10CEB0004DCF000001F007035A1F012A1FD800229E
:10CEC00021F00701062BD4F8008089B2C4E90022C2
:10CED00009D1434603E0628B013262831B68002B59
:10CEE000F9D141F002012183204608F02CF84FF0DF
:10CEF000000900286DD041F02001218369E0042B56
:10CF00000AD121F0070189B22183204608F01BF8DD
:10CF100010B141F0200121834FF00008C14658E0D4
:10CF20002369D3F80090238B23F0070343F0060313
:10CF300023834FF0000846464BE02369D3F8049062
:10CF4000238B23F0070343F00403F1E72369D3F8AD
:10CF50000890238B23F0070343F00503E8E74FF025
:10CF60000008C146E7E7012243F00803238387F363
:10CF70001188BFF36F8F002A3BD1B8F1000F4AD15F
:10CF8000B9F1000F02D02D492046C847EFF31187B1
:10CF9000202383F31288BFF36F8F238B23F00803C2
:10CFA0009BB22383D9063FD523F01002228303F0DE
:10CFB00007056669218B002EBFF67CAF0023D4F8ED
:10CFC000008021F00701C4E9003341F00101218311
:10CFD0009946238B03F0070AAA4502D0A268002ACB
:10CFE000C1D1B8F1000F02D1B9F1000FDAD000229F
:10CFF000BAE7A1680029C0D00D680029BDD04F68EC
:10D00000334652462046B8471DB12B6829461D4677
:10D01000F3E72B46FAE74146334652462046D8F816
:10D02000008007F0BCFFA8E79A067FF523AF23F046
:10D030002002228303F0070527E700BFCB4F010042
:10D040002DE9F047DFF85480044607464FF0010908
:10D0500094FAA4F5B5FA85F509FA05F32E0108EB63
:10D0600005156FEA030A24EA03042B7B63B158F821
:10D0700006301B696BB94644032273682846196859
:10D0800007EA0A0708F05FF8002CE1D13846BDE84E
:10D09000F087284698470028F6D1ECE71C8001006D
:10D0A00010B50F490F4888B000220AF0E8FC0022B2
:10D0B0000023CDE9062300240E23CDE90334CDE976
:10D0C0000144094B094900944FF44072084806F0A6
:10D0D000E3FA084906480AF01DFB204608B010BDD7
:10D0E000F9D00000C806002029D40000000F00205D
:10D0F000300200201F850100014806F097B800BFEC
:10D10000E80100202DE9F047804621480F4607F04E
:10D11000FAFF0646002833D000252846BDE8F087F0
:10D12000237B83B12368DB680BB120469847636893
:10D1300083F8069023681B69D3B9636803221968D2
:10D14000204608F000F8013610345445E8D3B8F111
:10D15000000FE2D0002DDFD02846FFF771FF054613
:10D16000002FF7D000214FF4A4700AF094FBF1E7F0
:10D17000204698470028E0D009FA06F31D43E2E76D
:10D18000044CDFF814A005464FF00109DDE700BFAD
:10D190007C0A00201C8001002C800100014B53F808
:10D1A000200070477C80010008B5034608462BB17B
:10D1B000044A136000F044FC002008BD6FF0150025
:10D1C000FBE700BF3400002010B5044C237813B9EE
:10D1D000034806F02BF80123237010BDB80E002081
:10D1E000E801002010B504460B4807F08CFF5CB145
:10D1F000BFF35B8F094B53E8001F013943E800126E
:10D20000002AF8D1BFF35B8F054806F0B7FF054849
:10D21000BDE8104006F00AB8740A0020780A002021
:10D22000C8060020E8010020064BBFF35B8F0022F8
:10D2300053E8000F43E800210029F9D1BFF35B8FC9
:10D24000704700BF740A002070B5FFF7EDFF084C6F
:10D25000084E0546B44200D370BD63685B792BB1BC
:10D2600023685B6813B12946204698471034F1E7DC
:10D270001C8001002C80010010B5044C044920469C
:10D2800007F0F6FC034B1C6010BD00BF90010020AE
:10D29000688001006C0A00200D4A0E48002310B57A
:10D2A00013700D4A13600D4A4FF400411360FFF7ED
:10D2B0007BFFFFF7E1FF0A4B0A4918468B4200D378
:10D2C00010BD1A1A5C681211013222711033F5E791
:10D2D000B90E002003510100740A0020780A0020D2
:10D2E0001C8001002C80010001460022014800231F
:10D2F00007F0DFBC90010020014807F076BD00BFB9
:10D3000090010020024B0146186807F0C9BD00BF1C
:10D310006C0A0020014807F0FEBD00BF900100200C
:10D3200070B52A4B1B78002B4ED0FFF7E5FF044663
:10D33000002846D1264B274D1B68002B19DD0AF02B
:10D3400056FB4FF47A76A0FB063206FB0121D5E9A5
:10D350000020DB0B43EA41439B1A4FEAD13140F2F4
:10D36000E93261EB0001934271F1000101D3FFF753
:10D370006BFFD5E9003213F57A7342F10002C5E97B
:10D3800000320CB3BDE87040FFF7C4BF6B685B7937
:10D3900023B12B6821461B68284698471035B542B3
:10D3A000F4D32046FFF7AEFFBFF35B8F0A4B53E881
:10D3B000001F013943E80012002AF8D1BFF35B8F48
:10D3C000B8E7064D064EEAE7002070BDB80E002013
:10D3D000740A0020C0060020780A00201C8001008A
:10D3E0002C80010070B50D4D297861B90120FFF73F
:10D3F00089FE0B4C0B4EB44206D3FFF791FF002879
:10D40000FBD101232B7070BD63685B791BB123686E
:10D4100020469B6898471034EDE700BFB90E002006
:10D420001C8001002C80010000212DE9F8430846F2
:10D43000FFF768FE044648B340F267684FF0000902
:10D4400001F0A4F91A4B1B4A1B58136033B11A4B55
:10D450001B68092B02DD194805F0E8FE184F00256E
:10D4600044B12046FFF7ECFD044618B94FF0FF38F1
:10D470004FF0FF39FFF754FF064628B9B5B90F48FA
:10D4800042464B4605F006FF3546E9E74FF0FF38C8
:10D490004FF0FF39D4E72B689B691BB1002211467E
:10D4A000284698471035BD42F5D3E8E7054DFAE721
:10D4B00008000000700A0020780A0020E80100201F
:10D4C0002C8001001C80010013B5184807F01BFEDA
:10D4D000174B1B7873B1EFF31184202383F3128869
:10D4E000BFF36F8FFFF71CFF84F31188BFF36F8FBB
:10D4F00002B010BD0F4B1B68002BF9D050B90022B1
:10D500000023CDE900230C484FF40042002306F02D
:10D51000FDFDEDE70928EBD1074806F02FFE07488F
:10D5200002B0BDE8104005F081BE00BF780A0020BF
:10D53000B90E0020700A0020C8060020E801002073
:10D5400010B5064B1B68044698472146A060044866
:10D5500007F02CFCBDE81040FFF7B6BF34000020F8
:10D5600090010020044A054B9B1AB1EBD30F34BF46
:10D5700052F83100002070474C7F01001C800100F0
:10D580002DE9F04F8FB004AFC1F34A26B8600D46C5
:10D5900090467B600C0D002E61D04FF000090A23ED
:10D5A0004FF0040B07F1140AFE60C7E90799C7F8AA
:10D5B00024900093CDF808B0CDF804A007F11C0327
:10D5C000F9684A464046FFF713F9B0F5006F034685
:10D5D0001CD36C468AB0D8F8041004AB2448C3E9C5
:10D5E000050140F2FF71D9611A464FF400711984A8
:10D5F000204B42F8103F20484B464FF41251FFF7A2
:10D60000BFFFA5462C37BD46BDE8F08FC0F30A0624
:10D6100004F11700184420F0070080083B60FFF772
:10D6200063FE66F35325044680B13B68134A00F15C
:10D630001001C7E90839F961CDE901AB0A2300936C
:10D64000F96807F11C034046FFF7D2F866F353254B
:10D650007B68B9682A46204607F095FDD2E704F1B9
:10D66000170020F007008008FFF73EFE0446EDE7B4
:10D6700034850100040000017C7F01005951010044
:10D680002DE9F04F87B0DDE9127ADDE9106B054630
:10D69000884614469946BFB11021CDF800A03B46FC
:10D6A0005A460020CDF814A0FEF7EEFEB0F5006F4C
:10D6B00001460BD3194A1A4840F2FF73022107B002
:10D6C000BDE8F04F07F0B8BD3946384604F007030F
:10D6D00005F00704E40044EA831444EA402444EAE1
:10D6E000065406F11700084420F007008008039153
:10D6F000FFF7FAFD054640B13FB10399CDF800A010
:10D700003B465A461030FEF7BFFE4B462246414686
:10D71000284607B0BDE8F04F07F035BD738501001E
:10D720007C7F0100406820B1034BC01A40F3CF005A
:10D7300070474FF0FF3070474C7F01000EB403B5C7
:10D7400003AB014653F8042B0448019301F0A4F9FC
:10D7500002B05DF804EB03B0704700BF9B520100BC
:10D76000CA0605D48B064CBF02490349FFF7E6BF42
:10D77000704700BFAC850100AB8501002DE9F04F7B
:10D7800089B09846159B0693DDE916A39DF8509045
:10D79000189F059204460D460493B9F1000F00F05E
:10D7A000B08007F48073079307F0CBFC07F0020BFF
:10D7B0000246002874D078492046FFF7BFFF06468E
:10D7C000BBF1000F08D017F0440F6BD173492A4604
:10D7D0002046FFF7B3FF064407F0010353B1704B37
:10D7E000704953F82920704B2046002A08BF1A467A
:10D7F000FFF7A4FF07F48073002B07F0080318BF9E
:10D800004FF00008002B79D0684B694953F8292064
:10D810002046FFF793FF0546059B2BB165491A4645
:10D820002046FFF78BFF0544B8F1000F05D0624991
:10D8300042462046FFF782FF054460483544069B78
:10D840001BB15F49224607F0B6F8049B002B00F09D
:10D850008E80DDF810803946B8F1100F204628BFC1
:10D860004FF01008FFF77CFF0026B54250DC002681
:10D8700033461AF8032053492046FFF75FFF01366D
:10D88000102E4BD0710703D14F492046FFF756FFAA
:10D8900046453346EDD34D492046FFF74FFFEEE7AF
:10D8A00006468DE74A4B1868002894D0494B4FF440
:10D8B0007A7B1B68B5FBF3F54FF46163B5FBF0F1C0
:10D8C00000FB11550BFB05F54FF03C0CB1FBF3F2DF
:10D8D00003FB1211B5FBF0FEB1FBFCF300FB1E5580
:10D8E0000CFB13110BFB05F50091B5FBF0F53A4964
:10D8F000CDE901E52046FFF721FF6CE707F00805B9
:10D900008AE7B8F1010F0CBF2C4834484D4696E722
:10D910002D492046FFF712FF0136A6E73049204681
:10D920000026FFF70BFF33461AF803202D49A2F11A
:10D9300020035F2B28BF2E222046FFF7FFFE013673
:10D94000102E0DD0720703D11F492046FFF7F6FEB7
:10D95000B0453346E8D81C492046FFF7EFFEEEE716
:10D96000049BB3EB0803C24404937FF472AFB9F194
:10D97000000F0AD0FB0704D50B4A0A492046FFF7DF
:10D98000DDFE39462046FFF7EBFE204609B0BDE834
:10D99000F04F07F075BC00BFB3850100B7850100EB
:10D9A0008C8001000D8F0100AE850100A080010078
:10D9B000DC850100E2850100E68501009B52010043
:10D9C00099EA0000EB850100F3850100F185010073
:10D9D000840A0020800A0020C0850100D152010085
:10D9E000F5850100F785010073B542F20F738B4294
:10D9F00028BF0B4605680F4A04460521684606F015
:10DA000039FC63680C495B6806460B22284607F020
:10DA100029FC63683246694628465B6807F022FCA9
:10DA2000636806495B681B22284607F01BFC02B0AE
:10DA300070BD00BF618C0100AE94010092940100A2
:10DA4000074A00210123904206D8064A01B9012362
:10DA50001360054B1860704740085B000121F2E736
:10DA600040420F00800A0020840A0020F8B5074FCA
:10DA70000D4604464618B44201D12846F8BD14F8B4
:10DA8000011BBB6801485B689847F4E7C47C010050
:10DA9000014B036000207047E880010010B9024B81
:10DAA0001868704740697047AC0A002038B5074BCA
:10DAB0001C6805460CB9204638BD20682946FEF78B
:10DAC0001FFC0028F7D06469F4E700BFAC0A00200F
:10DAD000F8B50C4F3D6806460C46002325B95BB9E6
:10DAE0003C6026600020F8BD28683146FEF708FC3F
:10DAF00020B12B466D69F1E75C61F2E76FF07700CA
:10DB0000F1E700BFAC0A002070B5104B1C680D4651
:10DB1000B4B10F4B196800238B4202DB6FF0010098
:10DB200070BD224612F8106B864202D001331446B3
:10DB3000F2E7E06809F043FC28B12C600020EFE731
:10DB40006FF00C00ECE76FF01200E9E740000020F6
:10DB5000E880010010B588B0436802938368C0680C
:10DB6000CDE903320A680023CDE906230C4601AA59
:10DB70000449059308F006F9079808B9059B236046
:10DB800008B010BD71550100F7B58368044663B352
:10DB9000026AB3FBF2F502FB1535D0E904763DB11C
:10DBA000006894F82410551B2A46184409F0A1FF78
:10DBB000A368E06822683E442B4481684D68314682
:10DBC000A847054648B11A4A00960346012119485C
:10DBD00007F03CFB284603B0F0BDE3695BB923695D
:10DBE000A268134423610023A3600025F2E7535D7C
:10DBF000DB4353550135A3682268AB42F7D8E06890
:10DC000081680D683146A847054630B10A4A034687
:10DC10000848012107F010FBDCE7E369A1682068F0
:10DC20003246984705460028D9D0044A0346EFE714
:10DC3000348601004C7F0100588601006E86010089
:10DC400010B50446034A0448012107F0ECFA00200D
:10DC5000606010BD828601004C7F01002DE9F74312
:10DC60000D46DDE90A8791461E46044680B179B12A
:10DC700072B18B680846DB6898470368B6FBF3F21D
:10DC800003FB12624AB1204A2048012107F0CBFA77
:10DC90006FF00D0003B0BDE8F083B8FBF3F203FBB7
:10DCA00012820AB11A4AEFE727B1B7FBF3F103FB7F
:10DCB000117109B1174AE7E718EB070F01D3164AAC
:10DCC000E2E7C4E90096C4E905872161A160E56047
:10DCD000036823620C9BE361437984F82430CDE927
:10DCE00000616A460D49284608F04CF8019A0AB9C5
:10DCF0000B4AC9E7D4E905310B449A4201D2094ADB
:10DD0000C2E70020C6E700BFA28601004C7F0100E9
:10DD1000D9860100ED860100FF860100E75501006C
:10DD2000228701003E8701002DE9F047054698B0A3
:10DD30000846012305F500710593FFF7E5FE04464B
:10DD4000B8B9D5F8000207F00AFC06AA804605A972
:10DD5000D5F80002FFF7FEFED5F80062074660B175
:10DD600010F10C0F09D0304607F0B7FBC5F80042A0
:10DD70003C46204618B0BDE8F087059B012B08D033
:10DD8000304607F0AAFB0023C5F800326FF001040B
:10DD9000EFE7B46814F0030401D007F0EAFC304662
:10DDA00007F0DFFB4FF00133D6F808A003FB00F9C2
:10DDB000A24518DDAAEB0407402FA8BF40273B4629
:10DDC00008AA2146304607F089FB031E06DB08AA95
:10DDD000BF080023BB421BD14034E9E7184A194869
:10DDE000012107F029FAD5F80012079B00220292C0
:10DDF0008A68D21A01924A68134400932A464FF463
:10DE00000073414605F50170FFF728FF0446B0E7AF
:10DE100052F8041B894501D10133DBE7079AD5F895
:10DE20000002002107F084FB04460028DBD0D5F86F
:10DE3000000207F052FB0023C5F8003299E700BF4B
:10DE4000718701006C7F010008B50348034A002177
:10DE5000121A07F041FC08BD30020020E40E002039
:10DE60000748084A084908B5121A07F037FC07485E
:10DE7000074A0849BDE80840121A07F02FBC00BF46
:10DE8000000000202C02002010950100000000205E
:10DE900000000020109501002DE9F047064600AF74
:10DEA0000C46002936D0E9468AB0D1E90012A368B1
:10DEB0006D462148E8464FF0050ACDE90501CDE958
:10DEC000072348F810AF1D48424600234FF4215164
:10DED000FFF756FBCD46D4E903126369AD461848F7
:10DEE000C5F810A0C5E90501C5E9072313480023BB
:10DEF00042464FF42151FFF743FBCD46E369114AF7
:10DF00000E48012107F098F9A3690F4A0B48012137
:10DF100007F092F9012E07D1EFF305830B4A07486A
:10DF2000103B314607F088F92146304604F066FF81
:10DF3000BD46BDE8F08700BFA9870100DC7F010076
:10DF4000D887010007880100168801004488010075
:10DF500030BFFFF7FDBF00BF2DE9F0410B4EDFF8EA
:10DF6000308006EB0807CC1B05463246094920469F
:10DF700009F098FDA01942460021083C09F0B9FDBE
:10DF8000C5F8844007F10800BDE8F08100000000FA
:10DF9000040000003880010010B5204C20492148C1
:10DFA00007F0A9FBA36A990136D51E481E4907F060
:10DFB000A2FB1E20A36ADA0104D51A481B4907F008
:10DFC0009AFB1F20154CA36A1B0304D5154818495A
:10DFD00007F091FB2120A36A590304D51148154984
:10DFE00007F089FB22200D4CA36A9A0304D50D4843
:10DFF000114907F080FB2320A36ADB0304D50948FD
:10E000000E4907F078FB2420044A936A6FEA034321
:10E010006FEA1343936210BD1D20CBE700ED00E0D3
:10E0200057880100DC7F01006F88010082880100B1
:10E030009C880100BA880100DF880100F98801008E
:10E0400070B506460D46284C2849294807F053FB71
:10E05000A36AD9043CD52648264907F04CFB172073
:10E06000A36A1A0504D52248234907F044FB182067
:10E070001D4CA36A9B0512D51D48204907F03BFBA8
:10E08000A36BA26A100409D51D4A1948012107F0A3
:10E09000D3F81EB1A36A23F40043A3621920124CE3
:10E0A000A36A590504D51248164907F024FB1A2023
:10E0B000A36ADA050ED50E48134907F01CFB1B2096
:10E0C000094A936A43F47F43936200232B7070BD27
:10E0D0001620C5E7A36A9B04F2D505480B4907F053
:10E0E0000AFB1C20ECE700BF00ED00E024890100E2
:10E0F000DC7F01003A8901004B8901005E89010043
:10E10000778901008C890100A7890100BF8901007E
:10E110002DE9F843804689461746354D354936483E
:10E1200007F0E9FAAB6ADE0627D53449324807F032
:10E13000E2FA1124AB6A1D0704D531492E4807F0D5
:10E14000DAFA12242A4DAB6A980718D52D492A48C5
:10E1500007F0D1FA6E6BAB6A190646D52A4A2648F3
:10E160003346012107F068F8B9F1000F03D0AB6A1C
:10E1700023F08003AB62132403E01024DAE76FF08E
:10E1800015061B4DAB6ADA0704D520491A4807F07B
:10E19000B2FA1424AB6A9B0604D51D49164807F051
:10E1A000AAFA1524124B9A6AD50602D49A6A9007E5
:10E1B0000AD55B68190507D54146304600F034FAA8
:10E1C00010B180F309880224094B9A6A920642BF73
:10E1D0005A6A22F400525A629A6A42F0FF029A6224
:10E1E00000233B702046BDE8F8836FF01506C2E7B8
:10E1F00000ED00E0EE890100DC7F0100048A0100EF
:10E200004B890100378A01004F8A0100658A0100AD
:10E21000BF8901002DE9F041684B8AB0D3F8048032
:10E2200000AF0446C8F30806002585F31188BFF344
:10E230006F8F02F07F43B3F17F4F07D102F00C03E1
:10E24000082B12D15E495F4807F055FA00252C468D
:10E250000023FB71F31E092B00F28F80DFE803F02F
:10E260000A8588818D8D8D8D8D8B10074CBF0C4656
:10E270000125EDE754495348504E07F03CFA00237E
:10E28000FB71F36A9A0705D550494E4807F033FAF7
:10E2900000232DE0F36A002B01DA4D49F5E7F36A1C
:10E2A0005B00F5D54B49474807F025FA7369A26929
:10E2B00043F480737361BFF34F8FBFF36F8F32F8F6
:10E2C000023C726922F480727261BFF34F8FBFF318
:10E2D0006F8F03F47F42B2F55F4F2BD1DBB2022B7D
:10E2E00028D123683C4A3748012106F0A5FF23685E
:10E2F000FA79DAB907F1080604F1200C20686168A0
:10E30000324603C2083464451646F7D17A6A002DB6
:10E3100050D0C2F3080121B96FEA52226FEA4222BB
:10E320007A6207F108011846FFF7B6FD2837BD46A7
:10E33000BDE8F081214B9A6AD2B22AB1FA1D0121BF
:10E340002046FFF7E5FE0EE09A6A12F47F4F04D0F4
:10E35000F91D0120FFF774FE05E09B6AB3F5803FCD
:10E3600096D3FFF719FE0346C2E7FA1D0021E7E73F
:10E37000F91D0020EEE7194987E7194A194B18F4EF
:10E38000F87FE8468AB008BF13466A461649CDE9C9
:10E3900005134FF40073ADF82030103E134B079671
:10E3A00042F8103F074800234FF41151FFF7E8F8F7
:10E3B000C5466DE76FF30802B2E700BF00ED00E06D
:10E3C000B28A0100DC7F0100DD8A0100F48A0100CD
:10E3D000158B0100238B0100428B01005E8B010035
:10E3E000848A0100998A0100828B010004000001E7
:10E3F000044B5A6942F010025A615A6922F008022D
:10E400005A61704700ED00E0EFF30880EFF30981F7
:10E4100001B57246FFF7FEFE01BD00BF002080F38C
:10E420001488BFF36F8F0F4880F3088803F0A6FCB1
:10E4300000200D490860BFF34F8F00F02BF820201B
:10E4400080F3118809484FF40461401880F309886B
:10E45000EFF314800221084380F31488BFF36F8F19
:10E4600000F0B2F8C02C002094ED00E0801A0020EB
:10E470000749D1F890200023C2F30722184693429F
:10E4800000DB7047C1F89830C1F8A0000133F6E70F
:10E4900000ED00E008B572B6002383F31388FFF7A0
:10E4A000E7FF144B4FF0FF32C3F88020C3F88420FD
:10E4B000C3F88820C3F88C20C3F89020C3F89420B8
:10E4C000C3F89820C3F89C20C3F88021C3F88421A6
:10E4D000C3F88821C3F88C21C3F89021C3F8942194
:10E4E000C3F89821C3F89C2162B6BFF34F8FBFF3E6
:10E4F0006F8F08BD00E100E01EF0040F0CBFEFF3CA
:10E500000880EFF30980816911F8021C0229FFD00D
:10E5100001B5724607F0E4F801BD00BF40B2002823
:10E5200007DB044A4109012300F01F00834042F841
:10E530002130704700E100E040B200280CDB4309C5
:10E54000064900F01F0020330122824041F82320B9
:10E55000BFF34F8FBFF36F8F704700BF00E100E044
:10E56000054B420900F01F0053F82220012303FA53
:10E5700000F01040704700BF00E100E040B200280A
:10E58000A8BF00F1604001F10101B8BF064B4FEA9E
:10E590004111ACBF00F5614000F00F00C9B2B4BF3B
:10E5A000195480F80013704714ED00E0044B054A3D
:10E5B00023F07F039360BFF34F8FBFF36F8F7047DC
:10E5C00000C2000000ED00E008B5FFF7EFFF074ACA
:10E5D000D2F8883023F47003C2F88830FFF734FC97
:10E5E000FFF73EFC00F0B4F804F02EFD00ED00E073
:10E5F00042F8203C009B42F81C3C0A49019B42F82F
:10E60000183C029B42F8143C21F001014FF080734A
:10E6100042F8043C42F8081C0023203A0265C0F886
:10E6200088307047C5CB0000094A0346906870B136
:10E6300013F1160F406F05D0A0F14002934205D3AD
:10E64000834203D2814228BF0020704700207047D8
:10E65000800E002008B515460C4A0D4B9060D0F88E
:10E6600084201A600E4600F0A3F82C4686F3098831
:10E670000020044B98472046002100220023024C32
:10E68000204700000D570100C5CB0000800E002080
:10E69000B00A0020014B10221A61704700ED00E023
:10E6A000054B5A699B689A421FBF044A536843F05E
:10E6B00080535360704700BF800E002000ED00E0E3
:10E6C000084B9B6883420BD1EFF3058343B1064BA4
:10E6D0005A6842F080525A605A6A22F400425A62E2
:10E6E00005F0F0B9800E002000ED00E015498A68C1
:10E6F0004FF030001044EFF3098C80E8F01F202029
:10E7000080F31288BFF36F8F0F4F4FF000664A6996
:10E710008A603E60D2F884000C4C2060D2F88800F9
:10E720000023C2F8883080F3118804B5104600F049
:10E730003FF8BDE8044002F1300090E8F01F8CF390
:10E7400009887047800E002004ED00E0B00A002028
:10E75000044800232021C2180133302B82F8001313
:10E76000F9D1704700E100E008B5EFF30583064AF0
:10E77000103B02EBC30152F8330049688847BDE8FB
:10E780000840FFF78DBF00BF187D010001480068F9
:10E7900070470000B00A0020024B034A03480121E1
:10E7A00000F08AB800000420000000202C81010045
:10E7B000436F054A403B1360044B4021C2E90113FB
:10E7C0001046012100F082B8B40A002000000B15A9
:10E7D00008B503461048D0F89020C2F30722013A4A
:10E7E000934207D90D480E4A012106F025FD6FF02E
:10E7F000150008BDC0F898300A6822F01F021A43BD
:10E8000042F01002C0F89C208A6842F00102C0F871
:10E81000A0201846EDE700BF00ED00E0C47F010036
:10E82000998B0100F0B50E4685B01F4604460025C1
:10E83000B5420DDA606810B397B1431E18420AD092
:10E84000104A11482B46012106F0F6FC6FF0150224
:10E85000104605B0F0BD1F28F2D921680B42EFD158
:10E860002368019306F075FFA36801A90343D0B2A2
:10E870000393FFF7ADFF10F1160FE7D0421C0135EF
:10E880000C34D5E7BF8B0100C47F0100044B052287
:10E89000C3F89420BFF34F8FBFF36F8F704700BF53
:10E8A00000ED00E0BFF35F8F024B0022C3F894201D
:10E8B000704700BF00ED00E010B5034C0123227843
:10E8C000FFF7B0FF207010BDBB0E002008B50B4A4B
:10E8D00000231278FFF7A6FF10F1160F07D0084AA1
:10E8E0000021D2F89030C3F30723984200DB08BD23
:10E8F000C2F89800C2F8A0100130F2E7BB0E002069
:10E9000000ED00E02DE9F0435D485E49D0F890301D
:10E910000C68C3F307239C4285B000F2AE80FFF77A
:10E92000C1FF49680022944201F10C011AD1564FEF
:10E93000564D3C706846FFF7ABF8554C554E814636
:10E940004FF00008C14520D13B784D490020D1F857
:10E950009020C2F307229342C0F28980FFF796FF0E
:10E96000002050E0C0F8982051F80C3C23F01F0321
:10E97000134343F01003C0F89C3051F8043C43F0BB
:10E980000103C0F8A0300132CDE7009800EB081178
:10E990004FEA081CCB682340B3F5000F49D00BD8D1
:10E9A000B3F5001F32D0B3F5800F37D0B3F5801F19
:10E9B00014D008F10108C5E7B3F1007F42D0B3F1EC
:10E9C000805F48D0B3F1807FF3D150F80C30886875
:10E9D0004A6806F0BEFE40F0887009E050F80C303E
:10E9E00088684A6806F0B5FE40F0885040F4302050
:10E9F000039001A93878CDE90123FFF7E9FE00284B
:10EA000031DA6FF0150005B0BDE8F08350F80C3036
:10EA100088684A6806F09DFE3043E9E750F80C30FC
:10EA200088684A6806F095FE40F0007040F40030B7
:10EA3000DEE750F80C3088684A6806F08AFE40F03D
:10EA40008270D5E750F80C3088684A6806F081FE7D
:10EA500040F48020CCE750F80C3088684A6806F013
:10EA600078FE2843C4E73B7801333B70A1E7C1F847
:10EA70009830C1F8A000013369E74FF0FF30C2E7DA
:10EA800000ED00E038810100BB0E00200000021103
:10EA90000000F0FF00000811F0B587B007460E46F1
:10EAA00014460021102268461D4609F022F8022370
:10EAB0008DF802302A46054B019321466846CDE980
:10EAC000047605F001FC07B0F0BD00BF79570100E6
:10EAD00008B5024B1B689847002008BDC00A0020FB
:10EAE000034B044A1860937843F002039370704715
:10EAF000C00A00204400002008B5054805F0ABFF1F
:10EB0000002383F31188BFF36F8F0423184602DFBD
:10EB1000F48B010008B50649064821F00701C1F150
:10EB2000005202F5802205F005FF002008BD00BF5D
:10EB3000C73D0020C40A002070B54169867A0B4D9C
:10EB4000044659B1437ADB0706D4242303FB06535A
:10EB5000DB691B689B68984700236361242021467A
:10EB600000FB0650BDE8704008F04DBD08020020D3
:10EB7000827A064B242101FB02331A6A1B7D1B3368
:10EB8000801A23F00303B0FBF3F070470802002063
:10EB900038B5074B827A242404FB0233DB69D3E9BE
:10EBA00001240C601568FFF7E3FF04FB005038BD3B
:10EBB000080200202DE9F04385B005466846039120
:10EBC00090461C4608F015FFDDE90067EFF3118958
:10EBD000202383F31288BFF36F8F6B8A002B41D001
:10EBE0002A8A9A4225D900220023284604F0E8FA0E
:10EBF0000446F0B189F31188BFF36F8F039B002B9C
:10EC000041D032463B46684608F018FFA27A264BB0
:10EC1000242101FB02332046DB691B6803A91D6820
:10EC2000DDE90023A847606170BB2046FFF784FF41
:10EC300024E0698A4B1E6B8289F31188BFF36F8FC2
:10EC40002B7D2A8A2C6A1B3323F00303521A02FB02
:10EC50000344154B154AEB1A9B105343A3722B7DAB
:10EC6000E372CBE789F31188BFF36F8F23464246E7
:10EC7000284604F0A5FA04460028BFD10024204607
:10EC800005B0BDE8F0836361012300252381039B68
:10EC90006382E27A6560294604F1180008F029FFD2
:10ECA00063692582E360EAE708020020398EE338D1
:10ECB000F8B5124D0024242600B9F8BD00F1080271
:10ECC0004768BFF35B8F52E8003F591E42E8001CC3
:10ECD000BCF1000FF7D1BFF35B8FDBB2012BECD19E
:10ECE000837AC46006FB035344609B6913B1984761
:10ECF0003846E1E7FFF720FFFAE700BF08020020EF
:10ED00000C4B0122C3F840254FF080434FF0805157
:10ED1000C3F87825D1F83001082805D1D1F834118D
:10ED2000022908BFC3F838260122C3F88025002035
:10ED3000704700BF00E0014048B1054B054A1B6821
:10ED4000B3FBF2F35843044B43F0010318477047F9
:10ED50007001002040420F0060800100BFF34F8F20
:10ED60000549064BCA6802F4E0621343CB60BFF367
:10ED70004F8F00BFFDE700BF00ED00E00400FA0583
:10ED800008B5054A054B136010463F23536003F056
:10ED9000CBF8002008BD00BFD00A0020FFFF0F0005
:10EDA00038B5064C064DAC4201D3002038BD54F8AE
:10EDB000043B002BF7D09847F5E700BF2C800100FB
:10EDC00038800100084B0246186808B1036800B992
:10EDD000704741899142FBD01BB1196818460B4618
:10EDE000F5E71946FAE700BFD80A0020094B0246AA
:10EDF000186868B1036800B970474189914206D02C
:10EE00001BB1196818460B46F5E71946FAE7C068C2
:10EE1000704700BFD80A002000230360044B5A68E3
:10EE200012B9C3E90000704710605860704700BF16
:10EE3000D80A00202DE9F04F002391B0CDE90C3322
:10EE400001F10C0305460E460B93348A64B9A346C0
:10EE50002968304606F039FE2046296806F035FE5E
:10EE6000584611B0BDE8F08F072C40F23781F368A7
:10EE7000186859680CAA03C29A8809929A790A926A
:10EE8000DA795B880B9805925BBA9BB20793099B72
:10EE90005BBA9BB20821089306F083FC338A079A79
:10EEA0009342C0F01F819DF83030069313F00507A0
:10EEB00040F01B812968304606F0F3FD0446002827
:10EEC00000F01681686840F8046B338ACDE9017759
:10EED00001220092F268042108F064F9A868214632
:10EEE00006F080FC9DF83090D5F808A0C9F3C10960
:10EEF000B9F1010FCAF84C7000F2EA800898FFF7E8
:10EF000061FF002800F0D380059906F05BFC002823
:10EF100000F0CD809DF8307017F0070752D0022F17
:10EF20006BD04FF0030BA868214606F05BFCD5F8C8
:10EF3000088008F104070221384608F0F3F9002898
:10EF400040F0B8804FF000090221384608F0F2F98D
:10EF500010EA090F3FF47CAFD8E90031DA68891A6A
:10EF60009DF83020198212F0070FC2F3C10214BFBE
:10EF70004FF0030E4FF0010E012A28BF01224EEA86
:10EF8000C20E089AA1F1080052BAA968ADF83C2057
:10EF90000A9A09688DF83E200027059AADF8387066
:10EFA00040BA8DF83F208DF838E0ADF83A000EAA4F
:10EFB000CB6803CA186059602A682046126A9047D5
:10EFC0003C4645E7D0F80080B8F1000F6FD0A86844
:10EFD0000F21043008F0A6F960B12846C0478346E7
:10EFE000A8680F21043008F0A5F9804640B9BBF1AC
:10EFF000000F98D14FF0070B95E7D0F80480E3E7B6
:10F00000BBF1000F8FD1BAF84EB0BBF1000F19D091
:10F01000069B13F0180F15D1BAF84C00FFF7E6FE67
:10F020000346002857D0584698478346002833D0D7
:10F03000B8F1000F3FF40CAF002C7FF474AF3446EE
:10F04000002670E7DAE90013C8681B1A0B82DAF8A9
:10F050000030002F1B8A14BF03210121083B00222E
:10F0600069F3C401ADF838208DF83810C3F30721D7
:10F0700041EA0323ADF83A30099BAA68ADF83C3069
:10F080000A9B8DF83E30059B12688DF83F300EAB21
:10F0900003CBD268106051602B6820461B6A9847EA
:10F0A000834640BB07990B9806F07BFBCDE64FF0FB
:10F0B000080B38E711490222384608F018F90028F1
:10F0C0003FF440AF5946384608F0F5F881463BE733
:10F0D0004FF00D0B27E74FF0010B24E74FF0090B22
:10F0E0000024B5E64FF0090BA9E74FF0080BA6E79F
:10F0F0004FF0020BA3E700249AE700BF188C010031
:10F1000070B504460E4615468AB3A0F84810A0F81C
:10F110004A201849032208F0EAF818B9002000F044
:10F12000010070BD0221204608F0FCF80028F5D04F
:10F1300011490522204608F0DAF80028EED03146C1
:10F14000204608F0C2F80028E8D00C4902222046E8
:10F1500008F0CDF80028E1D02946204608F0B5F89F
:10F160000028DBD00221204608F0E4F8D7E7012090
:10F17000D7E700BF0A8601001B8C0100188C010034
:10F180002DE9F041846814F0030490B0064601D0E4
:10F1900006F0EFFA06F0E5F94FF00133D6F80880F3
:10F1A00003FB00F7A04501DC012019E0A8EB0405F2
:10F1B000402DA8BF40252B466A462146304606F022
:10F1C0008DF9031E06DBAD106A460023AB420AD15F
:10F1D0004034E7E70848094A012106F02DF80B20E2
:10F1E00010B0BDE8F08152F8041BB94201D10133DF
:10F1F000ECE70020F4E700BFA47F01007187010065
:10F200001FB506F05EFB03A90446C0B2FEF77CFC06
:10F2100000280ADA124A009023461248012106F01B
:10F2200015F80A24204604B010BD0398FFF7A8FF84
:10F23000014688B90398826806F07AF9034620B936
:10F240000024039806F049F9ECE7074A0548012134
:10F2500005F0F2FF0D24F4E70128F1D00B24F0E7CC
:10F26000218C0100A47F0100458C0100F0B585B020
:10F2700006F027FB0D46044603A9C0B216461F46FA
:10F28000FEF742FC50B10F4A009023460E48012180
:10F2900005F0DCFF0A24204605B0F0BD03983B468C
:10F2A0003246294606F01AF90446039806F015F985
:10F2B000002CF0D0054A04482346012105F0BCFF8C
:10F2C0000B24E8E7218C0100A47F0100648C01007D
:10F2D00070B50C4615461E4648B1094833462A46C5
:10F2E000214606F0D3F9002818BF0C2070BD054B4D
:10F2F00003481978FEF718FD0028EED00A20F5E73C
:10F30000E00A00200C0D0020F0B50D4687B0002863
:10F310006DD1384F02A93878FEF7F6FB034640B1AD
:10F32000354A3648012105F087FF0A24204607B0F8
:10F33000F0BD029806F013F90646002855D0029B4E
:10F3400038785C6801F084F8013C2C440444214680
:10F3500003AA304606F012FD014650B1284A27485C
:10F360002346012105F068FF1324029806F0B5F842
:10F37000DCE7DDE90205049B1D444368ED1A2A46DB
:10F3800006F0D6F8044640B11E4A00902B461B48B2
:10F39000012105F05BFF0D24E7E71B4A17482B46C8
:10F3A000032105F049FF029B986806F039FC85426D
:10F3B000DBD8029B5968014403AA304606F0DEFC04
:10F3C0000298039943688568C91A6D1A2A4606F09F
:10F3D000AFF818B10D4A00902B46D8E70C4A074801
:10F3E0002B46032105F028FFBFE71224BDE71424B4
:10F3F0009CE700BF0C0D0020878C0100A47F01005A
:10F40000AD8C0100C08C0100F08C0100118D010059
:10F41000498D010070B505460C4686B018220021C2
:10F42000204608F066FB6B68581C00F09580002BA6
:10F4300040F081802A691F2A73D9AA68511C72D0B2
:10F44000C4E90023EE68454B32689A426DD1AA693F
:10F45000202A6CD85AB142480368013307D0037B95
:10F460009A4204D169690D3008F04BFBE8B10020E5
:10F4700006F065FA20B1012006F061FA88B9012092
:10F4800006F01FFA02A9E060C0B2FEF73DFB70B1C2
:10F49000E368344A00900121334805F0D7FE0A2082
:10F4A00003E04FF0FF33E360092006B070BD02981F
:10F4B000AA6883689A4203D906F00FF81E20F4E781
:10F4C00006F00BF82B7F73B9267B03A93046FEF7B5
:10F4D0001BFBA8B1234A009033462348012105F0C5
:10F4E000B5FE0A2613E004A806F067FA08BB06F189
:10F4F000140104A806F0EDF90130E5D01B20D4E793
:10F500000398FFF73DFE0646039805F0E6FFB6FABE
:10F5100086F0400960742B69A360012323740020E6
:10F52000C3E71620C1E71520BFE71720BDE7182065
:10F53000BBE71A20B9E70A4A13689168E360002321
:10F54000216063606B6852689342E8D12A69134472
:10F550009942E0D21F20A8E71420A6E73DB8F39611
:10F560000C0D0020218C0100A47F01007FB506F066
:10F57000A8F90E46054603A9C0B2FEF7C5FA04462F
:10F5800050B1094A00902B460848012105F05EFE63
:10F590000A24204604B070BD039805F0E2FF3070E5
:10F5A000039805F09AFFF4E7218C0100A47F010085
:10F5B000F0B595B00F4620230293044615466B46DE
:10F5C0000CAA03A93846019200F06EFA06460028FC
:10F5D00040F0918004340F21204607F0A3FE10B9BB
:10F5E000002015B0F0BD45490422204607F07FFEFB
:10F5F0000028F5D007F00101204607F066FE00283C
:10F60000EED03F490722204607F071FE0028E7D0E0
:10F6100005A903A800F0EEF9002864DA39490522AB
:10F62000204607F064FE0028DAD03749042220463D
:10F6300007F05DFE0028D3D001A9204607F051FE57
:10F640000028CDD031490822204607F050FE00287E
:10F65000C6D09DF80010C1F3001181F0010101F046
:10F660000101204607F07AFE0028B9D02849072278
:10F67000204607F03CFE0028B2D0C5F340012046EA
:10F6800007F06CFE0028ABD022490922204607F083
:10F690002EFE0028A4D0C5F38001204607F05EFEB0
:10F6A00000289DD01C490622204607F020FE002895
:10F6B00096D005F00101204607F050FE00288FD0BB
:10F6C00016490922204607F012FE002888D0C5F30B
:10F6D000C001204607F042FE002881D00F212046BD
:10F6E00007F028FE7DE7192205A920468DF82C6039
:10F6F00007F006FE97E7012073E700BF0C8D0100BD
:10F70000728D01007A8D0100808D0100858D0100D0
:10F710008E8D0100968D0100A08D0100A78D010046
:10F720002DE9F743866834490436074606223046F9
:10F7300007F0DDFD38B906F01EF906F01DF90720C7
:10F7400003B0BDE8F0830221304607F0E7FD044630
:10F7500006F011F9002CF0D000240DF1070120462D
:10F760008DF8074006F0CCF88046204606F005F9F3
:10F770009DF80730022B054680F001092CD1804509
:10F780004FF0010801D01D4AD456B8684D452ADB18
:10F7900022464946FFF70CFF0028CED042462946B4
:10F7A000B868FFF705FF0028C7D00221304607F0F0
:10F7B000BDFD0028C1D012490B22304607F097FD4D
:10F7C0000028BAD00021304607F075FD0028B4D0DB
:10F7D00006F0D2F80020B3E780454FF00508D4D0FA
:10F7E000022BD2D8CFE742462946FFF7E1FE002898
:10F7F000A3D022464946D3E7B18D0100BA94010057
:10F80000B88D01002DE9F047441082B0064600AFE4
:10F810002046884606F0B1F800238146F91C2046B0
:10F82000FB7006F06DF80546B8F1000F16D006F033
:10F83000A6F8A0420ED1FC78012C13D1B8F1000F2C
:10F840001CD1B54214BF1C24002420460837BD46F5
:10F85000BDE8F087B145EED12024F6E7B145EAD105
:10F860002124F2E77CB9B8F1000F03D0B542ECD007
:10F87000B14506E0B14503D14D450BD01C24E4E76A
:10F88000B54207D1FAE7022C04D1B8F1000FF5D048
:10F89000B54233D0304606F014F8391DC0B2FEF739
:10F8A00033F9824640BBA9EB0603594278684246C9
:10F8B000594107F038F90446D0B16D468AB06A461E
:10F8C0000F4BCDF82480CDE905300623CDE907693B
:10F8D00042F8103F0B485346013C4FF44151FDF7AD
:10F8E0004FFE032C9CBF084B1C57AD4688BF01241C
:10F8F000786805F0F2FDA8E70A24A6E70024A4E74B
:10F90000C48D0100A47F0100BD940100F0B597B043
:10F9100034490C9104210D91334902AACDE90E120C
:10F92000324A119206460722D0E901041292304A67
:10F93000139200230DF10302CDE902338DF8033059
:10F9400001938DF8403014928DF85430022201ABAF
:10F950000CA9043005F05FFF054600283FD106F0F2
:10F960000AF8039B04346BB99DF8033063B106F0C9
:10F9700006F806F002F89DF80310FFF743FF10B3F6
:10F9800082B202E0202B0AD0182220460121FFF784
:10F99000B7FB044605F0F0FFF4B907251CE0029B15
:10F9A00004AA03F1200C18685968174603C70833E6
:10F9B00063453A46F7D1002104A805F0E2FF00288C
:10F9C000D9DA0822E1E73046FFF7AAFE10B105F0C8
:10F9D000D3FFE2E705F0D0FF284617B0F0BD0325BE
:10F9E000FAE700BF808D01005D6F0100178E0100F6
:10F9F0002D70010073B543880193437800930E4640
:10FA000003780C4A05461921304604F033FC041EE5
:10FA100003DA4FF0FF3002B070BD6B683BB1064AAD
:10FA2000C4F11901301904F025FC031EF1DBE018C4
:10FA3000F1E700BF1F8E01002B8E0100033880B25A
:10FA400019289ABF014B185601207047C194010034
:10FA500008B52C220448002108F04BF8024A4FF068
:10FA6000FF3342F8043C08BD100D00200148FFF7A9
:10FA7000D3B900BFE400002010B5041D08490322DB
:10FA8000204607F034FC08B9072010BD054B20467E
:10FA9000596807F024FC0028F6D00020F5E700BFE5
:10FAA0002F8E01000C0D00202DE9F0438BB00C4689
:10FAB0000DF10301054616461F46FFF757FD0028C6
:10FAC00040F09180284605F0FCFEC0B200F0C0FC7A
:10FAD0002023014602AA2846FFF7C8FB002852D17E
:10FAE0009DF8038024B108224146204608F001F821
:10FAF0000298404B98423ED11CB107AB03CB20602B
:10FB000061600FB1069B3B60059BBDF81040284625
:10FB10001C4405F0D6FEC0B200F09AFC0423044455
:10FB20000DEB030221462846FFF7A0FB40B9BDF8C4
:10FB3000042046F608139A4204BFBDF80630E418C4
:10FB400004230DEB030221462846FFF78FFB0746EF
:10FB5000E0B9BDF8042046F607139A4216D1BDF865
:10FB600006800434A04404F10409C14510D987F08B
:10FB70000107F80007E04FF0013303FB08F84045A8
:10FB800014BF172003200BB0BDE8F0830420FAE770
:10FB900004230DEB030221462846FFF767FB0028EC
:10FBA000F1D1BDF80420BDF80630FF2A05D14FF68B
:10FBB000FF72934205D10520E5E7102A01D1202BE1
:10FBC00002D004331C44CEE77FB924340EB9012798
:10FBD000C9E744450BD8324649462846FFF746FB5D
:10FBE0000028F4D0CFE70220CDE70620CBE707209E
:10FBF000C9E700BF3DB8F39670B58AB01B4A0592BD
:10FC0000D0E9010504220692194A07920023012631
:10FC100001AACDE9016308928DF82430324602AB87
:10FC200005A9043005F0F7FD0446E8B9034602468D
:10FC300003A901980435FFF737FF58B9019805F07B
:10FC40007EFE38B1092201212846FFF759FA2046E5
:10FC50000AB070BD0198FFF7D3FA0646FFF7F8FE29
:10FC6000002EF4D0B2B2EEE70324F0E70C8D0100D1
:10FC7000536F01002DE9F04FB7B0002408AFD0E971
:10FC8000016A2022214680463846019407F031FF60
:10FC90004FF0FF33CDE909336A4B189305231993CD
:10FCA000694B8DF87040CDE91A37684B1D930423DA
:10FCB0001E930BAA664B1F9320922E93654A2292A5
:10FCC0000DAB654A2F93654B24920AA92992319373
:10FCD00009AA072325912A926149624A3293624B0D
:10FCE0003393032504360FABCDE92715CDE92C2539
:10FCF0003493304601AB062218A98DF88440239531
:10FD00008DF898408DF8AC408DF8C0408DF8D44007
:10FD100005F081FD0646002840F0928002A9384691
:10FD2000FFF778FB0AF1040A044610B34F4A034672
:10FD300001214F4805F080FAA2B201215046FFF799
:10FD4000DFF9354681464B4BD3E901239A4201D076
:10FD5000002C6ED0002310AA19460120FFF7A4FE44
:10FD6000002C66D0FFF774FEB9F1000F08BF07261C
:10FD700009E09DF81890B9F1000F08D1D8F80800F3
:10FD8000FFF77AFE0646304637B0BDE8F08F394FB0
:10FD9000059B099D3B60029BBB601DBBDDF838B035
:10FDA0000D9978605A4607F10D0087F80CB007F0FE
:10FDB00079FE0BF10D00CBF120022146384407F00B
:10FDC00098FE9DF819306BB10A992046FFF79CFA0E
:10FDD000834638B182B201215046FFF791F95C4663
:10FDE0008146B0E70C9D002DADD07B680B9909983A
:10FDF0001D44BB68EA1A53425341049AFFF768FA5C
:10FE0000044640B97B68049ABD6813447B60EB1AD2
:10FE10005D425D4197E7184A03460121144805F009
:10FE20000BFAA2B201215046FFF76AF94D4681460E
:10FE300089E7D8F80800FFF71FFE002D94D091E75E
:10FE40002E46A0E7338E0100536F0100398E01006A
:10FE50005D6F01003E8E0100596F0100468E01006A
:10FE60002F8E0100428E01002D7001004E8E010088
:10FE7000A47F01000C0D00206E8E01000148FEF7EA
:10FE8000CBBF00BFF400002008B54FF400520023A0
:10FE9000024803F097FB002008BD00BF00000020CF
:10FEA000F0B589B0D0E90145134A0392134A002303
:10FEB000012701AECDE90133CDE905268DF81C30CF
:10FEC000201D6B463A4603A9049705F0A4FC04469E
:10FED00078B904350A493A46284607F008FA20B1AD
:10FEE0003146284607F000FA00B90724204609B039
:10FEF000F0BD0324FAE700BF628C0100756F0100BA
:10FF00002F90010030B58468154985B00434002372
:10FF1000052201252046029301948DF80C5007F02C
:10FF2000E6F93221204607F0FDF90E4801A903F059
:10FF30001BFF9DF80C303BB13221204607F0FAF947
:10FF400060B9072005B030BD074A0848294605F0CA
:10FF50006AF99DF80C30002BF3D0EDE70020F1E7B3
:10FF6000A98E010071FF0000AF8E0100AC7F01007F
:10FF700073B50B7A05460C46BBB10E6890F90E308E
:10FF8000264A0521684604F075F9002306226946D1
:10FF900030468DF8053007F0B3F940B900206368AA
:10FFA00000F0010001332072636002B070BD206870
:10FFB000142107F0B7F90028F0D026681849042268
:10FFC000304607F094F995F90E1018B3304607F053
:10FFD00072F90028E2D013492068032207F087F95C
:10FFE0000028DBD0D4E9000107F06FF90028D5D054
:10FFF0000D492068052207F07AF90028CED0297C27
:020000040001F9
:10000000206807F062F90028C8D02068142107F0A2
:1000100091F9C4E7304607F058F9DAE7618C01003E
:10002000CE8E0100D38E0100D78E01000148FEF76D
:10003000F3BE00BF0401002070B5856800260435BA
:1000400034462046FDF72AFD044638B911490922F5
:10005000284607F04CF918B9072070BD0136F0E7C3
:100060003146284607F05AF90028F5D02046FDF71A
:1000700015FD044628B101682022284607F040F902
:10008000F2E73146284607F051F90028E4D020462F
:10009000E3E700BFEB8E01002DE9F04F95B0D0E90A
:1000A000010400AF4D4ADFF838A1C7F81CA007F1E2
:1000B0000C0900234FF0040BC7E909297B60FB60A2
:1000C000C9F8043087F82C30012207F1080307F142
:1000D0001C015844C7F820B005F09DFB05460028D8
:1000E0007AD13E69731E1E2B76D807F1300832464E
:1000F000F968404607F0D6FC06F15003DE19404689
:1001000007EB0B035C4406F8205C7B61FDF7CEFC3B
:1001100038B17B6933491D6007F1140205F055F9C8
:10012000F8B16E4688B06A462F4BCDE905384FF4DA
:100130000073ADF81C302D4B42F8103F2C484FF4A3
:10014000E2510023FDF71CFA0322B54602212046A6
:10015000FEF7D6FF00B9072528465437BD46BDE84F
:10016000F08F5A465146204607F0C1F80028F2D0D9
:100170004946204607F0B8F80028ECD01D49062271
:10018000204607F0B4F80028E5D07968204607F04B
:10019000C9F80028DFD04046FDF788FC78B1164B3F
:1001A000164907F11402C7E9053405F00EF920B924
:1001B0007968204607F0BEF8CCE7022808D1022073
:1001C00082B202212046FEF79BFF0028C3D0EFE752
:1001D000042818BF0520F3E70325BDE7756F01006C
:1001E000F58E0100F1590100FA8E010003000001B3
:1001F000BC7F0100108F01004F5A0100FB59010024
:1002000007B5084807F07AFA074B009307490548F5
:1002100003234FF4006203F06BF9002003B05DF894
:1002200004FB00BF00070020E8810100401200200D
:1002300002480022002305F0B0BA00BF08020020E7
:1002400010B5036A044643B1054907F02BFA04F1DF
:10025000100007F0C5F9002010BD6FF01500FBE796
:10026000715A010010B50446103007F0C1F921465B
:100270000248BDE8104007F031BA00BF0007002077
:10028000074A084B10B510461362074B5362FFF73D
:10029000D7FF044610B9054800F06AFB204610BDA0
:1002A0003C0D0020EB5A0100E55A0100B1020100AB
:1002B00008B50146034807F09BF9BDE8084002482D
:1002C00003F010B9F80100201401002038B50C48E3
:1002D0000022002302F074FF044600B938BDD4F8B0
:1002E00084200848211D05F024FC0546204600F026
:1002F000A9FA002DEBD004482946FFF7B3FFE6E743
:10030000F8010020740D00203C0D00202DE9F04F75
:10031000064685B00F4615460A460146002005F000
:1003200069FC0024804640F606124FF05D0AA146A3
:1003300001230DF10C0BBC42ADF80A2001DB0020BB
:100340005CE0019302210DF10A00A847002855D175
:10035000019B93B1BB1C5BBAADF80A30ADF80C3011
:100360002A4633788DF80E30032103A805F0D2FB1E
:10037000002843D10134AAF1030A3A1B524513461F
:10038000AAEB0202A8BF5346012A04D8013B4FF052
:100390000009234413E0C8BF49F00109F9E7321905
:1003A000315B9278ABF800108BF8022003212A46CB
:1003B0005846019305F0AEFB00BB019B0334191BAB
:1003C00002292246EBDCB9F1000F0FD03B1B012BB9
:1003D00017D0022B22D04BB998FA98F3ADF80C3015
:1003E0002A46022103A805F095FB38B917480121D8
:1003F000A847002341F2044200289CD005B0BDE884
:10040000F08FB35C8DF80C304FEA182301348DF86F
:100410000D308DF80E802A460321E3E7631C325D20
:10042000F35C8DF80C208DF80D302A464FEA182326
:10043000032103A802348DF80E3005F06BFB002871
:10044000DCD18DF80C802A460121CBE7AC85010078
:1004500030B5022887B004460CD1012502A90395C6
:10046000FDF752FB50B1144A009023461348294629
:1004700004F0ECFE0024204607B030BD02F030FC52
:10048000042811D004AA03A9204605F093F80346D6
:1004900010B110F10C0F02D1039A012A09D0084AB9
:1004A0000648012104F0C8FE0024029805F015F862
:1004B000E1E7059CF9E700BF3D8F0100947F010053
:1004C0005B8F0100084B70B5C31A0D4607499B109E
:1004D000044659430648402205F0ADFB2B46014631
:1004E0002046BDE870401847900D0020B76DDBB680
:1004F000707C010073B50C4C0C4A4023041B009324
:100500000D460B460A49A41061430646094805F00A
:10051000BEFB014628B130462B4602B0BDE8704014
:10052000184702B070BD00BF900D0020FB5C0100B9
:10053000B76DDBB6707C01000022F8B501210546DD
:100540001046FEF71BF8104801F016FD0446B8B936
:1005500001F032FD2F690D49384604F043FD031EBA
:1005600009DB01263E642D69084905F11C0004F0F1
:1005700039FD031E02DA1C462046F8BDEE64FBE797
:100580006FF00404F8E700BFB9060100F481010030
:100590001FB500220123CDE902236C46074A6B46B2
:1005A000CDE9004405F0A2FB28B94FF480420023B6
:1005B000684602F06FFE04B010BD00BF0D5D010083
:1005C00010B5EFF31184202383F31288BFF36F8FEC
:1005D000074A136823F00201DB07116002D40120EF
:1005E00005F0DFFE84F31188BFF36F8F10BD00BFED
:1005F000E00D002030B4104B0C2202FB003301460A
:100600000020D3E90E529863EFF31180202484F385
:100610001288BFF36F8F1C6C04F0C00444F0020416
:100620001C6480F31188BFF36F8F1DB12B46034804
:1006300030BC184730BC7047900D0020707C010022
:1006400010B4EFF31180202282F31288BFF36F8F72
:1006500017490B6843F0020413F001030C601AD031
:100660004FF08043D3F80C14D3F80C3413F001038B
:1006700011D0EFF3118182F31288BFF36F8F0D4A0F
:10068000136C03F0C00343F00203136481F3118879
:10069000BFF36F8F012380F31188BFF36F8F1BB1FE
:1006A00010BC0020FFF7A6BF10BC012005F071BEF2
:1006B000E00D0020900D002010B1012804D07047FB
:1006C000034B1B6C5B0701D1FFF794BF704700BF62
:1006D000900D00202DE9F0413849BFF35B8F804633
:1006E000012251E8003F41E800200028F9D1BFF382
:1006F0005B8F33B9324933484B60CB608A6004F07A
:1007000084FC08F1FF33012B4BD8B8F1010F07D15E
:100710004FF08043D3F81C3403F00303012B40D087
:1007200006F0F2FF054658B1EFF31186202383F35C
:100730001288BFF36F8F0125234F4FF080441EE0D6
:10074000224B1B78002BEFD04FF080430222C3F8DE
:1007500008230646F0E735B3304604F0EBFFD4F843
:10076000183563B9D4F804214AB1C4F80431D4F877
:1007700004310123C4F81835C7F88031A360D4F8D8
:100780001824D4F81834D203E5D503F00303012B61
:1007900002D0B8F1010FDED155B186F31188BFF355
:1007A0006F8FBDE8F0810021212007F074F8D6E7B3
:1007B0004FF080430222C3F80423F2E78C0D00209F
:1007C0007C0D0020AC0D002000E100E0E00E0020D8
:1007D00008B5074806F0F3FD38B10648FEF780F982
:1007E0000448FCF7E9F9002008BD6FF01200FBE7B0
:1007F000C47C0100F90701000A2838B5074D0446FA
:1008000004D1AB680D215B6828469847AB68034864
:100810005B68E1B29847204638BD00BFC47C010048
:1008200070B5074E04464518AC4201D1002070BD9A
:1008300014F8011BB36802485B689847F4E700BFEF
:10084000C47C01000146014806F012BECC01002024
:100850002DE9F0473B4F8AB03B4CA66802E02046AA
:10086000984748B9F36B002B5AD1A568AB6B002BA6
:100870005DD1EB6A002BF2D12B6913B96FF05705EC
:1008800006E03148202202A9984705460028E9D011
:100890002E4C02AE4FF00008A845DDDA3B7816F882
:1008A000019B8BB9D4F800A0BAF1000F1CD12848E5
:1008B0000022002301A902F055FC58B9019B2360D6
:1008C000C3F884003B787BB1B9F10A0F25D100232E
:1008D0003B7022E0C4F800A01E4A1F48022104F029
:1008E000A2FC01233B70EFE72068D0F884307F2B17
:1008F0000AD91A4A1848022104F095FC2068FFF72B
:10090000A1FF00232360ECE75A1C0344B9F10A0F4E
:10091000C0F8842083F804900ED008F10108BBE7EA
:10092000204698470028A0D10AB0BDE8F0872046AD
:10093000984700289DD1F7E700232360084B1B68E8
:100940009847EAE7BC0E0020C47C0100E40D0020BB
:10095000CC010020B18F01000C800100D88F010074
:10096000E80D0020014AFFF7D1BC00BF21080100BB
:100970000F4B70B518600F4C204606F020FDB0B14B
:10098000A3685B6A0BB120469847A568AB690BB1B9
:10099000084898472B6C1BB1074906480022984726
:1009A000A3681B6A1BB1BDE870400248184770BDC0
:1009B000E80D0020C47C010051080100024B0B60CF
:1009C00001231360704700BF848201000048704714
:1009D0001882010030B50D4685B0A8B14168B9B1A3
:1009E000D1E900138468ACB1D4E900249CB193B17F
:1009F0009C4209D15C1C092C03780FD9104A11487C
:100A00000094022104F022FC6FF0150005B030BD07
:100A10000B46E7E7224601331C44ECE78DF808302B
:100A200040F20113ADF80A3002A800238DF8094006
:100A30008DF80C308DF80D5001F0D2FFE6E700BFC5
:100A400004900100EC7F01002DE9F04F8DB0436868
:100A500000AF5D6B07F12406804632460021284630
:100A600005F0BAFA041EC0F298807B6A2A681979E8
:100A7000186800F099FD041EC0F28F800022012149
:100A80002920FDF77BFDD8F804A0D8F810208C4968
:100A9000504601F087FF041E7ADB00237B62C6E923
:100AA0000133884CAB2387F82430D4F82415C9B21D
:100AB0007960D4F82825D2B2BA60D4F83035DBB2E8
:100AC000FB60D4F834055FFA80FBD4F83805D4F81D
:100AD0003C555FFA80F94FF0FF30C4F82405C4F8A4
:100AE0002805C4F83005C4F83405C4F83805C4F83E
:100AF0003C05012001F0C8FF7968FF2908BF4FF0CD
:100B0000FF31C4F82415BA68FF2A08BF4FF0FF323E
:100B1000C4F82825FB68FF2B08BF4FF0FF33BBF15B
:100B2000FF0FEDB208BF4FF0FF3BB9F1FF0F08BF59
:100B30004FF0FF39FF2D08BF4FF0FF35C4F83035B7
:100B4000C4F834B5C4F83895C4F83C55054648BBDC
:100B500001463046FFF73EFF041E19DB232006F056
:100B600012FC0322C7E908259F23756007F1180BC3
:100B700007F11C0929463046C7F81CB087F8243015
:100B8000C7F82C90FFF726FF041E4FF003020CDA83
:100B900001F096FF08B101F083FF20463437BD46CF
:100BA000BDE8F08F6FF00404F2E759460AF1300017
:100BB00006F0A7FF044618B36C468CB097F818E00F
:100BC00097F819C0BE7E9AF830009AF831109AF85A
:100BD00032306A46DFF8F0800B930823CDE9058EAA
:100BE000CDE907C6CDE9090142F8103F37482B4649
:100BF00044F24001FCF7C4FCA5466FF01204C7E7BD
:100C0000D8F80420537F023B012B17D992F81CA07F
:100C1000AAF1020ABAF1020F8CBF4FF0000A4FF09E
:100C2000010A05F034F9051ED0460ADA284A274899
:100C30002B46012104F000FB2C46A9E74FF0010AE6
:100C4000EFE7EAB2C5F380155545A1D00023012195
:100C500082F04002C7E90813BB82B3603A753046A0
:100C600007F11402FA6187F82410C7F82890FFF7FB
:100C7000B1FE041E07D105F00AF9041E04DB14F0CE
:100C80000104F8D184E783DA124A134B6D468AB027
:100C9000B8F1000F18BF13466A4610490794CDE912
:100CA00005134FF40073ADF820300D4B42F8103FA0
:100CB000064800234FF41151FCF762FCAD4667E78C
:100CC000EB5D01000090024031900100EC7F0100DB
:100CD00063900100279001002B90010073900100A8
:100CE000040000012DE9F04F824687B00E461C46F5
:100CF000904672B17BB1002904DB4268D26A0B4492
:100D000093420CD93F4A404800943346012104F0F5
:100D10009DFA6FF01504204607B0BDE8F08F7542CC
:100D200005F0030505F08AF8A54228BF2546D8F14D
:100D3000000303F0030308F0030758BF5F427F423C
:100D400007F00307A74228BF2746631BE41B24F0D4
:100D5000030423F00309A145C8BFA14603F0030B18
:100D6000C8BFA3EB040BB9F1000F17D008EB0703C2
:100D7000494672191846039305F01EFE04460146C3
:100D8000DAF8100005F037F8ACBBBD4206D0039B83
:100D90004A46194608EB050006F092FEA5B104ABE1
:100DA000C5F104070421F21B184605F005FE0446B0
:100DB0000146DAF8100005F01EF8E4B904AB2A4643
:100DC000D919404606F06EFEBBF1000F17D072191C
:100DD00008214A4404A805F0EFFD04460146DAF86C
:100DE000100005F008F834B909EB05005A4604A9CB
:100DF000404406F057FE504605F006F88BE75C4687
:100E0000F9E700BF84900100EC7F01002DE9F04379
:100E10000E4685B0416807461D469046A2B19BB17B
:100E2000042B01D9AB070FD116F003040CD1002E0F
:100E300003DBCA6AAB1993420CD9334A3348009595
:100E40003346012104F002FA6FF01505284605B07B
:100E5000BDE8F083384604F0F1FF204605F002F8C3
:100E600000284DD1032D1AD80421324603A805F0DD
:100E7000A3FD04460146386904F0BDFF8CBB2A4639
:100E8000414603A806F00EFE3246042103A805F0F1
:100E900090FD04460146386904F0ADFF21E008F0FA
:100EA0006043B3F1005F02D118F0030F24D0042D8A
:100EB000A94628BF4FF004094A46414603A806F058
:100EC000F1FD4946324603A805F073FD044601468C
:100ED000386904F090FF24B9B5EB0905C8444E44C5
:100EE000E5D1012004F0BEFF0546384604F08CFF32
:100EF000002C18BF2546A9E7324629464046C6E7DA
:100F00006FF00404EDE700BFCD900100EC7F01001D
:100F10002DE9F7430B46D0F804C00746C1F30B0197
:100F2000154622B1C2F30B0252EA010405D06FF05C
:100F30001505284603B0BDE8F0831E1E04DBDCF86F
:100F40002C10AA198A4206D9374A3848009501213F
:100F500004F07CF9EBE704F071FF2046D7F8048039
:100F600004F080FF00285BD1D8F82C30AB4225D1AB
:100F700005F025FDA94604463869214604F03BFFEB
:100F8000002C49D14E44A5EB090500214FF4A47073
:100F900006F081FC04F07BFF041E35DB14F0010435
:100FA000F3D1002DE0D1012004F05CFF002C14BF30
:100FB00025460546384604F027FFBAE7B5F5803FD9
:100FC00009D3B3B253B93146012001F083FD4FF488
:100FD00080390446D0E7B5F5805F09D3C6F30B002E
:100FE00030B9314601F076FD4FF480590446C3E72D
:100FF0000F4A0E4800953346012104F027F94FF0BF
:1010000000096FF01504B7E70A4A00953346074810
:10101000012104F01BF9C6E7074A00953346F6E7BD
:101020006FF00405C6E700BF17910100EC7F0100D7
:10103000619101007F9101009C910100024B0B60C6
:1010400001231360704700BFEC0D0020004870477B
:101050008C82010007B50346054A0091054801212D
:1010600004F0F4F86FF0150003B05DF804FB00BF66
:10107000D0910100747F010010B50122114606488D
:10108000064C06F0CAFA05F090FC206005F089FCD9
:101090006060002010BD00BFF40D0020EC0D0020AA
:1010A0004FF08042D2F81015D2F8103501F01E0131
:1010B00023F01F030B4343F00103C2F81035024B2A
:1010C00000221A70704700BFBD0E00204FF0805301
:1010D000D3F83031082B20D14FF08042D2F81015D0
:1010E000CB071AD5D2F8103501F01E0123F01F03EB
:1010F0000B43C2F81035D2F808315BB1D2F8103585
:1011000023F01F030B4343F00103C2F810356FF0C7
:101110008B007047024B01221A700020704700BFFD
:10112000BD0E00202DE9F3410F46154605F039FCB0
:1011300029460646384604F0CEFEB846002838D088
:10114000B7FBF6F306FB137323B9B5FBF6F406FB06
:1011500014544CB1194A00953B461948012104F03A
:1011600075F86FF015041DE0AE421BD84FF0FF324A
:101170004FF0FF331348144F02F08CF805F011FCC8
:101180000646FFF7A3FF044680B9404601F0AEF9DA
:101190003B780BB1FFF784FFAD1BB044F1D1094898
:1011A00002F044F8204602B0BDE8F0816FF08B04F5
:1011B000F5E7064A00953B46CFE700BFED910100F9
:1011C000747F0100F40D0020BD0E0020D0910100BD
:1011D0002DE9F7430E463046194617461C4604F0E3
:1011E0007AFE60B9204A009433462048012104F079
:1011F0002DF86FF01504204603B0BDE8F08346EAF1
:10120000040515F0030503D0194A00943346ECE7B2
:10121000002CF0D01748DFF860904FF0FF324FF00D
:10122000FF3302F037F824F00304AC4206EB050864
:1012300009D1124AD2F80034DB07FBD500240D484F
:1012400001F0F4FFD7E7FFF741FF50B97959404665
:1012500001F068F999F800300BB1FFF721FF043570
:10126000E3E76FF08B04EAE7D0910100747F01009F
:101270000C920100F40D0020BD0E002000E00140A2
:101280002DE9F043476840F20636D0063B7C87B034
:1012900002EA060654BFC2F3401C4FF0030C01F0F3
:1012A0001F05B6F5837F144645EA43158DF803C044
:1012B00044D00DD8062E16D005D8A6B1022E3FD0A8
:1012C0006FF0150037E0B6F5807FF9D101260AE00E
:1012D00040F20222964235D0B6F5407F34D0B6F5C2
:1012E000007FEDD10226220330D57A6801238B409E
:1012F000C2F80835B868A0BB05F01F036D092DD0F2
:10130000012D77D13E4A02EB8302C4F30043D2F8A9
:10131000001783F00103C4F3404444EA430421F47A
:10132000E16144EA8C0421F0070144EA06230B43FF
:10133000C2F80037002007B0BDE8F0830726D2E7E7
:101340000426D0E70526CEE70326CCE7630341BF9A
:1013500001237A688B40C2F80C35CBE74FF0A042EE
:10136000D1E70DF10202294605F08BFA14F4403F53
:1013700080460CD1B868294605F0B8FAB8F1000FDC
:10138000D8D19DF80210B86800F0ACFFD2E74FF05A
:10139000000901ABCDE90199CDE90439CDF80C90F4
:1013A000B86803AA294605F041F94845C2DB14F4A0
:1013B000003314D0C4F300449DF803308DF80E3090
:1013C00084F001048DF80C608DF80D40B8684B4630
:1013D00003AA294605F0DDF90028CFDAAAE7CDE90E
:1013E00004330DF103030393B86803AA294605F0FB
:1013F0001DF9F1E703F5E07350F82330FFDE00BF7D
:1014000000030050420970B5034602D0012A17D0EC
:1014100070BD0D4E326951680029F9D003F01F03E9
:1014200001250C689D400029F2D08A682A4002D02C
:101430004B68304698472CB1236821461C46F2E79A
:10144000024EE7E72346F8E7A87C01008C7C010008
:1014500038B54568A86890B105F042FA014670B900
:10146000A86805F021FA044658B902460649A8685A
:1014700005F004FA224605210620FDF77FF800203A
:1014800038BD6FF00400FBE705140100F0B54568B6
:101490001646A8682A7C01F01F0487B044EA42146B
:1014A000002869D0B6F5001F04D1214605F071FA75
:1014B000002052E001AA0020B6F5800F0190506094
:1014C00037D1B3F1007F14BF052304238DF8043016
:1014D0000023CDE904230393EB6823FA01F111F013
:1014E00001010DF103073AD1B6F1A07F37D104F025
:1014F0001F03620903F5E07326D0012A3FD1214A78
:1015000052F82330DB072AD4A8683A46214605F072
:10151000B8F916301BD00297A86803AA214605F037
:1015200085F8002819DBA8680122214605F0E0F9BA
:10153000BEE7B3F1C06F05D0B3F1007F14BF012344
:101540000223C3E70323C1E74FF0A042D8E7A8680E
:10155000394600F0CDFE0028DDDA07B0F0BDA868FE
:101560003A46214605F08DF90028D5D19DF80310A3
:10157000A86800F0B7FECFE76FF08500EDE751F8FF
:101580002330FFDE00030050036803F01F025B09F5
:10159000026004D0012B034818BF002070474FF0B1
:1015A000A0407047000300502DE9F04F00EB810987
:1015B000654985B01546834640F2FF1AD94503D1E7
:1015C000002005B0BDE8F08FDBF80020C2F3C7288B
:1015D00018F00808C2F3C320C2F3080440F0B18039
:1015E0005A4B544508BF4FF0FF34B2F10C5F1E5CFC
:1015F0004FEA126015D2222815D8DFE800F017272D
:101600002B382E3438141414143E481414141414A3
:10161000141414144B86898C1414148F9396999C6B
:101620009F004E2826D06FF08500CAE7C5F80C450C
:10163000621C67D003A80394FFF7A6FF039A012753
:1016400007FA02F2C0F80825384639E0C5F8144513
:10165000002718E0C5F80845EAE7C5F8084500275F
:10166000601C22D14EE0C5F80C450127F8E7C5F80B
:101670001045EDE7C5F81445DAE7C5F80845002E32
:10168000E6D100270626631C3CD0002018E0C5F8F0
:101690000C45F4E7C5F86045BBF80220671C02F072
:1016A00001022FD0002AC5D1012703A80394FFF718
:1016B0006BFF039A8446012000FA02F2CCF80C2555
:1016C000DBF80020019202F4004CBCF1000F08BFCF
:1016D000804603A818BF01270394FFF755FF039C1A
:1016E000019A00EB8400C2F3412CD0F8004732028B
:1016F00042EA8C0242EA08020C40224342EA4702D4
:10170000C0F800270BF1040B58E7C5F86445C3E7A0
:10171000C5F86845C0E7C5F86C45BDE7C5F8244580
:101720000127B0E7C5F8284582E7C5F83045F7E757
:10173000C5F83445F4E7C5F83845F1E7C5F83C4548
:1017400076E76FF015003CE7F0F8FCFFDB94010052
:101750002DE9F041044647680D4605F0D5FF88B1F4
:101760004FF02008EFF31186314688F31288BFF35B
:101770006F8F606804F0F0FC50BB86F31188BFF3F4
:101780006F8FEFE71F4B1B78002BE9D04FF020083D
:101790006426606804F0E0FC70B9012004F0A8FD44
:1017A000013EF6D10021212006F075F8F0E786F31E
:1017B0001188BFF36F8FF5E7EFF31186314688F399
:1017C0001288BFF36F8F606804F0C6FC0028EED06B
:1017D000BB691D706368BA691B680020C3F84425A3
:1017E0000122C3F84825C3F82001D3F82041C3F8EB
:1017F0005801D3F858019A6081F31188BFF36F8FB5
:10180000BDE8F081E00E00202DE9F0410022054600
:1018100001210220FCF7B2FE0220FCF77FFE6C687B
:101820000121E06804F0ECFC6B681A682369C2F8D7
:101830002435617D237D0B43A17D0B43C2F86C35BC
:101840006F68D7E9004313F0010318D0D5F8108072
:1018500004F10C0108F10C0204F5907004F085FD10
:10186000061E07DA224A2348012103F0DCFC304639
:10187000BDE8F08198F80C0000F06AFB0123082213
:10188000C4F80025BA69C4F8442501210022C4F82F
:101890004825A1606BB9D4F82031002BFBD0C4F8E7
:1018A0002021D4F820310123E3604FF48073C4F881
:1018B0000433D4F85831002BFBD00021C4F80015B4
:1018C0006D682C68E86804F09BFC0823C4F80035B8
:1018D0002A7A52B9EB69C4F834350123C4F8383593
:1018E000C4F81021D4F8102123600026BFE700BF00
:1018F0006A9201001480010070B5012383400F4AF1
:10190000BFF35B8FDC4352E8001F01EA040542E8A5
:101910000056002EF7D1BFF35B8F4FF48032824028
:101920000748C0F80823BFF35F8FBFF36F8F03EA48
:101930000100003818BF012070BD00BF200E00203C
:101940000010014070B41249D1E90034D01AC31814
:1019500044F1000422F07F46C1E90034A6F50013EB
:10196000B3F5400F09D20B4B1B681A0A1B069C19D2
:10197000094B42F10005C3E90045EFF31181202333
:1019800083F31288BFF36F8F70BC02F0C5BA00BF3B
:10199000C0070020240E0020C807002011B3BFF3A9
:1019A0005B8F0123104A834052E800CF4CEA030CBE
:1019B00042E800C10029F7D1BFF35B8F0B4A4FF417
:1019C00080338340C2F80433094BBFF35B8F1B683D
:1019D000BFF35B8FC340DB0742BF064B4FF40032BF
:1019E000C3F80021704700BF200E00200010014006
:1019F0001C0E002000E100E00D4B1868010A0006F3
:101A0000BFF35F8F0B4BD3F80435181841F1000179
:101A1000B3F5801F0AD2084BD3E90023904271EB43
:101A2000030303D210F1807041F10001704700BF41
:101A3000240E002000100140C80700202DE9F04FBF
:101A400085B016461F469DF840A00446FFF754FF98
:101A50000190FFF7D1FFB04271EB07035ED23E4B1E
:101A6000301A67EB0101984271F1000109D36FF060
:101A7000150520460199FFF791FF284605B0BDE8FE
:101A8000F08F364B03EB0413D3E902239F4208BFC8
:101A9000964254D032494FF4803804F1500508FA88
:101AA00004F8AD00C1F848832046ADB204F000FC54
:101AB00026F07F4B05F1804504F5A87305F58835C0
:101AC000DC464FF003090293029A2CF07F4341F861
:101AD0002230C1F84483D1F80435224A6FF0020065
:101AE000C01A604420F07F40904228D9286868B12D
:101AF000D1F804350393A3EB0B0020F07F40B0F541
:101B0000000F1CD9204604F0D3FB039BBAF1000F51
:101B1000ADD109EB030C09F10109D5E7BAF1000FCA
:101B2000A5D10123104ABFF35B8FA34052E8000FF9
:101B3000184342E800010029F8D1BFF35B8F074941
:101B40000E98230101EB0412C8500F9B5360C2E9A9
:101B5000026700258DE700BF01008000B00700206C
:101B600000100140FDFF7F001C0E00207FB51C4CC3
:101B70001C4BC4F80833C4F848331B4B00254FF006
:101B8000FF304FF0FF31C4F80855C3E902014FF4AC
:101B90008033C4F80433154B02264FF40032012180
:101BA000C4F804631120C3F880212A46FCF7E6FC40
:101BB0001120FCF7B3FC0E4A0123A36023601360DD
:101BC0000C4B0D4A0093CDE9015500232846FFF741
:101BD00035FF3046FEF77EFD284604B070BD00BFDD
:101BE0000010014003000F00B007002000E100E0FA
:101BF000200E002045190100FFFF7F002DE9F7436B
:101C00002E4CD4F8043399070BD5D4F8043143B1E2
:101C10002B4A0023C4F80431D4F80431136801338B
:101C20001360D4F80433DA0343D5BFF35B8F254B3D
:101C300053E8002F22F0010143E800100028F7D1FB
:101C4000BFF35B8FD30702D4D4F840318BB30025A8
:101C5000C4F84051D4F84031FFF7CEFEEFF31182C3
:101C6000202383F31288BFF36F8F174BD3E90267EA
:101C7000B042B94120D34FF0FF304FF0FF31C3E9FC
:101C80000201D3E900981D604FF48033C4F8483353
:101C9000C4F84051D4F8403182F31188BFF36F8FFC
:101CA000B9F1000F05D0CDF8008032463B46002048
:101CB000C84703B0BDE8F083A946EDE70010014036
:101CC000240E00201C0E0020B007002030B5431C5D
:101CD000124C85B005D08442A8BF0446012CB8BF81
:101CE0000124FFF789FE0E4B0C4DD3E90013401A77
:101CF000B0F5000F10D22218AA4228BF2A46521867
:101D00004FF0000007490091CDE9010043F10003C5
:101D1000FFF794FE05B030BD2A46F0E7FFFF7F00D5
:101D2000C00700204519010008B5FFF765FE024B0A
:101D30001B68C01A08BD00BFC007002010B5084CC2
:101D4000012363601120FCF7F7FB064BC4F808334E
:101D5000C4F84833044B4FF40032C3F8802110BD5F
:101D60000010014003000F0000E100E0024AD2F839
:101D70000034002BFBD0704700E0014010B54FF05D
:101D80008053D3F83021082A4ED14FF080420021F1
:101D9000C2F80C11C2F81011C2F8381502F5404211
:101DA000D3F80414C2F82015D3F80814C2F8241587
:101DB000D3F80C14C2F82815D3F81014C2F82C1557
:101DC000D3F81414C2F83015D3F81814C2F8341527
:101DD000D3F81C14C2F84015D3F82014C2F84415E7
:101DE000D3F82414C2F84815D3F82814C2F84C15B7
:101DF000D3F82C14C2F85015D3F83014C2F8541587
:101E0000D3F83414C2F86015D3F83814C2F8641546
:101E1000D3F83C14C2F86815D3F84014C2F86C1516
:101E2000D3F84434C2F8703504F052FA18B1374B85
:101E3000374AC3F88C2604F04BFA18B1354BFB2215
:101E4000C3F8182504F044FA58B14FF080424FF01F
:101E50008051D2F8E43ED1F8581261F30303C2F87E
:101E6000E43E04F035FA20B12B4B4FF40072C3F876
:101E700040264FF08053D3F83031082B17D14FF064
:101E80008043D3F80024D20744BF6FF00102C3F8A7
:101E900000244FF08053D3F83431042B81BF4FF02E
:101EA0001023D3F808224FF08043C3F858254FF091
:101EB0001023D3F80022002A03DBD3F80432002BCE
:101EC00022DA164901234FF01020C1F804351224FC
:101ED000FFF74CFFC0F80042FFF748FFC0F804428C
:101EE000FFF744FF0023C1F80435FFF73FFFBFF3BE
:101EF0004F8F0B490B4BCA6802F4E0621343CB606F
:101F0000BFF34F8F00BFFDE710BD00BF0050004082
:101F10004881030000F000400090024000E00140D2
:101F200000ED00E00400FA05014B1860704700BFA7
:101F3000280E002010B5054B1868144604F0DAF995
:101F40000028A4BF2070002010BD00BF280E002074
:101F5000024A01238340C2F80435704700F0014073
:101F6000014B00201B6818472C0E0020014B1B68FA
:101F7000184700BF2C0E002010B50C4C237993B9E4
:101F8000012323710A4B2060002818BF184600F077
:101F900049F850B923680748002BBDE8104008BF36
:101FA000184600F08FB86FF0770010BD2C0E00209F
:101FB000611F01006D1F010008B5064B1B683BB196
:101FC0000020FCF7CDFA18B9BDE80840FCF7A6BA26
:101FD00008BD00BF2C0E002038B54FF0804401230F
:101FE000C4F8083363600023C4F80031D4F800312A
:101FF00042F21075D4F80C24D4F80C34D20307D56F
:10200000DB0705D5012004F073F9013DF2D138BD9D
:1020100004F0D6F90028FAD0014B00225A71F6E7F5
:10202000340E002010B508490C794CB90123086022
:102030000B7104F0C5F908B9002010BD4C71FBE725
:102040006FF07700F9E700BF340E00204FF08043B7
:102050000022C3F80021D3F80021094901221A60A7
:10206000096811B1C3F804237047D3F80021002A8E
:10207000FBD00022C3F80021D3F80031704700BF25
:10208000340E002010B54FF08043D3F80423D2075C
:1020900015D5D3F8002192B10022C3F80021012107
:1020A000D3F80021C3F8081304F08AF9044B10B1E7
:1020B0005A7922B95971BDE810401B68184710BD04
:1020C000340E0020074A137943B9012110601171C1
:1020D0004FF080421846C2F8183570476FF077000D
:1020E000704700BF3C0E002010B54FF080431D4CE0
:1020F000D3F81814D3F8182411F4803F1AD002F042
:102100000302012A01D092B900224FF08043C3F8A4
:1021100018250022C3F80421D3F8042101229A6073
:1021200022688AB9D3F80421002AFBD014E004F015
:1021300058F9E9E7D3F81424D107E5D5D3F81C24DE
:102140009207F4D422681AB10222C3F8042310BD06
:10215000D3F80421002AFBD00022C3F80421D3F8CD
:102160000431F4E73C0E0020F8B54FF08043194FDE
:10217000D3F80443012504F01A04002604B9F8BD7D
:10218000B4FA84F0C0F11F00830003F580739BB2A2
:1021900003F1804305FA00F2196892B224EA0204BE
:1021A0000029EBD01E601B684FF08043022AC3F861
:1021B00008230BD1D3F81814D3F81814890705D1C4
:1021C000C3F81855C3F804239D60D7E73B68C0B235
:1021D0009847D3E73C0E0020036803F01F025B0919
:1021E000026004D0012B034818BF002070474FF055
:1021F000A040704700030050034A430900F01F004D
:10220000D35C1844C0B27047E3940100024611F059
:10221000010030B515D18B07C1F3400022D512491A
:10222000D1F8200550604FF08052C1F82005D2F857
:102230003021082A08BFD1F82025003818BF012016
:1022400010E04FF0A0444FF08055D4F820351360D3
:10225000C4F82035D5F83051082D08BFD4F82045F2
:10226000002BD8D030BD00BF00030050F7B50446A6
:102270000846FFF7C1FF04EB40060D46B38ADB07B3
:102280002AD5204604F0B0F92946204604F01CF96E
:1022900050B1204604F02EF9276807EB8000002398
:1022A000C0F81035C0F810352946204604F04BF927
:1022B0000021B18201A80195FFF78EFF019B00EB81
:1022C0008300074BD0F80027134043F00203C0F807
:1022D0000037084603B0F0BD6FF01500FAE700BF05
:1022E000F0F8FCFF014804F023B800BF740100209F
:1022F00010B504480C4603F0FDFF0028A4BF207071
:10230000002010BD740100202DE9F04F074689B070
:1023100057F8049BD9F80413C9B28346082241F048
:102320000041484604F038F9051E2FDA0023032146
:1023300006A8CDE90633FFF769FF634B01930DF162
:1023400018084FF0000A019A604912F8013B019207
:10235000DA0803F007038A5C22FA03F3DB071CD4D4
:102360000AF10103022B08F104084FF0010AEAD137
:102370004FF000410022484604F00EF9032106A860
:10238000FFF744FF0028D8D125F000450124002D97
:1023900040F0848009B0BDE8F08F4D4B5344029368
:1023A000D8F80060002EDBD0029B96FAA6F61C78C7
:1023B000B6FA86F646EA44142046FFF71DFF0BEBFB
:1023C0004000F208818A18F802000594C1F38203E4
:1023D0000393009306F00706012303FA06F620EAAA
:1023E000060008F8020005A8FFF7F6FE059A039B11
:1023F00002F5E07211F0100F50F82260C6F30146AA
:1024000033D0009A3846214604F07EF805A805949A
:10241000FFF7E2FE059B03F5E073F6B250F82330B8
:10242000C3F301439E4207D10021204604F03DF84A
:102430003146204604F039F805A80594FFF7CCFE94
:10244000059B012202FA03F3C0F820354FF08053B8
:10245000D3F83031082B01BFD0F82035D0F8203523
:10246000D0F82035D0F820359AE7022E14BF02218B
:1024700003212046039304F018F8039B032B03D099
:10248000022E07D1012BD7D1009A2146384604F0FD
:102490003BF8D1E7032ECFD1022BF4E795FAA5F351
:1024A000B3FA83F304FA03F225EA020503F5A272F4
:1024B0000BEB430359F82220B3F87C10C2F301421E
:1024C000384604F021F862E7F39401000483010028
:1024D000F3940100044AD2F80034DB07FBD5016015
:1024E000BFF35F8F704700BF00E001404FF08053A3
:1024F0001A69B0FBF2F302FB13036BB9084B02221B
:10250000C3F80425C3F80805D3F80024D207FBD587
:102510000020C3F8040570476FF00C00704700BF3F
:1025200000E0014010B5054C0123C4F80435FFF765
:10253000D1FF0023C4F8043510BD00BF00E0014006
:1025400070B5114D6C6BA4B14FF47A735C430A23E0
:10255000B4FBF3F40D4ED6F800316BB995F8393071
:1025600053B90A2003F0C4FE013CF4D16FF07300AC
:1025700008E04CF25034EDE795F8393003F0FF00F5
:10258000002BF3D170BD00BF440E0020009002402C
:102590000A4B10B500220124C3F80045C3F80021FE
:1025A0001C6028B1FFF7CCFF20B9054B83F83840F9
:1025B000002010BD6FF07300FBE700BF00900240E9
:1025C000440E002070B500F06044B4F1005F5DD1AE
:1025D00084075BD1304C94F83050012D05D09D42DA
:1025E00057D194F83850002D53D02C4D022B0BBFEF
:1025F000C5F81025C5F80425C5F81405C5F8080563
:102600000CBFC5F81815C5F80C154FF0000684F876
:10261000396026680CBF08250425BEB994F8383007
:102620006BB11E4B05F1804505F524350022C3F83A
:10263000002101232B60BDE87040FFF781BF01201E
:10264000FFF7A6FF10F1740FEBD170BDA66826B19D
:10265000E0606161E2610020F7E7A2610F4A84F85F
:1026600030300123A0602161C2F80061C2F8043358
:1026700094F8382002F0FF0012B9FFF789FFEAE76B
:1026800005F1804505F524352B60E4E76FF00C007B
:10269000DBE76FF00F00D8E7440E00200090024007
:1026A000084B9A685A621A699A629A69DA62DA6819
:1026B0009A6032B15A691A61DA699A610022DA6065
:1026C00070477047440E002000F01F0340090FD0F0
:1026D000012810D10B4A02EB83020B4BD2F8000702
:1026E000034043EA012343F00203C2F80037704776
:1026F0004FF0A042EFE7002203F5E07352F82330D9
:10270000FFDE00BF00030050F0F8FCFF10B50E4BD9
:102710000238D3F83C26D3F83836072813D8DFE838
:1027200000F0110F0D0B0A080604100EC871100CF2
:102730008871100A48710A711A0ECA701A0C8A70D0
:102740001A0A4A700B7010BD009002400238072828
:102750001FD8DFE800F02927251123211F04CB799A
:102760001B068A7943EA02434A7943EA02230A793B
:1027700013430E4AC2F83C36CB781B068A7843EAEC
:1027800002434A7843EA02230A781343074AC2F80D
:10279000383670470023E4E70023E5E70023E6E747
:1027A0000023EBE70023ECE70023EDE70090024075
:1027B0000268154BFF2A08BF4FF0FF32C3F82425EB
:1027C0004268FF2A08BF4FF0FF32C3F8282582680D
:1027D000FF2A08BF4FF0FF32C3F83025C268FF2A36
:1027E00008BF4FF0FF32C3F834250269FF2A08BF43
:1027F0004FF0FF32C3F838254269FF2A08BF4FF077
:10280000FF32C3F83C2570470090024030B5194DA7
:102810000FCD8DB006AC0FC495E8030084E803002B
:102820001549D1F82435DBB20093D1F82835DBB255
:102830000193D1F83035DBB20293D1F83435DBB2F5
:102840000393D1F83835DBB20493D1F83C3506A8B0
:10285000DBB20593FFF7ACFF0023C1F80031012381
:102860000B60D1F80031002BFBD06846FFF7A0FFCA
:102870000DB030BD408001000090024070B590F86E
:102880002930044613B190F82A204ABB6068FF281B
:1028900067D0A268FF2A64D0E268FF2A61D022696B
:1028A000FF2A5ED0B3B90321FFF70EFFA068FFF740
:1028B0000BFFE068FFF708FF2069FFF705FF60697D
:1028C000FF2801D0FFF700FFA069FF2802D00321F5
:1028D000FFF7FAFE94F82A3013B9201DFFF768FFBE
:1028E000214E636A736394F8293086F83A304FF0CA
:1028F00080531E4DD3F83031082B04D10123C5F885
:102900000833FFF783FF2368C5F84035A37F617F55
:10291000227F9B0143EAC1031343E27F43EAC213D0
:10292000C5F84435D5F8002694F8203022F07F42CF
:1029300022F0FF02134394F8212043EA026394F843
:10294000222043EA426394F8232043EA0273C5F845
:10295000003633680BB9002070BD2920FBF7DEFD7F
:10296000F9E76FF01500F7E7440E002000900240F1
:102970000A4B002283F83820094B01214FF0805088
:10298000C3F808131961D0F83001082808BF596549
:10299000C3F80025C3F80021704700BF440E002093
:1029A0000090024038B50D4C94F8305095B9C4E908
:1029B000001240B90020C4E90200012384F830303D
:1029C00084F8380038BDFFF759FF0028F2D06FF0C7
:1029D0001500F7E76FF07700F4E700BF440E002022
:1029E0002DE9F041DFF89880064698F8300001287C
:1029F0000F46144640D198F8383083B3214D012357
:102A0000C5F808334FF08053D3F83031082B01D18B
:102A1000FFF7FCFE1FB170783946FFF797FE0027DD
:102A200088F83970C5F80071B37872781B0343EAEF
:102A3000022332781343F27843EA4233327943EA8D
:102A40008233727943EAC233C5F83436FFF778FD32
:102A5000743008D0C5F800714CB9002005E0FFF7CC
:102A600097FD7430CAD16FF07300BDE8F0817078C3
:102A70002146FFF74BFEF0E76FF00F00F5E700BFD0
:102A8000440E002000900240044B93F838300BB9FC
:102A9000FFF77EBD6FF07700704700BF440E002047
:102AA00008B5064B93F83030012B03D1FFF760FFD8
:102AB000002008BD6FF00F00FBE700BF440E0020B0
:102AC000034B93F83000003818BF0120704700BF57
:102AD000440E002038B58B0735D11E4B1D681DB143
:102AE00093F83020012A31D11B4C0022C4F81C1568
:102AF000C4F8200583F8392095B993F8383043B1EC
:102B00000023C4F800310123E360BDE83840FFF73B
:102B100017BD0120FFF73CFD10F1740FF0D138BD57
:102B2000042183F83010C4F800210122C4F80423E2
:102B300093F8383003F0FF001BB9FFF729FD0020A0
:102B4000EDE7E260FBE76FF00C00E8E76FF00F00E5
:102B5000E5E700BF440E00200090024010B5224B74
:102B6000D3F8002192B1214C0022C3F8002194F83F
:102B7000381094F8302071B90121032A84F83810F4
:102B800005D0042A05D0022A00D1996010BD5960F1
:102B9000FCE7D960FAE7032A19D0042A19D0022ADF
:102BA00004D1012384F82030FFF77AFDA36813B91C
:102BB000012384F8303094F8393003F0FF0013B962
:102BC000D4E900319847002384F82030DEE702235F
:102BD000E8E7032284F82020D3F81C256262D3F8AA
:102BE000203584F82830E1E700900240440E0020B0
:102BF000F0B5816885B01039054621F0070402F070
:102C0000B0FC0B4B6A4603F110071868596816466A
:102C100003C60833BB423246F7D110236A46214629
:102C2000284602F070FC003818BF012005B0F0BD46
:102C30004883010030B50D46816887B0102302AA91
:102C40001039044602F04AFC002802DA012007B0DD
:102C500030BD102202A9204603F0C9FE00283AD157
:102C60001E49102202A804F04CFF00280CBF0123CB
:102C700002232B70204603F0A6FE012301460DF12E
:102C80000702204602F02AFC0028DFDB9DF807300F
:102C900003F00F021B096A702B7101220DF107016D
:102CA000204603F0A4FE10B96B78042B03D901234E
:102CB0006B7000232B71A268183A22F00702083AC1
:102CC000A91C204603F0A6FE0028BFD1E91C20461F
:102CD00003F0F8FEBBE70323CBE700BF4883010006
:102CE0007FB5244D4400694655F8240003F0F0FEFA
:102CF00090BB013402A955F8240003F0E9FE012835
:102D000004BF03238DF808309DF800509DF808603B
:102D1000194A08BF8DF80B3000241078294603F0BB
:102D200058FEF8B15078314603F053FED0B1937895
:102D3000042B03D09DF80310994213D1D378042BB0
:102D400003D09DF80B1099420CD11379042B05D1B7
:102D50005079831E022B0BD9FF2009E09DF8021049
:102D60009942F5D00134032C02F10602D5D101209D
:102D700004B070BD08830100F594010070B51646DB
:102D80001D465A1C03681344C2689A42044605D281
:102D9000006A082104F008FA002070BD65B9327895
:102DA000204604F004FA0028F6D03544B5420CD190
:102DB000A3680133A360F0E7AB1E062B9ABF064A57
:102DC000D35C00231833DAB2EAE723685A1C226086
:102DD00015F8012D1A70E9E70795010010B50446B2
:102DE000FAF700FB0348044A012102F01CFA2046CE
:102DF00004F0F0FADC7F0100B49201002DE9F84301
:102E0000044600AF0D46EFF31188202383F31288A8
:102E1000BFF36F8F04282A4A98BF2A4B9668117C0B
:102E200094BF53F82030284BE9468AB06A462748B9
:102E3000CDE9073140F20133ADF82430244BCDE920
:102E4000050442F8103F234800234FF43151FAF7AC
:102E500097FBCD4645B1EB69C3F3080323B11E4A86
:102E60001C48012102F0DFF92EB1304604F055FC78
:102E700008B1037803B91948E9468AB06A46184B85
:102E80000790CDE9053640F20133ADF82030154BFF
:102E900042F8103F00230F484FF41151FAF770FB2E
:102EA0002946CD462046FFF799FF88F31188BFF3E6
:102EB0006F8F3046FBF704FCBD46BDE8F88300BFCA
:102EC000800E002010830100C3920100D9920100FE
:102ED00005000001DC7F010001930100D192010097
:102EE000229301000400000138B50A4B53F820403A
:102EF000013053F82050A54200D838BD606830B189
:102F0000037EDB0701D404F042FA0834F3E72368B8
:102F10009847FAE72483010070B52A4B2A4C2B4DC1
:102F200086B0012203201A70FFF7DEFF01F086F958
:102F30000420FFF7D9FF2646AE4204F130040FD338
:102F400000F0F6FC204CAC4226D300F005FDF9F76A
:102F5000E9F91F4A938923F00103938106B070BDFC
:102F600054F80C3C059354F8103C049354F8143C6A
:102F7000039354F8183C029354F81C3C019354F802
:102F8000203C009354E90A2354E90C0100F020FB93
:102F900054F8303C5E65CEE7D4E90A23B3F1FF3F35
:102FA00008BFB2F1FF3F05D052EA0301206803D108
:102FB00004F08AFC3034C6E70649183000F01CFFE4
:102FC000F8E700BFE00E0020987E0100987E010027
:102FD00060080020F777010070B5164E164D1749AE
:102FE000902386B003FB006601220023CDE9042371
:102FF0000F22CDE902320193142303FB005504464E
:103000004FF4C07000FB04110D4B00954FF4A072FB
:10301000304600F0DDFA337C0A4AEE6023F0040308
:1030200033744FF4046304FB033313442C746B6058
:1030300006B070BDD0070020800E0020C022002006
:10304000E1740100801A00207FB50020FFF74CFFDB
:10305000294B83F30888294C636943F40073636147
:103060000025E02384F82230E57725766576A5767D
:1030700084F82050636A43F4E023636284F82350A9
:10308000FBF7B6F9FBF706FB4FF0FF33A362E362F1
:10309000FBF738FCFBF780FBFAF7FEF81848194CF1
:1030A00000F026FB0120FFF71FFF0220FFF71CFFA7
:1030B00000F07CFC144B15495C61154B0593012312
:1030C0004FF40862CDE90353CDE90155114B00954A
:1030D000204600F07DFA237C064623F004032046B8
:1030E000237404F054FB2846FFF776FF094A314663
:1030F0002046FBF7AFFA00BFC022002000ED00E041
:10310000F008002060080020800E002040240020ED
:1031100084930100192F010038B5064C064DAC42CE
:1031200001D3002038BDD4E90112204604F05AF939
:103130001434F4E7E8010020E801002038B5074C1A
:10314000074DAC4201D3002038BD204604F06EF993
:1031500008B91C34F5E76FF01500F5E7CC01002045
:10316000E801002073B50C46EFF31181202585F3AB
:103170001288BFF36F8FC5685DB125602B68C3608F
:10318000836901338361002081F31188BFF36F8F5E
:1031900011E052EA030603D125606FF00B00F3E75C
:1031A000CDE900230246083000F08CFB18B9034B30
:1031B0009B685B69236002B070BD00BF800E002079
:1031C00073B51546EFF31186202282F31288BFF300
:1031D0006F8F0468B4B12368426823F003039442FC
:1031E00008BF4360036023689B0704D020466568DE
:1031F00004F051FC2C4686F31188BFF36F8F2046F4
:1032000002B070BD55EA0302F5D000F10802CDE925
:1032100000533146104600F055FB0028EFD1024B19
:103220009B685C69EBE700BF800E002070B5EFF390
:103230001186202383F31288BFF36F8F0468A042A6
:103240001BD0D4B1D4E9003213605A60237C00252E
:1032500023F002032374C4E90055A56004F11800AB
:1032600004F08CFB2046C4F88C5004F090FA3146F0
:103270000748BDE8704004F0E4BAD0E902329A424F
:1032800018BF0133836086F31188BFF36F8F70BD61
:10329000E10E002013B5EFF31181202484F312888E
:1032A000BFF36F8F846844B1013C846081F311885F
:1032B000BFF36F8F002002B010BD52EA030406D1A5
:1032C00081F31188BFF36F8F6FF00F00F3E7CDE943
:1032D00000230246014800F0F5FAECE7E10E002079
:1032E0002DE9FF41544E04462027EFF3118887F360
:1032F0001288BFF36F8FD4F89450F5B9022104F10E
:10330000AC0004F096F9002870D004F1A405002266
:103310000121284604F0F8FA0028F8D1002302938E
:103320004FF0FF324FF0FF33CDE90023414604F167
:103330009C02424800F068FCD7E7D4F898202B683C
:10334000C4F89430954208BFC4F89830D4F8AC3033
:1033500043F00203C4F8AC30EB6823F0040343F0FD
:103360000103EB606B6888F31188BFF36F8F284609
:103370009847EFF3118887F31288BFF36F8FEB68DC
:10338000D80623F001023ED4EA60EB689A0717D50D
:10339000306823F00203EB6090B10368002178B13C
:1033A000426895423DD10368002934D17268336088
:1033B000904200D17360002340F8083BFFF736FFCE
:1033C000D4F8AC3023F00203C4F8AC30DB0530D4C1
:1033D000D4F89430003B18BF012388F31188BFF361
:1033E0006F8F002B81D000F0E9FA7EE7D4F8AC3083
:1033F000D90693D5C4F8AC0088F31188BFF36F8F5A
:1034000004B0BDE8F08123F01103EB6005F110007A
:10341000FFF70CFFB9E70B607368984208BF716053
:10342000C9E701461BB11A6818461346B7E71A46A2
:10343000FAE70023D1E700BFA40E0020E10E002030
:10344000F8B5C3689A0704460E46C3F3400542D454
:103450005F0742D40B680BB983680B60E368D80739
:1034600044BFA368336037684CBF0225012557B3BA
:103470001B4B9A68D7F890309A421ED104F044F959
:1034800080F00100C0B2D7F8AC30D907C3F3800296
:103490001CD5F2B1F8B100232360D7F8983073B986
:1034A000C7E92544384604F0CFF8E36843F0040345
:1034B000E3603368A3602846F8BD0020E3E71C60A2
:1034C000C7F89840EEE76FF0150506E06FF01205BB
:1034D00003E01B07DFD56FF00F0500233360EAE739
:1034E000800E00200146014804F0F8B8A009002031
:1034F000F0B589B004460020C4E925000E9D04F112
:103500009C00C4E9270004F1A400C4E9290055B3D4
:103510002879002840F2011008BF0120C4F8AC004F
:1035200000204FF0FF364FF0FF37CDE90330CDE9F3
:103530000100CDE906670D4B0094204600F0ACF881
:1035400055B1296811B1204604F0E4F86B791BB13C
:10355000A38943F00103A381204604F0B5F9C4F820
:10356000904009B0F0BD0120D8E700BFE132010072
:1035700037B501900846EFF31184202181F31288BA
:10358000BFF36F8FC16811F01E0F16D153EA020509
:1035900008D101A9FFF754FF84F31188BFF36F8F9F
:1035A00003B030BD41F00801C16001998162044956
:1035B000103000F021FC0120EEE70020ECE700BF16
:1035C0005776010001460148FFF7D2BFA00900204D
:1035D0002DE9F04F073285B022F0070204461F465E
:1035E0007F3200F15803C0E9163322F03F02129BEC
:1035F000A38100200E46119BA06004213F2ADDE933
:103600000EA9C4E906002174A373E07306F1400813
:10361000A2F1400B05D880F31188BFF36F8F0846E5
:1036200002DFB51829462046FAF796FC0730109BB2
:1036300020F007002D1AE067C4E91D8B2A46CDE96A
:103640000193CDF800A03B4631462046FAF7D0FF63
:1036500000236365109BC4F86890C4E9187AE36698
:10366000EFF31182202383F31288BFF36F8F094B8E
:10367000196A21671C6282F31188BFF36F8F9B6800
:103680000BB1D3F88030C4F88030284605B0BDE8CF
:10369000F08F00BF800E0020F0B587B000250595A3
:1036A000109D04950F9D03950E9D0295DDE9127600
:1036B0000D9D01950C9D00950446FFF789FFB6F11D
:1036C000FF3F08BFB7F1FF3F05D056EA070305D11A
:1036D000204604F0F9F8204607B0F0BD3A463346DC
:1036E00004F11800014900F087FBF4E7F7770100C7
:1036F0000123037483810023C0E91D33C0F88030A7
:10370000014B9860704700BF800E00200A4A936802
:103710006FF00A01C3F88C100849C3F888004B68A1
:1037200043F080534B60002383F31188BFF36F8F06
:103730009368D3F88C007047800E002000ED00E005
:1037400070B590F91020037C002A2FDBD9062DD10B
:103750001A4C63F07F032246037452F8183FE16964
:10376000934207D1C0E900210860E0610FE099426F
:10377000F8D01B68002BF5D093F90E6090F90E502D
:10378000AE42F4DD5968C0E9003108605860A569AF
:10379000954200D005B9E568A3681A7CD20606D127
:1037A000DA897F2A03D9AA690AB9636170BDAB427D
:1037B00002D0284600F06AFA6561F7E7800E002023
:1037C00038B590F91020037C002A014604DA03F092
:1037D0007F03037403F0A3FF0D4D2A46AB6852F834
:1037E000184F944200D004B9EC688B4207D01A7C81
:1037F000D20604D1DA897F2A01D9A2692AB1A3426B
:1038000002D0204600F042FA23466B6138BD00BF6B
:10381000800E0020B3F1FF3F08BFB2F1FF3F03D09D
:103820000249183000F0E8BA704700BFF77701008E
:10383000034648B9EFF3058232B9064A51699268E6
:10384000914201D0FFF762BF83F31188BFF36F8FFE
:10385000704700BF800E002038B5184CA168E069A1
:103860000B68814214BF1A46002249680B605960F8
:10387000A368E1692AB9124AC3E900210B60E36138
:103880000AE092F90E5093F90E00854212DD51685C
:10389000C3E900210B605360A569094B9D4200D02C
:1038A00005B9E568A3689D4202D0284600F0EEF90C
:1038B000656138BD8A42DED01268DBE7800E0020E9
:1038C000980E0020F8B50E4B0C4611460D4A98682C
:1038D0001060DDE90667EFF31182202282F312887F
:1038E000BFF36F8F9D68284603F02BFF28463246B2
:1038F0003B46FFF78FFF2046BDE8F840FFF706BFC5
:10390000800E0020AC0E0020034648B9EFF305827C
:1039100032B9064A51699268914201D0FFF7F6BE6A
:1039200083F31188BFF36F8F704700BF800E0020B4
:10393000EFF31181202383F31288BFF36F8F054BC0
:103940009A68D37B013BD37381F31188BFF36F8FE8
:10395000704700BF800E002070B5EFF31186202362
:1039600083F31288BFF36F8F0F4DAB68DA7B0132A0
:10397000DA732A4652F8184F944200D004B9EC6822
:103980001A7CD20604D1DA897F2A01D9A2692AB128
:103990009C4202D0204600F079F923466B61304604
:1039A000BDE87040FFF744BF800E0020024B03F1DA
:1039B0001802C3E906227047800E002070B5EFF3AD
:1039C0001186202383F31288BFF36F8F1A4CA168EE
:1039D000E0690B68814214BF1A46002249680B60F7
:1039E0005960A368E1692AB9144AC3E900210B6050
:1039F000E3610AE092F90E5093F90E00854216DD5C
:103A00005168C3E900210B605360A5690B4B9D42CF
:103A100000D005B9E568A3689D4202D0284600F0B1
:103A200035F965613046BDE87040FFF76FBE8A42E8
:103A3000DAD01268D7E700BF800E0020980E002071
:103A4000F8B550EA010306460C4603D1FFF7B6FF6E
:103A50000020F8BDEFF31187202383F31288BFF312
:103A60006F8F124D124BA8681860FFF7A9FEA86867
:103A7000104923463246183000F0BEF9AA68137C7C
:103A800043F00403137404463846FFF73FFEAB6867
:103A9000D3E90A23B3F1004F08BF002AD8D103F0BD
:103AA000A2FF201A20EAE070D3E700BF800E0020BA
:103AB000AC0E0020F7770100014B9868704700BFFB
:103AC000800E00202DE9F84304468789EFF3118624
:103AD000202383F31288BFF36F8F037C190705D56A
:103AE00086F31188BFF36F8FBDE8F883D90943F0DF
:103AF000080272D10274A36813B1204603F017FEC6
:103B000004F1180003F03AFFA56D04F15808A84528
:103B100011D04FF0000975B1284603F008FE05F1F9
:103B2000180003F02BFFC5F88C902846FFF708FE1D
:103B3000A56DA845EFD1DFF8C480D8F808309C42C5
:103B400053D1EFF30589B9F1000918BF4FF001090E
:103B5000D8F818502A4A954200D00DB9D8F80C5020
:103B6000AB4202D0284600F091F82046C8F8145025
:103B700001F0C9FD204600F0D9F8B9F1000F02D0DC
:103B80002048FFF7B5FDD8F808309C4230D1EFF35C
:103B900005836BBBA289D20711D586F31188BFF3C9
:103BA0006F8F83F31188BFF36F8F0423184602DFF2
:103BB000EFF31186202383F31288BFF36F8F304613
:103BC000FFF7A4FDFB078FD5002383F31188BFF314
:103BD0006F8F0423184602DF86E703F07F0343F06C
:103BE0000803037403F09BFD85E74FF00009AFE77E
:103BF00086F31188BFF36F8FE4E700BF800E0020CB
:103C0000980E0020F0080020D3B5DDE90667089C77
:103C1000CDE90067FFF756FE1CB1034B9B685B695B
:103C2000236002B0D0BD00BF800E0020027C12F0E5
:103C30001F02034610D10A4988420DD0094908687D
:103C400068B1D9897F2909D893F90E20064B1B68E2
:103C50009A42B8BF00207047002070471046704756
:103C6000D007002078010020B00E0020044BC01ABD
:103C7000044BC0105843044B01221A54704700BF34
:103C800080090020ABAAAAAAE10E002070B50C4B57
:103C90000C4D1E7CFFF7CAFF182303FB0655044694
:103CA000284603F06BFE084B00229A553CB1621E79
:103CB00028460649BDE87040D31700F09DB870BD96
:103CC000800E002080090020E10E00206D3C0100E4
:103CD00038B5EFF31185202383F31288BFF36F8F7C
:103CE0000F4B104A9C681068A04206D1FFF7CEFF28
:103CF00085F31188BFF36F8F38BD00211B7C1160E5
:103D0000094AD35C002BF3D02046FFF78FFF002831
:103D1000EED0237CDB0601D1FFF79EFD2046E5E7D0
:103D2000800E0020AC0E0020E10E0020EFF3118188
:103D3000202383F31288BFF36F8F0A4A136A8342EA
:103D400007D11B6F136281F31188BFF36F8F704728
:103D50001346002BF7D01A6F8242F9D1026F1A670F
:103D6000F1E700BF800E0020F8B505460E46EFF3E0
:103D70001187202383F31288BFF36F8F064B1C6AD1
:103D800024B987F31188BFF36F8FF8BD2046314601
:103D9000A847246FF4E700BF800E0020024B18688C
:103DA000984208BF002070477C010020034B1B682D
:103DB0000BB9FDF7B9BF0020704700BFB40E00205B
:103DC00030B570B10B4B5B6898420AD0036843B1C1
:103DD000D3E90421D0E90445121941EB0501C3E9F7
:103DE0000421D0E9003213605A600023C0E9003397
:103DF00030BD00BF7C010020B3F1FF3F08BFB2F12E
:103E0000FF3F2DE9F84F0446994615461F467AD0E4
:103E10008160EFF31188202383F31288BFF36F8F43
:103E2000B9F1000FDFF8E4A020DBFFF7BFFFDAE90C
:103E30000027013549F100092D1849EBE073C4E969
:103E40000453AD18064643EB07074FF00109FFF78F
:103E5000A5FFDFF8BCE0DEF804A00346EBB9C4E937
:103E600000EACAF80040CEF8044028E0DAE900127F
:103E70006FF001035B1A4FF0FF3161EB02025B1B35
:103E800062EB0902012B72F10001BCBF0123002289
:103E9000C0E904324FF00009D9E7D3E9041CD4E9A2
:103EA00004208A4270EB0C0B24DA891A5A686CEBF6
:103EB0000000C3E90410C4E9003214605C60FFF73D
:103EC0006DFF84420ED1134B1B685BB9B9F1000F33
:103ED00002D1FFF76BFF0646304603F038FD0021A4
:103EE000FDF7F4FE88F31188BFF36F8F284639463B
:103EF000BDE8F88F521A60EB0C005345C4E904206A
:103F0000ADD01B68AAE700252F46EFE798090020EF
:103F10007C010020B40E00202DE9F047DFF8A890C6
:103F2000DFF8A880C9F800000246FFF737FF0D460A
:103F300000260027D8E900134FEAE27E50B1D0E90D
:103F4000044CA2427EEB0C0A1BDAA41A6CEB0E06A0
:103F5000C0E9044652184FF0000443EB0E0320461C
:103F6000C8E90023C9F8004003F0F1FC2146FDF741
:103F7000ADFE85F31188BFF36F8FBDE8F047FFF703
:103F8000A7BE611843EBE473C0E90467C8E90013F6
:103F9000FFF716FF01224FF00043C0E9042385F329
:103FA0001188BFF36F8F83689847EFF31185202343
:103FB00083F31288BFF36F8FD9F80020121BC9F862
:103FC0000020FFF7EBFEB5E7B40E002098090020B3
:103FD00010B5EFF31184202383F31288BFF36F8FA2
:103FE000FFF7E4FE054A0346D2E90001181841EB49
:103FF000E37184F31188BFF36F8F10BD980900201F
:10400000F8B50446EFF31187202383F31288BFF33A
:104010006F8FD0E90423B3F1004F08BF012A04D009
:1040200087F31188BFF36F8FF8BDD0E90A566A1C79
:1040300046F10003022A73F1000334D3013D46F137
:10404000FF36002EBCBF00252E4603F0D0FC013009
:1040500041F10001401946EB0101012871F1000115
:1040600048DB03F0C4FC013041F100016FF00203B2
:10407000401946EB010183426FF000438B413EDB68
:1040800003F0B5FC013041F100016FF0010240196D
:1040900046EB0103121A4FF0FF3161EB03031A499B
:1040A0002046FFF7A9FE236B01332363236A63B124
:1040B00087F31188BFF36F8F20469847EFF311877E
:1040C000202383F31288BFF36F8F54F8185FA54243
:1040D000A6D0002DA4D0284603F068FB0023C5F825
:1040E0008C3087F31188BFF36F8F2846BDE8F84006
:1040F00003F04DBB6FF001024FF0FF33CFE700221A
:104100004FF00043CBE700BF014001002DE9F04133
:1041100005461C4690461F46EFF31186202383F385
:104120001288BFF36F8FB4F1FF3F08BFB2F1FF3FBA
:1041300005D186F31188BFF36F8FBDE8F081002CA5
:1041400009DB012A74F10003BCBF0122002412F133
:10415000FF3844F1FF37284603F010FCDDE9060183
:104160000023C5E90A012B6342463B462846024923
:10417000FFF742FEDDE700BF0140010070B50546D4
:10418000EFF31184202686F31288BFF36F8F03F0BC
:10419000F5FB20B184F31188BFF36F8F70BD6B6A9C
:1041A00063B184F31188BFF36F8F6B6A2846984719
:1041B000EFF3118486F31288BFF36F8F05F11800B7
:1041C00003F029FB0028E5D003F0E1FA214602487C
:1041D000BDE8704003F035BBE20E0020F8B507469D
:1041E0000C46164603F090FA08B10020F8BD0E4BBD
:1041F0009B68D3F88050002DF7D0221DF5D2EFF345
:104200001184202383F31288BFF36F8F47F00401DA
:104210002846B04784F31188BFF36F8F0028E4D09D
:1042200040F8045BE2E700BF800E00200146024A2E
:104230000020FFF7D3BF00BF2F490100014800F065
:104240000ABC00BF8C93010007B5074B00930749D8
:1042500007484FF0FF334FF41062FFF749F9002091
:1042600003B05DF804FB00BF3C830100002D00207B
:10427000A00900200CB430B58BB004460D462022B6
:10428000002102A803F035FC02238DF80A30002D2E
:104290000C4B0393069412DB01D06B1E1C440FAA37
:1042A0000E99079402A8019200F00EF815B1069B32
:1042B00000221A700BB0BDE8304002B070470024F5
:1042C000EDE700BFD17B01002DE9F04F8BB04368D3
:1042D000009383789C078046924640F1F980002540
:1042E0000878002800F0F68025280AD04B1C01939E
:1042F00001354146009B98470028C0F2E3800199B0
:10430000EEE74E788B1C252E0193F1D00027B9469D
:104310003C460A221F2C22D8A6F12003102B20D8BD
:10432000DFE803F0141F1F1A1F1F1F0B1F1F1F1290
:104330001F171F1F090044F00104019B13F8016BB4
:104340000193002EE6D13AE044F0020444F0040464
:10435000F3E744F00804F0E744F01004EDE77F2CA5
:1043600024D8A6F13003092B08D860064EBF02FB03
:10437000073702FB093944F02004DEE72A2E0DD16D
:1043800061065AF8043B53D4002BA7BF44F0200425
:104390009946C3F1000944F02804CEE72E2E05D13A
:1043A000630600F1978044F04004C6E76C2E2ED0DF
:1043B00028D8682E32D06A2E37D04C2E35D0002F18
:1043C00046F02003B8BF24F04004A3F16502BCBF4F
:1043D000A4B20027022A01D9612B2BD10AF1070AC6
:1043E0002AF0070A9C4E0AF1080A0727210760D520
:1043F00006EB070B34465C455DD1AE1BA219A9EB59
:10440000070959E1742E98D07A2E96D0D7E7260660
:1044100048BF44F4007444F080048EE7E00548BFD0
:1044200044F4007444F4807487E744F4207484E70F
:104430001F4682E7A6F16302122A00F2D880DFE865
:1044400012F013004D00D600D600D600D6004D0065
:10445000D600D600D600D600D600E800D100D6009F
:10446000D6001A00D600A0005AF8043B8DF8103090
:10447000012704AEBAE75AF8046B784B002E08BF48
:104480001E4614F0400F14BF39464FF0FF3130463E
:1044900002F03FFC0746A9E7009B414620209847D1
:1044A00000280FDB013CA742F6D34D442D1BA1464B
:1044B0009EE74C46F7E714F8010B009B41469847EE
:1044C000002898DA98F8023043F0040388F80230A4
:1044D0004FF0FF3528460BB0BDE8F08F220630D5EF
:1044E000A3052AD50AF1070A2AF007039A46596854
:1044F0005AF8080B24F0100B00291FFA8BFB2FDA57
:10450000404261EB41014BF4806B04AC0A2322462C
:1045100003F007FB1BF0400FA0EB040200F08E80BD
:104520002BF001049742A4B240F38F80002E40F09C
:104530008E802BF01104A4B21DE05AF8040BC117B1
:10454000D8E7E0055AF8041B01D40846F7E7A205AE
:104550004BBF48B208B241F3C01141F3C031C9E7C3
:1045600050EA0103D1D16306CFD5002FCDD124F07D
:104570001104A4B23A463B4640F206410C4262D1D5
:1045800024E024F01004A4B20A2314F0800243D0E3
:1045900014F400711FBF0AF1070A2AF007029246BD
:1045A000516814BF5AF8080B5AF8040B50EA01027C
:1045B0003ED124F0160B62061FFA8BFB3CD5002F70
:1045C0003AD124F01704A4B23A463B4621075AD404
:1045D000E10705D5994572DDA9EB03039F184B460A
:1045E0009B464AE044F0100410237826CDE7782B50
:1045F00004D1C6F1780343F01003C6E7009B41469F
:10460000252098470028FFF65DAF02354146304629
:1046100070E608230026B8E714F480715AF8040BFA
:10462000C4D014F400711ABFC0B2114680B2BDE705
:1046300024F006041FFA84FB04AC68E713465C46CA
:10464000E10699D52EB90133C0E71346F8E73B469A
:10465000F6E70233BAE700BFC4930100BD9301003F
:10466000CDE902324146009B202098470028FFF602
:1046700029AFDDE902320BF1010BD945F0DCEB1A71
:1046800003EB0B055B46E10627D5CDE90232414637
:10469000009B302098470028FFF614AFDDE9023276
:1046A0007EB901352F44791B8A4229DB144604AEBA
:1046B0009CBB2A44A9EB03091546914442E01746E6
:1046C0008EE7CDE90232023541463046009B9847DD
:1046D0000028DDE90232E5DAF4E640F206410C4258
:1046E000E0D014F0020F14BF2B20202014F4806FB0
:1046F000CDE9023205F10105414618BF2D20E5E75D
:10470000CDE902324146009B302098470028DDE980
:10471000023205F10105C6DAD4E6013CCDE90232E8
:10472000305D009B414698470028DDE90232BFDA40
:10473000C8E6009B414620209847002805F1010566
:10474000FFF6C0AEA9EB0503002BF2DCD7E500BFF6
:10475000704700EBC100408840087047F8B5034639
:10476000FFF7F7FFB0FA80F0C0F11F0003EB800CF9
:10477000CA00DCF81060171D0C4606328DB256B91F
:10478000012101FA00F0D9680143D960CCF810404A
:10479000DD539D52F8BDF1000431585AD85303EB54
:1047A000C0009E52C5805D52F4E710B500EBC10415
:1047B000E3888B4202F104010AD1012303FA02F2D9
:1047C000C36823EA0203C360002340F8213010BD10
:1047D000A28840F8213000EBC20100EBC300CB807F
:1047E0008280F4E708B50346FFF7B3FFB0FA80F222
:1047F000C2F11F021846BDE80840FFF7D6BF2DE9F9
:10480000F843B1FA81F3C3F11F0200EB82090646B7
:10481000D9F810700D4687B9C3F120034FF0FF346B
:104820009C40F3681C4014D094FAA4F2B2FA82F2CD
:10483000131D56F82340214608E03C464FF003087C
:1048400021463046FFF785FF854205D83046FFF701
:10485000ACFF2046BDE8F88306EBC404B8F10108BC
:10486000E488C9F81040D7D0BC42E9D1D4E738B5C4
:104870000446FFF76EFF0D46034611462046FFF73C
:1048800068FF03449BB204EBC5055A006A802046CA
:10489000FFF75FFF014424F8313038BD70B504469E
:1048A000FFF757FF0B4604EBC305511A9B1A89B259
:1048B00003444E009BB204EBC2006E805D00458055
:1048C00024F8321020461146FFF743FF014424F834
:1048D000313070BD70B509B9002070BD056801F0B8
:1048E00007030B33CC0804EBD304AB689C4228BF0E
:1048F0001C4621462846FFF782FF06460028EBD0DB
:1049000001462846FFF725FFA04207D9321928465D
:10491000FFF7C4FF11462846FFF720FF05EBC6024C
:104920001046538843F0010353800430D5E7114605
:10493000FFF7D0BF043A2DE9F843CC1D114424F011
:10494000070421F00706A6EB04084FEAD807B7FAD8
:1049500087F2C2F12405AD004FF000090735C2F11E
:104960002002ED0804604946A760C4F80C9092004C
:1049700004F1100003F0BDF8AAB2530043F00103A4
:1049800063807B1B9BB204EBC5015800A4F8009028
:10499000488024F83520A6F8029024F8083004EB6B
:1049A000C70329465A8842F001025A802046BDE8D2
:1049B000F843FFF7D3BE2DE9F04706460D461746EC
:1049C00098462BB398F8004093F80190DB78A40048
:1049D00004EB430498F802301C4444444FF0000AAE
:1049E000CA4509D3D8F8042008F1080339463046EF
:1049F000AC46BDE8F047604714F8013B48F8234057
:104A00002046F7F787FC013004440AF1010AE7E782
:104A10006FF01500BDE8F08730B502460024002095
:104A200012F8013B43B178B18C4207D1702B04D00E
:104A3000A3F140053A2D07D8002030BDA3F1400571
:104A40003A2D01D80134EAE7252B08BF80F0010098
:104A5000E6E7002070470FB407B504A951F8040B2E
:104A6000019100F05DFB03B05DF804EB04B070470A
:104A700010B50369024613F0080009D11368D46821
:104A80009C4297BF126AE31AD31A01200B6010BD33
:104A900000231846FAE713B501A90446FFF7E8FF1B
:104AA00020B1019BE268013B13440193206A019B02
:104AB000C01A013802B010BD10B504465018226962
:104AC000236AD20702D5013B184010BD984228BF87
:104AD000C01AFAE710B504460A46C168FFF7ECFFB2
:104AE0002369E06023F00803236110BD38B50D464B
:104AF000C2698B00016843F0020342F8213004468A
:104B000001682A46FFF7D8FFE36861682060984291
:104B100002BF236943F0080323612A462046FFF7BA
:104B2000CBFF606038BD2DE9F74FD0F80CB0C669F7
:104B3000009216F82B2002F00302022A08BF56F852
:104B40002B209A4606EB8B030F4601934FF0000192
:104B5000009B0CBFC2F39D09894619600446CAF840
:104B60000010B9F1000F07D04946FFF7B3FFE36823
:104B7000A3604FF0010804E001698A0705D44FF0F3
:104B80000008404603B0BDE8F08F816906EB8B005A
:104B9000884716F82B1011F001080546EFD08B0757
:104BA0001DD51FB139462046FFF7A0FF61682A4690
:104BB0002046FFF781FFD4E902138B42606007D1E2
:104BC0002A462046FFF778FF4FF000080146A06014
:104BD0002369216043F00803E1602361D1E70146C6
:104BE0002046FFF777FFE168A1601FB12068E16907
:104BF00041F82090EA19CAF8002021682046FFF702
:104C00005BFF2269206042F00802226116F82B2027
:104C100022F0010206F82B20DDE900321A60A8E735
:104C200070B504461546FFF747FF2368834205D158
:104C30002369216023F00803236170BDE269AB00A2
:104C400043F0020342F82130204661682A46FFF70C
:104C500033FF6060F1E738B503695B07044606D5AA
:104C6000456AFFF718FF85422CBF6562606238BD58
:104C700038B50D4604461C22002102F03AFFEB68CD
:104C8000A361AB6863612B68E3616B6823620022F8
:104C900062622A6923B1591E194208BF42F001021B
:104CA0002261012204F128000021BDE8384002F011
:104CB000B4BC2DE9F04F9846036A87B000258B42BB
:104CC00004460E46934603950595AA4638D3EFF35E
:104CD0001189202383F31288BFF36F8F059A2AB1BD
:104CE00029462046FFF79CFF0023059304A9204690
:104CF000FFF7BEFE0499B14207462AD32268E36952
:104D000013F8221021F0030103F8221003EB820AAA
:104D1000216832462046FFF7CFFEE36820609842C4
:104D200012D0002789F31188BFF36F8F039929B13F
:104D300062690AB12046904700230393002FC6D131
:104D4000504607B0BDE8F08F236943F008032361A4
:104D5000E7E718B12046FFF7C9FEE3E75BEA08037F
:104D60001CD0019102F0D0FC0199B8B9B9F1000F43
:104D700014D189F31188BFF36F8F5A46434604F16B
:104D80002800FEF787FAEFF31189202383F31288B6
:104D9000BFF36F8FB0FA80F77F09C3E705AB03AAB3
:104DA00020462568FFF7BFFE0746BBE770B50446FF
:104DB000836908460D4698470246EFF31186202383
:104DC00083F31288BFF36F8F2B7843F001032B70AE
:104DD00061682046FFF770FE60602046FFF73BFFEA
:104DE00086F31188BFF36F8F70BD2DE9F843044639
:104DF00000272026EFF3118586F31288BFF36F8F0B
:104E00002369A268190702D46368934200D2236A17
:104E10009B1A002B42D0E06910F8221011F0030316
:104E200000EB82093AD0022B04D150F822305FEA1D
:104E3000930805D1CB0720D4A369484698478046FC
:104E4000A16842462046FFF737FE0127A060414691
:104E50002046FFF73FFE3B4685F31188BFF36F8F77
:104E6000002BC7D137B1B9F1000F03D104F12800ED
:104E7000FEF7DCF94846BDE8F88341F0020100F88E
:104E800022104846A369D4F8088098474146024654
:104E90002046FFF711FE0023A060DDE79946DBE71F
:104EA000F8B50446836908460D4698470646EFF371
:104EB0001187202383F31288BFF36F8F2B7823F0A1
:104EC00001032B7023699B0705D5E268E36903EBB7
:104ED00082039D421AD12B7823F002032B70D4E970
:104EE0000231994204D132462046FFF7E5FDA06029
:104EF00031462046FFF7EEFD87F31188BFF36F8F31
:104F000004F12800BDE8F840FEF790B92B6860F383
:104F10009F032B60F0E7EFF31181202383F31288C6
:104F2000BFF36F8F02698368120702D442689A4206
:104F300000D2026AD31A81F31188BFF36F8F181E53
:104F400018BF01207047038B13F0070306D10368D5
:104F5000002B18BF032008BF00207047022B05D18B
:104F6000408BB0FA80F0400980007047012B04D1DB
:104F70000368002B18BF0520EDE70020704710B52F
:104F80000C4600B111B96FF0150010BD081D00F0FE
:104F900087F80028F9D1A368032BF6D9F3E72DE9A8
:104FA000F0410D4607461946281D90461E4600F062
:104FB00088F8044638B13346424629463846A44666
:104FC000BDE8F0416047BDE8F08110B4EFF3118215
:104FD000202484F31288BFF36F8F416110BC01213C
:104FE000F7F73ABF38B50C46054658B151B10B68D2
:104FF00043B14B6833B11C22002102F07AFD2C61D1
:10500000002038BD6FF01500FBE7F8B504460E46EA
:10501000FFF7B5FF051E3BDBEFF31182202383F37F
:105020001288BFF36F8F638B278B4FF6FF718B4214
:1050300007F007072ED0062F2FD8DFE807F0182E2D
:10504000082E180418006FF08505002303E00133D3
:1050500063830225012382F31188BFF36F8FBBB1F5
:1050600000233A4631462046FFF799FF10E000231F
:105070003360636823B9C4E9006627B13D46E4E7BD
:105080001E606660F9E702212046F7F7E5FE3D461F
:105090002846F8BD6FF00A05D7E76FF00405D4E79E
:1050A000034658B1426802F00302012A03D0032AE2
:1050B00004D1026812B10020986070476FF01500AB
:1050C00070474268816002F00302032A4FF0000239
:1050D00003460CBF006810465A607047704703785B
:1050E0005B075FBF03684288C3F34A2303EB1210D8
:1050F0005DBF173020F007008008002070470020B7
:10510000704701F0E1B80346BFF35B8F53E8000F2F
:10511000421C43E800210029F8D1BFF35B8F7047A0
:105120001FB50023CDE90201CDE900331A46194627
:105130001846F8F7A5FA05B05DF804FB0120F8F76A
:1051400051B8002070474368DA71436819604368BA
:1051500001225A71F8F738B870B515460C4669B196
:10516000D2E901369B1B99420AD813680A460146C8
:10517000981902F097FCAB682344AB60204670BDE1
:105180006FF01B00FBE770B50E4615461946044646
:1051900018B9BDE87040F8F725B833B1C2F34A2317
:1051A0001030120D184402F07DFCC4E90056204670
:1051B000BDE87040F8F7C4B92DE9F3415F1C4FEA30
:1051C0008708064608F1170020F0070080080C4603
:1051D0001546F8F789F80023ADF805308DF807304B
:1051E0008DF8047068B10346019A43F8102FA8F1B6
:1051F00004012A46294452F8045B43F8045F8A42BA
:10520000F9D1A20102F4E07242EA482222F07F4280
:1052100022F47002002322F03F02314602B0BDE8C2
:10522000F041FFF7B0BF07B50123019201AAFFF7D4
:10523000C3FF03B05DF804FB07B5CDE900230223EB
:105240006A46FFF7B9FF03B05DF804FB1FB5CDE96F
:105250000123069B039301AA0323FFF7ADFF05B0CB
:105260005DF804FBF8B506460D4614461F4604B922
:10527000F8BD214628463A46B047241A0544F6E7C9
:1052800010B5426881680446D2E900230068FFF740
:10529000E9FF636800221A6010BD38B54B681A68D0
:1052A000CB689A4205460C4602D10846FFF7E8FF54
:1052B0006368BFF35B8F53E8002F511C43E8001075
:1052C0000028F8D1BFF35B8FA3689D54002038BD40
:1052D0000A2838B504460D4602D10D20FFF7DDFF40
:1052E00029462046FFF7D9FF002038BD2DE9F043BD
:1052F000054689B008460E8891F80090D1F80880DC
:105300000C461746F8F70EFA011EC6F38216C9F3CB
:10531000C2091FDB4846F8F725F903462146608895
:1053200051F8102B0296C2F34A22002A01EB020424
:10533000C0F30B1008BF00210022CDE90507CDE91D
:105340000314CDE9002241462846F8F717FA09B0C0
:10535000BDE8F0830023E1E743681B685B68002039
:105360001961704743681B681A6852685360704738
:105370002DE9F04143681B685A68012111751D68C9
:10538000D5E90136D3E900482F681CB96B681C6069
:10539000BDE8F081214630464246B847241A06440B
:1053A000F3E743681B681868F8F71EBB70B54368DD
:1053B0001D686B6818690C46F7F7F0FE2146034636
:1053C0000F222868BDE8704018472DE9F04F85B0DE
:1053D00004460E46019200254FF006080A27E3888E
:1053E000AB4203DC002005B0BDE8F08F2379D4F890
:1053F00010C013FB05F318339BB2002262450ADA92
:10540000E06808FB02F100EB010E415A99423BD1E2
:10541000DEF802208ABB02A98B46AE464FF0000C94
:105420000A46BEFBF7FA07FB1AE909F130090BF847
:10543000019BF146B9F1090F6046D6460CF1010C0B
:10544000EFDC0CF1100CEC444FEA600902304FF035
:10545000730E08440CF808EC86464FF0000C0CF173
:10546000010C91F800A01EF801BD01F801BBE14557
:105470008EF800A0F3DA0021017001992046B047B0
:105480000028B0D10135AAE70132B7E70379C28815
:1054900000215A43183002F02CBB10B5C360BDF890
:1054A0000830C280044603610171FFF7EFFF0398E3
:1054B0002146F8F70DFB002818BF6FF0770010BDEC
:1054C000002908DB8068884205D9401A904234BF21
:1054D00000200120704700207047704770B51646C5
:1054E0001A4605460C46FFF7EBFF48B16968E868C5
:1054F0002144826814683246A446BDE87040604783
:105500006FF0150070BD70B516461A4605460C467C
:10551000FFF7D6FF48B16968E8682144826854689B
:105520003246A446BDE8704060476FF0150070BD7C
:1055300010B50B460446FFF7C3FF30B16168E06861
:105540001944BDE8104000F0B3B86FF0150010BD6D
:1055500008B5C0688368DB689847006808BDC06804
:10556000704708B5C0688368DB689847407908BD14
:1055700030B54C680368A34201D2012030BD8A686F
:105580002244934201D30020F8E7D1E90452954226
:1055900003D36FF00B038B61F5E7CA681B1B42F85E
:1055A00035304368086902EBC00253600B69013370
:1055B0000B61E2E737B50C46C0B201A91546F8F712
:1055C000A3FA00280CDB019850B121462A46F8F7CF
:1055D000C1FA04460198FFF780FF204603B030BDB2
:1055E0006FF01504F9E708B50B684268934204D9D7
:1055F0000846F8F725FB002008BD4B6813444B60B4
:105600000120F9E72DE9F0478946164698460446F9
:1056100098B382680369134482693344934230D853
:105620000025D4E90170A6EB050A3F1ABA4515D248
:10563000B54209D223685246184409EB050102F02D
:1056400031FAA3685344A360B8F1000F1CD0A068DE
:10565000A8B12046BDE8F047F8F796BA23683A4665
:10566000184409EB050102F01DFA6368A3602046A7
:10567000F8F78AFA18B93D44D3E76FF00D00BDE89A
:10568000F0876FF00B00FAE74046F8E770B5044684
:1056900000F501701E46FFF7B5FF054636B1D4F898
:1056A0000002FFF71AFF0023C4F80032284670BD3D
:1056B0002DE9F0418768FB6804460D461646984779
:1056C000BB682BB1324629462046BDE8F041184759
:1056D0006FF05700BDE8F08102F00BBA02F0E2B9BA
:1056E00001460068F8F7D8BB08B5F8F731FCBDE80B
:1056F0000840F8F7D5BF0A460121FFF794BD002105
:105700000120F8F7C9BB6FF08500704761B662B63B
:1057100080F31188BFF36F8F704772B6002383F355
:105720001188BFF36F8FBFF34F8F30BF62B6BFF3E7
:105730006F8F704772B6002383F31188BFF36F8FAA
:10574000BFF34F8F20BF80F31188BFF36F8F62B616
:105750007047202809D9B0F1004F08D80138B0FAB5
:1057600080F0C0F11F0040007047082070473E20C5
:10577000704708B5F9F7C0F908B5D1E90431984781
:10578000002008BD08B5F9F7A3F9002008BD70474F
:10579000002303824369C3607047C1698968F9F7D0
:1057A00009BA8288521A0346828000680844186049
:1057B000704710B503681C880221FFF7F2FF60BA3A
:1057C00080B210BD03898B420AD9436803EBC10044
:1057D00053F831302BB94368002B08BF00207047C5
:1057E0000020704737B5054608460C46FFF7D0FF46
:1057F0002846082340F8044B2382E268618A6369E3
:105800000839D31A0024CB1A00940832022101F07F
:10581000B0FD03B030BD2DE9F04F85B005460E4612
:1058200090461F4601F0B2FB20B96FF04C0005B066
:10583000BDE8F08F00234FF014093B6009FB0869B5
:1058400034464FF0010A02A9284601F093FB60B1EB
:10585000DDE902324FF0000B0093C3450CD100216B
:10586000284601F013FC0028EDD1284601F0B7FBD3
:105870000028DAD00020DAE7A14598BF34466168F5
:105880008A4214D121680098019202F03AF9019AF3
:1058900068B9237C7BB9D4E902312846984768B1BE
:1058A00084F810A03B68013314343B60CBE7143418
:1058B0000BF1010BD1E76FF06F00B8E76FF022003A
:1058C000B5E720B101280CBF0220FF20704701205E
:1058D000704702780B789A420FD30CD842784B78F5
:1058E0009A420AD307D842884B889A4205D38CBF84
:1058F000012000207047012070474FF0FF307047B3
:1059000070B506460C4600F038F80546304600F003
:1059100085F90346013B85F00100032B0CD8DFE835
:1059200003F008060902022304B1237070BD0123AD
:10593000FAE728460023F7E74FF0FF30F6E773B5A4
:1059400046100546304600F018F8002304460DF1D5
:10595000070130468DF80730FFF7D2FFA84203D188
:105960009DF80730022B04D0631B5842584102B007
:1059700070BD0120FBE77047704700207047002092
:10598000704770B5054688B00E46002400236A466D
:1059900031462046FAF788F828B920222946684679
:1059A00002F0AFF830B1631C022B4FF00104EDD1CF
:1059B0004FF0FF34204608B070BD002301461A4660
:1059C0001846FAF771B8042804D8022808D809D173
:1059D000032070470638012894BF05200120704736
:1059E000052070470120704708B50020F7F704F93B
:1059F0000B6801330B600020704730B50C4601790D
:105A0000042985B000EB03050ED008290ED0022929
:105A10000FD1C15A0023CDE90213606823680092B8
:105A20006946984705B030BDC158F3E7C1586B6867
:105A3000F1E70420F6E7032804D8022834BF012048
:105A400005207047042814BF01200320704738B593
:105A500020220C460968054601F052FC20B1A168DD
:105A6000284601F032FC08B9072038BD0020FCE7C9
:105A700070B5BCB0044600F1100517AE002200233B
:105A80002846FDF79DFB014608B93CB070BD03AB4D
:105A90006846CDE900460293F9F7CCF9EEE7F9F74D
:105AA00007B970B505460E46FAF7C2FB044618B1B1
:105AB000B36A1BB129469847204670BDEA7A05F1C2
:105AC0001801183001F0EEFFF6E710B5044640B1BA
:105AD000CB6A0BB1183098472046BDE81040F9F763
:105AE000E7B810BD4FF48070704738B50446018A9E
:105AF000C068FAF737FF05462046FFF7D0FF284673
:105B000038BD10B50446006818B1FFF7C8FF002380
:105B1000236010BD10B586B003461446009103AA59
:105B2000052104A8F7F77EF8042104A8A04706B0D1
:105B300010BDF0B5036885B004460E46154633B96E
:105B4000FAF776FB2060002851D0FFF721FE012DE7
:105B50004DD9378841F204439F4241D040F60613A5
:105B60009F4244D12068FFF713FE2368D3F80CE06E
:105B7000188AB3F812C05969ACEB000CAEEB010106
:105B8000023D0095B31C03AAACEB01017044F7F78A
:105B9000C9F848BB2268039B118A0B44138240F664
:105BA00006139F4209D12068038A012B1CD90C30AF
:105BB000FFF7FFFD0228A08016D92368A1881A8A62
:105BC0008A4214D310D8D968002000F013F8034695
:105BD00050B921680A8A023A0A822068236007E0E5
:105BE00023681B8A002BC0D12046FFF78AFF0020C4
:105BF00005B0F0BD0A448A4200D1704711F8013B5C
:105C000040BA80B25840C0F303134340180380B237
:105C10004340580100F4FF505840ECE7FDF760B8EE
:105C2000203870470369C9B20C2202FB0133186C9B
:105C300000F00700704770B50346C9B20069EFF382
:105C40001186202484F31288BFF36F8F0C2505FB87
:105C50000104246C14F0C00401D0A24211D105FB50
:105C6000010001220264002086F31188BFF36F8FC8
:105C700030B95B680C2202FB01335B689847002057
:105C800070BD4FF0FF30EFE78022FFF7D4BFF8B5CB
:105C9000069F04690546C9B2EFF3118C202080F3FA
:105CA0001288BFF36F8F0C2606FB0146306C00F0A4
:105CB000070EBEF1010F10D1376400268CF3118856
:105CC000BFF36F8F3EB90C2041430C44C4E90E234F
:105CD0006B685B5898473046F8BD00F0C0008742BB
:105CE0000CBF6FF077064FF0FF36E7E713B580245F
:105CF0000094FFF7CCFF02B010BD10B40069CBB226
:105D00001C2404FB0300002110BC10471046FDF7C3
:105D10008DBA00F07FBBFCF7E7B9F7B51C46164615
:105D2000002382682360A36053690D4601AA694677
:105D30009847019B5A1E01921BB96FF0150003B0E2
:105D4000F0BD0098A26847682168676085B9B31AFA
:105D5000D0F800C0634528BF63461A4403FB07110F
:105D60002160A26002689A4206D808300090E0E7FD
:105D70006B1AB3FBF7F3EBE70020E0E713460022D2
:105D8000FFF7CBBF2DE9F047836886B05B69884693
:105D9000914601A902AA98470024A2462546029BE3
:105DA000AB4202D806B0BDE8F087019F07EBC507FC
:105DB00000267B6804933A68B2420AEB060302D8D5
:105DC00001359A46EBE703940593494603A8C0477B
:105DD0000028E7D0049B01361C44ECE74FF4000296
:105DE0000023C1E900230020704718B901F1100019
:105DF000FDF71CBA704731B94FF0FF324FF0FF3357
:105E00001030FDF747BA704710B50169BFF35B8FDB
:105E1000044601F1200353E8002F013A43E8002033
:105E20000028F8D1BFF35B8F4B6A1A4301D1FCF70E
:105E300037FE2069BDE81040FDF7F8B90369BFF3EC
:105E40005B8F203353E8001F013143E80012002A22
:105E5000F8D1BFF35B8F00694FF0FF324FF0FF3393
:105E6000FDF718BA1FB5002188420CBF0623042392
:105E700001A8CDE9011103918DF80430FAF7AAFDCC
:105E8000002818BF6FF0040005B05DF804FB7FB573
:105E9000FF238DF803300DF103030021019301234B
:105EA000CDE9023105238DF80C3003A801AB049134
:105EB0000593FAF78FFD0028A8BF9DF8030007B0EF
:105EC0005DF804FB10B50C4600F065FD0023C4E945
:105ED0000003184610BD38B505460C4600F05BFDC2
:105EE000002D07DBA84205D9401B84428CBF00204F
:105EF000012038BD0020FCE770B50D462846194644
:105F000016461C46FFF7E7FF30B921462846FBF747
:105F1000A1F86FF0150070BD24B122462946304625
:105F200001F0C0FD0020F6E743685B68D3F8103548
:105F30000B600020704743685B6802EA010021EAB9
:105F40000201C3F80805C3F80C1500207047436828
:105F50005B680020C3F80815704743685B68002041
:105F6000C3F80C15704743685B68D3F8042521EA31
:105F700002001140C3F80805C3F80C150020704753
:105F800030B50369586800B30024884219D1086805
:105F90008CB99C685860A14200D1986000200860CC
:105FA0002AB15A680A609A68596002B9996000205B
:105FB0000FE02846E9E720609868814208BF9C60AE
:105FC000ECE705680446002DF3D1002AE9D16FF013
:105FD000150030BDFCF798B930B543681360057AF9
:105FE000446804EBC504A34202D36FF0010030BD46
:105FF0005C798C4203F10803F0D10020F7E7436895
:106000001B68D3F88004C3F88004704742681368A3
:10601000D3F8100150B1D269002012780A70C3F889
:106020001001D3F8102101221A6070474FF0FF30A1
:106030007047002A0FDD42681368D3F8100158B189
:106040000020C3F81001D269D3F8100112780A7049
:106050000120186070470020704710B543681C6825
:106060000369EFF31180202282F31288BFF36F8F50
:106070001A68D17B39B991731B680122DA734FF426
:106080008003C4F8043380F31188BFF36F8F10BD11
:1060900003691A68D17B21B1012191731B68002229
:1060A000DA737047026911680346C87B40B15B68C8
:1060B0001B68D3F8580118B100230B611368988945
:1060C000704743681B68D3F81001003818BF0120DF
:1060D000704743681B68D3F80423D2065CBF1022C4
:1060E000C3F80423704743681B68D3F80423D2061F
:1060F00044BF1022C3F80823704743681B684FF45D
:106100000072C3F80423704743681B684FF40072A1
:10611000C3F80823704738B543681D68D5F80433C1
:106120005B02044605D4D5F8040310F0100006D134
:1061300038BDFFF7B7FF0028F5D00120F8E720466B
:10614000BDE83840FFF7BDBF0120704703691868FC
:1061500001601B685A60704702680346D2F8580114
:1061600040B95B68DB0706D4D2F82001003818BFBD
:10617000012070470120704710B4436802691B6812
:10618000D3F80413C90517D5D3F82011A1B1EFF343
:106190001181202484F31288BFF36F8FD3F820413C
:1061A00034B10024C3F82041D3F820410124DC603D
:1061B00081F31188BFF36F8F1168D3F8584171B123
:1061C0007CB100240C611168C97B19B94FF48001BE
:1061D000C3F8081311688C7B1CB100238B7310BCAF
:1061E0007047D3F8241121B10021C3F82411D3F84A
:1061F000243112681368002BF1D0516810BC184785
:1062000013B501AA0446FFF7E7FE002805DB019B52
:10621000226819791868FBF7C7F902B010BD2DE99B
:10622000F041066933689C89BFF35B8F9442054651
:10623000A8BF14461033012753E8002F002A03D1CA
:1062400043E800700028F7D1BFF35B8F0CBF3B46DB
:1062500000232BD133682246986801F023FCEFF32A
:106260001188202383F31288BFF36F8F6968084673
:10627000FFF772FF326840B91061044688F3118855
:10628000BFF36F8F2046BDE8F0810B689268C3F8BA
:1062900044250022C3F84845C3F82021D3F8201133
:1062A000C3F85821D3F858219F60E7E71C46E9E777
:1062B00000F150039B009BB203F1804303F5883348
:1062C00000221A601B68704708B5FBF795FB08BDF4
:1062D0004FF08053D3F83021082A03BFD3F834019C
:1062E000B0FA80F0400900207047034600201847AC
:1062F00001F049B810B502461168B1B1BFF35B8F28
:10630000B1FA81F3C3F11F000123834021EA0303A3
:1063100052E8004F8C4204D142E8003CBCF1000F2F
:10632000F6D1BFF35B8FE7D110BD6FF00B00FBE739
:1063300010B50368CB40DB0714D401238B400268FF
:10634000BFF35B8F43EA020150E8004F944204D14F
:1063500040E8001CBCF1000FF6D1BFF35B8FEED11B
:10636000002010BD6FF01500FBE770B50C46002152
:10637000054608461646FBF7DDFD48B93378DB00D5
:1063800003F1804303F5F833C3F81055C3F81445FF
:1063900070BD10B1012802D07047FBF7A5BEFBF716
:1063A00055BE18B1012803D100F019B800F032B879
:1063B000704708B5FBF766FEBDE80840FBF7D4BEA2
:1063C0004FF08053D3F83021082A06D1D3F8340196
:1063D00002288CBF00200120704700207047FBF787
:1063E000FBBD38B54FF080440223C4F808330123C5
:1063F000E3600023C4F80431D4F8043142F210758C
:10640000D4F81834DB0304D50120FFF771FF013DF8
:10641000F6D138BDFFF7E5BFF7B5019001A8DDE97A
:10642000084716461D46FBF7D7FE019BB6F1000C48
:1064300018BF4FF0010C00EB83000B1E18BF0123A7
:10644000002D43EA4C030CBF4FF0000C4FF00C0C36
:10645000002C43EA0C030CBF4FF0000C4FF4E06C2F
:10646000002F43EA0C03D0F800270CBF4FF0000CBC
:106470004FF4403C43EA0C0322EA030301B10978DC
:106480000EB13678760019430DB12D78AD00314349
:106490000CB12478240229430FB13F783F040C4308
:1064A0003C43C0F8004703B0F0BD1FB50DF10F032A
:1064B000019300238DF80F1000931A461946FFF739
:1064C000ABFF05B05DF804FB10B504460846FBF7CA
:1064D00093FE04EB4004207DC0F3401010BD10B5C6
:1064E00004460846FBF788FE04EB4004207DC0F319
:1064F000400010BD10B504460846FBF77DFE04EBD6
:106500004004A08A400B10BD70B5044608461646EC
:10651000FBF772FE08300D4634F81030DA0509D565
:10652000C3F3432304EBC302314654F833305268BB
:1065300028469847A3682BB1E26831462846BDE853
:106540007040184770BD10B504460846FBF754FE6E
:1065500004EB4000838ADA051DD5C3F3432123F4FD
:10656000F853838204F1120204F1720032F8023F00
:1065700013F4807F03D0C3F3432399420BD08242AC
:10658000F4D104EBC10300225A6004F17800BDE8A5
:106590001040FFF7CDBE10BDF0B5034600F5807486
:1065A000002005460127844695420AD1D3F87C2174
:1065B00032B10022C3F87C21D3F87C3140F0004096
:1065C000F0BD25F0404607FA06F6314209D0D4F86E
:1065D00000E0BEF1000F04D0C4F800C0D4F800E021
:1065E000304301350434DFE738B504460D46FFF784
:1065F0006BFFA8B12046FFF772FF88B92046FFF76E
:1066000079FF226801238340C2F80833236803EB33
:106610008000D0F8103523F00303C0F8103538BDE2
:1066200028460021BDE83840FFF73FBF2DE9F04381
:10663000174685B004460846FBF7DEFDD7F8008014
:106640000E460546B8F1000F1ED02046FFF747FF63
:1066500018B12046FFF738FF20BB0023CDE90033F7
:106660008DF80E308DF80F300DF10F0243460DF10D
:106670000E013046FFF7D0FE04EB4502938A23F06B
:10668000020343F0010393827B689BB331462046AB
:1066900093F80080D3F80490FFF721FF28B1B9F1F7
:1066A000000F1FD06FF0150027E004EB4500838A30
:1066B00023F4604323F020038382B9F1000F11D04B
:1066C000B8F1030FEED87B6821685B6893F800C0CF
:1066D0004FEA8C031944B8F1000F11D1C1F81085AD
:1066E000C1F8108504EB4502938A23F01C0343EAAA
:1066F00088039382BB6843BB002005B0BDE8F083EC
:10670000D1F8102522F00302C1F8102522681344A5
:10671000D3F8102522F44F3222F44072C3F810252A
:106720003202D3F8101502F47C5242EA08420A43BE
:10673000C3F8102504EB4C03A3F87C60838A43EA7A
:106740004C3343F020038382CCE7D3E90078314611
:106750002046FFF7F8FE002FCED063689F4206D098
:1067600004F17800FFF7C6FD002804DAC5E7A36846
:106770009845F5D1002004EBC003C3E9017804EB90
:106780004505C0B2AB8A43EA402343F48073AB8231
:10679000B2E72DE9F043054685B0084616461F4688
:1067A000FBF72AFD0C46804626B32846FFF797FEE6
:1067B00018B92846FFF788FE18BB05EB4809B9F859
:1067C000143003F01C0313B17378012B19D001238B
:1067D0008DF80F300023CDE90063721CB31C0DF15E
:1067E0000F012046FFF718FEB9F8143043F00303F9
:1067F000A9F81430002F3FD021462846FFF76FFE3E
:1068000020B96FF0150005B0BDE8F0833E782B6825
:1068100003EB86030022C3F81025C3F8102505EB0F
:1068200048024FEA860C938A23F4604323F0200346
:106830009382787800B32968BF7861440004D1F866
:10684000103523F4991323F4F853C1F810352302BB
:1068500000F4403003F47C5303433805D1F810555D
:1068600000F4801003432B43C1F81035938A43EAA8
:10687000463343F0200393820020C4E7C0E90312AB
:10688000704770B504461546FFF71EFE48B108462E
:10689000FBF7B2FC04EB40040020A38A5B0B2B70D7
:1068A00070BD6FF01500FBE738B590F88C400546D9
:1068B0009CB960222146143001F01BF92868C0F809
:1068C0007C41D0F87C3140F30730F7F727FE0123F5
:1068D00085F88C30AB67204638BD6FF07700FBE75A
:1068E00090F88C00003818BF01207047FBF7BEBC41
:1068F0002DE9F34104461746FFF7E6FD0D462668ED
:10690000F0B12046FFF7EBFD8046C8B92046FFF7FF
:10691000F1FD820002F5807346F80380F358236886
:106920001344D3F8102542F00102C3F8102527B113
:10693000226801238340C2F8043302B0BDE8F0812D
:10694000D6F80433002BA4BF4FF00043C6F804333D
:106950002846FBF751FC04EB4004A38AC3F38203EF
:10696000042B12D0052B12D001A80195FBF734FCA3
:10697000019BD0F81015D94001F0010102312846E1
:1069800002B0BDE8F041FFF790BD0321F7E7022117
:10699000F5E7FFF729BE4FF080531A695869504355
:1069A00070474FF08053186970474FF08053586913
:1069B00070470223FBF706BE0323FBF703BE00214B
:1069C0000220FCF787B88068183820F007001038DC
:1069D0007047042809D0052803D1481E18BF01209C
:1069E0007047431A5842584170470120704738B5E4
:1069F00015460C4661B15AB1FEF7B3FD2544214658
:106A000011F8013B834203D1A942F9D1012038BDDD
:106A10000020FCE738B50C46012311462246054606
:106A2000FEF75CFD00280FDB012221462846FFF718
:106A3000DEFF18B103232370002038BD2378012B1B
:106A400014BF02230123F6E70120F6E72DE9F347FF
:106A50001D4606460F469046FEF77AFD6C1E04441E
:106A600040420440082C01D9FEF783FE3046FEF771
:106A700078FD2A4682464146684601F013F8621BBB
:106A800051460DEB050001F034F823466A463946BD
:106A90003046FEF738FD003818BF012002B0BDE8CF
:106AA000F08707B501238DF8042001AAFFF7CEFF78
:106AB00003B05DF804FB81681839012221F0070159
:106AC000FFF7EFBF8268183A22F00702FFF7A2BF74
:106AD00013B50C46C0B201A9F7F716F850B9214614
:106AE0000198FCF7A7F804460198FEF7F6FC20464B
:106AF00002B010BD0124FAE70E2A13B5044601D9ED
:106B0000FEF737FE0E29FBD841EA02118DF8071077
:106B1000FFF759FF012301460DF107022046FFF759
:106B200095FF02B010BD73B50E4669460446154682
:106B3000FCF780F820BB9DF80030022B22D0032BFD
:106B40000BD0012B20D136B19DF80330032B02D19D
:106B50002046FFF7B0FF02B070BD002EFBD12046EB
:106B6000FCF746F860B935B9A91C0022C9B2204625
:106B7000FFF7C2FFEFE72046FFF79DFF0028F3D0A5
:106B80000120E8E7F01CE6E7FEF7F3FD30B5026A06
:106B90000346D2E9014084424FF0000002D30123B2
:106BA000D36030BD1874506801305060186A426874
:106BB000541E0268242505FB042218465C1950F86F
:106BC000045B42F8045BA042F9D199600120E8E738
:106BD000F0B5064604460F4694460FCE8BB001AD85
:106BE0000FC50FCE0FC5216A33684A682B6022B9E2
:106BF0000223CB6000200BB0F0BDFB072068A56826
:106C000013D50B682426013A06FB02337E0703D412
:106C10001A7C0AB10F23ECE7224603F1240153F852
:106C2000046B42F8046B8B42F9D1B90741BF226A69
:106C3000536803F1FF335360AC4505D2236A002B40
:106C4000D8D00422DA60D5E77A0748BF20603B0736
:106C500001D40120CFE706AB93E80700143484E8A1
:106C60000700F6E710B502601A44029B8360012911
:106C70004FF00003C26003740375836101D803629F
:106C800010BD24224A43243A841804628350026AC5
:106C90008C1E9460026A5360026AD360026A1374A5
:106CA000026A022953741EBF036A24301860E7E7A2
:106CB000182871F100030ED3B0F5807F71F1000345
:106CC0000BD3B0F5803F71F1000308D3002914BF46
:106CD00009200520704701207047022070470320DB
:106CE000704737B508294FF000044FF00005CDE993
:106CF00000450A460AD80146684600F0D3FEDDE9A1
:106D0000000103B0BDE83040FFF7D2BF002003B060
:106D100030BD03460020884200D170471A5C002A2B
:106D2000FBD00130F7E700B1C160704743680360F2
:106D3000836801338360006AFFF7F5BF08B5026816
:106D4000C3689A4205D3006A0821FFF7ECFF0020D0
:106D500008BD0120FCE738B504460D46FFF7EEFFFD
:106D600040B123681B78B5EB531F04D0206A0A2179
:106D7000FFF7D9FF002038BD10B50446FFF7DEFF4E
:106D800038B123681A78FF2A05D0206A0A21FFF754
:106D9000CAFF002010BD01332360FBE710B5027D60
:106DA000044632B1FFF7E8FF48B1002323754FF0E6
:106DB000FF3220460721BDE81040FFF709BF10BD94
:106DC0002DE9F84F04460E4691461D46FFF7B6FFE3
:106DD000804628B1A36843B90321206AFFF7A3FFC7
:106DE0004FF000084046BDE8F88F2268177807F09A
:106DF0001F0BBBF11F0F12D1FDB1206A18B1037C2C
:106E00000BB11521EAE701232B700025236863608D
:106E100001352B442360A368013BA360E2E7BBF18B
:106E2000170F0CD9ABF11803D9B2032905D80125E6
:106E30009D40A94504D20521CFE70721CDE70025D4
:106E4000E36805F1010A5244934201D20821C4E7E4
:106E50004A460021304600F04CFE15B986F800B0D5
:106E6000D3E72268711E531913F8010901F8010FC5
:106E70009342F9D1236A002BC8D01B7C002BC5D0CC
:106E80000737FFB2022FC1D949463046FFF729FF25
:106E90008245BBD01521A0E738B50C461146054602
:106EA000FFF759FF08B9002038BD04220023A118BC
:106EB0002846FFF785FF0028F5D02B682360F3E70D
:106EC00037B5002304468DF80330FFF744FFA8B11F
:106ED00004220DF103030DEB02012046FFF770FFC2
:106EE00060B19DF8035065B901992046FFF74EFE49
:106EF00050B963682360A3680133A360002003B026
:106F000030BD6FF00F01F0E72575F8E738B504469E
:106F10000D46FFF7C1FF48B12268E3689B1A6A6813
:106F20009A4204D908212046FFF700FF002038BD0F
:106F300070B50D46002104461646FFF70CFF38B128
:106F40003246294620460023BDE87040FFF738BF8F
:106F500070BD0422FFF7ECBFFFF7FBBF38B502227C
:106F600004460D46FFF7D2FF18B123686A68134440
:106F7000236038BD38B5032204460D46FFF7C6FF2F
:106F800018B123686A681344236038BD10B5052121
:106F90000446FFF795FF50B1237D4BB9A3686FF00E
:106FA0000042934205D305212046FFF7BFFE002093
:106FB00010BD5B00A360FBE7037D23B98068B0FAD6
:106FC00080F0400970470368C268934205D2187880
:106FD000A0F1FF0358425841704700207047FFF767
:106FE000DDBE70B50D4607210446FFF7B4FE48B17B
:106FF00023681E7806F01F06182E05D9206A0A217C
:10700000FFF791FE002070BD002301222946204693
:10701000FFF7D6FE0028F5D0182EF4D12B781F2BC1
:10702000F1D815212046FFF781FEEBE737B50C4676
:107030000DF107010546FFF7D4FF58B19DF8073061
:10704000143BDBB2012B8DF8073006D90A21284604
:10705000FFF76CFE002003B030BD03F00103237086
:10706000F9E738B50D4606210446FFF774FE08B966
:10707000002038BD0023042229462046FFF7A0FE49
:107080000028F5D0A3680133A360F2E7F0B58FB014
:107090000446FFF753FE00285DD023681D780022C8
:1070A0000023CDE902236D09234605AA04F1200738
:1070B00018685968164603C60833BB423246F7D1F2
:1070C00018683060062D1CD02A1F0023012A4FF0BB
:1070D00008028DF804300DEB020198BF01AB05A842
:1070E000FFF76EFE0646002835D0042D3BD019D898
:1070F000023D012D21D9059B2360A368013BA360BC
:107100002AE001A905A8FFF7ACFF20B3059B089A68
:10711000934204D30821206AFFF705FE1BE01D7887
:107120006D09CFE7052DE6D1DDE90232B3F1004F5D
:1071300072F1000113D32946EDE7E3682168029A52
:107140005B1A9A4203D8059B13440593D3E70821A1
:107150002046FFF7EBFD002630460FB0F0BDDB18F0
:107160005241CDE902329DF8045025B16FF00F0273
:107170000023CDE90223029B07938DF8285005A830
:10718000FFF71AFF014638B1002DB4D005A8FFF76C
:10719000F3FD0028AFD1DEE705A8FFF777FF002851
:1071A000EDD1D8E7FFF75EBD00B1C160704710B503
:1071B0000368C468A34205D3006A0821FFF7F4FFFF
:1071C000002010BD02F01F0242EA4111197003684D
:1071D000013303600120F4E770B505460E46104602
:1071E00019461446FFF77DFD2246431E31462846C8
:1071F000BDE87040FBF7C2BDF8B51746C36802682A
:107200009A4204460D4606D3206A0821FFF7CCFFB8
:1072100000263046F8BD9B1A4A689A42F4D80E46BA
:1072200056F8043B53B104213046FFF75AFD6A6813
:1072300023681344E26803449A42E5D332460423A8
:1072400039462046FFF7C8FF06460028E0D02068F0
:107250002968884202D06A6800F032FC23686A68B4
:1072600013442360D5E7082A73B513460C4606D9A4
:10727000006A0521FFF798FF002002B070BD8E184C
:1072800016F9012C002A0FDA0A466C466946B2420A
:1072900004D101212246FFF79FFFEEE712F8015BC0
:1072A000ED4301F8015BF2E70021F3E713460A46DC
:1072B0000021FFF791BF07B5042201910DEB0201F8
:1072C000FFF7D1FF03B05DF804FB07B5042201917D
:1072D0000DEB0201FFF7EAFF03B05DF804FBFFF7D7
:1072E000F4BF0222FFF788BF0322FFF785BF07B56F
:1072F000CDE900126946FFF7F7FF03B05DF804FB24
:1073000038B50C46054611462046FFF702FD2146DA
:1073100002462846BDE83840FFF7E9BF1F22042196
:10732000FFF745BF1F220521FFF741BF1F2207219D
:10733000FFF73DBFFFF7FABF10B50A4609781839C5
:10734000072905D9BDE8104001230721FFF744BFF5
:10735000006A1521FFF728FF002010BD07B5143182
:107360008DF807100DF10701FFF7E6FF03B05DF898
:1073700004FB1FB50024CDE90144069C0094FFF7EF
:1073800071FC04B010BD08B1F7F7D6BC704710B55A
:10739000436904463BB90020E268537843F0010397
:1073A0005370404210BD98470028F4D00028B8BF61
:1073B0004042E368FF28A8BFFF201870ECE740B107
:1073C000C368587810F001001EBF1878B0FA80F03A
:1073D00040097047EFF31183202383F31288BFF332
:1073E0006F8FFEE710B400F10C04C0E9034410BC39
:1073F000FDF7A0BA38B50446EFF31185202383F3D7
:107400001288BFF36F8FF4F7BBFF04F10C0000F09C
:1074100033FA30B1294604F11400BDE8384000F0D9
:1074200010BA85F31188BFF36F8F38BD10B542696C
:107430006AB1836842EA0301890708D10169A2FBA6
:10744000011424B95B182CBF0121002102D36FF075
:10745000150005E0C1609B1A02698A4201D800202C
:1074600010BDC2681A604269C36001319B1AF3E71C
:107470002DE9F04105460F46EFF31188202383F3F1
:107480001288BFF36F8FC668FEB90468A0421CD093
:10749000DCB1D4E9003213605A60237CA66023F08B
:1074A00002032374C4E9006604F1180000F066FAD0
:1074B0002046C4F88C60676100F069F9414605F127
:1074C0000800BDE8F04100F0BCB93E60AB69EF6078
:1074D000013BAB6188F31188BFF36F8FBDE8F0818A
:1074E00008B52024EFF3118384F31288BFF36F8F64
:1074F000FEF713F9F6E7D0E9003213605A60027C18
:10750000002322F00202C0E9003302748360704756
:107510002DE9F843904604469DF820200D46EFF3F0
:107520001187202181F31288BFF36F8F02B1456864
:10753000A66804F10809B14516D0AEB13046FFF790
:10754000DAFF002406F1180000F018FA3046C6F8F9
:107550008C40C6F8148000F01AF94846394600F00D
:1075600070F92046BDE8F883A3B10820FCF75EFE61
:10757000002832D00122C0F804800260016801F0C6
:1075800003015DB922680A430260626820606AB93B
:1075900060600BE0C8F800304046EFE72A68032A35
:1075A00010D80160616839B9C4E90000002087F390
:1075B0001188BFF36F8FD5E70A6802F00302024318
:1075C0000A60E5E722F003020A4302602A6802F03B
:1075D000030240EA02032B60E8E76FF00B00E6E7E6
:1075E0000023C0E9003300F10803C0E9023370470B
:1075F00007B50123009300230A461946FFF788FFC9
:1076000003B05DF804FB07B500230A460093194652
:10761000FFF77EFF03B05DF804FB3AB18A4205D361
:10762000C0E90212C0E90000002070476FF01500A9
:107630007047026801238B4022EA0303036022FAA9
:1076400001F000F00100704720B1002211469C308B
:1076500000F05AB9704773B50446EFF31185202343
:1076600083F31288BFF36F8F00230193D0E90423C3
:10767000B3F1004F08BF012A05D085F31188BFF38D
:107680006F8F02B070BDA0F1100603210438FFF720
:10769000D0FF0028F1D0A369019301A93046FBF780
:1076A000CFFEEAE738B504460D461022002100F06F
:1076B00020FA656038BD13B501900846EFF31184D8
:1076C000202383F31288BFF36F8F01A9FBF7B8FE65
:1076D00084F31188BFF36F8F02B010BD10B5FFF7B0
:1076E000EAFF041E08DDEFF31180202383F31288E4
:1076F000BFF36F8FFCF708F9204610BD08B5B02224
:10770000002100F0F6F908BDEFF30580003818BF3E
:10771000012070476FF05700704700207047D0E994
:10772000003213605A600023C0E90033704708B587
:10773000FFF7F5FF037C23F002030374002383604B
:1077400008BD38B504460D46FCF73AF8237C43F0F3
:1077500002032374D5B1A5602B689D4209D16B68E3
:10776000C4E900531C606C6010E06A689A42F6D06D
:107770001B68002BF3D093F90E1094F90E20914260
:10778000F3DD5A68C4E9003214605C6038BD10B59E
:10779000EFF31184202383F31288BFF36F8FFBF77D
:1077A000CFFF84F31188BFF36F8F10BD08B5EFF3DF
:1077B0001181202282F31288BFF36F8F83680BB18F
:1077C000FFF7B5FF81F31188BFF36F8F08BD08B5D0
:1077D000037C13F0280F01460CD183680BB1FFF72F
:1077E000A6FF0B7C23F004030B740846BDE8084099
:1077F000FBF7A6BF08BD10B5EFF31184202383F378
:107800001288BFF36F8F1838FFF7E1FF84F31188F8
:10781000BFF36F8F10BD08B50346EFF3118120222F
:1078200082F31288BFF36F8F0068834207D008B1DC
:10783000FFF77DFF81F31188BFF36F8F08BD002034
:10784000F8E70846FBF7F4BF38B504680546AC42D4
:107850004FF0000000D138BD002CFCD02046FFF7CF
:1078600066FF04F1180000F089F82046FBF768FF76
:107870002C680120A542EDE710B5EFF31184202319
:1078800083F31288BFF36F8FFFF7DEFF84F3118855
:10789000BFF36F8F10BD38B50C460546FCF7D0F826
:1078A000B4F1FF3F08BFB5F1FF3F1FBF47F6FF73BD
:1078B00000224FF47A71E0FB01321ABFD80B40EA84
:1078C00042404FF0FF3038BD38B50446EFF3118524
:1078D000202383F31288BFF36F8F037C5B070ED5E1
:1078E000183000F04BF8237C23F004032046237467
:1078F000FBF726FF2846BDE83840FBF799BF85F324
:107900001188BFF36F8F38BD38B5EFF31185202391
:1079100083F31288BFF36F8F0468A04213D0A4B121
:10792000C4F88C1062612046FFF701FF04F11800D3
:1079300000F024F82046FBF703FF012085F31188AF
:10794000BFF36F8F38BD0020F8E72046F6E708B593
:107950000246FCF723FA70B1D0E904319B1A61EBBF
:10796000E272B3F1004F72F1000104DA002AACBFF9
:107970001846002008BD6FF00040FBE738B502460E
:10798000EFF31185202383F31288BFF36F8F036811
:10799000D3B1FCF703FA04461046FCF711FA0022B3
:1079A0004FF000438442C0E9042305D0002085F352
:1079B0001188BFF36F8F38BDFCF7F8F9FFF7C7FFE9
:1079C0000021FAF783F9F1E7D0E90413B3F1004F8E
:1079D00008BF012904D100204FF00041C2E9040191
:1079E0006FF01500E3E708B5FCF7F2FA08BDFCF705
:1079F000EFBAB3F1FF3F08BFB2F1FF3F70B50646E3
:107A00001D46144614D01A4316D0002B08DBFCF791
:107A1000DFFA041941EB0501C6E90041304670BDAB
:107A20006FF001031C1B4FF0FF3363EB0501F3E71D
:107A30004FF0FF342146EFE70024FBE7B3F1FF3FAF
:107A400008BFB2F1FF3FF8B5074616461C4610D0F6
:107A500054EA020311D0FCF7BBFAB0420A46A14136
:107A600003460AD2F31A64EB0204C7E9003438462D
:107A7000F8BD4FF0FF331C46F7E70023FBE7002378
:107A8000C0E9081200F11802C0E90622C0E900337B
:107A900003634363704720B1011F50F8040CFFF7E4
:107AA000A9BC70470A44914200F1FF3300D17047EE
:107AB00010B511F8014B03F8014F9142F9D110BDF7
:107AC000884210B501EB020402D98442234607D84C
:107AD000431EA14207D011F8012B03F8012FF8E74C
:107AE0000244824200D110BD13F8011D02F8011DAD
:107AF000F7E702440346934200D1704703F8011BA5
:107B0000F9E710B501390244904201D1002005E0A7
:107B1000037811F8014FA34201D0181B10BD0130AA
:107B2000F2E7F0B5C3F137070446FFB203F01F03D5
:107B30001046082BE6B233D0102B3ED06508A408BF
:107B400044EA817445EAC1752D194FEA910242EB6E
:107B50005102290941EA02716D1842EB1212290AF9
:107B600041EA02616D1842EB1222290C41EA0241FE
:107B70006D1842EB1242AD1842F10002EC0844EAE3
:107B80004274D10804EB8402A6EB4205EDB2092D44
:107B90000CD90134A5F10A0541F10001EDB212E062
:107BA000E40844EA417406F00705C908303554EA90
:107BB000010200F8015BBCD1F0BD240944EA017464
:107BC00006F00F050909092D84BFED19EDB2EDE7A7
:107BD000D1E9043293421EBF5A1C0A6118707047E3
:107BE00081ED00000000000001ED00000000000039
:107BF00000000000707C010019310100000000004D
:107C00003D3101000000000000000000A87C0100E0
:107C1000000000008C7C010000000000C47C01001A
:107C2000D1070100000000006D1B010000000000F2
:107C3000A1D000000000000015EB000000000000D3
:107C4000494201000000000000000000E07C01004B
:107C500000000000FC7C0100A1ED0000000000001D
:107C6000010201000000000081020100000000008C
:107C7000888F010000820100EC7E01008401002059
:107C8000900D002039050100000000004E92010017
:107C900094820100C87E01008A010020040E0020A9
:107CA00051140100000000005C920100A882010054
:107CB000C87E01008C010020100E0020511401002C
:107CC0000000000089920100BC820100087F0100D1
:107CD0008E0100204C010020091801000000000066
:107CE000BA91010020820100B07E010086010020CF
:107CF00024010020490A0100000000002A9201002E
:107D000000000000987E01008801002000000000B3
:107D10007910010000000000B3630100EB62010074
:107D200000000000FF560100C47C010079610100E1
:107D300000000000FF56010000000000FF56010097
:107D400000000000FF56010054000020D55F010034
:107D500000000000FF56010000000000FF56010077
:107D600000000000FF56010000000000FF56010067
:107D700000000000FF56010000000000FF56010057
:107D800000000000FF56010000000000FF56010047
:107D900000000000FF56010000000000FF56010037
:107DA00000000000FD1B010000000000FF56010064
:107DB00000000000FF56010000000000FF56010017
:107DC00000000000FF56010000000000FF56010007
:107DD00000000000FF56010000000000FF560100F7
:107DE00000000000FF56010000000000FF560100E7
:107DF00000000000FF56010000000000FF560100D7
:107E000000000000FF56010000000000FF560100C6
:107E100000000000FF56010000000000FF560100B6
:107E200000000000FF56010000000000FF560100A6
:107E300000000000FF56010000000000FF56010096
:107E400000000000FF56010000000000FF56010086
:107E500000000000FF56010000000000FF56010076
:107E60005D2B0100EB62010000000000FF560100E5
:107E700000000000FF56010000000000FF56010056
:107E800000000000FF56010000000000FF56010046
:107E900000000000FF560100F95E0100D111010051
:107EA000251101004D100100C55E01003D100100CB
:107EB000E50C01000D0E0100110F0100CD090100BC
:107EC000DD5D0100BD09010081120100295F010093
:107ED000375F01004F5F01005B5F0100675F0100DA
:107EE0008D140100815F0100000000009105010078
:107EF000895C0100ED5C010000000000255C0100D0
:107F000000000000000000000D600100511701009A
:107F1000FF5F01001F620100336001005B60010030
:107F200091600100A5600100D3600100E7600100DD
:107F3000A5600100C3600100FB6001000961010050
:107F400017610100496101004D6101006487010072
:107F500003000000DA84010003000000A38F010089
:107F600003000000A38701000300000099870100BF
:107F70000300000044920100030000002785010077
:107F8000030000002B850100030000002B86010088
:107F9000030000007C8F010003000000A792010095
:107FA000020000009A8E010003000000DD8E010037
:107FB00003000000328F010003000000178F010052
:107FC00003000000958B010003000000FD8B010001
:107FD00003000000058C01000300000089930100EC
:107FE000030000002F84010003000000C79101007E
:107FF00003000000B283010004000000148C0100A3
:10800000030000001485010003000000F88F010048
:10801000030000009792010003000000CC800100E3
:10802000380000201A860100010000006DFA0000EF
:108030007DFE00002D000100FFFFFFFFFFFFFFFF9F
:10804000FF000000FF000000FF000000FF00000034
:10805000FF000000FF000000000000000000000022
:108060000338FDD870470000C00200200001000066
:108070003D510100DF50010002000000ED520100FF
:1080800000000000000000000000000000000000F0
:10809000FA850100028601000000000000000000D7
:1080A000000000000A8601000E8601001286010011
:1080B00016860100BC800100880A00206DDA0000ED
:1080C000A00A0020BA0E002001000000AD530100FC
:1080D000A35301007153010065530100000000002B
:1080E00059530100000000000400000000000000DF
:1080F0000000000000C00000FC7C01000100000046
:1081000000C0000000600700FC7C010002000000CD
:108110000020080000600700FC7C01000300000054
:1081200000800F0000800000FC7C010000000020A7
:108130000000000000000B0602000000408101006A
:1081400000000000E58B0100260002020000002074
:10815000ED8B010022000B1191EB000000000000EC
:108160008F57010021F700000DF90000000000000A
:1081700075FC00000000000000000000000000008E
:1081800000000000000000000000000000000000EF
:10819000F9FB0000A1FE0000A1FE000000000000AD
:1081A0000000000005FF00000000000000000000CB
:1081B00000000000000000000000000000000000BF
:1081C00089FE000099000100000000003900010054
:1081D0000000000058810100E481010080010000DE
:1081E0000000000040360020278F01000000000042
:1081F00000000000F5040100C504010000000000BB
:1082000041060100C1050100978F0100175D0100C3
:10821000135D01009D8F01000400000000FF0000BD
:10822000000000000000000000000000000000004E
:108230000000000000000000000000000403000037
:1082400000000003F40100000001010000008000B4
:10825000C228170058820100009002406482010089
:10826000010000006C820100060000001318001DD0
:108270001418001F151800201618002117180022C6
:108280001118001E0008000000100000040000008B
:1082900000FF0000FFFF000000030050540000201A
:1082A0000000000001000000BCF801FF00000050C9
:1082B00054000020000000000000000000200040EA
:1082C0000100000000000000DC8201000000D60177
:1082D00000000000BF0E0020BE0E00200020004065
:1082E000E882010001000000F082010004000000AB
:1082F0000600000005000002080600010706000352
:10830000080000000300000001000000020000005F
:108310003A930100489301005C9301006B930100C4
:1083200077930100E07B0100E87B0100287C0100DD
:10833000307C0100587C0100707C0100B493010086
:10834000000100000000000077C295F360D2EF7FCB
:108350003552500F2CB67980736D705F7376725FF3
:108360007374617473004572726F7220696E697400
:1083700069616C697A696E672073746174732073C4
:10838000797374656D205B25645D006275696C644A
:108390002074696D653A204175672020362032309F
:1083A00032362031383A32303A3334007469636BF4
:1083B0007300736D705F73616D706C6500686561EB
:1083C0007020636F7272757074696F6E20286E6FA3
:1083D0007420696E207573653F29206174202570B3
:1083E000006865617020636F7272757074696F6E7A
:1083F0002028627566666572206F766572666C6F9E
:10840000773F2920617420257000686561702063C2
:108410006F7272757074696F6E2028646F75626C0C
:108420006520667265653F29206174202570006FA4
:10843000735F686561700028756E7369676E656447
:10844000292063686172202A207573656420666F35
:10845000722025257020617267756D656E742E20FF
:1084600049742773207265636F6D6D656E64656412
:1084700020746F206361737420697420746F207698
:108480006F6964202A206265636175736520697471
:10849000206D6179206361757365206D6973626514
:1084A000686176696F7220696E20636572746169B4
:1084B0006E20636F6E66696775726174696F6E7343
:1084C0002E20537472696E673A22257322206172DE
:1084D00067756D656E743A25640063627072696ECB
:1084E00074665F7061636B616765004661696C65A6
:1084F0006420746F207265626F6F743A20737069C4
:108500006E6E696E6720656E646C6573736C792E30
:108510002E2E0A007379735F6765746F7074006C38
:108520006F6767696E67006C6F67006C6F675F6D80
:10853000676D74004D65737361676520282225732C
:1085400022292064726F70706564206265636175B2
:108550007365206974206578636565647320736949
:108560007A65206C696D69746174696F6E20282565
:108570007529004D6573736167652064726F707053
:108580006564206265636175736520697420657830
:1085900063656564732073697A65206C696D6974BD
:1085A0006174696F6E2028257529000D0A001B5B18
:1085B000306D00257320005B2530386C755D200020
:1085C0005B253032753A253032753A253032752EBA
:1085D000253033752C253033755D20003C25733EE6
:1085E000200025732F0025733A2000253032782093
:1085F00000202020007C002563001B5B313B3331D1
:108600006D001B5B313B33336D0065727200777216
:108610006E00696E6600646267006C6F675F62611E
:10862000636B656E645F75617274006C6F675F7514
:1086300061727400666C6173685F7772697465203B
:108640006572726F72202564206F66667365743D73
:1086500030782530387A7800666C617368207265EE
:108660006164206661696C65643A20256400636119
:108670006C6C6261636B206661696C65643A20258D
:1086800064004275666665722073697A6520697355
:1086900020626967676572207468616E2070616727
:1086A00065004275666665722073697A6520697334
:1086B000206E6F7420616C69676E656420746F2032
:1086C0006D696E696D616C2077726974652D626C7D
:1086D0006F636B2D73697A6500496E636F727265A3
:1086E000637420706172616D657465720053697A9C
:1086F0006520697320696E636F72726563740052DE
:1087000065717565737465642072616E6765206F4D
:10871000766572666C6F77732053495A455F4D4199
:108720005800446576696365207365656D732074D0
:108730006F206861766520302073697A6500526524
:10874000717565737465642072616E6765206F76FC
:108750006572666C6F7773206465766963652073F4
:10876000697A650053545245414D5F464C41534828
:10877000004661696C656420746F207265616420D5
:10878000646174612066726F6D20666C617368202D
:10879000617265613A20256400666C6173685F6987
:1087A0006D6700666C6173680072302F61313A202A
:1087B00020307825303878202072312F61323A20ED
:1087C00020307825303878202072322F61333A20DB
:1087D000203078253038780072332F61343A2020E9
:1087E000307825303878207231322F69703A202065
:1087F000307825303878207231342F6C723A20204E
:108800003078253038780020787073723A20203024
:108810007825303878004661756C74696E67206918
:108820006E737472756374696F6E206164647265CF
:10883000737320287231352F7063293A20307825E0
:1088400030387800556E68616E646C6564204952FA
:10885000516E3A202564002A2A2A2A2A205553419B
:108860004745204641554C54202A2A2A2A2A0020CE
:10887000204469766973696F6E206279207A657227
:108880006F002020556E616C69676E6564206D65B0
:108890006D6F7279206163636573730020204E6F82
:1088A00020636F70726F636573736F7220696E738C
:1088B0007472756374696F6E73002020496C6C6507
:1088C00067616C206C6F6164206F66204558435F60
:1088D00052455455524E20696E746F20504300200B
:1088E00020496C6C6567616C20757365206F66202C
:1088F0007468652045505352002020417474656DA2
:10890000707420746F206578656375746520756E6A
:10891000646566696E656420696E737472756374EC
:10892000696F6E002A2A2A2A2A204255532046417E
:10893000554C54202A2A2A2A2A0020205374616385
:108940006B696E67206572726F72002020556E73BE
:108950007461636B696E67206572726F72002020AC
:108960005072656369736520646174612062757318
:10897000206572726F72002020424641522041648D
:1089800064726573733A2030782578002020496D31
:1089900070726563697365206461746120627573C8
:1089A000206572726F72002020496E737472756355
:1089B00074696F6E20627573206572726F72002029
:1089C00020466C6F6174696E672D706F696E7420DC
:1089D0006C617A7920737461746520707265736557
:1089E00072766174696F6E206572726F72002A2AE6
:1089F0002A2A2A204D5055204641554C54202A2AD7
:108A00002A2A2A002020537461636B696E672065EF
:108A100072726F722028636F6E7465787420617251
:108A20006561206D69676874206265206E6F7420CF
:108A300076616C696429002020446174612041637F
:108A4000636573732056696F6C6174696F6E002083
:108A5000204D4D46415220416464726573733A2043
:108A600030782578002020496E73747275637469BC
:108A70006F6E204163636573732056696F6C617418
:108A8000696F6E0052657365727665642045786320
:108A9000657074696F6E20280053707572696F7508
:108AA0007320696E74657272757074202849525112
:108AB0002000535053454C20696E207468726561E4
:108AC00064206D6F646520646F6573206E6F742021
:108AD000696E64696361746520505350002A2A2AC4
:108AE0002A2A2048415244204641554C54202A2AE3
:108AF0002A2A2A002020427573206661756C742032
:108B00006F6E20766563746F72207461626C65208D
:108B10007265616400202044656275672065766532
:108B20006E740020204661756C7420657363616CFF
:108B30006174696F6E20287365652062656C6F775C
:108B40002900415243485F455843455054207769B6
:108B5000746820726561736F6E2025780A002A2A76
:108B60002A2A2A204465627567206D6F6E69746FCA
:108B70007220657863657074696F6E202A2A2A2ACC
:108B80002A002A2A2A2A2A20257320256429202A15
:108B90002A2A2A2A006D7075004661696C65642076
:108BA000746F20616C6C6F63617465206E657720F3
:108BB0004D505520726567696F6E2025750A00500B
:108BC0006172746974696F6E2025753A20636F68ED
:108BD0006572656E636520636865636B20666169B5
:108BE0006C65642E00464C4153485F30005352413F
:108BF0004D5F300061626F727428290A006E6574DF
:108C00005F627566006E65745F6275665F73696D3D
:108C1000706C6500736F630072630067726F7570CC
:108C2000004661696C656420746F206F70656E200A
:108C3000666C617368206172656120494420257506
:108C40003A202564004661696C656420746F206574
:108C50007261736520666C61736820617265613A48
:108C6000202564004661696C656420746F2072651C
:108C7000616420646174612066726F6D20666C614E
:108C800073683A2025640043616E27742062696E20
:108C90006420746F2074686520666C61736820615D
:108CA0007265612028657272202564290062616402
:108CB000206F666673657420283078256C782900EB
:108CC000696D61676520736C6F742065726173658F
:108CD000206F66203078257A782062797465732059
:108CE0006661696C656420286572722025642900BC
:108CF000457261736564203078257A7820627974D2
:108D00006573206F6620696D61676520736C6F7491
:108D100000696D61676520736C6F7420747261699E
:108D20006C6572206572617365206F6620307825EE
:108D30007A78206279746573206661696C65642055
:108D4000286572722025642900457261736564206C
:108D50003078257A78206279746573206F6620698F
:108D60006D61676520736C6F7420747261696C65E6
:108D7000720076657273696F6E003C3F3F3F3E0044
:108D80006861736800626F6F7461626C6500706522
:108D90006E64696E6700636F6E6669726D6564000C
:108DA000616374697665007065726D616E656E747D
:108DB00000696D616765730073706C6974537461E9
:108DC000747573004661696C656420626F6F745FCF
:108DD0007365745F6E657874207769746820636F5B
:108DE00064652025642C20666F7220736C6F74207C
:108DF00025642C2077697468206163746976652026
:108E0000736C6F7420256420616E6420636F6E66DE
:108E100069726D20256400636F6E6669726D00254E
:108E200068752E2568752E256875002E2575006FCE
:108E3000666600696D6167650064617461006C65F8
:108E40006E00736861007570677261646500496DDA
:108E50006167652075706C6F616420696E73706501
:108E60006374206661696C65643A20256400497208
:108E70007265636F76657261626C65206572726F90
:108E8000723A20666C617368207772697465206637
:108E900061696C65643A202564006D63756D677265
:108EA0005F696D675F677270007461736B73005404
:108EB00061736B206974657261746F722073746181
:108EC000747573206973206E6F74204F4B0070723D
:108ED000696F00746964007374617465006D637513
:108EE0006D67725F6F735F67727000737461745F38
:108EF0006C697374006E616D6500496E76616C69B2
:108F0000642073746174206E616D653A202573006E
:108F10006669656C6473006D63756D67725F737409
:108F200061745F677270006D63756D677220736D39
:108F300070006D63756D67725F736D7000466C6174
:108F40007368206F70656E206172656120257520E1
:108F50006661696C65643A202564004661696C65E8
:108F60006420746F2067657420736563746F72206A
:108F700064657461696C733A202564006D63756281
:108F80006F6F745F64667500636C6F636B40343041
:108F9000303030303030006866636C6B006C666374
:108FA0006C6B00636C6F636B5F636F6E74726F6C7E
:108FB00000496E73756666696369656E74206275D3
:108FC00066666572732C20667261676D656E7420CB
:108FD00064726F70706564004C696E6520746F6FA9
:108FE000206C6F6E672C20667261676D656E7420F1
:108FF00064726F7070656400756172745F6D637523
:109000006D67720063696E73747220253032782048
:109010007472616E7366657220746F6F206C6F6E10
:10902000673A20257A750073657400636C65617218
:10903000004A45444543206964205B25303278204E
:109040002530327820253032785D20657870656370
:1090500074205B253032782025303278202530325C
:10906000785D0052445352206661696C65643A2011
:109070002564005145202573206661696C65643A5A
:109080002025640072656164206572726F723A20F7
:1090900061646472657373206F722073697A6520EE
:1090A000657863656564732065787065637465646D
:1090B0002076616C7565732E416464723A20307855
:1090C000256C782073697A6520257A750077726936
:1090D0007465206572726F723A20616464726573A0
:1090E00073206F722073697A6520657863656564A3
:1090F000732065787065637465642076616C75654E
:10910000732E416464723A203078256C782073693C
:109110007A6520257A7500657261736520657272C3
:109120006F723A2061646472657373206F7220738A
:10913000697A652065786365656473206578706514
:10914000637465642076616C7565732E4164647226
:109150003A203078256C782073697A6520257A75F5
:1091600000756E737570706F727465642061742021
:109170003078256C782073697A6520257A750077B8
:10918000616974206572726F722061742030782575
:109190006C782073697A6520257A75006572617331
:1091A00065206572726F72206174203078256C784A
:1091B0002073697A6520257A75006D7832357236AC
:1091C00034333566403000717370695F6E6F7200C2
:1091D000696E76616C696420616464726573733A68
:1091E0002030782530386C783A257A7500756E61B4
:1091F0006C69676E656420616464726573733A209C
:1092000030782530386C783A257A75006E6F742086
:10921000776F72642D616C69676E65643A2030788F
:109220002530386C783A257A7500666C6173682D44
:10923000636F6E74726F6C6C657240343030316580
:1092400030303000666C6173685F6E726600677004
:10925000696F403530303030333030006770696FBF
:10926000403530303030303030004661696C6564F4
:1092700020746F20616C6C6F63617465205050497D
:10928000204368616E6E656C0075617274403430A5
:1092900030303230303000756172745F6E726678D3
:1092A0005F7561727465006D6375626F6F745F7571
:1092B00074696C0048616C74696E672073797374AB
:1092C000656D00556E6B6E6F776E206572726F7292
:1092D00000756E6B6E6F776E003E3E3E205A4550B5
:1092E00048595220464154414C204552524F522039
:1092F00025643A202573206F6E2043505520256445
:10930000004661756C7420647572696E6720696EC1
:10931000746572727570742068616E646C696E67D2
:109320000A0043757272656E7420746872656164B8
:109330003A20257020282573290043505520657850
:1093400063657074696F6E00556E68616E646C65FC
:109350006420696E74657272757074005374616311
:109360006B206F766572666C6F77004B65726E6509
:109370006C206F6F7073004B65726E656C2070614E
:109380006E6963006D61696E006F73002A2A2A207E
:10939000426F6F74696E67205A6570687972204FEA
:1093A00053206275696C642076342E342E32202A64
:1093B0002A2A0A00737973776F726B7100286E75B1
:1093C0006C6C29002A666C6F61742A001800AC83EB
:1093D00001007F7F7F7F7F7F7F7F7F7F7F7F7F7F9A
:1093E0007F7F7F7F7F7F7F7F7F7F7F7F7F7F7F7F8D
:1093F0007F7F7F7F7F7F7F7F7F7F7F7F7F3E7F7FBE
:109400007F3F3435363738393A3B3C3D7F7F7F40AC
:109410007F7F7F000102030405060708090A0B0C81
:109420000D0E0F101112131415161718197F7F7FC8
:109430007F7F7F1A1B1C1D1E1F202122232425260F
:109440002728292A2B2C2D2E2F303132337F7F7F56
:109450007F7F4142434445464748494A4B4C4D4E25
:109460004F505152535455565758595A616263647C
:1094700065666768696A6B6C6D6E6F707172737424
:1094800075767778797A3031323334353637383902
:109490002B2F206D657373616765732064726F7025
:1094A000706564202D2D2D0D0A1B5B306D001B5B3C
:1094B000313B33316D2D2D2D20000A02040C011794
:1094C0001D05050101010106010101010302010160
:1094D0000103030303010303010606000102030461
:1094E000050607002030303030303030303030303A
:1094F00030303000010401040304020401040104BB
:109500000301040304010401020203030303000036
:1095100000000000E9590100000000000001000007
:10952000000000000000000000000000000000003B
:10953000000000000000000000000000000000002B
:10954000534A0100FF500100B480010000000000F8
:10955000EC800100000000008557010000000000C1
:10956000000000000060004000000000000000005B
:1095700000000000000000000000000000000000EB
:1095800000000000000000000000000000000000DB
:1095900000000000000000000000000000000000CB
:1095A00000000000000000000000000000000000BB
:1095B00000000000000000000000000000000000AB
:1095C000000000000000000000000000000000009B
:1095D000000000000000000000000000000000008B
:1095E000000000000000000000000000000000007B
:1095F000000000000000000064810100060001007E
:109600003DFA000000000000948101000600000007
:10961000C759010000000000C481010002000200DF
:10962000375A010000000000CD02010000000000D8
:10963000000000002401002024010020010000009F
:10964000010000003401002034010020000000006F
:109650000100000000000000000000005C0100208C
:1096600000000000000000000000000000000000FA
:1096700000000000C00E00202000000000000000DC
:109680000090D003FF000000900200007C01002049
:109690007C0100200000000000000000000000002D
:1096A00000000000000000000000000000000000BA
:1096B00000000000000000000000000000000000AA
:1096C000000000000000000000000000000000009A
:1096D000000000000000000000000000CC0100209D
:1096E000CC010020B03C002000000000020000007F
:1096F0008800000000000000E8010020E8010020D0
:109700000000000001000000000000000000000058
:109710000002002000020020000000000000000005
:1097200010020020100200200400040004000000C9
:1097300000000000D4810100403C002015E015E04D
:109740000769500110002000244F8F93944453E088
:109750008E98E0592F6505CB4231B3C617931C1A7A
:109760006732746B1BE206A301002000FC5701DC8A
:109770006135E1323847BDC40F04D2E5BEE5833B15
:1097800023C29F93593D00018CFA99942000000157
:10979000BED4117D4333083228C445D6FD3993CE5B
:1097A000C2CFF5B209AC45E55633A8547AFAF60FA4
:1097B000083AF58B830558F8A44D931D99B464902D
:1097C0001E810E78525C18C7CDE2CF4A1263988191
:1097D0002F4927526A191F1C7B7A4D79EFC03BD560
:1097E000D004C59CDDB6B5D192A0B3FE272719C31E
:1097F0003B3E6AF6D377E60E5511C2B8F85B858D0D
:10980000A2F497F600D87442348EB5C74761C97187
:109810008BA7D4988E881ED44D7BB5CA410150DBEE
:109820006F457512EC9F556FC2E0AC37F9E2DE9AD6
:10983000B4A70601E7EDF5B9C2B5D1A4F0CFDA0FB0
:10984000A519243B5DDBA270FD7619D86C5668998A
:1098500054191C39A41C0740923B3D075432F5D3E0
:10986000FA6A6405324F9157340E14528F17F8EE8E
:1098700012E540473452005BD1738578E1C98BC74C
:109880003BF8457C24C848755FC37876CEC9A04AAA
:00000001FF
